2026-01-11 00:01:07 - app - INFO - 配置加密保存成功
2026-01-11 00:01:37 - app - INFO - 许可证管理器初始化完成,服务器: http://license.22l2.com
2026-01-11 00:01:37 - app - INFO - 初始化许可证管理器...
2026-01-11 00:01:39 - app - INFO - 解密密钥设置成功
2026-01-11 00:01:39 - app - INFO - 解密密钥获取成功
2026-01-11 00:01:39 - app - INFO - 解密密钥获取成功，配置已就绪
2026-01-11 00:01:39 - app - WARNING - 加密配置文件不存在,使用默认配置
2026-01-11 00:01:39 - app - WARNING - 配置解密失败,返回空配置
2026-01-11 00:01:39 - app - ERROR - 夸克API配置未加载,请联系管理员获取配置
2026-01-11 00:01:39 - app - ERROR - 夸克API配置加载失败: 夸克API配置未加载,请联系管理员获取配置
2026-01-11 00:01:39 - app - INFO - 检查数据库...
2026-01-11 00:01:39 - app - INFO - 数据库检查完成
2026-01-11 00:01:39 - app - INFO - 检查数据库迁移...
2026-01-11 00:01:39 - app - INFO - 数据库迁移检查完成
2026-01-11 00:01:39 - app - INFO - 清理异常中断的任务状态...
2026-01-11 00:01:39 - app - INFO - 升级管理器初始化完成
2026-01-11 00:01:39 - app - INFO - Flask应用创建成功
2026-01-11 00:01:39 - app - INFO - 静态文件目录: C:\Data\夸克转存\client\frontend
2026-01-11 00:01:39 - app - INFO - 启动任务调度服务...
2026-01-11 00:01:39 - app - INFO - 检查被中断的影视下载任务...
2026-01-11 00:01:39 - app - INFO - 没有需要恢复的影视下载任务
2026-01-11 00:01:39 - app - INFO - 账期生成循环已启动
2026-01-11 00:01:39 - app - INFO - 账期生成线程已启动
2026-01-11 00:01:39 - app - INFO - 开始生成 2026-01-11 的任务账期
2026-01-11 00:01:39 - app - INFO - 任务执行循环已启动
2026-01-11 00:01:39 - app - INFO - 任务执行线程已启动
2026-01-11 00:01:39 - app - INFO - ✅ 生成完成，共创建 0 条待执行记录
2026-01-11 00:01:39 - app - INFO - 日志清理循环已启动
2026-01-11 00:01:39 - app - INFO - 下次生成账期时间: 2026-01-12 00:00:00, 等待 86300 秒
2026-01-11 00:01:39 - app - INFO - 日志清理线程已启动
2026-01-11 00:01:39 - app - INFO - 下次日志清理时间: 2026-01-11 02:00:00
2026-01-11 00:01:39 - app - INFO - 启动Flask服务: http://0.0.0.0:8520
2026-01-11 00:01:52 - app - INFO - 许可证管理器初始化完成,服务器: http://license.22l2.com
2026-01-11 00:01:52 - app - INFO - 初始化许可证管理器...
2026-01-11 00:01:53 - app - INFO - 解密密钥设置成功
2026-01-11 00:01:53 - app - INFO - 解密密钥获取成功
2026-01-11 00:01:53 - app - INFO - 解密密钥获取成功，配置已就绪
2026-01-11 00:01:53 - app - WARNING - 加密配置文件不存在,使用默认配置
2026-01-11 00:01:53 - app - WARNING - 配置解密失败,返回空配置
2026-01-11 00:01:53 - app - ERROR - 夸克API配置未加载,请联系管理员获取配置
2026-01-11 00:01:53 - app - ERROR - 夸克API配置加载失败: 夸克API配置未加载,请联系管理员获取配置
2026-01-11 00:01:53 - app - INFO - 检查数据库...
2026-01-11 00:01:53 - app - INFO - 数据库检查完成
2026-01-11 00:01:53 - app - INFO - 检查数据库迁移...
2026-01-11 00:01:53 - app - INFO - 数据库迁移检查完成
2026-01-11 00:01:53 - app - INFO - 清理异常中断的任务状态...
2026-01-11 00:01:53 - app - INFO - 升级管理器初始化完成
2026-01-11 00:01:53 - app - INFO - Flask应用创建成功
2026-01-11 00:01:53 - app - INFO - 静态文件目录: C:\Data\夸克转存\client\frontend
2026-01-11 00:01:53 - app - INFO - 启动任务调度服务...
2026-01-11 00:01:53 - app - INFO - 检查被中断的影视下载任务...
2026-01-11 00:01:53 - app - INFO - 没有需要恢复的影视下载任务
2026-01-11 00:01:53 - app - INFO - 账期生成循环已启动
2026-01-11 00:01:53 - app - INFO - 账期生成线程已启动
2026-01-11 00:01:53 - app - INFO - 开始生成 2026-01-11 的任务账期
2026-01-11 00:01:53 - app - INFO - 任务执行循环已启动
2026-01-11 00:01:53 - app - INFO - 任务执行线程已启动
2026-01-11 00:01:53 - app - INFO - ✅ 生成完成，共创建 0 条待执行记录
2026-01-11 00:01:53 - app - INFO - 日志清理循环已启动
2026-01-11 00:01:53 - app - INFO - 下次生成账期时间: 2026-01-12 00:00:00, 等待 86286 秒
2026-01-11 00:01:53 - app - INFO - 日志清理线程已启动
2026-01-11 00:01:53 - app - INFO - 下次日志清理时间: 2026-01-11 02:00:00
2026-01-11 00:01:53 - app - INFO - 启动Flask服务: http://0.0.0.0:8520
2026-01-11 00:02:10 - app - ERROR - 检查解析限制失败: no such table: daily_usage_stats
2026-01-11 00:02:10 - app - INFO - 读取官网信息，平台: iqiyi, URL: https://www.iqiyi.com/v_1o68nz8spzc.html
2026-01-11 00:02:10 - app - WARNING - 加密配置文件不存在,使用默认配置
2026-01-11 00:02:10 - app - WARNING - 配置解密失败,返回空配置
2026-01-11 00:02:10 - app - ERROR - 爱奇艺配置未加载或未启用,无法使用爱奇艺服务
2026-01-11 00:02:20 - app - ERROR - 检查解析限制失败: no such table: daily_usage_stats
2026-01-11 00:02:20 - app - INFO - 读取官网信息，平台: iqiyi, URL: https://www.iqiyi.com/v_1o68nz8spzc.html
2026-01-11 00:02:20 - app - ERROR - 爱奇艺配置未加载或未启用,无法使用爱奇艺服务
2026-01-11 00:03:26 - app - INFO - 许可证管理器初始化完成,服务器: http://license.22l2.com
2026-01-11 00:03:26 - app - INFO - 初始化许可证管理器...
2026-01-11 00:03:27 - app - INFO - 解密密钥设置成功
2026-01-11 00:03:27 - app - INFO - 解密密钥获取成功
2026-01-11 00:03:27 - app - INFO - 解密密钥获取成功，配置已就绪
2026-01-11 00:03:27 - app - INFO - 配置解密成功
2026-01-11 00:03:27 - app - INFO - 夸克API配置加载成功
2026-01-11 00:03:27 - app - INFO - 夸克API配置加载完成
2026-01-11 00:03:27 - app - INFO - 检查数据库...
2026-01-11 00:03:27 - app - INFO - 数据库检查完成
2026-01-11 00:03:27 - app - INFO - 检查数据库迁移...
2026-01-11 00:03:27 - app - INFO - 数据库迁移检查完成
2026-01-11 00:03:27 - app - INFO - 清理异常中断的任务状态...
2026-01-11 00:03:27 - app - INFO - 升级管理器初始化完成
2026-01-11 00:03:27 - app - INFO - Flask应用创建成功
2026-01-11 00:03:27 - app - INFO - 静态文件目录: C:\Data\夸克转存\client\frontend
2026-01-11 00:03:27 - app - INFO - 启动任务调度服务...
2026-01-11 00:03:27 - app - INFO - 检查被中断的影视下载任务...
2026-01-11 00:03:27 - app - INFO - 没有需要恢复的影视下载任务
2026-01-11 00:03:27 - app - INFO - 账期生成循环已启动
2026-01-11 00:03:27 - app - INFO - 账期生成线程已启动
2026-01-11 00:03:27 - app - INFO - 开始生成 2026-01-11 的任务账期
2026-01-11 00:03:27 - app - INFO - 任务执行循环已启动
2026-01-11 00:03:27 - app - INFO - 任务执行线程已启动
2026-01-11 00:03:27 - app - INFO - 日志清理循环已启动
2026-01-11 00:03:27 - app - INFO - ✅ 生成完成，共创建 0 条待执行记录
2026-01-11 00:03:27 - app - INFO - 日志清理线程已启动
2026-01-11 00:03:27 - app - INFO - 下次日志清理时间: 2026-01-11 02:00:00
2026-01-11 00:03:27 - app - INFO - 下次生成账期时间: 2026-01-12 00:00:00, 等待 86192 秒
2026-01-11 00:03:27 - app - INFO - 启动Flask服务: http://0.0.0.0:8520
2026-01-11 00:03:43 - app - INFO - 许可证管理器初始化完成,服务器: http://license.22l2.com
2026-01-11 00:03:43 - app - INFO - 初始化许可证管理器...
2026-01-11 00:03:44 - app - INFO - 解密密钥设置成功
2026-01-11 00:03:44 - app - INFO - 解密密钥获取成功
2026-01-11 00:03:44 - app - INFO - 解密密钥获取成功，配置已就绪
2026-01-11 00:03:44 - app - INFO - 配置解密成功
2026-01-11 00:03:44 - app - INFO - 夸克API配置加载成功
2026-01-11 00:03:44 - app - INFO - 夸克API配置加载完成
2026-01-11 00:03:44 - app - INFO - 检查数据库...
2026-01-11 00:03:44 - app - INFO - 数据库检查完成
2026-01-11 00:03:44 - app - INFO - 检查数据库迁移...
2026-01-11 00:03:44 - app - INFO - 数据库迁移检查完成
2026-01-11 00:03:44 - app - INFO - 清理异常中断的任务状态...
2026-01-11 00:03:44 - app - INFO - 升级管理器初始化完成
2026-01-11 00:03:44 - app - INFO - Flask应用创建成功
2026-01-11 00:03:44 - app - INFO - 静态文件目录: C:\Data\夸克转存\client\frontend
2026-01-11 00:03:44 - app - INFO - 启动任务调度服务...
2026-01-11 00:03:44 - app - INFO - 检查被中断的影视下载任务...
2026-01-11 00:03:44 - app - INFO - 没有需要恢复的影视下载任务
2026-01-11 00:03:44 - app - INFO - 账期生成循环已启动
2026-01-11 00:03:44 - app - INFO - 账期生成线程已启动
2026-01-11 00:03:44 - app - INFO - 开始生成 2026-01-11 的任务账期
2026-01-11 00:03:44 - app - INFO - 任务执行循环已启动
2026-01-11 00:03:44 - app - INFO - 任务执行线程已启动
2026-01-11 00:03:44 - app - INFO - ✅ 生成完成，共创建 0 条待执行记录
2026-01-11 00:03:44 - app - INFO - 日志清理循环已启动
2026-01-11 00:03:44 - app - INFO - 日志清理线程已启动
2026-01-11 00:03:44 - app - INFO - 下次生成账期时间: 2026-01-12 00:00:00, 等待 86175 秒
2026-01-11 00:03:44 - app - INFO - 下次日志清理时间: 2026-01-11 02:00:00
2026-01-11 00:03:44 - app - INFO - 启动Flask服务: http://0.0.0.0:8520
2026-01-11 00:03:57 - app - INFO - 许可证管理器初始化完成,服务器: http://license.22l2.com
2026-01-11 00:03:57 - app - INFO - 初始化许可证管理器...
2026-01-11 00:03:58 - app - INFO - 解密密钥设置成功
2026-01-11 00:03:58 - app - INFO - 解密密钥获取成功
2026-01-11 00:03:58 - app - INFO - 解密密钥获取成功，配置已就绪
2026-01-11 00:03:58 - app - INFO - 配置解密成功
2026-01-11 00:03:58 - app - INFO - 夸克API配置加载成功
2026-01-11 00:03:58 - app - INFO - 夸克API配置加载完成
2026-01-11 00:03:58 - app - INFO - 检查数据库...
2026-01-11 00:03:58 - app - INFO - 数据库检查完成
2026-01-11 00:03:58 - app - INFO - 检查数据库迁移...
2026-01-11 00:03:58 - app - INFO - 数据库迁移检查完成
2026-01-11 00:03:58 - app - INFO - 清理异常中断的任务状态...
2026-01-11 00:03:58 - app - INFO - 升级管理器初始化完成
2026-01-11 00:03:58 - app - INFO - Flask应用创建成功
2026-01-11 00:03:58 - app - INFO - 静态文件目录: C:\Data\夸克转存\client\frontend
2026-01-11 00:03:58 - app - INFO - 启动任务调度服务...
2026-01-11 00:03:58 - app - INFO - 检查被中断的影视下载任务...
2026-01-11 00:03:58 - app - INFO - 没有需要恢复的影视下载任务
2026-01-11 00:03:58 - app - INFO - 账期生成循环已启动
2026-01-11 00:03:58 - app - INFO - 账期生成线程已启动
2026-01-11 00:03:58 - app - INFO - 开始生成 2026-01-11 的任务账期
2026-01-11 00:03:58 - app - INFO - 任务执行循环已启动
2026-01-11 00:03:58 - app - INFO - 任务执行线程已启动
2026-01-11 00:03:58 - app - INFO - 日志清理循环已启动
2026-01-11 00:03:58 - app - INFO - 日志清理线程已启动
2026-01-11 00:03:58 - app - INFO - 下次日志清理时间: 2026-01-11 02:00:00
2026-01-11 00:03:58 - app - INFO - ✅ 生成完成，共创建 0 条待执行记录
2026-01-11 00:03:58 - app - INFO - 启动Flask服务: http://0.0.0.0:8520
2026-01-11 00:03:58 - app - INFO - 下次生成账期时间: 2026-01-12 00:00:00, 等待 86161 秒
2026-01-11 00:04:08 - app - ERROR - 检查解析限制失败: no such table: daily_usage_stats
2026-01-11 00:04:08 - app - INFO - 读取官网信息，平台: iqiyi, URL: https://www.iqiyi.com/v_1o68nz8spzc.html
2026-01-11 00:04:08 - app - INFO - 尝试从accelerator.js获取tvid: https://www.iqiyi.com/v_1o68nz8spzc.html
2026-01-11 00:04:19 - app - INFO - 从accelerator.js中提取到tvid: 6125839769481700
2026-01-11 00:04:19 - app - INFO - 提取到tvid: 6125839769481700
2026-01-11 00:04:20 - app - INFO - 开始识别视频类型，平台: iqiyi
2026-01-11 00:04:20 - app - WARNING - 爱奇艺类型无法识别: channel_name=, 使用默认类型
2026-01-11 00:04:20 - app - INFO - 识别视频类型: 其他
2026-01-11 00:04:41 - app - ERROR - 检查解析限制失败: no such table: daily_usage_stats
2026-01-11 00:04:41 - app - INFO - 读取官网信息，平台: tencent, URL: https://v.qq.com/x/cover/mzc00200xntoaip.html
2026-01-11 00:04:41 - app - INFO - 开始读取腾讯视频，URL: https://v.qq.com/x/cover/mzc00200xntoaip.html, CID: mzc00200xntoaip
2026-01-11 00:04:41 - app - INFO - 获取腾讯视频详情，cid: mzc00200xntoaip
2026-01-11 00:04:53 - app - INFO - 从share_info API获取到视频标题: 骄阳似我
2026-01-11 00:04:53 - app - INFO - 发现 2 个分页tab
2026-01-11 00:04:53 - app - INFO - 首次请求获取到 30 集
2026-01-11 00:04:53 - app - INFO - 获取第 2 个tab的剧集 (31-36集)...
2026-01-11 00:04:53 - app - INFO - Tab 2 获取到 6 集新剧集
2026-01-11 00:04:53 - app - INFO - 已获取所有剧集，共 36 集
2026-01-11 00:04:53 - app - INFO - 开始识别视频类型，平台: tencent
2026-01-11 00:04:53 - app - INFO - 腾讯视频类型识别: category=None, type=其他
2026-01-11 00:04:53 - app - INFO - 识别视频类型: 其他
2026-01-11 00:05:34 - app - ERROR - 检查解析限制失败: no such table: daily_usage_stats
2026-01-11 00:05:34 - app - INFO - 读取官网信息，平台: mango, URL: https://www.mgtv.com/b/641700/23845752.html
2026-01-11 00:05:46 - app - INFO - 开始识别视频类型，平台: mango
2026-01-11 00:05:46 - app - INFO - 芒果TV类型识别: type=电视剧, kind=剧情 / 家庭, result=电视剧
2026-01-11 00:05:46 - app - INFO - 识别视频类型: 电视剧
2026-01-11 00:06:01 - app - ERROR - 检查解析限制失败: no such table: daily_usage_stats
2026-01-11 00:06:01 - app - INFO - 读取官网信息，平台: youku, URL: https://v.youku.com/v_show/id_XNjUwODU2OTU2NA==.html
2026-01-11 00:06:01 - app - INFO - 从URL中提取到video_id: XNjUwODU2OTU2NA==
2026-01-11 00:06:01 - app - INFO - 提取到video_id: XNjUwODU2OTU2NA==
2026-01-11 00:06:01 - app - INFO - 提取到show_id: faaabde13317457ba8b4
2026-01-11 00:06:01 - app - INFO - 获取优酷剧集列表，show_id: faaabde13317457ba8b4, 页码: 1
2026-01-11 00:06:02 - app - INFO - 第1页获取到 4 集，累计 4 集
2026-01-11 00:06:02 - app - INFO - 优酷剧集列表获取完成，共 4 集
2026-01-11 00:06:02 - app - INFO - 开始识别视频类型，平台: youku
2026-01-11 00:06:02 - app - INFO - 优酷类型识别: category=电视剧, show_type=, result=电视剧
2026-01-11 00:06:02 - app - INFO - 识别视频类型: 电视剧
2026-01-11 00:06:12 - app - ERROR - 检查解析限制失败: no such table: daily_usage_stats
2026-01-11 00:06:12 - app - INFO - 读取官网信息，平台: tencent, URL: https://v.qq.com/x/cover/mzc00200xntoaip.html
2026-01-11 00:06:12 - app - INFO - 开始读取腾讯视频，URL: https://v.qq.com/x/cover/mzc00200xntoaip.html, CID: mzc00200xntoaip
2026-01-11 00:06:12 - app - INFO - 获取腾讯视频详情，cid: mzc00200xntoaip
2026-01-11 00:06:13 - app - INFO - 从share_info API获取到视频标题: 骄阳似我
2026-01-11 00:06:14 - app - INFO - 发现 2 个分页tab
2026-01-11 00:06:14 - app - INFO - 首次请求获取到 30 集
2026-01-11 00:06:14 - app - INFO - 获取第 2 个tab的剧集 (31-36集)...
2026-01-11 00:06:15 - app - INFO - Tab 2 获取到 6 集新剧集
2026-01-11 00:06:15 - app - INFO - 已获取所有剧集，共 36 集
2026-01-11 00:06:15 - app - INFO - 开始识别视频类型，平台: tencent
2026-01-11 00:06:15 - app - INFO - 腾讯视频类型识别: category=None, type=其他
2026-01-11 00:06:15 - app - INFO - 识别视频类型: 其他
2026-01-11 00:06:21 - app - ERROR - 检查解析限制失败: no such table: daily_usage_stats
2026-01-11 00:06:21 - app - INFO - 读取官网信息，平台: iqiyi, URL: https://www.iqiyi.com/v_1o68nz8spzc.html
2026-01-11 00:06:21 - app - INFO - 尝试从accelerator.js获取tvid: https://www.iqiyi.com/v_1o68nz8spzc.html
2026-01-11 00:06:33 - app - INFO - 从accelerator.js中提取到tvid: 6125839769481700
2026-01-11 00:06:33 - app - INFO - 提取到tvid: 6125839769481700
2026-01-11 00:06:34 - app - INFO - 开始识别视频类型，平台: iqiyi
2026-01-11 00:06:34 - app - WARNING - 爱奇艺类型无法识别: channel_name=, 使用默认类型
2026-01-11 00:06:34 - app - INFO - 识别视频类型: 其他
2026-01-11 00:06:43 - app - ERROR - 检查解析限制失败: no such table: daily_usage_stats
2026-01-11 00:06:43 - app - INFO - 读取官网信息，平台: mango, URL: https://www.mgtv.com/b/788196/23966806.html
2026-01-11 00:06:55 - app - INFO - 开始识别视频类型，平台: mango
2026-01-11 00:06:55 - app - INFO - 芒果TV类型识别: type=电影, kind=剧情 / 历史 / 战争, result=电影
2026-01-11 00:06:55 - app - INFO - 识别视频类型: 电影
2026-01-11 00:07:05 - app - ERROR - 检查解析限制失败: no such table: daily_usage_stats
2026-01-11 00:07:05 - app - INFO - 读取官网信息，平台: mango, URL: https://www.mgtv.com/b/811108/24029274.html
2026-01-11 00:07:06 - app - INFO - 开始识别视频类型，平台: mango
2026-01-11 00:07:06 - app - INFO - 芒果TV类型识别: type=综艺, kind=音乐 / 真人秀, result=综艺
2026-01-11 00:07:06 - app - INFO - 识别视频类型: 综艺
2026-01-11 00:07:14 - app - ERROR - 检查解析限制失败: no such table: daily_usage_stats
2026-01-11 00:07:14 - app - INFO - 读取官网信息，平台: mango, URL: https://www.mgtv.com/b/780986/23364002.html
2026-01-11 00:07:17 - app - INFO - 开始识别视频类型，平台: mango
2026-01-11 00:07:17 - app - INFO - 芒果TV类型识别: type=动漫, kind=魔幻 / 搞笑, result=动漫
2026-01-11 00:07:17 - app - INFO - 识别视频类型: 动漫
2026-01-11 00:07:28 - app - ERROR - 检查解析限制失败: no such table: daily_usage_stats
2026-01-11 00:07:28 - app - INFO - 读取官网信息，平台: youku, URL: https://v.youku.com/v_show/id_XNjUwODU2OTU2NA==.html
2026-01-11 00:07:28 - app - INFO - 从URL中提取到video_id: XNjUwODU2OTU2NA==
2026-01-11 00:07:28 - app - INFO - 提取到video_id: XNjUwODU2OTU2NA==
2026-01-11 00:07:39 - app - INFO - 提取到show_id: faaabde13317457ba8b4
2026-01-11 00:07:39 - app - INFO - 获取优酷剧集列表，show_id: faaabde13317457ba8b4, 页码: 1
2026-01-11 00:07:39 - app - INFO - 第1页获取到 4 集，累计 4 集
2026-01-11 00:07:39 - app - INFO - 优酷剧集列表获取完成，共 4 集
2026-01-11 00:07:39 - app - INFO - 开始识别视频类型，平台: youku
2026-01-11 00:07:39 - app - INFO - 优酷类型识别: category=电视剧, show_type=, result=电视剧
2026-01-11 00:07:39 - app - INFO - 识别视频类型: 电视剧
2026-01-11 00:07:45 - app - ERROR - 检查解析限制失败: no such table: daily_usage_stats
2026-01-11 00:07:45 - app - INFO - 读取官网信息，平台: youku, URL: https://v.youku.com/v_show/id_XNjUxODc0MzMxMg==.html
2026-01-11 00:07:45 - app - INFO - 从URL中提取到video_id: XNjUxODc0MzMxMg==
2026-01-11 00:07:45 - app - INFO - 提取到video_id: XNjUxODc0MzMxMg==
2026-01-11 00:07:50 - app - INFO - 提取到show_id: cbdcc3c045f849028e26
2026-01-11 00:07:50 - app - INFO - 获取优酷剧集列表，show_id: cbdcc3c045f849028e26, 页码: 1
2026-01-11 00:07:51 - app - INFO - 第1页获取到 1 集，累计 1 集
2026-01-11 00:07:51 - app - INFO - 优酷剧集列表获取完成，共 1 集
2026-01-11 00:07:51 - app - INFO - 开始识别视频类型，平台: youku
2026-01-11 00:07:51 - app - INFO - 优酷类型识别: category=电影, show_type=, result=电影
2026-01-11 00:07:51 - app - INFO - 识别视频类型: 电影
2026-01-11 00:07:55 - app - ERROR - 检查解析限制失败: no such table: daily_usage_stats
2026-01-11 00:07:55 - app - INFO - 读取官网信息，平台: youku, URL: https://v.youku.com/v_show/id_XNjUwMzU2NDkzNg==.html
2026-01-11 00:07:55 - app - INFO - 从URL中提取到video_id: XNjUwMzU2NDkzNg==
2026-01-11 00:07:55 - app - INFO - 提取到video_id: XNjUwMzU2NDkzNg==
2026-01-11 00:08:02 - app - INFO - 提取到show_id: ddec0fd861e943dfaf7c
2026-01-11 00:08:02 - app - INFO - 获取优酷剧集列表，show_id: ddec0fd861e943dfaf7c, 页码: 1
2026-01-11 00:08:02 - app - INFO - 第1页获取到 35 集，累计 35 集
2026-01-11 00:08:02 - app - INFO - 优酷剧集列表获取完成，共 35 集
2026-01-11 00:08:02 - app - INFO - 开始识别视频类型，平台: youku
2026-01-11 00:08:02 - app - INFO - 优酷类型识别: category=综艺, show_type=, result=综艺
2026-01-11 00:08:02 - app - INFO - 识别视频类型: 综艺
2026-01-11 00:08:07 - app - ERROR - 检查解析限制失败: no such table: daily_usage_stats
2026-01-11 00:08:07 - app - INFO - 读取官网信息，平台: youku, URL: https://v.youku.com/v_show/id_XNTkzNjcwOTkwOA==.html
2026-01-11 00:08:07 - app - INFO - 从URL中提取到video_id: XNTkzNjcwOTkwOA==
2026-01-11 00:08:07 - app - INFO - 提取到video_id: XNTkzNjcwOTkwOA==
2026-01-11 00:08:13 - app - INFO - 提取到show_id: badbb5792f934ddb82fd
2026-01-11 00:08:13 - app - INFO - 获取优酷剧集列表，show_id: badbb5792f934ddb82fd, 页码: 1
2026-01-11 00:08:13 - app - INFO - 第1页获取到 100 集，累计 100 集
2026-01-11 00:08:13 - app - INFO - 获取优酷剧集列表，show_id: badbb5792f934ddb82fd, 页码: 2
2026-01-11 00:08:13 - app - INFO - 第2页获取到 23 集，累计 123 集
2026-01-11 00:08:13 - app - INFO - 优酷剧集列表获取完成，共 123 集
2026-01-11 00:08:13 - app - INFO - 开始识别视频类型，平台: youku
2026-01-11 00:08:13 - app - INFO - 优酷类型识别: category=动漫, show_type=, result=动漫
2026-01-11 00:08:13 - app - INFO - 识别视频类型: 动漫
2026-01-11 00:09:50 - app - ERROR - 解密密钥未设置
2026-01-11 00:09:50 - app - WARNING - 配置解密失败,返回空配置
2026-01-11 00:09:50 - app - ERROR - 腾讯视频配置未加载或未启用
2026-01-11 00:10:08 - app - INFO - 解密密钥设置成功
2026-01-11 00:10:08 - app - INFO - 从环境变量加载解密密钥
2026-01-11 00:10:08 - app - INFO - 配置解密成功
2026-01-11 00:10:08 - app - INFO - 获取腾讯视频详情，cid: mzc00200xntoaip
2026-01-11 00:10:20 - app - INFO - 从share_info API获取到视频标题: 骄阳似我
2026-01-11 00:10:21 - app - INFO - 发现 2 个分页tab
2026-01-11 00:10:21 - app - INFO - 首次请求获取到 30 集
2026-01-11 00:10:21 - app - INFO - 获取第 2 个tab的剧集 (31-36集)...
2026-01-11 00:10:21 - app - INFO - Tab 2 获取到 6 集新剧集
2026-01-11 00:10:21 - app - INFO - 已获取所有剧集，共 36 集
2026-01-11 00:10:21 - app - INFO - 获取腾讯视频详情，cid: mzc00200v9le4pq
2026-01-11 00:10:21 - app - INFO - 从share_info API获取到视频标题: 震耳欲聋
2026-01-11 00:10:21 - app - INFO - 首次请求获取到 0 集
2026-01-11 00:10:21 - app - INFO - 已获取所有剧集，共 0 集
2026-01-11 00:10:21 - app - INFO - 获取腾讯视频详情，cid: mzc00200znyfa5u
2026-01-11 00:10:21 - app - INFO - 从share_info API获取到视频标题: 现在就出发 第3季
2026-01-11 00:10:22 - app - INFO - 发现 2 个分页tab
2026-01-11 00:10:22 - app - INFO - 首次请求获取到 27 集
2026-01-11 00:10:22 - app - INFO - 获取第 2 个tab的剧集 (31-47集)...
2026-01-11 00:10:22 - app - INFO - Tab 2 获取到 13 集新剧集
2026-01-11 00:10:22 - app - INFO - 已获取所有剧集，共 40 集
2026-01-11 00:10:22 - app - INFO - 获取腾讯视频详情，cid: mzc00200xf3rir6
2026-01-11 00:10:22 - app - INFO - 从share_info API获取到视频标题: 斗罗大陆Ⅱ绝世唐门
2026-01-11 00:10:22 - app - INFO - 发现 5 个分页tab
2026-01-11 00:10:22 - app - INFO - 首次请求获取到 30 集
2026-01-11 00:10:22 - app - INFO - 获取第 2 个tab的剧集 (31-60集)...
2026-01-11 00:10:22 - app - INFO - Tab 2 获取到 30 集新剧集
2026-01-11 00:10:22 - app - INFO - 获取第 3 个tab的剧集 (61-90集)...
2026-01-11 00:10:23 - app - INFO - Tab 3 获取到 30 集新剧集
2026-01-11 00:10:23 - app - INFO - 获取第 4 个tab的剧集 (91-120集)...
2026-01-11 00:10:23 - app - INFO - Tab 4 获取到 30 集新剧集
2026-01-11 00:10:23 - app - INFO - 获取第 5 个tab的剧集 (121-136集)...
2026-01-11 00:10:23 - app - INFO - Tab 5 获取到 15 集新剧集
2026-01-11 00:10:23 - app - INFO - 已获取所有剧集，共 135 集
2026-01-11 00:10:23 - app - INFO - 尝试从accelerator.js获取tvid: https://www.iqiyi.com/v_1o68nz8spzc.html
2026-01-11 00:10:23 - app - INFO - 从accelerator.js中提取到tvid: 6125839769481700
2026-01-11 00:10:24 - app - INFO - 尝试从accelerator.js获取tvid: https://www.iqiyi.com/v_1vtfp4ypjlo.html
2026-01-11 00:10:24 - app - INFO - 从accelerator.js中提取到tvid: 6769978945181200
2026-01-11 00:10:24 - app - INFO - 尝试从accelerator.js获取tvid: https://www.iqiyi.com/v_1aju6g7zj8k.html
2026-01-11 00:10:35 - app - INFO - 从accelerator.js中提取到tvid: 4713225710384200
2026-01-11 00:10:36 - app - INFO - 尝试从accelerator.js获取tvid: https://www.iqiyi.com/v_1er02kyvf3k.html
2026-01-11 00:10:36 - app - INFO - 从accelerator.js中提取到tvid: 5131154118334300
2026-01-11 00:12:25 - app - INFO - 许可证管理器初始化完成,服务器: http://license.22l2.com
2026-01-11 00:12:25 - app - INFO - 初始化许可证管理器...
2026-01-11 00:12:26 - app - INFO - 解密密钥设置成功
2026-01-11 00:12:26 - app - INFO - 解密密钥获取成功
2026-01-11 00:12:26 - app - INFO - 解密密钥获取成功，配置已就绪
2026-01-11 00:12:26 - app - INFO - 配置解密成功
2026-01-11 00:12:26 - app - INFO - 夸克API配置加载成功
2026-01-11 00:12:26 - app - INFO - 夸克API配置加载完成
2026-01-11 00:12:26 - app - INFO - 检查数据库...
2026-01-11 00:12:26 - app - INFO - 数据库检查完成
2026-01-11 00:12:26 - app - INFO - 检查数据库迁移...
2026-01-11 00:12:26 - app - INFO - 数据库迁移检查完成
2026-01-11 00:12:26 - app - INFO - 清理异常中断的任务状态...
2026-01-11 00:12:26 - app - INFO - 升级管理器初始化完成
2026-01-11 00:12:26 - app - INFO - Flask应用创建成功
2026-01-11 00:12:26 - app - INFO - 静态文件目录: C:\Data\夸克转存\client\frontend
2026-01-11 00:12:26 - app - INFO - 启动任务调度服务...
2026-01-11 00:12:26 - app - INFO - 检查被中断的影视下载任务...
2026-01-11 00:12:26 - app - INFO - 没有需要恢复的影视下载任务
2026-01-11 00:12:26 - app - INFO - 账期生成循环已启动
2026-01-11 00:12:26 - app - INFO - 账期生成线程已启动
2026-01-11 00:12:26 - app - INFO - 开始生成 2026-01-11 的任务账期
2026-01-11 00:12:26 - app - INFO - 任务执行循环已启动
2026-01-11 00:12:26 - app - INFO - 任务执行线程已启动
2026-01-11 00:12:26 - app - INFO - 日志清理循环已启动
2026-01-11 00:12:26 - app - INFO - 日志清理线程已启动
2026-01-11 00:12:26 - app - INFO - ✅ 生成完成，共创建 0 条待执行记录
2026-01-11 00:12:26 - app - INFO - 下次日志清理时间: 2026-01-11 02:00:00
2026-01-11 00:12:26 - app - INFO - 启动Flask服务: http://0.0.0.0:8520
2026-01-11 00:12:26 - app - INFO - 下次生成账期时间: 2026-01-12 00:00:00, 等待 85654 秒
2026-01-11 00:12:52 - app - ERROR - 解密密钥未设置
2026-01-11 00:12:52 - app - WARNING - 配置解密失败,返回空配置
2026-01-11 00:12:52 - app - ERROR - 腾讯视频配置未加载或未启用
2026-01-11 00:13:06 - app - ERROR - 解密密钥未设置
2026-01-11 00:13:06 - app - WARNING - 配置解密失败,返回空配置
2026-01-11 00:13:06 - app - ERROR - 腾讯视频配置未加载或未启用
2026-01-11 00:13:38 - app - INFO - 解密密钥设置成功
2026-01-11 00:13:38 - app - INFO - 从环境变量加载解密密钥
2026-01-11 00:13:38 - app - INFO - 配置解密成功
2026-01-11 00:13:38 - app - INFO - 获取腾讯视频详情，cid: mzc00200xntoaip
2026-01-11 00:13:50 - app - INFO - 从share_info API获取到视频标题: 骄阳似我
2026-01-11 00:13:51 - app - INFO - 发现 2 个分页tab
2026-01-11 00:13:51 - app - INFO - 首次请求获取到 30 集
2026-01-11 00:13:51 - app - INFO - 获取第 2 个tab的剧集 (31-36集)...
2026-01-11 00:13:51 - app - INFO - Tab 2 获取到 6 集新剧集
2026-01-11 00:13:51 - app - INFO - 已获取所有剧集，共 36 集
2026-01-11 00:13:51 - app - INFO - 获取腾讯视频详情，cid: mzc00200v9le4pq
2026-01-11 00:13:51 - app - INFO - 从share_info API获取到视频标题: 震耳欲聋
2026-01-11 00:13:51 - app - INFO - 首次请求获取到 0 集
2026-01-11 00:13:51 - app - INFO - 已获取所有剧集，共 0 集
2026-01-11 00:13:51 - app - INFO - 获取腾讯视频详情，cid: mzc00200znyfa5u
2026-01-11 00:13:52 - app - INFO - 从share_info API获取到视频标题: 现在就出发 第3季
2026-01-11 00:13:52 - app - INFO - 发现 2 个分页tab
2026-01-11 00:13:52 - app - INFO - 首次请求获取到 27 集
2026-01-11 00:13:52 - app - INFO - 获取第 2 个tab的剧集 (31-47集)...
2026-01-11 00:13:52 - app - INFO - Tab 2 获取到 13 集新剧集
2026-01-11 00:13:52 - app - INFO - 已获取所有剧集，共 40 集
2026-01-11 00:13:52 - app - INFO - 获取腾讯视频详情，cid: mzc00200xf3rir6
2026-01-11 00:13:52 - app - INFO - 从share_info API获取到视频标题: 斗罗大陆Ⅱ绝世唐门
2026-01-11 00:13:52 - app - INFO - 发现 5 个分页tab
2026-01-11 00:13:52 - app - INFO - 首次请求获取到 30 集
2026-01-11 00:13:52 - app - INFO - 获取第 2 个tab的剧集 (31-60集)...
2026-01-11 00:13:52 - app - INFO - Tab 2 获取到 30 集新剧集
2026-01-11 00:13:52 - app - INFO - 获取第 3 个tab的剧集 (61-90集)...
2026-01-11 00:13:53 - app - INFO - Tab 3 获取到 30 集新剧集
2026-01-11 00:13:53 - app - INFO - 获取第 4 个tab的剧集 (91-120集)...
2026-01-11 00:13:53 - app - INFO - Tab 4 获取到 30 集新剧集
2026-01-11 00:13:53 - app - INFO - 获取第 5 个tab的剧集 (121-136集)...
2026-01-11 00:13:53 - app - INFO - Tab 5 获取到 15 集新剧集
2026-01-11 00:13:53 - app - INFO - 已获取所有剧集，共 135 集
2026-01-11 00:14:28 - app - INFO - 解密密钥设置成功
2026-01-11 00:14:28 - app - INFO - 从环境变量加载解密密钥
2026-01-11 00:14:28 - app - INFO - 配置解密成功
2026-01-11 00:15:05 - app - INFO - 解密密钥设置成功
2026-01-11 00:15:05 - app - INFO - 从环境变量加载解密密钥
2026-01-11 00:15:05 - app - INFO - 配置解密成功
2026-01-11 00:15:05 - app - INFO - 尝试从accelerator.js获取tvid: https://www.iqiyi.com/v_1o68nz8spzc.html
2026-01-11 00:15:06 - app - INFO - 从accelerator.js中提取到tvid: 6125839769481700
2026-01-11 00:15:07 - app - INFO - 尝试从accelerator.js获取tvid: https://www.iqiyi.com/v_1vtfp4ypjlo.html
2026-01-11 00:15:07 - app - INFO - 从accelerator.js中提取到tvid: 6769978945181200
2026-01-11 00:15:18 - app - INFO - 尝试从accelerator.js获取tvid: https://www.iqiyi.com/v_1aju6g7zj8k.html
2026-01-11 00:15:19 - app - INFO - 从accelerator.js中提取到tvid: 4713225710384200
2026-01-11 00:15:19 - app - INFO - 尝试从accelerator.js获取tvid: https://www.iqiyi.com/v_1er02kyvf3k.html
2026-01-11 00:15:19 - app - INFO - 从accelerator.js中提取到tvid: 5131154118334300
2026-01-11 00:21:46 - app - INFO - 许可证管理器初始化完成,服务器: http://license.22l2.com
2026-01-11 00:21:46 - app - INFO - 初始化许可证管理器...
2026-01-11 00:21:48 - app - INFO - 解密密钥设置成功
2026-01-11 00:21:48 - app - INFO - 解密密钥获取成功
2026-01-11 00:21:48 - app - INFO - 解密密钥获取成功，配置已就绪
2026-01-11 00:21:48 - app - INFO - 配置解密成功
2026-01-11 00:21:48 - app - INFO - 夸克API配置加载成功
2026-01-11 00:21:48 - app - INFO - 夸克API配置加载完成
2026-01-11 00:21:48 - app - INFO - 检查数据库...
2026-01-11 00:21:48 - app - INFO - 数据库检查完成
2026-01-11 00:21:48 - app - INFO - 检查数据库迁移...
2026-01-11 00:21:48 - app - INFO - 数据库迁移检查完成
2026-01-11 00:21:48 - app - INFO - 清理异常中断的任务状态...
2026-01-11 00:21:48 - app - INFO - 升级管理器初始化完成
2026-01-11 00:21:48 - app - INFO - Flask应用创建成功
2026-01-11 00:21:48 - app - INFO - 静态文件目录: C:\Data\夸克转存\client\frontend
2026-01-11 00:21:48 - app - INFO - 启动任务调度服务...
2026-01-11 00:21:48 - app - INFO - 检查被中断的影视下载任务...
2026-01-11 00:21:48 - app - INFO - 没有需要恢复的影视下载任务
2026-01-11 00:21:48 - app - INFO - 账期生成循环已启动
2026-01-11 00:21:48 - app - INFO - 账期生成线程已启动
2026-01-11 00:21:48 - app - INFO - 开始生成 2026-01-11 的任务账期
2026-01-11 00:21:48 - app - INFO - 任务执行循环已启动
2026-01-11 00:21:48 - app - INFO - 任务执行线程已启动
2026-01-11 00:21:48 - app - INFO - 日志清理循环已启动
2026-01-11 00:21:48 - app - INFO - 下次日志清理时间: 2026-01-11 02:00:00
2026-01-11 00:21:48 - app - INFO - 日志清理线程已启动
2026-01-11 00:21:48 - app - INFO - ✅ 生成完成，共创建 0 条待执行记录
2026-01-11 00:21:48 - app - INFO - 启动Flask服务: http://0.0.0.0:8520
2026-01-11 00:21:48 - app - INFO - 下次生成账期时间: 2026-01-12 00:00:00, 等待 85092 秒
2026-01-11 00:22:06 - app - INFO - 许可证管理器初始化完成,服务器: http://license.22l2.com
2026-01-11 00:22:06 - app - INFO - 初始化许可证管理器...
2026-01-11 00:22:06 - app - INFO - 解密密钥设置成功
2026-01-11 00:22:06 - app - INFO - 解密密钥获取成功
2026-01-11 00:22:06 - app - INFO - 解密密钥获取成功，配置已就绪
2026-01-11 00:22:06 - app - INFO - 配置解密成功
2026-01-11 00:22:06 - app - INFO - 夸克API配置加载成功
2026-01-11 00:22:06 - app - INFO - 夸克API配置加载完成
2026-01-11 00:22:06 - app - INFO - 检查数据库...
2026-01-11 00:22:06 - app - INFO - 数据库检查完成
2026-01-11 00:22:06 - app - INFO - 检查数据库迁移...
2026-01-11 00:22:06 - app - INFO - 数据库迁移检查完成
2026-01-11 00:22:06 - app - INFO - 清理异常中断的任务状态...
2026-01-11 00:22:07 - app - INFO - 升级管理器初始化完成
2026-01-11 00:22:07 - app - INFO - Flask应用创建成功
2026-01-11 00:22:07 - app - INFO - 静态文件目录: C:\Data\夸克转存\client\frontend
2026-01-11 00:22:07 - app - INFO - 启动任务调度服务...
2026-01-11 00:22:07 - app - INFO - 检查被中断的影视下载任务...
2026-01-11 00:22:07 - app - INFO - 没有需要恢复的影视下载任务
2026-01-11 00:22:07 - app - INFO - 账期生成循环已启动
2026-01-11 00:22:07 - app - INFO - 账期生成线程已启动
2026-01-11 00:22:07 - app - INFO - 开始生成 2026-01-11 的任务账期
2026-01-11 00:22:07 - app - INFO - 任务执行循环已启动
2026-01-11 00:22:07 - app - INFO - 任务执行线程已启动
2026-01-11 00:22:07 - app - INFO - 日志清理循环已启动
2026-01-11 00:22:07 - app - INFO - 日志清理线程已启动
2026-01-11 00:22:07 - app - INFO - 下次日志清理时间: 2026-01-11 02:00:00
2026-01-11 00:22:07 - app - INFO - 启动Flask服务: http://0.0.0.0:8520
2026-01-11 00:22:07 - app - INFO - ✅ 生成完成，共创建 0 条待执行记录
2026-01-11 00:22:07 - app - INFO - 下次生成账期时间: 2026-01-12 00:00:00, 等待 85073 秒
2026-01-11 00:22:28 - app - INFO - 读取官网信息，平台: tencent, URL: https://v.qq.com/x/cover/mzc00200xntoaip.html
2026-01-11 00:22:28 - app - INFO - 解密密钥设置成功
2026-01-11 00:22:28 - app - INFO - 从环境变量加载解密密钥
2026-01-11 00:22:28 - app - INFO - 配置解密成功
2026-01-11 00:22:28 - app - INFO - 开始读取腾讯视频，URL: https://v.qq.com/x/cover/mzc00200xntoaip.html, CID: mzc00200xntoaip
2026-01-11 00:22:28 - app - INFO - 获取腾讯视频详情，cid: mzc00200xntoaip
2026-01-11 00:22:39 - app - INFO - 从share_info API获取到视频标题: 骄阳似我
2026-01-11 00:22:40 - app - INFO - 发现 2 个分页tab
2026-01-11 00:22:40 - app - INFO - 提取到businessInfo: video_category=2
2026-01-11 00:22:40 - app - INFO - 首次请求获取到 30 集
2026-01-11 00:22:40 - app - INFO - 获取第 2 个tab的剧集 (31-36集)...
2026-01-11 00:22:40 - app - INFO - Tab 2 获取到 6 集新剧集
2026-01-11 00:22:40 - app - INFO - 已获取所有剧集，共 36 集
2026-01-11 00:22:40 - app - INFO - 开始识别视频类型，平台: tencent
2026-01-11 00:22:40 - app - INFO - 腾讯视频类型识别: category=None, type=其他
2026-01-11 00:22:40 - app - INFO - 识别视频类型: 其他
2026-01-11 00:22:40 - app - INFO - 读取官网信息，平台: tencent, URL: https://v.qq.com/x/cover/mzc00200v9le4pq/s4101wlruqh.html
2026-01-11 00:22:40 - app - INFO - 开始读取腾讯视频，URL: https://v.qq.com/x/cover/mzc00200v9le4pq/s4101wlruqh.html, CID: mzc00200v9le4pq
2026-01-11 00:22:40 - app - INFO - 获取腾讯视频详情，cid: mzc00200v9le4pq
2026-01-11 00:22:40 - app - INFO - 从share_info API获取到视频标题: 震耳欲聋
2026-01-11 00:22:40 - app - INFO - 提取到businessInfo: video_category=1
2026-01-11 00:22:40 - app - INFO - 首次请求获取到 0 集
2026-01-11 00:22:40 - app - INFO - 已获取所有剧集，共 0 集
2026-01-11 00:22:40 - app - INFO - 开始识别视频类型，平台: tencent
2026-01-11 00:22:40 - app - INFO - 腾讯视频类型识别: category=None, type=其他
2026-01-11 00:22:40 - app - INFO - 识别视频类型: 其他
2026-01-11 00:22:40 - app - INFO - 读取官网信息，平台: tencent, URL: https://v.qq.com/x/cover/mzc00200znyfa5u.html
2026-01-11 00:22:40 - app - INFO - 开始读取腾讯视频，URL: https://v.qq.com/x/cover/mzc00200znyfa5u.html, CID: mzc00200znyfa5u
2026-01-11 00:22:40 - app - INFO - 获取腾讯视频详情，cid: mzc00200znyfa5u
2026-01-11 00:22:40 - app - INFO - 从share_info API获取到视频标题: 现在就出发 第3季
2026-01-11 00:22:41 - app - INFO - 发现 2 个分页tab
2026-01-11 00:22:41 - app - INFO - 提取到businessInfo: video_category=3
2026-01-11 00:22:41 - app - INFO - 首次请求获取到 27 集
2026-01-11 00:22:41 - app - INFO - 获取第 2 个tab的剧集 (31-47集)...
2026-01-11 00:22:41 - app - INFO - Tab 2 获取到 13 集新剧集
2026-01-11 00:22:41 - app - INFO - 已获取所有剧集，共 40 集
2026-01-11 00:22:41 - app - INFO - 开始识别视频类型，平台: tencent
2026-01-11 00:22:41 - app - INFO - 腾讯视频类型识别: category=None, type=其他
2026-01-11 00:22:41 - app - INFO - 识别视频类型: 其他
2026-01-11 00:22:41 - app - INFO - 读取官网信息，平台: tencent, URL: https://v.qq.com/x/cover/mzc00200xf3rir6/i0046sewh4r.html
2026-01-11 00:22:42 - app - INFO - 开始读取腾讯视频，URL: https://v.qq.com/x/cover/mzc00200xf3rir6/i0046sewh4r.html, CID: mzc00200xf3rir6
2026-01-11 00:22:42 - app - INFO - 获取腾讯视频详情，cid: mzc00200xf3rir6
2026-01-11 00:22:42 - app - INFO - 从share_info API获取到视频标题: 斗罗大陆Ⅱ绝世唐门
2026-01-11 00:22:42 - app - INFO - 发现 5 个分页tab
2026-01-11 00:22:42 - app - INFO - 提取到businessInfo: video_category=4
2026-01-11 00:22:42 - app - INFO - 首次请求获取到 30 集
2026-01-11 00:22:42 - app - INFO - 获取第 2 个tab的剧集 (31-60集)...
2026-01-11 00:22:42 - app - INFO - Tab 2 获取到 30 集新剧集
2026-01-11 00:22:42 - app - INFO - 获取第 3 个tab的剧集 (61-90集)...
2026-01-11 00:22:42 - app - INFO - Tab 3 获取到 30 集新剧集
2026-01-11 00:22:42 - app - INFO - 获取第 4 个tab的剧集 (91-120集)...
2026-01-11 00:22:43 - app - INFO - Tab 4 获取到 30 集新剧集
2026-01-11 00:22:43 - app - INFO - 获取第 5 个tab的剧集 (121-136集)...
2026-01-11 00:22:43 - app - INFO - Tab 5 获取到 15 集新剧集
2026-01-11 00:22:43 - app - INFO - 已获取所有剧集，共 135 集
2026-01-11 00:22:43 - app - INFO - 开始识别视频类型，平台: tencent
2026-01-11 00:22:43 - app - INFO - 腾讯视频类型识别: category=None, type=其他
2026-01-11 00:22:43 - app - INFO - 识别视频类型: 其他
2026-01-11 00:23:04 - app - INFO - 许可证管理器初始化完成,服务器: http://license.22l2.com
2026-01-11 00:23:04 - app - INFO - 初始化许可证管理器...
2026-01-11 00:23:06 - app - INFO - 解密密钥设置成功
2026-01-11 00:23:06 - app - INFO - 解密密钥获取成功
2026-01-11 00:23:06 - app - INFO - 解密密钥获取成功，配置已就绪
2026-01-11 00:23:06 - app - INFO - 配置解密成功
2026-01-11 00:23:06 - app - INFO - 夸克API配置加载成功
2026-01-11 00:23:06 - app - INFO - 夸克API配置加载完成
2026-01-11 00:23:06 - app - INFO - 检查数据库...
2026-01-11 00:23:06 - app - INFO - 数据库检查完成
2026-01-11 00:23:06 - app - INFO - 检查数据库迁移...
2026-01-11 00:23:06 - app - INFO - 数据库迁移检查完成
2026-01-11 00:23:06 - app - INFO - 清理异常中断的任务状态...
2026-01-11 00:23:06 - app - INFO - 升级管理器初始化完成
2026-01-11 00:23:06 - app - INFO - Flask应用创建成功
2026-01-11 00:23:06 - app - INFO - 静态文件目录: C:\Data\夸克转存\client\frontend
2026-01-11 00:23:06 - app - INFO - 启动任务调度服务...
2026-01-11 00:23:06 - app - INFO - 检查被中断的影视下载任务...
2026-01-11 00:23:06 - app - INFO - 没有需要恢复的影视下载任务
2026-01-11 00:23:06 - app - INFO - 账期生成循环已启动
2026-01-11 00:23:06 - app - INFO - 账期生成线程已启动
2026-01-11 00:23:06 - app - INFO - 开始生成 2026-01-11 的任务账期
2026-01-11 00:23:06 - app - INFO - 任务执行循环已启动
2026-01-11 00:23:06 - app - INFO - 任务执行线程已启动
2026-01-11 00:23:06 - app - INFO - 日志清理循环已启动
2026-01-11 00:23:06 - app - INFO - 日志清理线程已启动
2026-01-11 00:23:06 - app - INFO - ✅ 生成完成，共创建 0 条待执行记录
2026-01-11 00:23:06 - app - INFO - 下次日志清理时间: 2026-01-11 02:00:00
2026-01-11 00:23:06 - app - INFO - 启动Flask服务: http://0.0.0.0:8520
2026-01-11 00:23:06 - app - INFO - 下次生成账期时间: 2026-01-12 00:00:00, 等待 85014 秒
2026-01-11 00:23:09 - app - INFO - 读取官网信息，平台: tencent, URL: https://v.qq.com/x/cover/mzc00200xntoaip.html
2026-01-11 00:23:09 - app - INFO - 解密密钥设置成功
2026-01-11 00:23:09 - app - INFO - 从环境变量加载解密密钥
2026-01-11 00:23:09 - app - INFO - 配置解密成功
2026-01-11 00:23:09 - app - INFO - 开始读取腾讯视频，URL: https://v.qq.com/x/cover/mzc00200xntoaip.html, CID: mzc00200xntoaip
2026-01-11 00:23:09 - app - INFO - 获取腾讯视频详情，cid: mzc00200xntoaip
2026-01-11 00:23:21 - app - INFO - 从share_info API获取到视频标题: 骄阳似我
2026-01-11 00:23:21 - app - INFO - 发现 2 个分页tab
2026-01-11 00:23:21 - app - INFO - 提取到businessInfo: video_category=2
2026-01-11 00:23:21 - app - INFO - 首次请求获取到 30 集
2026-01-11 00:23:21 - app - INFO - 获取第 2 个tab的剧集 (31-36集)...
2026-01-11 00:23:21 - app - INFO - Tab 2 获取到 6 集新剧集
2026-01-11 00:23:21 - app - INFO - 已获取所有剧集，共 36 集
2026-01-11 00:23:21 - app - INFO - 开始识别视频类型，平台: tencent
2026-01-11 00:23:21 - app - INFO - 腾讯视频类型识别: category=2, type=电视剧
2026-01-11 00:23:21 - app - INFO - 识别视频类型: 电视剧
2026-01-11 00:23:21 - app - INFO - 读取官网信息，平台: tencent, URL: https://v.qq.com/x/cover/mzc00200v9le4pq/s4101wlruqh.html
2026-01-11 00:23:21 - app - INFO - 开始读取腾讯视频，URL: https://v.qq.com/x/cover/mzc00200v9le4pq/s4101wlruqh.html, CID: mzc00200v9le4pq
2026-01-11 00:23:21 - app - INFO - 获取腾讯视频详情，cid: mzc00200v9le4pq
2026-01-11 00:23:22 - app - INFO - 从share_info API获取到视频标题: 震耳欲聋
2026-01-11 00:23:22 - app - INFO - 提取到businessInfo: video_category=1
2026-01-11 00:23:22 - app - INFO - 首次请求获取到 0 集
2026-01-11 00:23:22 - app - INFO - 已获取所有剧集，共 0 集
2026-01-11 00:23:22 - app - INFO - 开始识别视频类型，平台: tencent
2026-01-11 00:23:22 - app - INFO - 腾讯视频类型识别: category=1, type=电影
2026-01-11 00:23:22 - app - INFO - 识别视频类型: 电影
2026-01-11 00:23:22 - app - INFO - 读取官网信息，平台: tencent, URL: https://v.qq.com/x/cover/mzc00200znyfa5u.html
2026-01-11 00:23:22 - app - INFO - 开始读取腾讯视频，URL: https://v.qq.com/x/cover/mzc00200znyfa5u.html, CID: mzc00200znyfa5u
2026-01-11 00:23:22 - app - INFO - 获取腾讯视频详情，cid: mzc00200znyfa5u
2026-01-11 00:23:22 - app - INFO - 从share_info API获取到视频标题: 现在就出发 第3季
2026-01-11 00:23:22 - app - INFO - 发现 2 个分页tab
2026-01-11 00:23:22 - app - INFO - 提取到businessInfo: video_category=3
2026-01-11 00:23:22 - app - INFO - 首次请求获取到 27 集
2026-01-11 00:23:22 - app - INFO - 获取第 2 个tab的剧集 (31-47集)...
2026-01-11 00:23:22 - app - INFO - Tab 2 获取到 13 集新剧集
2026-01-11 00:23:22 - app - INFO - 已获取所有剧集，共 40 集
2026-01-11 00:23:22 - app - INFO - 开始识别视频类型，平台: tencent
2026-01-11 00:23:22 - app - INFO - 腾讯视频类型识别: category=3, type=综艺
2026-01-11 00:23:22 - app - INFO - 识别视频类型: 综艺
2026-01-11 00:23:22 - app - INFO - 读取官网信息，平台: tencent, URL: https://v.qq.com/x/cover/mzc00200xf3rir6/i0046sewh4r.html
2026-01-11 00:23:22 - app - INFO - 开始读取腾讯视频，URL: https://v.qq.com/x/cover/mzc00200xf3rir6/i0046sewh4r.html, CID: mzc00200xf3rir6
2026-01-11 00:23:22 - app - INFO - 获取腾讯视频详情，cid: mzc00200xf3rir6
2026-01-11 00:23:22 - app - INFO - 从share_info API获取到视频标题: 斗罗大陆Ⅱ绝世唐门
2026-01-11 00:23:23 - app - INFO - 发现 5 个分页tab
2026-01-11 00:23:23 - app - INFO - 提取到businessInfo: video_category=4
2026-01-11 00:23:23 - app - INFO - 首次请求获取到 30 集
2026-01-11 00:23:23 - app - INFO - 获取第 2 个tab的剧集 (31-60集)...
2026-01-11 00:23:23 - app - INFO - Tab 2 获取到 30 集新剧集
2026-01-11 00:23:23 - app - INFO - 获取第 3 个tab的剧集 (61-90集)...
2026-01-11 00:23:23 - app - INFO - Tab 3 获取到 30 集新剧集
2026-01-11 00:23:23 - app - INFO - 获取第 4 个tab的剧集 (91-120集)...
2026-01-11 00:23:23 - app - INFO - Tab 4 获取到 30 集新剧集
2026-01-11 00:23:23 - app - INFO - 获取第 5 个tab的剧集 (121-136集)...
2026-01-11 00:23:24 - app - INFO - Tab 5 获取到 15 集新剧集
2026-01-11 00:23:24 - app - INFO - 已获取所有剧集，共 135 集
2026-01-11 00:23:24 - app - INFO - 开始识别视频类型，平台: tencent
2026-01-11 00:23:24 - app - INFO - 腾讯视频类型识别: category=4, type=动漫
2026-01-11 00:23:24 - app - INFO - 识别视频类型: 动漫
2026-01-11 00:27:44 - app - ERROR - 检查解析限制失败: no such table: daily_usage_stats
2026-01-11 00:27:44 - app - INFO - 读取官网信息，平台: tencent, URL: https://v.qq.com/x/cover/mzc00200xntoaip.html
2026-01-11 00:27:44 - app - INFO - 开始读取腾讯视频，URL: https://v.qq.com/x/cover/mzc00200xntoaip.html, CID: mzc00200xntoaip
2026-01-11 00:27:44 - app - INFO - 获取腾讯视频详情，cid: mzc00200xntoaip
2026-01-11 00:27:55 - app - INFO - 从share_info API获取到视频标题: 骄阳似我
2026-01-11 00:27:56 - app - INFO - 发现 2 个分页tab
2026-01-11 00:27:56 - app - INFO - 提取到businessInfo: video_category=2
2026-01-11 00:27:56 - app - INFO - 首次请求获取到 30 集
2026-01-11 00:27:56 - app - INFO - 获取第 2 个tab的剧集 (31-36集)...
2026-01-11 00:27:57 - app - INFO - Tab 2 获取到 6 集新剧集
2026-01-11 00:27:57 - app - INFO - 已获取所有剧集，共 36 集
2026-01-11 00:27:57 - app - INFO - 开始识别视频类型，平台: tencent
2026-01-11 00:27:57 - app - INFO - 腾讯视频类型识别: category=2, type=电视剧
2026-01-11 00:27:57 - app - INFO - 识别视频类型: 电视剧
2026-01-11 00:28:07 - app - ERROR - 检查解析限制失败: no such table: daily_usage_stats
2026-01-11 00:28:07 - app - INFO - 读取官网信息，平台: tencent, URL: https://v.qq.com/x/cover/mzc00200znyfa5u.html
2026-01-11 00:28:07 - app - INFO - 开始读取腾讯视频，URL: https://v.qq.com/x/cover/mzc00200znyfa5u.html, CID: mzc00200znyfa5u
2026-01-11 00:28:07 - app - INFO - 获取腾讯视频详情，cid: mzc00200znyfa5u
2026-01-11 00:28:08 - app - INFO - 从share_info API获取到视频标题: 现在就出发 第3季
2026-01-11 00:28:08 - app - INFO - 发现 2 个分页tab
2026-01-11 00:28:08 - app - INFO - 提取到businessInfo: video_category=3
2026-01-11 00:28:08 - app - INFO - 首次请求获取到 27 集
2026-01-11 00:28:08 - app - INFO - 获取第 2 个tab的剧集 (31-47集)...
2026-01-11 00:28:08 - app - INFO - Tab 2 获取到 13 集新剧集
2026-01-11 00:28:08 - app - INFO - 已获取所有剧集，共 40 集
2026-01-11 00:28:08 - app - INFO - 开始识别视频类型，平台: tencent
2026-01-11 00:28:08 - app - INFO - 腾讯视频类型识别: category=3, type=综艺
2026-01-11 00:28:08 - app - INFO - 识别视频类型: 综艺
2026-01-11 00:47:32 - app - INFO - 许可证管理器初始化完成,服务器: http://license.22l2.com
2026-01-11 00:47:32 - app - INFO - 初始化许可证管理器...
2026-01-11 00:47:33 - app - INFO - 解密密钥设置成功
2026-01-11 00:47:33 - app - INFO - 解密密钥获取成功
2026-01-11 00:47:33 - app - INFO - 解密密钥获取成功，配置已就绪
2026-01-11 00:47:33 - app - INFO - 配置解密成功
2026-01-11 00:47:33 - app - INFO - 夸克API配置加载成功
2026-01-11 00:47:33 - app - INFO - 夸克API配置加载完成
2026-01-11 00:47:33 - app - INFO - 检查数据库...
2026-01-11 00:47:33 - app - INFO - 数据库检查完成
2026-01-11 00:47:33 - app - INFO - 检查数据库迁移...
2026-01-11 00:47:33 - app - INFO - 数据库迁移检查完成
2026-01-11 00:47:33 - app - INFO - 清理异常中断的任务状态...
2026-01-11 00:47:34 - app - INFO - 升级管理器初始化完成
2026-01-11 00:47:34 - app - INFO - Flask应用创建成功
2026-01-11 00:47:34 - app - INFO - 静态文件目录: C:\Data\夸克转存\client\frontend
2026-01-11 00:47:34 - app - INFO - 启动任务调度服务...
2026-01-11 00:47:34 - app - INFO - 检查被中断的影视下载任务...
2026-01-11 00:47:34 - app - INFO - 没有需要恢复的影视下载任务
2026-01-11 00:47:34 - app - INFO - 账期生成循环已启动
2026-01-11 00:47:34 - app - INFO - 账期生成线程已启动
2026-01-11 00:47:34 - app - INFO - 开始生成 2026-01-11 的任务账期
2026-01-11 00:47:34 - app - INFO - 任务执行循环已启动
2026-01-11 00:47:34 - app - INFO - 任务执行线程已启动
2026-01-11 00:47:34 - app - INFO - ✅ 生成完成，共创建 0 条待执行记录
2026-01-11 00:47:34 - app - INFO - 日志清理循环已启动
2026-01-11 00:47:34 - app - INFO - 日志清理线程已启动
2026-01-11 00:47:34 - app - INFO - 下次生成账期时间: 2026-01-12 00:00:00, 等待 83546 秒
2026-01-11 00:47:34 - app - INFO - 下次日志清理时间: 2026-01-11 02:00:00
2026-01-11 00:47:34 - app - INFO - 启动Flask服务: http://0.0.0.0:8520
2026-01-11 00:48:02 - app - INFO - 许可证管理器初始化完成,服务器: http://license.22l2.com
2026-01-11 00:48:02 - app - INFO - 初始化许可证管理器...
2026-01-11 00:48:03 - app - INFO - 解密密钥设置成功
2026-01-11 00:48:03 - app - INFO - 解密密钥获取成功
2026-01-11 00:48:03 - app - INFO - 解密密钥获取成功，配置已就绪
2026-01-11 00:48:03 - app - INFO - 配置解密成功
2026-01-11 00:48:03 - app - INFO - 夸克API配置加载成功
2026-01-11 00:48:03 - app - INFO - 夸克API配置加载完成
2026-01-11 00:48:03 - app - INFO - 检查数据库...
2026-01-11 00:48:03 - app - INFO - 数据库检查完成
2026-01-11 00:48:03 - app - INFO - 检查数据库迁移...
2026-01-11 00:48:03 - app - INFO - 数据库迁移检查完成
2026-01-11 00:48:03 - app - INFO - 清理异常中断的任务状态...
2026-01-11 00:48:03 - app - INFO - 升级管理器初始化完成
2026-01-11 00:48:03 - app - INFO - Flask应用创建成功
2026-01-11 00:48:03 - app - INFO - 静态文件目录: C:\Data\夸克转存\client\frontend
2026-01-11 00:48:03 - app - INFO - 启动任务调度服务...
2026-01-11 00:48:03 - app - INFO - 检查被中断的影视下载任务...
2026-01-11 00:48:03 - app - INFO - 没有需要恢复的影视下载任务
2026-01-11 00:48:03 - app - INFO - 账期生成循环已启动
2026-01-11 00:48:03 - app - INFO - 账期生成线程已启动
2026-01-11 00:48:03 - app - INFO - 开始生成 2026-01-11 的任务账期
2026-01-11 00:48:03 - app - INFO - 任务执行循环已启动
2026-01-11 00:48:03 - app - INFO - 任务执行线程已启动
2026-01-11 00:48:03 - app - INFO - 日志清理循环已启动
2026-01-11 00:48:03 - app - INFO - 日志清理线程已启动
2026-01-11 00:48:03 - app - INFO - 下次日志清理时间: 2026-01-11 02:00:00
2026-01-11 00:48:03 - app - INFO - 启动Flask服务: http://0.0.0.0:8520
2026-01-11 00:48:03 - app - INFO - ✅ 生成完成，共创建 0 条待执行记录
2026-01-11 00:48:03 - app - INFO - 下次生成账期时间: 2026-01-12 00:00:00, 等待 83517 秒
2026-01-11 00:48:14 - app - INFO - 许可证管理器初始化完成,服务器: http://license.22l2.com
2026-01-11 00:48:14 - app - INFO - 初始化许可证管理器...
2026-01-11 00:48:15 - app - INFO - 解密密钥设置成功
2026-01-11 00:48:15 - app - INFO - 解密密钥获取成功
2026-01-11 00:48:15 - app - INFO - 解密密钥获取成功，配置已就绪
2026-01-11 00:48:15 - app - INFO - 配置解密成功
2026-01-11 00:48:15 - app - INFO - 夸克API配置加载成功
2026-01-11 00:48:15 - app - INFO - 夸克API配置加载完成
2026-01-11 00:48:15 - app - INFO - 检查数据库...
2026-01-11 00:48:15 - app - INFO - 数据库检查完成
2026-01-11 00:48:15 - app - INFO - 检查数据库迁移...
2026-01-11 00:48:15 - app - INFO - 数据库迁移检查完成
2026-01-11 00:48:15 - app - INFO - 清理异常中断的任务状态...
2026-01-11 00:48:15 - app - INFO - 升级管理器初始化完成
2026-01-11 00:48:15 - app - INFO - Flask应用创建成功
2026-01-11 00:48:15 - app - INFO - 静态文件目录: C:\Data\夸克转存\client\frontend
2026-01-11 00:48:15 - app - INFO - 启动任务调度服务...
2026-01-11 00:48:15 - app - INFO - 检查被中断的影视下载任务...
2026-01-11 00:48:15 - app - INFO - 没有需要恢复的影视下载任务
2026-01-11 00:48:15 - app - INFO - 账期生成循环已启动
2026-01-11 00:48:15 - app - INFO - 账期生成线程已启动
2026-01-11 00:48:15 - app - INFO - 开始生成 2026-01-11 的任务账期
2026-01-11 00:48:15 - app - INFO - 任务执行循环已启动
2026-01-11 00:48:15 - app - INFO - 任务执行线程已启动
2026-01-11 00:48:15 - app - INFO - ✅ 生成完成，共创建 0 条待执行记录
2026-01-11 00:48:15 - app - INFO - 日志清理循环已启动
2026-01-11 00:48:15 - app - INFO - 下次日志清理时间: 2026-01-11 02:00:00
2026-01-11 00:48:15 - app - INFO - 日志清理线程已启动
2026-01-11 00:48:15 - app - INFO - 下次生成账期时间: 2026-01-12 00:00:00, 等待 83505 秒
2026-01-11 00:48:15 - app - INFO - 启动Flask服务: http://0.0.0.0:8520
2026-01-11 00:48:26 - app - INFO - 许可证管理器初始化完成,服务器: http://license.22l2.com
2026-01-11 00:48:26 - app - INFO - 初始化许可证管理器...
2026-01-11 00:48:27 - app - INFO - 解密密钥设置成功
2026-01-11 00:48:27 - app - INFO - 解密密钥获取成功
2026-01-11 00:48:27 - app - INFO - 解密密钥获取成功，配置已就绪
2026-01-11 00:48:27 - app - INFO - 配置解密成功
2026-01-11 00:48:27 - app - INFO - 夸克API配置加载成功
2026-01-11 00:48:27 - app - INFO - 夸克API配置加载完成
2026-01-11 00:48:27 - app - INFO - 检查数据库...
2026-01-11 00:48:27 - app - INFO - 数据库检查完成
2026-01-11 00:48:27 - app - INFO - 检查数据库迁移...
2026-01-11 00:48:27 - app - INFO - 数据库迁移检查完成
2026-01-11 00:48:27 - app - INFO - 清理异常中断的任务状态...
2026-01-11 00:48:27 - app - INFO - 升级管理器初始化完成
2026-01-11 00:48:27 - app - INFO - Flask应用创建成功
2026-01-11 00:48:27 - app - INFO - 静态文件目录: C:\Data\夸克转存\client\frontend
2026-01-11 00:48:27 - app - INFO - 启动任务调度服务...
2026-01-11 00:48:27 - app - INFO - 检查被中断的影视下载任务...
2026-01-11 00:48:27 - app - INFO - 没有需要恢复的影视下载任务
2026-01-11 00:48:27 - app - INFO - 账期生成循环已启动
2026-01-11 00:48:27 - app - INFO - 账期生成线程已启动
2026-01-11 00:48:27 - app - INFO - 开始生成 2026-01-11 的任务账期
2026-01-11 00:48:27 - app - INFO - 任务执行循环已启动
2026-01-11 00:48:27 - app - INFO - 任务执行线程已启动
2026-01-11 00:48:27 - app - INFO - 日志清理循环已启动
2026-01-11 00:48:27 - app - INFO - 日志清理线程已启动
2026-01-11 00:48:27 - app - INFO - 下次日志清理时间: 2026-01-11 02:00:00
2026-01-11 00:48:27 - app - INFO - ✅ 生成完成，共创建 0 条待执行记录
2026-01-11 00:48:27 - app - INFO - 启动Flask服务: http://0.0.0.0:8520
2026-01-11 00:48:27 - app - INFO - 下次生成账期时间: 2026-01-12 00:00:00, 等待 83492 秒
2026-01-11 00:48:48 - app - INFO - 读取官网信息，平台: iqiyi, URL: https://www.iqiyi.com/v_1o68nz8spzc.html
2026-01-11 00:48:49 - app - INFO - 解密密钥设置成功
2026-01-11 00:48:49 - app - INFO - 从环境变量加载解密密钥
2026-01-11 00:48:49 - app - INFO - 配置解密成功
2026-01-11 00:48:49 - app - INFO - 尝试从accelerator.js获取tvid: https://www.iqiyi.com/v_1o68nz8spzc.html
2026-01-11 00:49:00 - app - INFO - 从accelerator.js中提取到tvid: 6125839769481700
2026-01-11 00:49:00 - app - INFO - 提取到tvid: 6125839769481700
2026-01-11 00:49:02 - app - INFO - 请求手机版页面获取channelId: https://m.iqiyi.com/v_1o68nz8spzc.html
2026-01-11 00:49:02 - app - WARNING - 无法从手机版页面提取channelId
2026-01-11 00:49:02 - app - INFO - 开始识别视频类型，平台: iqiyi
2026-01-11 00:49:02 - app - INFO - 爱奇艺类型识别: channelId=None, type=其他
2026-01-11 00:49:02 - app - INFO - 识别视频类型: 其他
2026-01-11 00:49:02 - app - INFO - 读取官网信息，平台: iqiyi, URL: https://www.iqiyi.com/v_1vtfp4ypjlo.html
2026-01-11 00:49:02 - app - INFO - 尝试从accelerator.js获取tvid: https://www.iqiyi.com/v_1vtfp4ypjlo.html
2026-01-11 00:49:02 - app - INFO - 从accelerator.js中提取到tvid: 6769978945181200
2026-01-11 00:49:02 - app - INFO - 提取到tvid: 6769978945181200
2026-01-11 00:49:02 - app - INFO - 读取官网信息，平台: iqiyi, URL: https://www.iqiyi.com/v_1aju6g7zj8k.html
2026-01-11 00:49:02 - app - INFO - 尝试从accelerator.js获取tvid: https://www.iqiyi.com/v_1aju6g7zj8k.html
2026-01-11 00:49:03 - app - INFO - 从accelerator.js中提取到tvid: 4713225710384200
2026-01-11 00:49:03 - app - INFO - 提取到tvid: 4713225710384200
2026-01-11 00:49:03 - app - INFO - 请求手机版页面获取channelId: https://m.iqiyi.com/v_1aju6g7zj8k.html
2026-01-11 00:49:03 - app - WARNING - 无法从手机版页面提取channelId
2026-01-11 00:49:03 - app - INFO - 开始识别视频类型，平台: iqiyi
2026-01-11 00:49:03 - app - INFO - 爱奇艺类型识别: channelId=None, type=其他
2026-01-11 00:49:03 - app - INFO - 识别视频类型: 其他
2026-01-11 00:49:03 - app - INFO - 读取官网信息，平台: iqiyi, URL: https://www.iqiyi.com/v_1er02kyvf3k.html
2026-01-11 00:49:03 - app - INFO - 尝试从accelerator.js获取tvid: https://www.iqiyi.com/v_1er02kyvf3k.html
2026-01-11 00:49:03 - app - INFO - 从accelerator.js中提取到tvid: 5131154118334300
2026-01-11 00:49:03 - app - INFO - 提取到tvid: 5131154118334300
2026-01-11 00:49:04 - app - INFO - 请求手机版页面获取channelId: https://m.iqiyi.com/v_1er02kyvf3k.html
2026-01-11 00:49:04 - app - WARNING - 无法从手机版页面提取channelId
2026-01-11 00:49:04 - app - INFO - 开始识别视频类型，平台: iqiyi
2026-01-11 00:49:04 - app - INFO - 爱奇艺类型识别: channelId=None, type=其他
2026-01-11 00:49:04 - app - INFO - 识别视频类型: 其他
2026-01-11 00:49:45 - app - INFO - 许可证管理器初始化完成,服务器: http://license.22l2.com
2026-01-11 00:49:45 - app - INFO - 初始化许可证管理器...
2026-01-11 00:49:46 - app - INFO - 解密密钥设置成功
2026-01-11 00:49:46 - app - INFO - 解密密钥获取成功
2026-01-11 00:49:46 - app - INFO - 解密密钥获取成功，配置已就绪
2026-01-11 00:49:46 - app - INFO - 配置解密成功
2026-01-11 00:49:46 - app - INFO - 夸克API配置加载成功
2026-01-11 00:49:46 - app - INFO - 夸克API配置加载完成
2026-01-11 00:49:46 - app - INFO - 检查数据库...
2026-01-11 00:49:46 - app - INFO - 数据库检查完成
2026-01-11 00:49:46 - app - INFO - 检查数据库迁移...
2026-01-11 00:49:46 - app - INFO - 数据库迁移检查完成
2026-01-11 00:49:46 - app - INFO - 清理异常中断的任务状态...
2026-01-11 00:49:46 - app - INFO - 升级管理器初始化完成
2026-01-11 00:49:46 - app - INFO - Flask应用创建成功
2026-01-11 00:49:46 - app - INFO - 静态文件目录: C:\Data\夸克转存\client\frontend
2026-01-11 00:49:46 - app - INFO - 启动任务调度服务...
2026-01-11 00:49:46 - app - INFO - 检查被中断的影视下载任务...
2026-01-11 00:49:46 - app - INFO - 没有需要恢复的影视下载任务
2026-01-11 00:49:46 - app - INFO - 账期生成循环已启动
2026-01-11 00:49:46 - app - INFO - 账期生成线程已启动
2026-01-11 00:49:46 - app - INFO - 开始生成 2026-01-11 的任务账期
2026-01-11 00:49:46 - app - INFO - 任务执行循环已启动
2026-01-11 00:49:46 - app - INFO - 任务执行线程已启动
2026-01-11 00:49:46 - app - INFO - ✅ 生成完成，共创建 0 条待执行记录
2026-01-11 00:49:46 - app - INFO - 日志清理循环已启动
2026-01-11 00:49:46 - app - INFO - 日志清理线程已启动
2026-01-11 00:49:46 - app - INFO - 下次生成账期时间: 2026-01-12 00:00:00, 等待 83413 秒
2026-01-11 00:49:46 - app - INFO - 下次日志清理时间: 2026-01-11 02:00:00
2026-01-11 00:49:46 - app - INFO - 启动Flask服务: http://0.0.0.0:8520
2026-01-11 00:49:50 - app - INFO - 读取官网信息，平台: iqiyi, URL: https://www.iqiyi.com/v_1o68nz8spzc.html
2026-01-11 00:49:51 - app - INFO - 解密密钥设置成功
2026-01-11 00:49:51 - app - INFO - 从环境变量加载解密密钥
2026-01-11 00:49:51 - app - INFO - 配置解密成功
2026-01-11 00:49:51 - app - INFO - 尝试从accelerator.js获取tvid: https://www.iqiyi.com/v_1o68nz8spzc.html
2026-01-11 00:49:52 - app - INFO - 从accelerator.js中提取到tvid: 6125839769481700
2026-01-11 00:49:52 - app - INFO - 提取到tvid: 6125839769481700
2026-01-11 00:49:53 - app - INFO - 请求手机版页面获取channelId: https://m.iqiyi.com/v_1o68nz8spzc.html
2026-01-11 00:50:05 - app - INFO - 从手机版页面提取到channelId: 2
2026-01-11 00:50:05 - app - INFO - 开始识别视频类型，平台: iqiyi
2026-01-11 00:50:05 - app - INFO - 爱奇艺类型识别: channelId=2, type=电视剧
2026-01-11 00:50:05 - app - INFO - 识别视频类型: 电视剧
2026-01-11 00:50:05 - app - INFO - 读取官网信息，平台: iqiyi, URL: https://www.iqiyi.com/v_1vtfp4ypjlo.html
2026-01-11 00:50:05 - app - INFO - 尝试从accelerator.js获取tvid: https://www.iqiyi.com/v_1vtfp4ypjlo.html
2026-01-11 00:50:05 - app - INFO - 从accelerator.js中提取到tvid: 6769978945181200
2026-01-11 00:50:05 - app - INFO - 提取到tvid: 6769978945181200
2026-01-11 00:50:05 - app - INFO - 读取官网信息，平台: iqiyi, URL: https://www.iqiyi.com/v_1aju6g7zj8k.html
2026-01-11 00:50:05 - app - INFO - 尝试从accelerator.js获取tvid: https://www.iqiyi.com/v_1aju6g7zj8k.html
2026-01-11 00:50:05 - app - INFO - 从accelerator.js中提取到tvid: 4713225710384200
2026-01-11 00:50:05 - app - INFO - 提取到tvid: 4713225710384200
2026-01-11 00:50:06 - app - INFO - 请求手机版页面获取channelId: https://m.iqiyi.com/v_1aju6g7zj8k.html
2026-01-11 00:50:06 - app - INFO - 从手机版页面提取到channelId: 6
2026-01-11 00:50:06 - app - INFO - 开始识别视频类型，平台: iqiyi
2026-01-11 00:50:06 - app - INFO - 爱奇艺类型识别: channelId=6, type=综艺
2026-01-11 00:50:06 - app - INFO - 识别视频类型: 综艺
2026-01-11 00:50:06 - app - INFO - 读取官网信息，平台: iqiyi, URL: https://www.iqiyi.com/v_1er02kyvf3k.html
2026-01-11 00:50:06 - app - INFO - 尝试从accelerator.js获取tvid: https://www.iqiyi.com/v_1er02kyvf3k.html
2026-01-11 00:50:06 - app - INFO - 从accelerator.js中提取到tvid: 5131154118334300
2026-01-11 00:50:06 - app - INFO - 提取到tvid: 5131154118334300
2026-01-11 00:50:07 - app - INFO - 请求手机版页面获取channelId: https://m.iqiyi.com/v_1er02kyvf3k.html
2026-01-11 00:50:07 - app - INFO - 从手机版页面提取到channelId: 4
2026-01-11 00:50:07 - app - INFO - 开始识别视频类型，平台: iqiyi
2026-01-11 00:50:07 - app - INFO - 爱奇艺类型识别: channelId=4, type=动漫
2026-01-11 00:50:07 - app - INFO - 识别视频类型: 动漫
2026-01-11 00:50:27 - app - INFO - 解密密钥设置成功
2026-01-11 00:50:27 - app - INFO - 从环境变量加载解密密钥
2026-01-11 00:50:27 - app - INFO - 配置解密成功
2026-01-11 00:50:27 - app - INFO - 尝试从accelerator.js获取tvid: https://www.iqiyi.com/v_1vtfp4ypjlo.html
2026-01-11 00:50:38 - app - INFO - 从accelerator.js中提取到tvid: 6769978945181200
2026-01-11 00:50:58 - app - INFO - 解密密钥设置成功
2026-01-11 00:50:58 - app - INFO - 从环境变量加载解密密钥
2026-01-11 00:50:58 - app - INFO - 配置解密成功
2026-01-11 00:51:27 - app - INFO - 许可证管理器初始化完成,服务器: http://license.22l2.com
2026-01-11 00:51:27 - app - INFO - 初始化许可证管理器...
2026-01-11 00:51:28 - app - INFO - 解密密钥设置成功
2026-01-11 00:51:28 - app - INFO - 解密密钥获取成功
2026-01-11 00:51:28 - app - INFO - 解密密钥获取成功，配置已就绪
2026-01-11 00:51:28 - app - INFO - 配置解密成功
2026-01-11 00:51:28 - app - INFO - 夸克API配置加载成功
2026-01-11 00:51:28 - app - INFO - 夸克API配置加载完成
2026-01-11 00:51:28 - app - INFO - 检查数据库...
2026-01-11 00:51:28 - app - INFO - 数据库检查完成
2026-01-11 00:51:28 - app - INFO - 检查数据库迁移...
2026-01-11 00:51:28 - app - INFO - 数据库迁移检查完成
2026-01-11 00:51:28 - app - INFO - 清理异常中断的任务状态...
2026-01-11 00:51:28 - app - INFO - 升级管理器初始化完成
2026-01-11 00:51:28 - app - INFO - Flask应用创建成功
2026-01-11 00:51:28 - app - INFO - 静态文件目录: C:\Data\夸克转存\client\frontend
2026-01-11 00:51:28 - app - INFO - 启动任务调度服务...
2026-01-11 00:51:28 - app - INFO - 检查被中断的影视下载任务...
2026-01-11 00:51:28 - app - INFO - 没有需要恢复的影视下载任务
2026-01-11 00:51:28 - app - INFO - 账期生成循环已启动
2026-01-11 00:51:28 - app - INFO - 账期生成线程已启动
2026-01-11 00:51:28 - app - INFO - 开始生成 2026-01-11 的任务账期
2026-01-11 00:51:28 - app - INFO - 任务执行循环已启动
2026-01-11 00:51:28 - app - INFO - 任务执行线程已启动
2026-01-11 00:51:28 - app - INFO - 日志清理循环已启动
2026-01-11 00:51:28 - app - INFO - 日志清理线程已启动
2026-01-11 00:51:28 - app - INFO - 下次日志清理时间: 2026-01-11 02:00:00
2026-01-11 00:51:28 - app - INFO - ✅ 生成完成，共创建 0 条待执行记录
2026-01-11 00:51:28 - app - INFO - 启动Flask服务: http://0.0.0.0:8520
2026-01-11 00:51:28 - app - INFO - 下次生成账期时间: 2026-01-12 00:00:00, 等待 83311 秒
2026-01-11 00:51:33 - app - INFO - 读取官网信息，平台: iqiyi, URL: https://www.iqiyi.com/v_1o68nz8spzc.html
2026-01-11 00:51:33 - app - INFO - 解密密钥设置成功
2026-01-11 00:51:33 - app - INFO - 从环境变量加载解密密钥
2026-01-11 00:51:33 - app - INFO - 配置解密成功
2026-01-11 00:51:33 - app - INFO - 尝试从accelerator.js获取tvid: https://www.iqiyi.com/v_1o68nz8spzc.html
2026-01-11 00:51:44 - app - INFO - 从accelerator.js中提取到tvid: 6125839769481700
2026-01-11 00:51:44 - app - INFO - 提取到tvid: 6125839769481700
2026-01-11 00:51:46 - app - INFO - 请求手机版页面获取channelId: https://m.iqiyi.com/v_1o68nz8spzc.html
2026-01-11 00:51:46 - app - INFO - 从手机版页面提取到channelId: 2
2026-01-11 00:51:46 - app - INFO - 开始识别视频类型，平台: iqiyi
2026-01-11 00:51:46 - app - INFO - 爱奇艺类型识别: channelId=2, type=电视剧
2026-01-11 00:51:46 - app - INFO - 识别视频类型: 电视剧
2026-01-11 00:51:46 - app - INFO - 读取官网信息，平台: iqiyi, URL: https://www.iqiyi.com/v_1vtfp4ypjlo.html
2026-01-11 00:51:46 - app - INFO - 尝试从accelerator.js获取tvid: https://www.iqiyi.com/v_1vtfp4ypjlo.html
2026-01-11 00:51:46 - app - INFO - 从accelerator.js中提取到tvid: 6769978945181200
2026-01-11 00:51:46 - app - INFO - 提取到tvid: 6769978945181200
2026-01-11 00:51:47 - app - INFO - 请求手机版页面获取channelId: https://m.iqiyi.com/v_1vtfp4ypjlo.html
2026-01-11 00:51:47 - app - INFO - 从手机版页面提取到channelId: 1
2026-01-11 00:51:47 - app - INFO - 读取官网信息，平台: iqiyi, URL: https://www.iqiyi.com/v_1aju6g7zj8k.html
2026-01-11 00:51:47 - app - INFO - 尝试从accelerator.js获取tvid: https://www.iqiyi.com/v_1aju6g7zj8k.html
2026-01-11 00:51:47 - app - INFO - 从accelerator.js中提取到tvid: 4713225710384200
2026-01-11 00:51:47 - app - INFO - 提取到tvid: 4713225710384200
2026-01-11 00:51:47 - app - INFO - 请求手机版页面获取channelId: https://m.iqiyi.com/v_1aju6g7zj8k.html
2026-01-11 00:51:47 - app - INFO - 从手机版页面提取到channelId: 6
2026-01-11 00:51:48 - app - INFO - 开始识别视频类型，平台: iqiyi
2026-01-11 00:51:48 - app - INFO - 爱奇艺类型识别: channelId=6, type=综艺
2026-01-11 00:51:48 - app - INFO - 识别视频类型: 综艺
2026-01-11 00:51:48 - app - INFO - 读取官网信息，平台: iqiyi, URL: https://www.iqiyi.com/v_1er02kyvf3k.html
2026-01-11 00:51:48 - app - INFO - 尝试从accelerator.js获取tvid: https://www.iqiyi.com/v_1er02kyvf3k.html
2026-01-11 00:51:48 - app - INFO - 从accelerator.js中提取到tvid: 5131154118334300
2026-01-11 00:51:48 - app - INFO - 提取到tvid: 5131154118334300
2026-01-11 00:51:48 - app - INFO - 请求手机版页面获取channelId: https://m.iqiyi.com/v_1er02kyvf3k.html
2026-01-11 00:51:48 - app - INFO - 从手机版页面提取到channelId: 4
2026-01-11 00:51:49 - app - INFO - 开始识别视频类型，平台: iqiyi
2026-01-11 00:51:49 - app - INFO - 爱奇艺类型识别: channelId=4, type=动漫
2026-01-11 00:51:49 - app - INFO - 识别视频类型: 动漫
2026-01-11 00:52:01 - app - INFO - 许可证管理器初始化完成,服务器: http://license.22l2.com
2026-01-11 00:52:01 - app - INFO - 初始化许可证管理器...
2026-01-11 00:52:02 - app - INFO - 解密密钥设置成功
2026-01-11 00:52:02 - app - INFO - 解密密钥获取成功
2026-01-11 00:52:02 - app - INFO - 解密密钥获取成功，配置已就绪
2026-01-11 00:52:02 - app - INFO - 配置解密成功
2026-01-11 00:52:02 - app - INFO - 夸克API配置加载成功
2026-01-11 00:52:02 - app - INFO - 夸克API配置加载完成
2026-01-11 00:52:02 - app - INFO - 检查数据库...
2026-01-11 00:52:02 - app - INFO - 数据库检查完成
2026-01-11 00:52:02 - app - INFO - 检查数据库迁移...
2026-01-11 00:52:02 - app - INFO - 数据库迁移检查完成
2026-01-11 00:52:02 - app - INFO - 清理异常中断的任务状态...
2026-01-11 00:52:02 - app - INFO - 升级管理器初始化完成
2026-01-11 00:52:02 - app - INFO - Flask应用创建成功
2026-01-11 00:52:02 - app - INFO - 静态文件目录: C:\Data\夸克转存\client\frontend
2026-01-11 00:52:02 - app - INFO - 启动任务调度服务...
2026-01-11 00:52:02 - app - INFO - 检查被中断的影视下载任务...
2026-01-11 00:52:02 - app - INFO - 没有需要恢复的影视下载任务
2026-01-11 00:52:02 - app - INFO - 账期生成循环已启动
2026-01-11 00:52:02 - app - INFO - 账期生成线程已启动
2026-01-11 00:52:02 - app - INFO - 开始生成 2026-01-11 的任务账期
2026-01-11 00:52:02 - app - INFO - 任务执行循环已启动
2026-01-11 00:52:02 - app - INFO - 任务执行线程已启动
2026-01-11 00:52:02 - app - INFO - 日志清理循环已启动
2026-01-11 00:52:02 - app - INFO - 日志清理线程已启动
2026-01-11 00:52:02 - app - INFO - 下次日志清理时间: 2026-01-11 02:00:00
2026-01-11 00:52:02 - app - INFO - 启动Flask服务: http://0.0.0.0:8520
2026-01-11 00:52:02 - app - INFO - ✅ 生成完成，共创建 0 条待执行记录
2026-01-11 00:52:02 - app - INFO - 下次生成账期时间: 2026-01-12 00:00:00, 等待 83277 秒
2026-01-11 00:52:06 - app - INFO - 读取官网信息，平台: iqiyi, URL: https://www.iqiyi.com/v_1o68nz8spzc.html
2026-01-11 00:52:06 - app - INFO - 解密密钥设置成功
2026-01-11 00:52:06 - app - INFO - 从环境变量加载解密密钥
2026-01-11 00:52:06 - app - INFO - 配置解密成功
2026-01-11 00:52:06 - app - INFO - 尝试从accelerator.js获取tvid: https://www.iqiyi.com/v_1o68nz8spzc.html
2026-01-11 00:52:18 - app - INFO - 从accelerator.js中提取到tvid: 6125839769481700
2026-01-11 00:52:18 - app - INFO - 提取到tvid: 6125839769481700
2026-01-11 00:52:18 - app - INFO - 请求手机版页面获取channelId: https://m.iqiyi.com/v_1o68nz8spzc.html
2026-01-11 00:52:19 - app - INFO - 从手机版页面提取到channelId: 2
2026-01-11 00:52:19 - app - INFO - 开始识别视频类型，平台: iqiyi
2026-01-11 00:52:19 - app - INFO - 爱奇艺类型识别: channelId=2, type=电视剧
2026-01-11 00:52:19 - app - INFO - 识别视频类型: 电视剧
2026-01-11 00:52:19 - app - INFO - 读取官网信息，平台: iqiyi, URL: https://www.iqiyi.com/v_1vtfp4ypjlo.html
2026-01-11 00:52:19 - app - INFO - 尝试从accelerator.js获取tvid: https://www.iqiyi.com/v_1vtfp4ypjlo.html
2026-01-11 00:52:19 - app - INFO - 从accelerator.js中提取到tvid: 6769978945181200
2026-01-11 00:52:19 - app - INFO - 提取到tvid: 6769978945181200
2026-01-11 00:52:19 - app - INFO - 请求手机版页面获取channelId: https://m.iqiyi.com/v_1vtfp4ypjlo.html
2026-01-11 00:52:19 - app - INFO - 从手机版页面提取到channelId: 1
2026-01-11 00:52:19 - app - INFO - videoList为空或非字典类型,可能是电影类型,返回空剧集列表
2026-01-11 00:52:19 - app - INFO - 开始识别视频类型，平台: iqiyi
2026-01-11 00:52:19 - app - INFO - 爱奇艺类型识别: channelId=1, type=电影
2026-01-11 00:52:19 - app - INFO - 识别视频类型: 电影
2026-01-11 00:52:19 - app - INFO - 读取官网信息，平台: iqiyi, URL: https://www.iqiyi.com/v_1aju6g7zj8k.html
2026-01-11 00:52:19 - app - INFO - 尝试从accelerator.js获取tvid: https://www.iqiyi.com/v_1aju6g7zj8k.html
2026-01-11 00:52:20 - app - INFO - 从accelerator.js中提取到tvid: 4713225710384200
2026-01-11 00:52:20 - app - INFO - 提取到tvid: 4713225710384200
2026-01-11 00:52:20 - app - INFO - 请求手机版页面获取channelId: https://m.iqiyi.com/v_1aju6g7zj8k.html
2026-01-11 00:52:20 - app - INFO - 从手机版页面提取到channelId: 6
2026-01-11 00:52:20 - app - INFO - 开始识别视频类型，平台: iqiyi
2026-01-11 00:52:20 - app - INFO - 爱奇艺类型识别: channelId=6, type=综艺
2026-01-11 00:52:20 - app - INFO - 识别视频类型: 综艺
2026-01-11 00:52:20 - app - INFO - 读取官网信息，平台: iqiyi, URL: https://www.iqiyi.com/v_1er02kyvf3k.html
2026-01-11 00:52:20 - app - INFO - 尝试从accelerator.js获取tvid: https://www.iqiyi.com/v_1er02kyvf3k.html
2026-01-11 00:52:21 - app - INFO - 从accelerator.js中提取到tvid: 5131154118334300
2026-01-11 00:52:21 - app - INFO - 提取到tvid: 5131154118334300
2026-01-11 00:52:21 - app - INFO - 请求手机版页面获取channelId: https://m.iqiyi.com/v_1er02kyvf3k.html
2026-01-11 00:52:21 - app - INFO - 从手机版页面提取到channelId: 4
2026-01-11 00:52:21 - app - INFO - 开始识别视频类型，平台: iqiyi
2026-01-11 00:52:21 - app - INFO - 爱奇艺类型识别: channelId=4, type=动漫
2026-01-11 00:52:21 - app - INFO - 识别视频类型: 动漫
2026-01-11 00:57:48 - app - ERROR - 检查解析限制失败: no such table: daily_usage_stats
2026-01-11 00:57:48 - app - INFO - 读取官网信息，平台: iqiyi, URL: https://www.iqiyi.com/v_1o68nz8spzc.html
2026-01-11 00:57:48 - app - INFO - 尝试从accelerator.js获取tvid: https://www.iqiyi.com/v_1o68nz8spzc.html
2026-01-11 00:58:00 - app - INFO - 从accelerator.js中提取到tvid: 6125839769481700
2026-01-11 00:58:00 - app - INFO - 提取到tvid: 6125839769481700
2026-01-11 00:58:01 - app - INFO - 请求手机版页面获取channelId: https://m.iqiyi.com/v_1o68nz8spzc.html
2026-01-11 00:58:02 - app - INFO - 从手机版页面提取到channelId: 2
2026-01-11 00:58:02 - app - INFO - 开始识别视频类型，平台: iqiyi
2026-01-11 00:58:02 - app - INFO - 爱奇艺类型识别: channelId=2, type=电视剧
2026-01-11 00:58:02 - app - INFO - 识别视频类型: 电视剧
2026-01-11 00:58:12 - app - ERROR - 检查解析限制失败: no such table: daily_usage_stats
2026-01-11 00:58:12 - app - INFO - 读取官网信息，平台: iqiyi, URL: https://www.iqiyi.com/v_1aju6g7zj8k.html
2026-01-11 00:58:12 - app - INFO - 尝试从accelerator.js获取tvid: https://www.iqiyi.com/v_1aju6g7zj8k.html
2026-01-11 00:58:13 - app - INFO - 从accelerator.js中提取到tvid: 4713225710384200
2026-01-11 00:58:13 - app - INFO - 提取到tvid: 4713225710384200
2026-01-11 00:58:13 - app - INFO - 请求手机版页面获取channelId: https://m.iqiyi.com/v_1aju6g7zj8k.html
2026-01-11 00:58:13 - app - INFO - 从手机版页面提取到channelId: 6
2026-01-11 00:58:13 - app - INFO - 开始识别视频类型，平台: iqiyi
2026-01-11 00:58:13 - app - INFO - 爱奇艺类型识别: channelId=6, type=综艺
2026-01-11 00:58:13 - app - INFO - 识别视频类型: 综艺
2026-01-11 00:58:23 - app - ERROR - 检查解析限制失败: no such table: daily_usage_stats
2026-01-11 00:58:23 - app - INFO - 读取官网信息，平台: iqiyi, URL: https://www.iqiyi.com/v_1er02kyvf3k.html
2026-01-11 00:58:23 - app - INFO - 尝试从accelerator.js获取tvid: https://www.iqiyi.com/v_1er02kyvf3k.html
2026-01-11 00:58:25 - app - INFO - 从accelerator.js中提取到tvid: 5131154118334300
2026-01-11 00:58:25 - app - INFO - 提取到tvid: 5131154118334300
2026-01-11 00:58:25 - app - INFO - 请求手机版页面获取channelId: https://m.iqiyi.com/v_1er02kyvf3k.html
2026-01-11 00:58:25 - app - INFO - 从手机版页面提取到channelId: 4
2026-01-11 00:58:26 - app - INFO - 开始识别视频类型，平台: iqiyi
2026-01-11 00:58:26 - app - INFO - 爱奇艺类型识别: channelId=4, type=动漫
2026-01-11 00:58:26 - app - INFO - 识别视频类型: 动漫
2026-01-11 00:58:36 - app - ERROR - 检查解析限制失败: no such table: daily_usage_stats
2026-01-11 00:58:36 - app - INFO - 读取官网信息，平台: iqiyi, URL: https://www.iqiyi.com/v_1vtfp4ypjlo.html
2026-01-11 00:58:36 - app - INFO - 尝试从accelerator.js获取tvid: https://www.iqiyi.com/v_1vtfp4ypjlo.html
2026-01-11 00:58:37 - app - INFO - 从accelerator.js中提取到tvid: 6769978945181200
2026-01-11 00:58:37 - app - INFO - 提取到tvid: 6769978945181200
2026-01-11 00:58:37 - app - INFO - 请求手机版页面获取channelId: https://m.iqiyi.com/v_1vtfp4ypjlo.html
2026-01-11 00:58:37 - app - INFO - 从手机版页面提取到channelId: 1
2026-01-11 00:58:37 - app - INFO - videoList为空或非字典类型,可能是电影类型,返回空剧集列表
2026-01-11 00:58:37 - app - INFO - 开始识别视频类型，平台: iqiyi
2026-01-11 00:58:37 - app - INFO - 爱奇艺类型识别: channelId=1, type=电影
2026-01-11 00:58:37 - app - INFO - 识别视频类型: 电影
2026-01-11 00:59:48 - app - INFO - 许可证管理器初始化完成,服务器: http://license.22l2.com
2026-01-11 00:59:48 - app - INFO - 初始化许可证管理器...
2026-01-11 00:59:49 - app - INFO - 解密密钥设置成功
2026-01-11 00:59:49 - app - INFO - 解密密钥获取成功
2026-01-11 00:59:49 - app - INFO - 解密密钥获取成功，配置已就绪
2026-01-11 00:59:49 - app - INFO - 配置解密成功
2026-01-11 00:59:49 - app - INFO - 夸克API配置加载成功
2026-01-11 00:59:49 - app - INFO - 夸克API配置加载完成
2026-01-11 00:59:49 - app - INFO - 检查数据库...
2026-01-11 00:59:49 - app - INFO - 数据库检查完成
2026-01-11 00:59:49 - app - INFO - 检查数据库迁移...
2026-01-11 00:59:49 - app - INFO - 数据库迁移检查完成
2026-01-11 00:59:49 - app - INFO - 清理异常中断的任务状态...
2026-01-11 00:59:49 - app - INFO - 升级管理器初始化完成
2026-01-11 00:59:49 - app - INFO - Flask应用创建成功
2026-01-11 00:59:49 - app - INFO - 静态文件目录: C:\Data\夸克转存\client\frontend
2026-01-11 00:59:49 - app - INFO - 启动任务调度服务...
2026-01-11 00:59:49 - app - INFO - 检查被中断的影视下载任务...
2026-01-11 00:59:49 - app - INFO - 没有需要恢复的影视下载任务
2026-01-11 00:59:49 - app - INFO - 账期生成循环已启动
2026-01-11 00:59:49 - app - INFO - 账期生成线程已启动
2026-01-11 00:59:49 - app - INFO - 开始生成 2026-01-11 的任务账期
2026-01-11 00:59:49 - app - INFO - 任务执行循环已启动
2026-01-11 00:59:49 - app - INFO - 任务执行线程已启动
2026-01-11 00:59:49 - app - INFO - 日志清理循环已启动
2026-01-11 00:59:49 - app - INFO - 日志清理线程已启动
2026-01-11 00:59:49 - app - INFO - ✅ 生成完成，共创建 0 条待执行记录
2026-01-11 00:59:49 - app - INFO - 下次日志清理时间: 2026-01-11 02:00:00
2026-01-11 00:59:49 - app - INFO - 启动Flask服务: http://0.0.0.0:8520
2026-01-11 00:59:49 - app - INFO - 下次生成账期时间: 2026-01-12 00:00:00, 等待 82810 秒
2026-01-11 01:00:01 - app - INFO - 许可证管理器初始化完成,服务器: http://license.22l2.com
2026-01-11 01:00:01 - app - INFO - 初始化许可证管理器...
2026-01-11 01:00:02 - app - INFO - 解密密钥设置成功
2026-01-11 01:00:02 - app - INFO - 解密密钥获取成功
2026-01-11 01:00:02 - app - INFO - 解密密钥获取成功，配置已就绪
2026-01-11 01:00:02 - app - INFO - 配置解密成功
2026-01-11 01:00:02 - app - INFO - 夸克API配置加载成功
2026-01-11 01:00:02 - app - INFO - 夸克API配置加载完成
2026-01-11 01:00:02 - app - INFO - 检查数据库...
2026-01-11 01:00:02 - app - INFO - 数据库检查完成
2026-01-11 01:00:02 - app - INFO - 检查数据库迁移...
2026-01-11 01:00:02 - app - INFO - 数据库迁移检查完成
2026-01-11 01:00:02 - app - INFO - 清理异常中断的任务状态...
2026-01-11 01:00:02 - app - INFO - 升级管理器初始化完成
2026-01-11 01:00:02 - app - INFO - Flask应用创建成功
2026-01-11 01:00:02 - app - INFO - 静态文件目录: C:\Data\夸克转存\client\frontend
2026-01-11 01:00:02 - app - INFO - 启动任务调度服务...
2026-01-11 01:00:02 - app - INFO - 检查被中断的影视下载任务...
2026-01-11 01:00:02 - app - INFO - 没有需要恢复的影视下载任务
2026-01-11 01:00:02 - app - INFO - 账期生成循环已启动
2026-01-11 01:00:02 - app - INFO - 账期生成线程已启动
2026-01-11 01:00:02 - app - INFO - 开始生成 2026-01-11 的任务账期
2026-01-11 01:00:02 - app - INFO - 任务执行循环已启动
2026-01-11 01:00:02 - app - INFO - 任务执行线程已启动
2026-01-11 01:00:02 - app - INFO - 日志清理循环已启动
2026-01-11 01:00:02 - app - INFO - 日志清理线程已启动
2026-01-11 01:00:02 - app - INFO - 下次日志清理时间: 2026-01-11 02:00:00
2026-01-11 01:00:02 - app - INFO - 启动Flask服务: http://0.0.0.0:8520
2026-01-11 01:00:02 - app - INFO - ✅ 生成完成，共创建 0 条待执行记录
2026-01-11 01:00:02 - app - INFO - 下次生成账期时间: 2026-01-12 00:00:00, 等待 82797 秒
2026-01-11 01:00:21 - app - INFO - 读取官网信息，平台: iqiyi, URL: https://www.iqiyi.com/v_1vtfp4ypjlo.html
2026-01-11 01:00:21 - app - INFO - 解密密钥设置成功
2026-01-11 01:00:21 - app - INFO - 从环境变量加载解密密钥
2026-01-11 01:00:21 - app - INFO - 配置解密成功
2026-01-11 01:00:21 - app - INFO - 尝试从accelerator.js获取tvid: https://www.iqiyi.com/v_1vtfp4ypjlo.html
2026-01-11 01:00:32 - app - INFO - 从accelerator.js中提取到tvid: 6769978945181200
2026-01-11 01:00:32 - app - INFO - 提取到tvid: 6769978945181200
2026-01-11 01:00:33 - app - INFO - 请求手机版页面获取channelId: https://m.iqiyi.com/v_1vtfp4ypjlo.html
2026-01-11 01:00:34 - app - INFO - 从手机版页面提取到channelId: 1
2026-01-11 01:00:34 - app - INFO - videoList为空或非字典类型,可能是电影类型,返回当前URL作为剧集
2026-01-11 01:00:34 - app - INFO - 开始识别视频类型，平台: iqiyi
2026-01-11 01:00:34 - app - INFO - 爱奇艺类型识别: channelId=1, type=电影
2026-01-11 01:00:34 - app - INFO - 识别视频类型: 电影
2026-01-11 01:00:42 - app - INFO - 读取官网信息，平台: iqiyi, URL: https://www.iqiyi.com/v_1o68nz8spzc.html
2026-01-11 01:00:43 - app - INFO - 解密密钥设置成功
2026-01-11 01:00:43 - app - INFO - 从环境变量加载解密密钥
2026-01-11 01:00:43 - app - INFO - 配置解密成功
2026-01-11 01:00:43 - app - INFO - 尝试从accelerator.js获取tvid: https://www.iqiyi.com/v_1o68nz8spzc.html
2026-01-11 01:00:54 - app - INFO - 从accelerator.js中提取到tvid: 6125839769481700
2026-01-11 01:00:54 - app - INFO - 提取到tvid: 6125839769481700
2026-01-11 01:00:54 - app - INFO - 请求手机版页面获取channelId: https://m.iqiyi.com/v_1o68nz8spzc.html
2026-01-11 01:00:55 - app - INFO - 从手机版页面提取到channelId: 2
2026-01-11 01:00:55 - app - INFO - 开始识别视频类型，平台: iqiyi
2026-01-11 01:00:55 - app - INFO - 爱奇艺类型识别: channelId=2, type=电视剧
2026-01-11 01:00:55 - app - INFO - 识别视频类型: 电视剧
2026-01-11 01:00:55 - app - INFO - 读取官网信息，平台: iqiyi, URL: https://www.iqiyi.com/v_1vtfp4ypjlo.html
2026-01-11 01:00:55 - app - INFO - 尝试从accelerator.js获取tvid: https://www.iqiyi.com/v_1vtfp4ypjlo.html
2026-01-11 01:00:56 - app - INFO - 从accelerator.js中提取到tvid: 6769978945181200
2026-01-11 01:00:56 - app - INFO - 提取到tvid: 6769978945181200
2026-01-11 01:00:56 - app - INFO - 请求手机版页面获取channelId: https://m.iqiyi.com/v_1vtfp4ypjlo.html
2026-01-11 01:00:56 - app - INFO - 从手机版页面提取到channelId: 1
2026-01-11 01:00:56 - app - INFO - videoList为空或非字典类型,可能是电影类型,返回当前URL作为剧集
2026-01-11 01:00:56 - app - INFO - 开始识别视频类型，平台: iqiyi
2026-01-11 01:00:56 - app - INFO - 爱奇艺类型识别: channelId=1, type=电影
2026-01-11 01:00:56 - app - INFO - 识别视频类型: 电影
2026-01-11 01:00:56 - app - INFO - 读取官网信息，平台: iqiyi, URL: https://www.iqiyi.com/v_1aju6g7zj8k.html
2026-01-11 01:00:56 - app - INFO - 尝试从accelerator.js获取tvid: https://www.iqiyi.com/v_1aju6g7zj8k.html
2026-01-11 01:00:57 - app - INFO - 从accelerator.js中提取到tvid: 4713225710384200
2026-01-11 01:00:57 - app - INFO - 提取到tvid: 4713225710384200
2026-01-11 01:00:57 - app - INFO - 请求手机版页面获取channelId: https://m.iqiyi.com/v_1aju6g7zj8k.html
2026-01-11 01:00:57 - app - INFO - 从手机版页面提取到channelId: 6
2026-01-11 01:00:57 - app - INFO - 开始识别视频类型，平台: iqiyi
2026-01-11 01:00:57 - app - INFO - 爱奇艺类型识别: channelId=6, type=综艺
2026-01-11 01:00:57 - app - INFO - 识别视频类型: 综艺
2026-01-11 01:00:57 - app - INFO - 读取官网信息，平台: iqiyi, URL: https://www.iqiyi.com/v_1er02kyvf3k.html
2026-01-11 01:00:57 - app - INFO - 尝试从accelerator.js获取tvid: https://www.iqiyi.com/v_1er02kyvf3k.html
2026-01-11 01:00:58 - app - INFO - 从accelerator.js中提取到tvid: 5131154118334300
2026-01-11 01:00:58 - app - INFO - 提取到tvid: 5131154118334300
2026-01-11 01:00:58 - app - INFO - 请求手机版页面获取channelId: https://m.iqiyi.com/v_1er02kyvf3k.html
2026-01-11 01:00:58 - app - INFO - 从手机版页面提取到channelId: 4
2026-01-11 01:00:58 - app - INFO - 开始识别视频类型，平台: iqiyi
2026-01-11 01:00:58 - app - INFO - 爱奇艺类型识别: channelId=4, type=动漫
2026-01-11 01:00:58 - app - INFO - 识别视频类型: 动漫
2026-01-11 01:03:46 - app - ERROR - 检查解析限制失败: no such table: daily_usage_stats
2026-01-11 01:03:46 - app - INFO - 读取官网信息，平台: iqiyi, URL: https://www.iqiyi.com/v_1vtfp4ypjlo.html
2026-01-11 01:03:46 - app - INFO - 尝试从accelerator.js获取tvid: https://www.iqiyi.com/v_1vtfp4ypjlo.html
2026-01-11 01:03:58 - app - INFO - 从accelerator.js中提取到tvid: 6769978945181200
2026-01-11 01:03:58 - app - INFO - 提取到tvid: 6769978945181200
2026-01-11 01:03:59 - app - INFO - 请求手机版页面获取channelId: https://m.iqiyi.com/v_1vtfp4ypjlo.html
2026-01-11 01:03:59 - app - INFO - 从手机版页面提取到channelId: 1
2026-01-11 01:03:59 - app - INFO - videoList为空或非字典类型,可能是电影类型,返回当前URL作为剧集
2026-01-11 01:03:59 - app - INFO - 开始识别视频类型，平台: iqiyi
2026-01-11 01:03:59 - app - INFO - 爱奇艺类型识别: channelId=1, type=电影
2026-01-11 01:03:59 - app - INFO - 识别视频类型: 电影
2026-01-11 01:07:45 - app - INFO - 许可证管理器初始化完成,服务器: http://license.22l2.com
2026-01-11 01:07:45 - app - INFO - 初始化许可证管理器...
2026-01-11 01:07:45 - app - INFO - 解密密钥设置成功
2026-01-11 01:07:45 - app - INFO - 解密密钥获取成功
2026-01-11 01:07:45 - app - INFO - 解密密钥获取成功，配置已就绪
2026-01-11 01:07:45 - app - INFO - 配置解密成功
2026-01-11 01:07:45 - app - INFO - 夸克API配置加载成功
2026-01-11 01:07:45 - app - INFO - 夸克API配置加载完成
2026-01-11 01:07:45 - app - INFO - 检查数据库...
2026-01-11 01:07:45 - app - INFO - 数据库检查完成
2026-01-11 01:07:45 - app - INFO - 检查数据库迁移...
2026-01-11 01:07:45 - app - INFO - 数据库迁移检查完成
2026-01-11 01:07:45 - app - INFO - 清理异常中断的任务状态...
2026-01-11 01:07:45 - app - INFO - 升级管理器初始化完成
2026-01-11 01:07:45 - app - INFO - Flask应用创建成功
2026-01-11 01:07:45 - app - INFO - 静态文件目录: C:\Data\夸克转存\client\frontend
2026-01-11 01:07:45 - app - INFO - 启动任务调度服务...
2026-01-11 01:07:45 - app - INFO - 检查被中断的影视下载任务...
2026-01-11 01:07:45 - app - INFO - 没有需要恢复的影视下载任务
2026-01-11 01:07:45 - app - INFO - 账期生成循环已启动
2026-01-11 01:07:45 - app - INFO - 账期生成线程已启动
2026-01-11 01:07:45 - app - INFO - 开始生成 2026-01-11 的任务账期
2026-01-11 01:07:45 - app - INFO - 任务执行循环已启动
2026-01-11 01:07:45 - app - INFO - 任务执行线程已启动
2026-01-11 01:07:45 - app - INFO - 日志清理循环已启动
2026-01-11 01:07:45 - app - INFO - 日志清理线程已启动
2026-01-11 01:07:46 - app - INFO - ✅ 生成完成，共创建 0 条待执行记录
2026-01-11 01:07:46 - app - INFO - 下次日志清理时间: 2026-01-11 02:00:00
2026-01-11 01:07:46 - app - INFO - 启动Flask服务: http://0.0.0.0:8520
2026-01-11 01:07:46 - app - INFO - 下次生成账期时间: 2026-01-12 00:00:00, 等待 82334 秒
2026-01-11 01:20:38 - app - INFO - 许可证管理器初始化完成,服务器: http://license.22l2.com
2026-01-11 01:20:38 - app - INFO - 初始化许可证管理器...
2026-01-11 01:20:39 - app - INFO - 解密密钥设置成功
2026-01-11 01:20:39 - app - INFO - 解密密钥获取成功
2026-01-11 01:20:39 - app - INFO - 解密密钥获取成功，配置已就绪
2026-01-11 01:20:39 - app - INFO - 配置解密成功
2026-01-11 01:20:39 - app - INFO - 夸克API配置加载成功
2026-01-11 01:20:39 - app - INFO - 夸克API配置加载完成
2026-01-11 01:20:39 - app - INFO - 检查数据库...
2026-01-11 01:20:39 - app - INFO - 数据库检查完成
2026-01-11 01:20:39 - app - INFO - 检查数据库迁移...
2026-01-11 01:20:39 - app - INFO - 数据库迁移检查完成
2026-01-11 01:20:39 - app - INFO - 清理异常中断的任务状态...
2026-01-11 01:20:39 - app - INFO - 升级管理器初始化完成
2026-01-11 01:20:39 - app - INFO - Flask应用创建成功
2026-01-11 01:20:39 - app - INFO - 静态文件目录: C:\Data\夸克转存\client\frontend
2026-01-11 01:20:39 - app - INFO - 启动任务调度服务...
2026-01-11 01:20:39 - app - INFO - 检查被中断的影视下载任务...
2026-01-11 01:20:39 - app - INFO - 没有需要恢复的影视下载任务
2026-01-11 01:20:39 - app - INFO - 账期生成循环已启动
2026-01-11 01:20:39 - app - INFO - 账期生成线程已启动
2026-01-11 01:20:39 - app - INFO - 开始生成 2026-01-11 的任务账期
2026-01-11 01:20:39 - app - INFO - 任务执行循环已启动
2026-01-11 01:20:39 - app - INFO - 任务执行线程已启动
2026-01-11 01:20:39 - app - INFO - 日志清理循环已启动
2026-01-11 01:20:39 - app - INFO - 日志清理线程已启动
2026-01-11 01:20:39 - app - INFO - 下次日志清理时间: 2026-01-11 02:00:00
2026-01-11 01:20:39 - app - INFO - 启动Flask服务: http://0.0.0.0:8520
2026-01-11 01:20:39 - app - INFO - ✅ 生成完成，共创建 0 条待执行记录
2026-01-11 01:20:39 - app - INFO - 下次生成账期时间: 2026-01-12 00:00:00, 等待 81561 秒
2026-01-11 01:30:28 - app - INFO - 许可证管理器初始化完成,服务器: http://license.22l2.com
2026-01-11 01:30:28 - app - INFO - 初始化许可证管理器...
2026-01-11 01:30:29 - app - INFO - 解密密钥设置成功
2026-01-11 01:30:29 - app - INFO - 解密密钥获取成功
2026-01-11 01:30:29 - app - INFO - 解密密钥获取成功，配置已就绪
2026-01-11 01:30:29 - app - INFO - 配置解密成功
2026-01-11 01:30:29 - app - INFO - 夸克API配置加载成功
2026-01-11 01:30:29 - app - INFO - 夸克API配置加载完成
2026-01-11 01:30:29 - app - INFO - 检查数据库...
2026-01-11 01:30:29 - app - INFO - 数据库检查完成
2026-01-11 01:30:29 - app - INFO - 检查数据库迁移...
2026-01-11 01:30:29 - app - INFO - 数据库迁移检查完成
2026-01-11 01:30:29 - app - INFO - 清理异常中断的任务状态...
2026-01-11 01:30:29 - app - INFO - 升级管理器初始化完成
2026-01-11 01:30:29 - app - INFO - Flask应用创建成功
2026-01-11 01:30:29 - app - INFO - 静态文件目录: C:\Data\夸克转存\client\frontend
2026-01-11 01:30:29 - app - INFO - 启动任务调度服务...
2026-01-11 01:30:29 - app - INFO - 检查被中断的影视下载任务...
2026-01-11 01:30:29 - app - INFO - 没有需要恢复的影视下载任务
2026-01-11 01:30:29 - app - INFO - 账期生成循环已启动
2026-01-11 01:30:29 - app - INFO - 账期生成线程已启动
2026-01-11 01:30:29 - app - INFO - 开始生成 2026-01-11 的任务账期
2026-01-11 01:30:29 - app - INFO - 任务执行循环已启动
2026-01-11 01:30:29 - app - INFO - 任务执行线程已启动
2026-01-11 01:30:29 - app - INFO - 日志清理循环已启动
2026-01-11 01:30:29 - app - INFO - 日志清理线程已启动
2026-01-11 01:30:29 - app - INFO - 下次日志清理时间: 2026-01-11 02:00:00
2026-01-11 01:30:29 - app - INFO - ✅ 生成完成，共创建 0 条待执行记录
2026-01-11 01:30:29 - app - INFO - 启动Flask服务: http://0.0.0.0:8520
2026-01-11 01:30:29 - app - INFO - 下次生成账期时间: 2026-01-12 00:00:00, 等待 80971 秒
2026-01-11 01:31:21 - app - INFO - 许可证管理器初始化完成,服务器: http://license.22l2.com
2026-01-11 01:31:21 - app - INFO - 初始化许可证管理器...
2026-01-11 01:31:22 - app - INFO - 解密密钥设置成功
2026-01-11 01:31:22 - app - INFO - 解密密钥获取成功
2026-01-11 01:31:22 - app - INFO - 解密密钥获取成功，配置已就绪
2026-01-11 01:31:22 - app - INFO - 配置解密成功
2026-01-11 01:31:22 - app - INFO - 夸克API配置加载成功
2026-01-11 01:31:22 - app - INFO - 夸克API配置加载完成
2026-01-11 01:31:22 - app - INFO - 检查数据库...
2026-01-11 01:31:22 - app - INFO - 数据库检查完成
2026-01-11 01:31:22 - app - INFO - 检查数据库迁移...
2026-01-11 01:31:22 - app - INFO - 数据库迁移检查完成
2026-01-11 01:31:22 - app - INFO - 清理异常中断的任务状态...
2026-01-11 01:31:23 - app - INFO - 升级管理器初始化完成
2026-01-11 01:31:23 - app - INFO - Flask应用创建成功
2026-01-11 01:31:23 - app - INFO - 静态文件目录: C:\Data\夸克转存\client\frontend
2026-01-11 01:31:23 - app - INFO - 启动任务调度服务...
2026-01-11 01:31:23 - app - INFO - 检查被中断的影视下载任务...
2026-01-11 01:31:23 - app - INFO - 没有需要恢复的影视下载任务
2026-01-11 01:31:23 - app - INFO - 账期生成循环已启动
2026-01-11 01:31:23 - app - INFO - 账期生成线程已启动
2026-01-11 01:31:23 - app - INFO - 开始生成 2026-01-11 的任务账期
2026-01-11 01:31:23 - app - INFO - 任务执行循环已启动
2026-01-11 01:31:23 - app - INFO - 任务执行线程已启动
2026-01-11 01:31:23 - app - INFO - 日志清理循环已启动
2026-01-11 01:31:23 - app - INFO - 日志清理线程已启动
2026-01-11 01:31:23 - app - INFO - 下次日志清理时间: 2026-01-11 02:00:00
2026-01-11 01:31:23 - app - INFO - ✅ 生成完成，共创建 0 条待执行记录
2026-01-11 01:31:23 - app - INFO - 启动Flask服务: http://0.0.0.0:8520
2026-01-11 01:31:23 - app - INFO - 下次生成账期时间: 2026-01-12 00:00:00, 等待 80917 秒
2026-01-11 01:31:33 - app - INFO - 许可证管理器初始化完成,服务器: http://license.22l2.com
2026-01-11 01:31:33 - app - INFO - 初始化许可证管理器...
2026-01-11 01:31:34 - app - INFO - 解密密钥设置成功
2026-01-11 01:31:34 - app - INFO - 解密密钥获取成功
2026-01-11 01:31:34 - app - INFO - 解密密钥获取成功，配置已就绪
2026-01-11 01:31:34 - app - INFO - 配置解密成功
2026-01-11 01:31:34 - app - INFO - 夸克API配置加载成功
2026-01-11 01:31:34 - app - INFO - 夸克API配置加载完成
2026-01-11 01:31:34 - app - INFO - 检查数据库...
2026-01-11 01:31:34 - app - INFO - 数据库检查完成
2026-01-11 01:31:34 - app - INFO - 检查数据库迁移...
2026-01-11 01:31:34 - app - INFO - 数据库迁移检查完成
2026-01-11 01:31:34 - app - INFO - 清理异常中断的任务状态...
2026-01-11 01:31:34 - app - INFO - 升级管理器初始化完成
2026-01-11 01:31:34 - app - INFO - Flask应用创建成功
2026-01-11 01:31:34 - app - INFO - 静态文件目录: C:\Data\夸克转存\client\frontend
2026-01-11 01:31:34 - app - INFO - 启动任务调度服务...
2026-01-11 01:31:34 - app - INFO - 检查被中断的影视下载任务...
2026-01-11 01:31:34 - app - INFO - 没有需要恢复的影视下载任务
2026-01-11 01:31:34 - app - INFO - 账期生成循环已启动
2026-01-11 01:31:34 - app - INFO - 账期生成线程已启动
2026-01-11 01:31:34 - app - INFO - 开始生成 2026-01-11 的任务账期
2026-01-11 01:31:34 - app - INFO - 任务执行循环已启动
2026-01-11 01:31:34 - app - INFO - 任务执行线程已启动
2026-01-11 01:31:34 - app - INFO - 日志清理循环已启动
2026-01-11 01:31:34 - app - INFO - 日志清理线程已启动
2026-01-11 01:31:34 - app - INFO - 下次日志清理时间: 2026-01-11 02:00:00
2026-01-11 01:31:34 - app - INFO - ✅ 生成完成，共创建 0 条待执行记录
2026-01-11 01:31:34 - app - INFO - 启动Flask服务: http://0.0.0.0:8520
2026-01-11 01:31:34 - app - INFO - 下次生成账期时间: 2026-01-12 00:00:00, 等待 80906 秒
2026-01-11 01:31:51 - app - INFO - 许可证管理器初始化完成,服务器: http://license.22l2.com
2026-01-11 01:31:51 - app - INFO - 初始化许可证管理器...
2026-01-11 01:31:52 - app - INFO - 解密密钥设置成功
2026-01-11 01:31:52 - app - INFO - 解密密钥获取成功
2026-01-11 01:31:52 - app - INFO - 解密密钥获取成功，配置已就绪
2026-01-11 01:31:52 - app - INFO - 配置解密成功
2026-01-11 01:31:52 - app - INFO - 夸克API配置加载成功
2026-01-11 01:31:52 - app - INFO - 夸克API配置加载完成
2026-01-11 01:31:52 - app - INFO - 检查数据库...
2026-01-11 01:31:52 - app - INFO - 数据库检查完成
2026-01-11 01:31:52 - app - INFO - 检查数据库迁移...
2026-01-11 01:31:52 - app - INFO - 数据库迁移检查完成
2026-01-11 01:31:52 - app - INFO - 清理异常中断的任务状态...
2026-01-11 01:31:52 - app - INFO - 升级管理器初始化完成
2026-01-11 01:31:52 - app - INFO - Flask应用创建成功
2026-01-11 01:31:52 - app - INFO - 静态文件目录: C:\Data\夸克转存\client\frontend
2026-01-11 01:31:52 - app - INFO - 启动任务调度服务...
2026-01-11 01:31:52 - app - INFO - 检查被中断的影视下载任务...
2026-01-11 01:31:52 - app - INFO - 没有需要恢复的影视下载任务
2026-01-11 01:31:52 - app - INFO - 账期生成循环已启动
2026-01-11 01:31:52 - app - INFO - 账期生成线程已启动
2026-01-11 01:31:52 - app - INFO - 开始生成 2026-01-11 的任务账期
2026-01-11 01:31:52 - app - INFO - 任务执行循环已启动
2026-01-11 01:31:52 - app - INFO - 任务执行线程已启动
2026-01-11 01:31:52 - app - INFO - 日志清理循环已启动
2026-01-11 01:31:52 - app - INFO - 日志清理线程已启动
2026-01-11 01:31:52 - app - INFO - 下次日志清理时间: 2026-01-11 02:00:00
2026-01-11 01:31:52 - app - INFO - ✅ 生成完成，共创建 0 条待执行记录
2026-01-11 01:31:52 - app - INFO - 启动Flask服务: http://0.0.0.0:8520
2026-01-11 01:31:52 - app - INFO - 下次生成账期时间: 2026-01-12 00:00:00, 等待 80888 秒
2026-01-11 01:31:57 - app - INFO - 许可证管理器初始化完成,服务器: http://license.22l2.com
2026-01-11 01:31:57 - app - INFO - 初始化许可证管理器...
2026-01-11 01:31:58 - app - INFO - 解密密钥设置成功
2026-01-11 01:31:58 - app - INFO - 解密密钥获取成功
2026-01-11 01:31:58 - app - INFO - 解密密钥获取成功，配置已就绪
2026-01-11 01:31:58 - app - INFO - 配置解密成功
2026-01-11 01:31:58 - app - INFO - 夸克API配置加载成功
2026-01-11 01:31:58 - app - INFO - 夸克API配置加载完成
2026-01-11 01:31:58 - app - INFO - 检查数据库...
2026-01-11 01:31:58 - app - INFO - 数据库检查完成
2026-01-11 01:31:58 - app - INFO - 检查数据库迁移...
2026-01-11 01:31:58 - app - INFO - 数据库迁移检查完成
2026-01-11 01:31:58 - app - INFO - 清理异常中断的任务状态...
2026-01-11 01:31:58 - app - INFO - 升级管理器初始化完成
2026-01-11 01:31:58 - app - INFO - Flask应用创建成功
2026-01-11 01:31:58 - app - INFO - 静态文件目录: C:\Data\夸克转存\client\frontend
2026-01-11 01:31:58 - app - INFO - 启动任务调度服务...
2026-01-11 01:31:58 - app - INFO - 检查被中断的影视下载任务...
2026-01-11 01:31:58 - app - INFO - 没有需要恢复的影视下载任务
2026-01-11 01:31:58 - app - INFO - 账期生成循环已启动
2026-01-11 01:31:58 - app - INFO - 账期生成线程已启动
2026-01-11 01:31:58 - app - INFO - 开始生成 2026-01-11 的任务账期
2026-01-11 01:31:58 - app - INFO - 任务执行循环已启动
2026-01-11 01:31:58 - app - INFO - 任务执行线程已启动
2026-01-11 01:31:58 - app - INFO - 日志清理循环已启动
2026-01-11 01:31:58 - app - INFO - 日志清理线程已启动
2026-01-11 01:31:58 - app - INFO - 下次日志清理时间: 2026-01-11 02:00:00
2026-01-11 01:31:58 - app - INFO - ✅ 生成完成，共创建 0 条待执行记录
2026-01-11 01:31:58 - app - INFO - 启动Flask服务: http://0.0.0.0:8520
2026-01-11 01:31:58 - app - INFO - 下次生成账期时间: 2026-01-12 00:00:00, 等待 80882 秒
2026-01-11 01:32:27 - app - INFO - 许可证管理器初始化完成,服务器: http://license.22l2.com
2026-01-11 01:32:27 - app - INFO - 初始化许可证管理器...
2026-01-11 01:32:28 - app - INFO - 解密密钥设置成功
2026-01-11 01:32:28 - app - INFO - 解密密钥获取成功
2026-01-11 01:32:28 - app - INFO - 解密密钥获取成功，配置已就绪
2026-01-11 01:32:28 - app - INFO - 配置解密成功
2026-01-11 01:32:28 - app - INFO - 夸克API配置加载成功
2026-01-11 01:32:28 - app - INFO - 夸克API配置加载完成
2026-01-11 01:32:28 - app - INFO - 检查数据库...
2026-01-11 01:32:28 - app - INFO - 数据库检查完成
2026-01-11 01:32:28 - app - INFO - 检查数据库迁移...
2026-01-11 01:32:28 - app - INFO - 数据库迁移检查完成
2026-01-11 01:32:28 - app - INFO - 清理异常中断的任务状态...
2026-01-11 01:32:28 - app - INFO - 升级管理器初始化完成
2026-01-11 01:32:28 - app - INFO - Flask应用创建成功
2026-01-11 01:32:28 - app - INFO - 静态文件目录: C:\Data\夸克转存\client\frontend
2026-01-11 01:32:28 - app - INFO - 启动任务调度服务...
2026-01-11 01:32:28 - app - INFO - 检查被中断的影视下载任务...
2026-01-11 01:32:28 - app - INFO - 没有需要恢复的影视下载任务
2026-01-11 01:32:28 - app - INFO - 账期生成循环已启动
2026-01-11 01:32:28 - app - INFO - 账期生成线程已启动
2026-01-11 01:32:28 - app - INFO - 开始生成 2026-01-11 的任务账期
2026-01-11 01:32:28 - app - INFO - 任务执行循环已启动
2026-01-11 01:32:28 - app - INFO - 任务执行线程已启动
2026-01-11 01:32:28 - app - INFO - 日志清理循环已启动
2026-01-11 01:32:28 - app - INFO - 日志清理线程已启动
2026-01-11 01:32:28 - app - INFO - 下次日志清理时间: 2026-01-11 02:00:00
2026-01-11 01:32:28 - app - INFO - ✅ 生成完成，共创建 0 条待执行记录
2026-01-11 01:32:28 - app - INFO - 启动Flask服务: http://0.0.0.0:8520
2026-01-11 01:32:28 - app - INFO - 下次生成账期时间: 2026-01-12 00:00:00, 等待 80852 秒
2026-01-11 01:33:01 - app - INFO - 许可证管理器初始化完成,服务器: http://license.22l2.com
2026-01-11 01:33:01 - app - INFO - 初始化许可证管理器...
2026-01-11 01:33:02 - app - INFO - 解密密钥设置成功
2026-01-11 01:33:02 - app - INFO - 解密密钥获取成功
2026-01-11 01:33:02 - app - INFO - 解密密钥获取成功，配置已就绪
2026-01-11 01:33:02 - app - INFO - 配置解密成功
2026-01-11 01:33:02 - app - INFO - 夸克API配置加载成功
2026-01-11 01:33:02 - app - INFO - 夸克API配置加载完成
2026-01-11 01:33:02 - app - INFO - 检查数据库...
2026-01-11 01:33:02 - app - INFO - 数据库检查完成
2026-01-11 01:33:02 - app - INFO - 检查数据库迁移...
2026-01-11 01:33:02 - app - INFO - 数据库迁移检查完成
2026-01-11 01:33:02 - app - INFO - 清理异常中断的任务状态...
2026-01-11 01:33:02 - app - INFO - 升级管理器初始化完成
2026-01-11 01:33:02 - app - INFO - Flask应用创建成功
2026-01-11 01:33:02 - app - INFO - 静态文件目录: C:\Data\夸克转存\client\frontend
2026-01-11 01:33:02 - app - INFO - 启动任务调度服务...
2026-01-11 01:33:02 - app - INFO - 检查被中断的影视下载任务...
2026-01-11 01:33:02 - app - INFO - 没有需要恢复的影视下载任务
2026-01-11 01:33:02 - app - INFO - 账期生成循环已启动
2026-01-11 01:33:02 - app - INFO - 账期生成线程已启动
2026-01-11 01:33:02 - app - INFO - 开始生成 2026-01-11 的任务账期
2026-01-11 01:33:02 - app - INFO - 任务执行循环已启动
2026-01-11 01:33:02 - app - INFO - 任务执行线程已启动
2026-01-11 01:33:02 - app - INFO - ✅ 生成完成，共创建 0 条待执行记录
2026-01-11 01:33:02 - app - INFO - 日志清理循环已启动
2026-01-11 01:33:02 - app - INFO - 下次生成账期时间: 2026-01-12 00:00:00, 等待 80817 秒
2026-01-11 01:33:02 - app - INFO - 日志清理线程已启动
2026-01-11 01:33:02 - app - INFO - 下次日志清理时间: 2026-01-11 02:00:00
2026-01-11 01:33:02 - app - INFO - 启动Flask服务: http://0.0.0.0:8520
2026-01-11 01:33:13 - app - INFO - 许可证管理器初始化完成,服务器: http://license.22l2.com
2026-01-11 01:33:13 - app - INFO - 初始化许可证管理器...
2026-01-11 01:33:14 - app - INFO - 解密密钥设置成功
2026-01-11 01:33:14 - app - INFO - 解密密钥获取成功
2026-01-11 01:33:14 - app - INFO - 解密密钥获取成功，配置已就绪
2026-01-11 01:33:14 - app - INFO - 配置解密成功
2026-01-11 01:33:14 - app - INFO - 夸克API配置加载成功
2026-01-11 01:33:14 - app - INFO - 夸克API配置加载完成
2026-01-11 01:33:14 - app - INFO - 检查数据库...
2026-01-11 01:33:14 - app - INFO - 数据库检查完成
2026-01-11 01:33:14 - app - INFO - 检查数据库迁移...
2026-01-11 01:33:14 - app - INFO - 数据库迁移检查完成
2026-01-11 01:33:14 - app - INFO - 清理异常中断的任务状态...
2026-01-11 01:33:14 - app - INFO - 升级管理器初始化完成
2026-01-11 01:33:14 - app - INFO - Flask应用创建成功
2026-01-11 01:33:14 - app - INFO - 静态文件目录: C:\Data\夸克转存\client\frontend
2026-01-11 01:33:14 - app - INFO - 启动任务调度服务...
2026-01-11 01:33:14 - app - INFO - 检查被中断的影视下载任务...
2026-01-11 01:33:14 - app - INFO - 没有需要恢复的影视下载任务
2026-01-11 01:33:14 - app - INFO - 账期生成循环已启动
2026-01-11 01:33:14 - app - INFO - 账期生成线程已启动
2026-01-11 01:33:14 - app - INFO - 开始生成 2026-01-11 的任务账期
2026-01-11 01:33:14 - app - INFO - 任务执行循环已启动
2026-01-11 01:33:14 - app - INFO - 任务执行线程已启动
2026-01-11 01:33:14 - app - INFO - ✅ 生成完成，共创建 0 条待执行记录
2026-01-11 01:33:14 - app - INFO - 日志清理循环已启动
2026-01-11 01:33:14 - app - INFO - 日志清理线程已启动
2026-01-11 01:33:14 - app - INFO - 下次生成账期时间: 2026-01-12 00:00:00, 等待 80805 秒
2026-01-11 01:33:14 - app - INFO - 下次日志清理时间: 2026-01-11 02:00:00
2026-01-11 01:33:14 - app - INFO - 启动Flask服务: http://0.0.0.0:8520
2026-01-11 01:34:03 - app - INFO - 许可证管理器初始化完成,服务器: http://license.22l2.com
2026-01-11 01:34:03 - app - INFO - 初始化许可证管理器...
2026-01-11 01:34:03 - app - INFO - 解密密钥设置成功
2026-01-11 01:34:03 - app - INFO - 解密密钥获取成功
2026-01-11 01:34:03 - app - INFO - 解密密钥获取成功，配置已就绪
2026-01-11 01:34:03 - app - INFO - 配置解密成功
2026-01-11 01:34:03 - app - INFO - 夸克API配置加载成功
2026-01-11 01:34:03 - app - INFO - 夸克API配置加载完成
2026-01-11 01:34:03 - app - INFO - 检查数据库...
2026-01-11 01:34:03 - app - INFO - 数据库检查完成
2026-01-11 01:34:03 - app - INFO - 检查数据库迁移...
2026-01-11 01:34:03 - app - INFO - 数据库迁移检查完成
2026-01-11 01:34:03 - app - INFO - 清理异常中断的任务状态...
2026-01-11 01:34:03 - app - INFO - 升级管理器初始化完成
2026-01-11 01:34:03 - app - INFO - Flask应用创建成功
2026-01-11 01:34:03 - app - INFO - 静态文件目录: C:\Data\夸克转存\client\frontend
2026-01-11 01:34:03 - app - INFO - 启动任务调度服务...
2026-01-11 01:34:03 - app - INFO - 检查被中断的影视下载任务...
2026-01-11 01:34:03 - app - INFO - 没有需要恢复的影视下载任务
2026-01-11 01:34:03 - app - INFO - 账期生成循环已启动
2026-01-11 01:34:03 - app - INFO - 账期生成线程已启动
2026-01-11 01:34:03 - app - INFO - 开始生成 2026-01-11 的任务账期
2026-01-11 01:34:03 - app - INFO - 任务执行循环已启动
2026-01-11 01:34:03 - app - INFO - 任务执行线程已启动
2026-01-11 01:34:03 - app - INFO - 日志清理循环已启动
2026-01-11 01:34:03 - app - INFO - 日志清理线程已启动
2026-01-11 01:34:03 - app - INFO - 下次日志清理时间: 2026-01-11 02:00:00
2026-01-11 01:34:03 - app - INFO - ✅ 生成完成，共创建 0 条待执行记录
2026-01-11 01:34:03 - app - INFO - 启动Flask服务: http://0.0.0.0:8520
2026-01-11 01:34:03 - app - INFO - 下次生成账期时间: 2026-01-12 00:00:00, 等待 80756 秒
2026-01-11 01:34:07 - app - INFO - 许可证管理器初始化完成,服务器: http://license.22l2.com
2026-01-11 01:34:07 - app - INFO - 初始化许可证管理器...
2026-01-11 01:34:08 - app - INFO - 解密密钥设置成功
2026-01-11 01:34:08 - app - INFO - 解密密钥获取成功
2026-01-11 01:34:08 - app - INFO - 解密密钥获取成功，配置已就绪
2026-01-11 01:34:08 - app - INFO - 配置解密成功
2026-01-11 01:34:08 - app - INFO - 夸克API配置加载成功
2026-01-11 01:34:08 - app - INFO - 夸克API配置加载完成
2026-01-11 01:34:08 - app - INFO - 检查数据库...
2026-01-11 01:34:08 - app - INFO - 数据库检查完成
2026-01-11 01:34:08 - app - INFO - 检查数据库迁移...
2026-01-11 01:34:08 - app - INFO - 数据库迁移检查完成
2026-01-11 01:34:08 - app - INFO - 清理异常中断的任务状态...
2026-01-11 01:34:08 - app - INFO - 升级管理器初始化完成
2026-01-11 01:34:08 - app - INFO - Flask应用创建成功
2026-01-11 01:34:08 - app - INFO - 静态文件目录: C:\Data\夸克转存\client\frontend
2026-01-11 01:34:08 - app - INFO - 启动任务调度服务...
2026-01-11 01:34:08 - app - INFO - 检查被中断的影视下载任务...
2026-01-11 01:34:08 - app - INFO - 没有需要恢复的影视下载任务
2026-01-11 01:34:08 - app - INFO - 账期生成循环已启动
2026-01-11 01:34:08 - app - INFO - 账期生成线程已启动
2026-01-11 01:34:08 - app - INFO - 开始生成 2026-01-11 的任务账期
2026-01-11 01:34:08 - app - INFO - 任务执行循环已启动
2026-01-11 01:34:08 - app - INFO - 任务执行线程已启动
2026-01-11 01:34:08 - app - INFO - ✅ 生成完成，共创建 0 条待执行记录
2026-01-11 01:34:08 - app - INFO - 日志清理循环已启动
2026-01-11 01:34:08 - app - INFO - 日志清理线程已启动
2026-01-11 01:34:08 - app - INFO - 下次生成账期时间: 2026-01-12 00:00:00, 等待 80751 秒
2026-01-11 01:34:08 - app - INFO - 下次日志清理时间: 2026-01-11 02:00:00
2026-01-11 01:34:08 - app - INFO - 启动Flask服务: http://0.0.0.0:8520
2026-01-11 01:34:46 - app - INFO - 许可证管理器初始化完成,服务器: http://license.22l2.com
2026-01-11 01:34:46 - app - INFO - 初始化许可证管理器...
2026-01-11 01:34:46 - app - INFO - 解密密钥设置成功
2026-01-11 01:34:46 - app - INFO - 解密密钥获取成功
2026-01-11 01:34:46 - app - INFO - 解密密钥获取成功，配置已就绪
2026-01-11 01:34:46 - app - INFO - 配置解密成功
2026-01-11 01:34:46 - app - INFO - 夸克API配置加载成功
2026-01-11 01:34:46 - app - INFO - 夸克API配置加载完成
2026-01-11 01:34:46 - app - INFO - 检查数据库...
2026-01-11 01:34:46 - app - INFO - 数据库检查完成
2026-01-11 01:34:46 - app - INFO - 检查数据库迁移...
2026-01-11 01:34:46 - app - INFO - 数据库迁移检查完成
2026-01-11 01:34:46 - app - INFO - 清理异常中断的任务状态...
2026-01-11 01:34:47 - app - INFO - 升级管理器初始化完成
2026-01-11 01:34:47 - app - INFO - Flask应用创建成功
2026-01-11 01:34:47 - app - INFO - 静态文件目录: C:\Data\夸克转存\client\frontend
2026-01-11 01:34:47 - app - INFO - 启动任务调度服务...
2026-01-11 01:34:47 - app - INFO - 检查被中断的影视下载任务...
2026-01-11 01:34:47 - app - INFO - 没有需要恢复的影视下载任务
2026-01-11 01:34:47 - app - INFO - 账期生成循环已启动
2026-01-11 01:34:47 - app - INFO - 账期生成线程已启动
2026-01-11 01:34:47 - app - INFO - 开始生成 2026-01-11 的任务账期
2026-01-11 01:34:47 - app - INFO - 任务执行循环已启动
2026-01-11 01:34:47 - app - INFO - 任务执行线程已启动
2026-01-11 01:34:47 - app - INFO - 日志清理循环已启动
2026-01-11 01:34:47 - app - INFO - 日志清理线程已启动
2026-01-11 01:34:47 - app - INFO - 下次日志清理时间: 2026-01-11 02:00:00
2026-01-11 01:34:47 - app - INFO - ✅ 生成完成，共创建 0 条待执行记录
2026-01-11 01:34:47 - app - INFO - 启动Flask服务: http://0.0.0.0:8520
2026-01-11 01:34:47 - app - INFO - 下次生成账期时间: 2026-01-12 00:00:00, 等待 80713 秒
2026-01-11 01:34:56 - app - INFO - 许可证管理器初始化完成,服务器: http://license.22l2.com
2026-01-11 01:34:57 - app - INFO - 初始化许可证管理器...
2026-01-11 01:34:58 - app - INFO - 解密密钥设置成功
2026-01-11 01:34:58 - app - INFO - 解密密钥获取成功
2026-01-11 01:34:58 - app - INFO - 解密密钥获取成功，配置已就绪
2026-01-11 01:34:58 - app - INFO - 配置解密成功
2026-01-11 01:34:58 - app - INFO - 夸克API配置加载成功
2026-01-11 01:34:58 - app - INFO - 夸克API配置加载完成
2026-01-11 01:34:58 - app - INFO - 检查数据库...
2026-01-11 01:34:58 - app - INFO - 数据库检查完成
2026-01-11 01:34:58 - app - INFO - 检查数据库迁移...
2026-01-11 01:34:58 - app - INFO - 数据库迁移检查完成
2026-01-11 01:34:58 - app - INFO - 清理异常中断的任务状态...
2026-01-11 01:34:58 - app - INFO - 升级管理器初始化完成
2026-01-11 01:34:58 - app - INFO - Flask应用创建成功
2026-01-11 01:34:58 - app - INFO - 静态文件目录: C:\Data\夸克转存\client\frontend
2026-01-11 01:34:58 - app - INFO - 启动任务调度服务...
2026-01-11 01:34:58 - app - INFO - 检查被中断的影视下载任务...
2026-01-11 01:34:58 - app - INFO - 没有需要恢复的影视下载任务
2026-01-11 01:34:58 - app - INFO - 账期生成循环已启动
2026-01-11 01:34:58 - app - INFO - 账期生成线程已启动
2026-01-11 01:34:58 - app - INFO - 开始生成 2026-01-11 的任务账期
2026-01-11 01:34:58 - app - INFO - 任务执行循环已启动
2026-01-11 01:34:58 - app - INFO - 任务执行线程已启动
2026-01-11 01:34:58 - app - INFO - 日志清理循环已启动
2026-01-11 01:34:58 - app - INFO - 日志清理线程已启动
2026-01-11 01:34:58 - app - INFO - 下次日志清理时间: 2026-01-11 02:00:00
2026-01-11 01:34:58 - app - INFO - ✅ 生成完成，共创建 0 条待执行记录
2026-01-11 01:34:58 - app - INFO - 启动Flask服务: http://0.0.0.0:8520
2026-01-11 01:34:58 - app - INFO - 下次生成账期时间: 2026-01-12 00:00:00, 等待 80702 秒
2026-01-11 01:35:47 - app - INFO - 许可证管理器初始化完成,服务器: http://license.22l2.com
2026-01-11 01:35:47 - app - INFO - 初始化许可证管理器...
2026-01-11 01:35:48 - app - INFO - 解密密钥设置成功
2026-01-11 01:35:48 - app - INFO - 解密密钥获取成功
2026-01-11 01:35:48 - app - INFO - 解密密钥获取成功，配置已就绪
2026-01-11 01:35:48 - app - INFO - 配置解密成功
2026-01-11 01:35:48 - app - INFO - 夸克API配置加载成功
2026-01-11 01:35:48 - app - INFO - 夸克API配置加载完成
2026-01-11 01:35:48 - app - INFO - 检查数据库...
2026-01-11 01:35:48 - app - INFO - 数据库检查完成
2026-01-11 01:35:48 - app - INFO - 检查数据库迁移...
2026-01-11 01:35:48 - app - INFO - 数据库迁移检查完成
2026-01-11 01:35:48 - app - INFO - 清理异常中断的任务状态...
2026-01-11 01:35:48 - app - INFO - 升级管理器初始化完成
2026-01-11 01:35:48 - app - INFO - Flask应用创建成功
2026-01-11 01:35:48 - app - INFO - 静态文件目录: C:\Data\夸克转存\client\frontend
2026-01-11 01:35:48 - app - INFO - 启动任务调度服务...
2026-01-11 01:35:48 - app - INFO - 检查被中断的影视下载任务...
2026-01-11 01:35:48 - app - INFO - 没有需要恢复的影视下载任务
2026-01-11 01:35:48 - app - INFO - 账期生成循环已启动
2026-01-11 01:35:48 - app - INFO - 账期生成线程已启动
2026-01-11 01:35:48 - app - INFO - 开始生成 2026-01-11 的任务账期
2026-01-11 01:35:48 - app - INFO - 任务执行循环已启动
2026-01-11 01:35:48 - app - INFO - 任务执行线程已启动
2026-01-11 01:35:48 - app - INFO - ✅ 生成完成，共创建 0 条待执行记录
2026-01-11 01:35:48 - app - INFO - 日志清理循环已启动
2026-01-11 01:35:48 - app - INFO - 日志清理线程已启动
2026-01-11 01:35:48 - app - INFO - 下次生成账期时间: 2026-01-12 00:00:00, 等待 80651 秒
2026-01-11 01:35:48 - app - INFO - 下次日志清理时间: 2026-01-11 02:00:00
2026-01-11 01:35:48 - app - INFO - 启动Flask服务: http://0.0.0.0:8520
2026-01-11 01:36:05 - app - INFO - 许可证管理器初始化完成,服务器: http://license.22l2.com
2026-01-11 01:36:05 - app - INFO - 初始化许可证管理器...
2026-01-11 01:36:06 - app - INFO - 解密密钥设置成功
2026-01-11 01:36:06 - app - INFO - 解密密钥获取成功
2026-01-11 01:36:06 - app - INFO - 解密密钥获取成功，配置已就绪
2026-01-11 01:36:06 - app - INFO - 配置解密成功
2026-01-11 01:36:06 - app - INFO - 夸克API配置加载成功
2026-01-11 01:36:06 - app - INFO - 夸克API配置加载完成
2026-01-11 01:36:06 - app - INFO - 检查数据库...
2026-01-11 01:36:06 - app - INFO - 数据库检查完成
2026-01-11 01:36:06 - app - INFO - 检查数据库迁移...
2026-01-11 01:36:06 - app - INFO - 数据库迁移检查完成
2026-01-11 01:36:06 - app - INFO - 清理异常中断的任务状态...
2026-01-11 01:36:06 - app - INFO - 升级管理器初始化完成
2026-01-11 01:36:06 - app - INFO - Flask应用创建成功
2026-01-11 01:36:06 - app - INFO - 静态文件目录: C:\Data\夸克转存\client\frontend
2026-01-11 01:36:06 - app - INFO - 启动任务调度服务...
2026-01-11 01:36:06 - app - INFO - 检查被中断的影视下载任务...
2026-01-11 01:36:06 - app - INFO - 没有需要恢复的影视下载任务
2026-01-11 01:36:06 - app - INFO - 账期生成循环已启动
2026-01-11 01:36:06 - app - INFO - 账期生成线程已启动
2026-01-11 01:36:06 - app - INFO - 开始生成 2026-01-11 的任务账期
2026-01-11 01:36:06 - app - INFO - 任务执行循环已启动
2026-01-11 01:36:06 - app - INFO - 任务执行线程已启动
2026-01-11 01:36:06 - app - INFO - ✅ 生成完成，共创建 0 条待执行记录
2026-01-11 01:36:06 - app - INFO - 日志清理循环已启动
2026-01-11 01:36:06 - app - INFO - 日志清理线程已启动
2026-01-11 01:36:06 - app - INFO - 下次生成账期时间: 2026-01-12 00:00:00, 等待 80633 秒
2026-01-11 01:36:06 - app - INFO - 下次日志清理时间: 2026-01-11 02:00:00
2026-01-11 01:36:06 - app - INFO - 启动Flask服务: http://0.0.0.0:8520
2026-01-11 01:37:00 - app - INFO - 许可证管理器初始化完成,服务器: http://license.22l2.com
2026-01-11 01:37:00 - app - INFO - 初始化许可证管理器...
2026-01-11 01:37:01 - app - INFO - 解密密钥设置成功
2026-01-11 01:37:01 - app - INFO - 解密密钥获取成功
2026-01-11 01:37:01 - app - INFO - 解密密钥获取成功，配置已就绪
2026-01-11 01:37:01 - app - INFO - 配置解密成功
2026-01-11 01:37:01 - app - INFO - 夸克API配置加载成功
2026-01-11 01:37:01 - app - INFO - 夸克API配置加载完成
2026-01-11 01:37:01 - app - INFO - 检查数据库...
2026-01-11 01:37:01 - app - INFO - 数据库检查完成
2026-01-11 01:37:01 - app - INFO - 检查数据库迁移...
2026-01-11 01:37:01 - app - INFO - 数据库迁移检查完成
2026-01-11 01:37:01 - app - INFO - 清理异常中断的任务状态...
2026-01-11 01:37:01 - app - INFO - 升级管理器初始化完成
2026-01-11 01:37:01 - app - INFO - Flask应用创建成功
2026-01-11 01:37:01 - app - INFO - 静态文件目录: C:\Data\夸克转存\client\frontend
2026-01-11 01:37:01 - app - INFO - 启动任务调度服务...
2026-01-11 01:37:01 - app - INFO - 检查被中断的影视下载任务...
2026-01-11 01:37:01 - app - INFO - 没有需要恢复的影视下载任务
2026-01-11 01:37:01 - app - INFO - 账期生成循环已启动
2026-01-11 01:37:01 - app - INFO - 账期生成线程已启动
2026-01-11 01:37:01 - app - INFO - 开始生成 2026-01-11 的任务账期
2026-01-11 01:37:01 - app - INFO - 任务执行循环已启动
2026-01-11 01:37:01 - app - INFO - 任务执行线程已启动
2026-01-11 01:37:01 - app - INFO - 日志清理循环已启动
2026-01-11 01:37:01 - app - INFO - 日志清理线程已启动
2026-01-11 01:37:01 - app - INFO - ✅ 生成完成，共创建 0 条待执行记录
2026-01-11 01:37:01 - app - INFO - 下次日志清理时间: 2026-01-11 02:00:00
2026-01-11 01:37:01 - app - INFO - 启动Flask服务: http://0.0.0.0:8520
2026-01-11 01:37:01 - app - INFO - 下次生成账期时间: 2026-01-12 00:00:00, 等待 80578 秒
2026-01-11 01:43:26 - app - INFO - 许可证管理器初始化完成,服务器: http://license.22l2.com
2026-01-11 01:43:26 - app - INFO - 初始化许可证管理器...
2026-01-11 01:43:27 - app - INFO - 解密密钥设置成功
2026-01-11 01:43:27 - app - INFO - 解密密钥获取成功
2026-01-11 01:43:27 - app - INFO - 解密密钥获取成功，配置已就绪
2026-01-11 01:43:27 - app - INFO - 配置解密成功
2026-01-11 01:43:27 - app - INFO - 夸克API配置加载成功
2026-01-11 01:43:27 - app - INFO - 夸克API配置加载完成
2026-01-11 01:43:27 - app - INFO - 检查数据库...
2026-01-11 01:43:27 - app - INFO - 数据库检查完成
2026-01-11 01:43:27 - app - INFO - 检查数据库迁移...
2026-01-11 01:43:27 - app - INFO - 数据库迁移检查完成
2026-01-11 01:43:27 - app - INFO - 清理异常中断的任务状态...
2026-01-11 01:43:27 - app - INFO - 升级管理器初始化完成
2026-01-11 01:43:27 - app - INFO - Flask应用创建成功
2026-01-11 01:43:27 - app - INFO - 静态文件目录: C:\Data\夸克转存\client\frontend
2026-01-11 01:43:27 - app - INFO - 启动任务调度服务...
2026-01-11 01:43:27 - app - INFO - 检查被中断的影视下载任务...
2026-01-11 01:43:27 - app - INFO - 没有需要恢复的影视下载任务
2026-01-11 01:43:27 - app - INFO - 账期生成循环已启动
2026-01-11 01:43:27 - app - INFO - 账期生成线程已启动
2026-01-11 01:43:27 - app - INFO - 开始生成 2026-01-11 的任务账期
2026-01-11 01:43:27 - app - INFO - 任务执行循环已启动
2026-01-11 01:43:27 - app - INFO - 任务执行线程已启动
2026-01-11 01:43:27 - app - INFO - ✅ 生成完成，共创建 0 条待执行记录
2026-01-11 01:43:27 - app - INFO - 日志清理循环已启动
2026-01-11 01:43:27 - app - INFO - 日志清理线程已启动
2026-01-11 01:43:27 - app - INFO - 下次生成账期时间: 2026-01-12 00:00:00, 等待 80192 秒
2026-01-11 01:43:27 - app - INFO - 下次日志清理时间: 2026-01-11 02:00:00
2026-01-11 01:43:27 - app - INFO - 启动Flask服务: http://0.0.0.0:8520
2026-01-11 01:43:57 - app - INFO - 许可证管理器初始化完成,服务器: http://license.22l2.com
2026-01-11 01:43:57 - app - INFO - 初始化许可证管理器...
2026-01-11 01:43:58 - app - INFO - 解密密钥设置成功
2026-01-11 01:43:58 - app - INFO - 解密密钥获取成功
2026-01-11 01:43:58 - app - INFO - 解密密钥获取成功，配置已就绪
2026-01-11 01:43:58 - app - INFO - 配置解密成功
2026-01-11 01:43:58 - app - INFO - 夸克API配置加载成功
2026-01-11 01:43:58 - app - INFO - 夸克API配置加载完成
2026-01-11 01:43:58 - app - INFO - 检查数据库...
2026-01-11 01:43:58 - app - INFO - 数据库检查完成
2026-01-11 01:43:58 - app - INFO - 检查数据库迁移...
2026-01-11 01:43:58 - app - INFO - 数据库迁移检查完成
2026-01-11 01:43:58 - app - INFO - 清理异常中断的任务状态...
2026-01-11 01:43:58 - app - INFO - 升级管理器初始化完成
2026-01-11 01:43:58 - app - INFO - Flask应用创建成功
2026-01-11 01:43:58 - app - INFO - 静态文件目录: C:\Data\夸克转存\client\frontend
2026-01-11 01:43:58 - app - INFO - 启动任务调度服务...
2026-01-11 01:43:58 - app - INFO - 检查被中断的影视下载任务...
2026-01-11 01:43:58 - app - INFO - 没有需要恢复的影视下载任务
2026-01-11 01:43:58 - app - INFO - 账期生成循环已启动
2026-01-11 01:43:58 - app - INFO - 账期生成线程已启动
2026-01-11 01:43:58 - app - INFO - 开始生成 2026-01-11 的任务账期
2026-01-11 01:43:58 - app - INFO - 任务执行循环已启动
2026-01-11 01:43:58 - app - INFO - 任务执行线程已启动
2026-01-11 01:43:58 - app - INFO - 日志清理循环已启动
2026-01-11 01:43:58 - app - INFO - 日志清理线程已启动
2026-01-11 01:43:58 - app - INFO - 下次日志清理时间: 2026-01-11 02:00:00
2026-01-11 01:43:58 - app - INFO - ✅ 生成完成，共创建 0 条待执行记录
2026-01-11 01:43:58 - app - INFO - 启动Flask服务: http://0.0.0.0:8520
2026-01-11 01:43:58 - app - INFO - 下次生成账期时间: 2026-01-12 00:00:00, 等待 80161 秒
2026-01-11 02:00:00 - app - INFO - 开始清理超过 30 天的调度日志
2026-01-11 02:00:00 - app - INFO - 没有需要清理的调度日志
2026-01-11 02:00:00 - app - INFO - 首次启动，立即执行一次日志清理
2026-01-11 02:00:00 - app - INFO - 开始清理超过 30 天的调度日志
2026-01-11 02:00:00 - app - INFO - 没有需要清理的调度日志
2026-01-11 02:00:00 - app - INFO - 下次日志清理时间: 2026-01-12 02:00:00
2026-01-11 02:00:00 - app - INFO - 开始清理超过 30 天的调度日志
2026-01-11 02:00:00 - app - INFO - 没有需要清理的调度日志
2026-01-11 02:00:00 - app - INFO - 首次启动，立即执行一次日志清理
2026-01-11 02:00:00 - app - INFO - 开始清理超过 30 天的调度日志
2026-01-11 02:00:00 - app - INFO - 没有需要清理的调度日志
2026-01-11 02:00:00 - app - INFO - 下次日志清理时间: 2026-01-12 02:00:00
2026-01-11 09:57:54 - app - INFO - 检查登录状态, session内容: {'_permanent': True, 'user_id': 1, 'username': 'admin'}, cookies: ImmutableMultiDict([('session', 'eyJfcGVybWFuZW50Ijp0cnVlLCJ1c2VyX2lkIjoxLCJ1c2VybmFtZSI6ImFkbWluIn0.aWMDog.tsX5X6G0nq8-ZeJA6p7XkeW9BvQ')])
2026-01-11 09:57:54 - app - INFO - 检查登录状态, session内容: {'_permanent': True, 'user_id': 1, 'username': 'admin'}, cookies: ImmutableMultiDict([('session', 'eyJfcGVybWFuZW50Ijp0cnVlLCJ1c2VyX2lkIjoxLCJ1c2VybmFtZSI6ImFkbWluIn0.aWMDog.tsX5X6G0nq8-ZeJA6p7XkeW9BvQ')])
2026-01-11 09:57:56 - app - INFO - 检查更新: 当前版本 2.1.1
2026-01-11 09:58:05 - app - INFO - 检查更新成功: {'has_update': False, 'message': '当前已是最新版本'}
2026-01-11 09:58:40 - app - INFO - 许可证管理器初始化完成,服务器: http://license.22l2.com
2026-01-11 09:58:40 - app - INFO - 初始化许可证管理器...
2026-01-11 09:58:41 - app - INFO - 解密密钥设置成功
2026-01-11 09:58:41 - app - INFO - 解密密钥获取成功
2026-01-11 09:58:41 - app - INFO - 解密密钥获取成功，配置已就绪
2026-01-11 09:58:41 - app - INFO - 配置解密成功
2026-01-11 09:58:41 - app - INFO - 夸克API配置加载成功
2026-01-11 09:58:41 - app - INFO - 夸克API配置加载完成
2026-01-11 09:58:41 - app - INFO - 检查数据库...
2026-01-11 09:58:41 - app - INFO - 数据库检查完成
2026-01-11 09:58:41 - app - INFO - 检查数据库迁移...
2026-01-11 09:58:41 - app - INFO - 数据库迁移检查完成
2026-01-11 09:58:41 - app - INFO - 清理异常中断的任务状态...
2026-01-11 09:58:41 - app - INFO - 升级管理器初始化完成
2026-01-11 09:58:41 - app - INFO - Flask应用创建成功
2026-01-11 09:58:41 - app - INFO - 静态文件目录: C:\Data\夸克转存\client\frontend
2026-01-11 09:58:41 - app - INFO - 启动任务调度服务...
2026-01-11 09:58:41 - app - INFO - 检查被中断的影视下载任务...
2026-01-11 09:58:41 - app - INFO - 没有需要恢复的影视下载任务
2026-01-11 09:58:41 - app - INFO - 账期生成循环已启动
2026-01-11 09:58:41 - app - INFO - 账期生成线程已启动
2026-01-11 09:58:41 - app - INFO - 开始生成 2026-01-11 的任务账期
2026-01-11 09:58:41 - app - INFO - 任务执行循环已启动
2026-01-11 09:58:41 - app - INFO - 任务执行线程已启动
2026-01-11 09:58:41 - app - INFO - 日志清理循环已启动
2026-01-11 09:58:41 - app - INFO - 日志清理线程已启动
2026-01-11 09:58:41 - app - INFO - ✅ 生成完成，共创建 0 条待执行记录
2026-01-11 09:58:41 - app - INFO - 下次日志清理时间: 2026-01-12 02:00:00
2026-01-11 09:58:41 - app - INFO - 启动Flask服务: http://0.0.0.0:8520
2026-01-11 09:58:41 - app - INFO - 下次生成账期时间: 2026-01-12 00:00:00, 等待 50479 秒
2026-01-11 10:01:28 - app - INFO - 许可证管理器初始化完成,服务器: http://license.22l2.com
2026-01-11 10:01:28 - app - INFO - 初始化许可证管理器...
2026-01-11 10:01:29 - app - INFO - 解密密钥设置成功
2026-01-11 10:01:29 - app - INFO - 解密密钥获取成功
2026-01-11 10:01:29 - app - INFO - 解密密钥获取成功，配置已就绪
2026-01-11 10:01:29 - app - INFO - 配置解密成功
2026-01-11 10:01:29 - app - INFO - 夸克API配置加载成功
2026-01-11 10:01:29 - app - INFO - 夸克API配置加载完成
2026-01-11 10:01:29 - app - INFO - 检查数据库...
2026-01-11 10:01:29 - app - INFO - 数据库检查完成
2026-01-11 10:01:29 - app - INFO - 检查数据库迁移...
2026-01-11 10:01:29 - app - INFO - 数据库迁移检查完成
2026-01-11 10:01:29 - app - INFO - 清理异常中断的任务状态...
2026-01-11 10:01:29 - app - INFO - 升级管理器初始化完成
2026-01-11 10:01:29 - app - INFO - Flask应用创建成功
2026-01-11 10:01:29 - app - INFO - 静态文件目录: C:\Data\夸克转存\client\frontend
2026-01-11 10:01:29 - app - INFO - 启动任务调度服务...
2026-01-11 10:01:29 - app - INFO - 检查被中断的影视下载任务...
2026-01-11 10:01:29 - app - INFO - 没有需要恢复的影视下载任务
2026-01-11 10:01:29 - app - INFO - 账期生成循环已启动
2026-01-11 10:01:29 - app - INFO - 账期生成线程已启动
2026-01-11 10:01:29 - app - INFO - 开始生成 2026-01-11 的任务账期
2026-01-11 10:01:29 - app - INFO - 任务执行循环已启动
2026-01-11 10:01:29 - app - INFO - 任务执行线程已启动
2026-01-11 10:01:29 - app - INFO - 日志清理循环已启动
2026-01-11 10:01:29 - app - INFO - 日志清理线程已启动
2026-01-11 10:01:29 - app - INFO - 下次日志清理时间: 2026-01-12 02:00:00
2026-01-11 10:01:29 - app - INFO - ✅ 生成完成，共创建 0 条待执行记录
2026-01-11 10:01:29 - app - INFO - 启动Flask服务: http://0.0.0.0:8520
2026-01-11 10:01:29 - app - INFO - 下次生成账期时间: 2026-01-12 00:00:00, 等待 50311 秒
2026-01-11 10:12:09 - app - INFO - 检查登录状态, session内容: {'_permanent': True, 'user_id': 1, 'username': 'admin'}, cookies: ImmutableMultiDict([('session', 'eyJfcGVybWFuZW50Ijp0cnVlLCJ1c2VyX2lkIjoxLCJ1c2VybmFtZSI6ImFkbWluIn0.aWMG-Q.fysyLiEOGhVAbwfmO8nU_oWDtZw')])
2026-01-11 10:12:09 - app - INFO - 检查登录状态, session内容: {'_permanent': True, 'user_id': 1, 'username': 'admin'}, cookies: ImmutableMultiDict([('session', 'eyJfcGVybWFuZW50Ijp0cnVlLCJ1c2VyX2lkIjoxLCJ1c2VybmFtZSI6ImFkbWluIn0.aWMG-Q.fysyLiEOGhVAbwfmO8nU_oWDtZw')])
2026-01-11 10:12:11 - app - INFO - 检查更新: 当前版本 2.1.1
2026-01-11 10:12:20 - app - INFO - 检查更新成功: {'has_update': False, 'message': '当前已是最新版本'}
2026-01-11 10:14:01 - app - INFO - 检查登录状态, session内容: {'_permanent': True, 'user_id': 1, 'username': 'admin'}, cookies: ImmutableMultiDict([('session', 'eyJfcGVybWFuZW50Ijp0cnVlLCJ1c2VyX2lkIjoxLCJ1c2VybmFtZSI6ImFkbWluIn0.aWMHaQ.q5W7IfXgks35UEKBODBFZwSMR9w')])
2026-01-11 10:14:01 - app - INFO - 检查登录状态, session内容: {'_permanent': True, 'user_id': 1, 'username': 'admin'}, cookies: ImmutableMultiDict([('session', 'eyJfcGVybWFuZW50Ijp0cnVlLCJ1c2VyX2lkIjoxLCJ1c2VybmFtZSI6ImFkbWluIn0.aWMHaQ.q5W7IfXgks35UEKBODBFZwSMR9w')])
2026-01-11 10:14:03 - app - INFO - 检查更新: 当前版本 2.1.1
2026-01-11 10:14:13 - app - INFO - 检查更新成功: {'has_update': False, 'message': '当前已是最新版本'}
2026-01-11 10:15:28 - app - INFO - 检查登录状态, session内容: {'_permanent': True, 'user_id': 1, 'username': 'admin'}, cookies: ImmutableMultiDict([('session', 'eyJfcGVybWFuZW50Ijp0cnVlLCJ1c2VyX2lkIjoxLCJ1c2VybmFtZSI6ImFkbWluIn0.aWMHwA.bu5hunxcj3QCn5Ek1dOuGLA36fs')])
2026-01-11 10:15:28 - app - INFO - 检查登录状态, session内容: {'_permanent': True, 'user_id': 1, 'username': 'admin'}, cookies: ImmutableMultiDict([('session', 'eyJfcGVybWFuZW50Ijp0cnVlLCJ1c2VyX2lkIjoxLCJ1c2VybmFtZSI6ImFkbWluIn0.aWMHwA.bu5hunxcj3QCn5Ek1dOuGLA36fs')])
2026-01-11 10:15:30 - app - INFO - 检查更新: 当前版本 2.1.1
2026-01-11 10:15:39 - app - INFO - 检查登录状态, session内容: {'_permanent': True, 'user_id': 1, 'username': 'admin'}, cookies: ImmutableMultiDict([('session', 'eyJfcGVybWFuZW50Ijp0cnVlLCJ1c2VyX2lkIjoxLCJ1c2VybmFtZSI6ImFkbWluIn0.aWMHyw.syFJACmAv7-nkioupAfJurx-JB0')])
2026-01-11 10:15:39 - app - INFO - 检查登录状态, session内容: {'_permanent': True, 'user_id': 1, 'username': 'admin'}, cookies: ImmutableMultiDict([('session', 'eyJfcGVybWFuZW50Ijp0cnVlLCJ1c2VyX2lkIjoxLCJ1c2VybmFtZSI6ImFkbWluIn0.aWMHyw.syFJACmAv7-nkioupAfJurx-JB0')])
2026-01-11 10:15:39 - app - INFO - 检查更新成功: {'has_update': False, 'message': '当前已是最新版本'}
2026-01-11 10:15:41 - app - INFO - 检查更新: 当前版本 2.1.1
2026-01-11 10:15:43 - app - INFO - 检查更新成功: {'has_update': False, 'message': '当前已是最新版本'}
2026-01-11 10:16:25 - app - INFO - 检查登录状态, session内容: {'_permanent': True, 'user_id': 1, 'username': 'admin'}, cookies: ImmutableMultiDict([('session', 'eyJfcGVybWFuZW50Ijp0cnVlLCJ1c2VyX2lkIjoxLCJ1c2VybmFtZSI6ImFkbWluIn0.aWMH-Q.GN1zDPAmxpdYnByDjPU162IGexI')])
2026-01-11 10:16:25 - app - INFO - 检查登录状态, session内容: {'_permanent': True, 'user_id': 1, 'username': 'admin'}, cookies: ImmutableMultiDict([('session', 'eyJfcGVybWFuZW50Ijp0cnVlLCJ1c2VyX2lkIjoxLCJ1c2VybmFtZSI6ImFkbWluIn0.aWMH-Q.GN1zDPAmxpdYnByDjPU162IGexI')])
2026-01-11 10:16:27 - app - INFO - 检查更新: 当前版本 2.1.1
2026-01-11 10:16:36 - app - INFO - 检查更新成功: {'has_update': False, 'message': '当前已是最新版本'}
2026-01-11 10:18:31 - app - INFO - 检查登录状态, session内容: {}, cookies: ImmutableMultiDict([])
2026-01-11 10:18:36 - app - INFO - 用户登录成功: admin, session_id: N/A
2026-01-11 10:18:37 - app - INFO - 检查登录状态, session内容: {'_permanent': True, 'user_id': 1, 'username': 'admin'}, cookies: ImmutableMultiDict([('session', 'eyJfcGVybWFuZW50Ijp0cnVlLCJ1c2VyX2lkIjoxLCJ1c2VybmFtZSI6ImFkbWluIn0.aWMIfQ.XO76Qbh-F7w_f0CfTatwr6f9_zw')])
2026-01-11 10:18:37 - app - INFO - 检查登录状态, session内容: {'_permanent': True, 'user_id': 1, 'username': 'admin'}, cookies: ImmutableMultiDict([('session', 'eyJfcGVybWFuZW50Ijp0cnVlLCJ1c2VyX2lkIjoxLCJ1c2VybmFtZSI6ImFkbWluIn0.aWMIfQ.XO76Qbh-F7w_f0CfTatwr6f9_zw')])
2026-01-11 10:18:39 - app - INFO - 检查更新: 当前版本 2.1.1
2026-01-11 10:18:49 - app - INFO - 检查更新成功: {'has_update': False, 'message': '当前已是最新版本'}
2026-01-11 10:19:56 - app - INFO - 检查登录状态, session内容: {'_permanent': True, 'user_id': 1, 'username': 'admin'}, cookies: ImmutableMultiDict([('session', 'eyJfcGVybWFuZW50Ijp0cnVlLCJ1c2VyX2lkIjoxLCJ1c2VybmFtZSI6ImFkbWluIn0.aWMIzA.aDH6hNW9Q59LJPiVzvdgML3TQ-w')])
2026-01-11 10:19:56 - app - INFO - 检查登录状态, session内容: {'_permanent': True, 'user_id': 1, 'username': 'admin'}, cookies: ImmutableMultiDict([('session', 'eyJfcGVybWFuZW50Ijp0cnVlLCJ1c2VyX2lkIjoxLCJ1c2VybmFtZSI6ImFkbWluIn0.aWMIzA.aDH6hNW9Q59LJPiVzvdgML3TQ-w')])
2026-01-11 10:19:58 - app - INFO - 检查更新: 当前版本 2.1.1
2026-01-11 10:20:08 - app - INFO - 检查更新成功: {'has_update': False, 'message': '当前已是最新版本'}
2026-01-11 10:21:34 - app - INFO - 检查登录状态, session内容: {'_permanent': True, 'user_id': 1, 'username': 'admin'}, cookies: ImmutableMultiDict([('session', 'eyJfcGVybWFuZW50Ijp0cnVlLCJ1c2VyX2lkIjoxLCJ1c2VybmFtZSI6ImFkbWluIn0.aWMJLg.T6tXa313t7-6LvnvzDoQmsAHLbU')])
2026-01-11 10:21:34 - app - ERROR - 获取规则列表失败: no such table: regex_rules
2026-01-11 10:21:34 - app - INFO - 检查登录状态, session内容: {'_permanent': True, 'user_id': 1, 'username': 'admin'}, cookies: ImmutableMultiDict([('session', 'eyJfcGVybWFuZW50Ijp0cnVlLCJ1c2VyX2lkIjoxLCJ1c2VybmFtZSI6ImFkbWluIn0.aWMJLg.T6tXa313t7-6LvnvzDoQmsAHLbU')])
2026-01-11 10:21:36 - app - INFO - 检查更新: 当前版本 2.1.1
2026-01-11 10:21:45 - app - INFO - 检查更新成功: {'has_update': False, 'message': '当前已是最新版本'}
2026-01-11 10:22:27 - app - ERROR - 获取今日统计失败: no such table: daily_usage_stats
2026-01-11 10:22:58 - app - INFO - 盘搜API返回的网盘类型: ['uc', 'baidu', 'aliyun', 'quark', 'xunlei', 'tianyi']
2026-01-11 10:22:58 - app - INFO - 合并后的结果数量: 40
2026-01-11 10:22:58 - app - INFO - 搜索成功: 骄阳似我, 格式化后结果数: 40, API总数: 40, 耗时: 4065ms
2026-01-11 10:28:05 - app - INFO - 许可证管理器初始化完成,服务器: http://license.22l2.com
2026-01-11 10:28:05 - app - INFO - 初始化许可证管理器...
2026-01-11 10:28:06 - app - INFO - 解密密钥设置成功
2026-01-11 10:28:06 - app - INFO - 解密密钥获取成功
2026-01-11 10:28:06 - app - INFO - 解密密钥获取成功，配置已就绪
2026-01-11 10:28:06 - app - INFO - 配置解密成功
2026-01-11 10:28:06 - app - INFO - 夸克API配置加载成功
2026-01-11 10:28:06 - app - INFO - 夸克API配置加载完成
2026-01-11 10:28:06 - app - INFO - 检查数据库...
2026-01-11 10:28:06 - app - INFO - 数据库检查完成
2026-01-11 10:28:06 - app - INFO - 检查数据库迁移...
2026-01-11 10:28:06 - app - INFO - 数据库迁移检查完成
2026-01-11 10:28:06 - app - INFO - 清理异常中断的任务状态...
2026-01-11 10:28:06 - app - INFO - 升级管理器初始化完成
2026-01-11 10:28:06 - app - INFO - Flask应用创建成功
2026-01-11 10:28:06 - app - INFO - 静态文件目录: C:\Data\夸克转存\client\frontend
2026-01-11 10:28:06 - app - INFO - 启动任务调度服务...
2026-01-11 10:28:06 - app - INFO - 检查被中断的影视下载任务...
2026-01-11 10:28:06 - app - INFO - 没有需要恢复的影视下载任务
2026-01-11 10:28:06 - app - INFO - 账期生成循环已启动
2026-01-11 10:28:06 - app - INFO - 账期生成线程已启动
2026-01-11 10:28:06 - app - INFO - 开始生成 2026-01-11 的任务账期
2026-01-11 10:28:06 - app - INFO - 任务执行循环已启动
2026-01-11 10:28:06 - app - INFO - 任务执行线程已启动
2026-01-11 10:28:06 - app - INFO - 日志清理循环已启动
2026-01-11 10:28:06 - app - INFO - 日志清理线程已启动
2026-01-11 10:28:06 - app - INFO - 下次日志清理时间: 2026-01-12 02:00:00
2026-01-11 10:28:06 - app - INFO - 启动Flask服务: http://0.0.0.0:8520
2026-01-11 10:28:06 - app - INFO - ✅ 生成完成，共创建 0 条待执行记录
2026-01-11 10:28:06 - app - INFO - 下次生成账期时间: 2026-01-12 00:00:00, 等待 48713 秒
2026-01-11 10:28:16 - app - INFO - 许可证管理器初始化完成,服务器: http://license.22l2.com
2026-01-11 10:28:16 - app - INFO - 初始化许可证管理器...
2026-01-11 10:28:17 - app - INFO - 解密密钥设置成功
2026-01-11 10:28:17 - app - INFO - 解密密钥获取成功
2026-01-11 10:28:17 - app - INFO - 解密密钥获取成功，配置已就绪
2026-01-11 10:28:17 - app - INFO - 配置解密成功
2026-01-11 10:28:17 - app - INFO - 夸克API配置加载成功
2026-01-11 10:28:17 - app - INFO - 夸克API配置加载完成
2026-01-11 10:28:17 - app - INFO - 检查数据库...
2026-01-11 10:28:17 - app - INFO - 数据库检查完成
2026-01-11 10:28:17 - app - INFO - 检查数据库迁移...
2026-01-11 10:28:17 - app - INFO - 数据库迁移检查完成
2026-01-11 10:28:17 - app - INFO - 清理异常中断的任务状态...
2026-01-11 10:28:17 - app - INFO - 升级管理器初始化完成
2026-01-11 10:28:17 - app - INFO - Flask应用创建成功
2026-01-11 10:28:17 - app - INFO - 静态文件目录: C:\Data\夸克转存\client\frontend
2026-01-11 10:28:17 - app - INFO - 启动任务调度服务...
2026-01-11 10:28:17 - app - INFO - 检查被中断的影视下载任务...
2026-01-11 10:28:17 - app - INFO - 没有需要恢复的影视下载任务
2026-01-11 10:28:17 - app - INFO - 账期生成循环已启动
2026-01-11 10:28:17 - app - INFO - 账期生成线程已启动
2026-01-11 10:28:17 - app - INFO - 开始生成 2026-01-11 的任务账期
2026-01-11 10:28:17 - app - INFO - 任务执行循环已启动
2026-01-11 10:28:17 - app - INFO - 任务执行线程已启动
2026-01-11 10:28:17 - app - INFO - 日志清理循环已启动
2026-01-11 10:28:17 - app - INFO - 日志清理线程已启动
2026-01-11 10:28:17 - app - INFO - 下次日志清理时间: 2026-01-12 02:00:00
2026-01-11 10:28:17 - app - INFO - 启动Flask服务: http://0.0.0.0:8520
2026-01-11 10:28:17 - app - INFO - ✅ 生成完成，共创建 0 条待执行记录
2026-01-11 10:28:17 - app - INFO - 下次生成账期时间: 2026-01-12 00:00:00, 等待 48702 秒
2026-01-11 10:38:44 - app - ERROR - 获取规则列表失败: no such table: regex_rules
2026-01-11 10:38:44 - app - INFO - 检查登录状态, session内容: {'_permanent': True, 'user_id': 1, 'username': 'admin'}, cookies: ImmutableMultiDict([('session', 'eyJfcGVybWFuZW50Ijp0cnVlLCJ1c2VyX2lkIjoxLCJ1c2VybmFtZSI6ImFkbWluIn0.aWMNNA.YFIOcDPOety0SEDu0SbugilUNj4')])
2026-01-11 10:38:44 - app - INFO - 检查登录状态, session内容: {'_permanent': True, 'user_id': 1, 'username': 'admin'}, cookies: ImmutableMultiDict([('session', 'eyJfcGVybWFuZW50Ijp0cnVlLCJ1c2VyX2lkIjoxLCJ1c2VybmFtZSI6ImFkbWluIn0.aWMNNA.YFIOcDPOety0SEDu0SbugilUNj4')])
2026-01-11 10:38:48 - app - INFO - 检查更新: 当前版本 2.1.1
2026-01-11 10:38:56 - app - INFO - 检查更新成功: {'has_update': False, 'message': '当前已是最新版本'}
2026-01-11 10:39:24 - app - INFO - 盘搜API返回的网盘类型: ['quark', 'xunlei', 'baidu', 'uc', 'aliyun', 'tianyi', 'magnet']
2026-01-11 10:39:24 - app - INFO - 合并后的结果数量: 80
2026-01-11 10:39:24 - app - INFO - 搜索成功: 骄阳似我, 格式化后结果数: 80, API总数: 80, 耗时: 45ms
2026-01-11 10:42:52 - app - INFO - 检查登录状态, session内容: {'_permanent': True, 'user_id': 1, 'username': 'admin'}, cookies: ImmutableMultiDict([('session', 'eyJfcGVybWFuZW50Ijp0cnVlLCJ1c2VyX2lkIjoxLCJ1c2VybmFtZSI6ImFkbWluIn0.aWMOLA.L3kCxfemeRql1JoabPwoxi6WoUM')])
2026-01-11 10:42:52 - app - ERROR - 获取规则列表失败: no such table: regex_rules
2026-01-11 10:42:52 - app - INFO - 检查登录状态, session内容: {'_permanent': True, 'user_id': 1, 'username': 'admin'}, cookies: ImmutableMultiDict([('session', 'eyJfcGVybWFuZW50Ijp0cnVlLCJ1c2VyX2lkIjoxLCJ1c2VybmFtZSI6ImFkbWluIn0.aWMOLA.L3kCxfemeRql1JoabPwoxi6WoUM')])
2026-01-11 10:42:54 - app - INFO - 检查更新: 当前版本 2.1.1
2026-01-11 10:43:03 - app - INFO - 检查更新成功: {'has_update': False, 'message': '当前已是最新版本'}
2026-01-11 10:43:19 - app - INFO - 盘搜API返回的网盘类型: ['xunlei', 'tianyi', 'uc', 'quark', 'magnet', 'aliyun', 'baidu']
2026-01-11 10:43:19 - app - INFO - 合并后的结果数量: 80
2026-01-11 10:43:19 - app - INFO - 搜索成功: 骄阳似我, 格式化后结果数: 80, API总数: 80, 耗时: 37ms
2026-01-11 11:02:24 - app - INFO - 检查登录状态, session内容: {'_permanent': True, 'user_id': 1, 'username': 'admin'}, cookies: ImmutableMultiDict([('session', 'eyJfcGVybWFuZW50Ijp0cnVlLCJ1c2VyX2lkIjoxLCJ1c2VybmFtZSI6ImFkbWluIn0.aWMSwA.HHKG3os2_bY6qS4emuRRC7T3dcU')])
2026-01-11 11:02:24 - app - ERROR - 获取规则列表失败: no such table: regex_rules
2026-01-11 11:02:24 - app - INFO - 检查登录状态, session内容: {'_permanent': True, 'user_id': 1, 'username': 'admin'}, cookies: ImmutableMultiDict([('session', 'eyJfcGVybWFuZW50Ijp0cnVlLCJ1c2VyX2lkIjoxLCJ1c2VybmFtZSI6ImFkbWluIn0.aWMSwA.HHKG3os2_bY6qS4emuRRC7T3dcU')])
2026-01-11 11:02:26 - app - INFO - 检查更新: 当前版本 2.1.1
2026-01-11 11:02:36 - app - INFO - 检查更新成功: {'has_update': False, 'message': '当前已是最新版本'}
2026-01-11 11:02:54 - app - INFO - 盘搜API返回的网盘类型: ['xunlei', 'tianyi', 'uc', 'magnet', 'aliyun', 'baidu', 'quark']
2026-01-11 11:02:54 - app - INFO - 合并后的结果数量: 80
2026-01-11 11:02:54 - app - INFO - 搜索成功: 骄阳似我, 格式化后结果数: 80, API总数: 80, 耗时: 56ms
2026-01-11 11:08:10 - app - INFO - 许可证管理器初始化完成,服务器: http://license.22l2.com
2026-01-11 11:08:10 - app - INFO - 初始化许可证管理器...
2026-01-11 11:08:12 - app - INFO - 解密密钥设置成功
2026-01-11 11:08:12 - app - INFO - 解密密钥获取成功
2026-01-11 11:08:12 - app - INFO - 解密密钥获取成功，配置已就绪
2026-01-11 11:08:12 - app - INFO - 配置解密成功
2026-01-11 11:08:12 - app - INFO - 夸克API配置加载成功
2026-01-11 11:08:12 - app - INFO - 夸克API配置加载完成
2026-01-11 11:08:12 - app - INFO - 检查数据库...
2026-01-11 11:08:12 - app - INFO - 数据库检查完成
2026-01-11 11:08:12 - app - INFO - 检查数据库迁移...
2026-01-11 11:08:12 - app - INFO - 数据库迁移检查完成
2026-01-11 11:08:12 - app - INFO - 清理异常中断的任务状态...
2026-01-11 11:08:12 - app - INFO - 升级管理器初始化完成
2026-01-11 11:08:12 - app - INFO - Flask应用创建成功
2026-01-11 11:08:12 - app - INFO - 静态文件目录: C:\Data\夸克转存\client\frontend
2026-01-11 11:08:12 - app - INFO - 启动任务调度服务...
2026-01-11 11:08:13 - app - INFO - 检查被中断的影视下载任务...
2026-01-11 11:08:13 - app - INFO - 没有需要恢复的影视下载任务
2026-01-11 11:08:13 - app - INFO - 账期生成循环已启动
2026-01-11 11:08:13 - app - INFO - 账期生成线程已启动
2026-01-11 11:08:13 - app - INFO - 开始生成 2026-01-11 的任务账期
2026-01-11 11:08:13 - app - INFO - 任务执行循环已启动
2026-01-11 11:08:13 - app - INFO - 任务执行线程已启动
2026-01-11 11:08:13 - app - INFO - ✅ 生成完成，共创建 0 条待执行记录
2026-01-11 11:08:13 - app - INFO - 日志清理循环已启动
2026-01-11 11:08:13 - app - INFO - 日志清理线程已启动
2026-01-11 11:08:13 - app - INFO - 下次生成账期时间: 2026-01-12 00:00:00, 等待 46307 秒
2026-01-11 11:08:13 - app - INFO - 下次日志清理时间: 2026-01-12 02:00:00
2026-01-11 11:08:13 - app - INFO - 启动Flask服务: http://0.0.0.0:8520
2026-01-11 11:12:01 - app - INFO - 许可证管理器初始化完成,服务器: http://license.22l2.com
2026-01-11 11:12:01 - app - INFO - 初始化许可证管理器...
2026-01-11 11:12:03 - app - INFO - 解密密钥设置成功
2026-01-11 11:12:03 - app - INFO - 解密密钥获取成功
2026-01-11 11:12:03 - app - INFO - 解密密钥获取成功，配置已就绪
2026-01-11 11:12:03 - app - INFO - 配置解密成功
2026-01-11 11:12:03 - app - INFO - 夸克API配置加载成功
2026-01-11 11:12:03 - app - INFO - 夸克API配置加载完成
2026-01-11 11:12:03 - app - INFO - 检查数据库...
2026-01-11 11:12:03 - app - INFO - 数据库检查完成
2026-01-11 11:12:03 - app - INFO - 检查数据库迁移...
2026-01-11 11:12:03 - app - INFO - 数据库迁移检查完成
2026-01-11 11:12:03 - app - INFO - 清理异常中断的任务状态...
2026-01-11 11:12:03 - app - INFO - 升级管理器初始化完成
2026-01-11 11:12:03 - app - INFO - Flask应用创建成功
2026-01-11 11:12:03 - app - INFO - 静态文件目录: C:\Data\夸克转存\client\frontend
2026-01-11 11:12:03 - app - INFO - 启动任务调度服务...
2026-01-11 11:12:03 - app - INFO - 检查被中断的影视下载任务...
2026-01-11 11:12:03 - app - INFO - 没有需要恢复的影视下载任务
2026-01-11 11:12:03 - app - INFO - 账期生成循环已启动
2026-01-11 11:12:03 - app - INFO - 账期生成线程已启动
2026-01-11 11:12:03 - app - INFO - 开始生成 2026-01-11 的任务账期
2026-01-11 11:12:03 - app - INFO - 任务执行循环已启动
2026-01-11 11:12:03 - app - INFO - 任务执行线程已启动
2026-01-11 11:12:03 - app - INFO - 日志清理循环已启动
2026-01-11 11:12:03 - app - INFO - ✅ 生成完成，共创建 0 条待执行记录
2026-01-11 11:12:03 - app - INFO - 日志清理线程已启动
2026-01-11 11:12:03 - app - INFO - 下次日志清理时间: 2026-01-12 02:00:00
2026-01-11 11:12:03 - app - INFO - 下次生成账期时间: 2026-01-12 00:00:00, 等待 46077 秒
2026-01-11 11:12:03 - app - INFO - 启动Flask服务: http://0.0.0.0:8520
2026-01-11 11:17:15 - app - INFO - 检查登录状态, session内容: {'_permanent': True, 'user_id': 1, 'username': 'admin'}, cookies: ImmutableMultiDict([('session', 'eyJfcGVybWFuZW50Ijp0cnVlLCJ1c2VyX2lkIjoxLCJ1c2VybmFtZSI6ImFkbWluIn0.aWMWOw.jpSA7-GUGYRoZ6PqKHVhjVHQyxA')])
2026-01-11 11:17:15 - app - INFO - 检查登录状态, session内容: {'_permanent': True, 'user_id': 1, 'username': 'admin'}, cookies: ImmutableMultiDict([('session', 'eyJfcGVybWFuZW50Ijp0cnVlLCJ1c2VyX2lkIjoxLCJ1c2VybmFtZSI6ImFkbWluIn0.aWMWOw.jpSA7-GUGYRoZ6PqKHVhjVHQyxA')])
2026-01-11 11:17:17 - app - INFO - 检查更新: 当前版本 2.1.1
2026-01-11 11:17:28 - app - INFO - 检查更新成功: {'has_update': False, 'message': '当前已是最新版本'}
2026-01-11 11:19:36 - app - INFO - 检查登录状态, session内容: {'_permanent': True, 'user_id': 1, 'username': 'admin'}, cookies: ImmutableMultiDict([('session', 'eyJfcGVybWFuZW50Ijp0cnVlLCJ1c2VyX2lkIjoxLCJ1c2VybmFtZSI6ImFkbWluIn0.aWMWyA.lEH0SEkgcAdYzqk1RKj2MRKh85A')])
2026-01-11 11:19:36 - app - INFO - 检查登录状态, session内容: {'_permanent': True, 'user_id': 1, 'username': 'admin'}, cookies: ImmutableMultiDict([('session', 'eyJfcGVybWFuZW50Ijp0cnVlLCJ1c2VyX2lkIjoxLCJ1c2VybmFtZSI6ImFkbWluIn0.aWMWyA.lEH0SEkgcAdYzqk1RKj2MRKh85A')])
2026-01-11 11:19:37 - app - INFO - 检查登录状态, session内容: {'_permanent': True, 'user_id': 1, 'username': 'admin'}, cookies: ImmutableMultiDict([('session', 'eyJfcGVybWFuZW50Ijp0cnVlLCJ1c2VyX2lkIjoxLCJ1c2VybmFtZSI6ImFkbWluIn0.aWMWyQ.-aVhBrS6JDakWZwQEo0xmqL1B60')])
2026-01-11 11:19:37 - app - INFO - 检查登录状态, session内容: {'_permanent': True, 'user_id': 1, 'username': 'admin'}, cookies: ImmutableMultiDict([('session', 'eyJfcGVybWFuZW50Ijp0cnVlLCJ1c2VyX2lkIjoxLCJ1c2VybmFtZSI6ImFkbWluIn0.aWMWyQ.-aVhBrS6JDakWZwQEo0xmqL1B60')])
2026-01-11 11:19:40 - app - INFO - 检查更新: 当前版本 2.1.1
2026-01-11 11:19:40 - app - INFO - 检查登录状态, session内容: {'_permanent': True, 'user_id': 1, 'username': 'admin'}, cookies: ImmutableMultiDict([('session', 'eyJfcGVybWFuZW50Ijp0cnVlLCJ1c2VyX2lkIjoxLCJ1c2VybmFtZSI6ImFkbWluIn0.aWMWzA.qpTxwj4jLCximOT_KUwlOV0N8ak')])
2026-01-11 11:19:40 - app - INFO - 检查登录状态, session内容: {'_permanent': True, 'user_id': 1, 'username': 'admin'}, cookies: ImmutableMultiDict([('session', 'eyJfcGVybWFuZW50Ijp0cnVlLCJ1c2VyX2lkIjoxLCJ1c2VybmFtZSI6ImFkbWluIn0.aWMWzA.qpTxwj4jLCximOT_KUwlOV0N8ak')])
2026-01-11 11:19:41 - app - INFO - 检查登录状态, session内容: {'_permanent': True, 'user_id': 1, 'username': 'admin'}, cookies: ImmutableMultiDict([('session', 'eyJfcGVybWFuZW50Ijp0cnVlLCJ1c2VyX2lkIjoxLCJ1c2VybmFtZSI6ImFkbWluIn0.aWMWzQ.ktZsd0SBakfvroDe5AGOcm4udL0')])
2026-01-11 11:19:41 - app - INFO - 检查登录状态, session内容: {'_permanent': True, 'user_id': 1, 'username': 'admin'}, cookies: ImmutableMultiDict([('session', 'eyJfcGVybWFuZW50Ijp0cnVlLCJ1c2VyX2lkIjoxLCJ1c2VybmFtZSI6ImFkbWluIn0.aWMWzQ.ktZsd0SBakfvroDe5AGOcm4udL0')])
2026-01-11 11:19:41 - app - INFO - 检查登录状态, session内容: {'_permanent': True, 'user_id': 1, 'username': 'admin'}, cookies: ImmutableMultiDict([('session', 'eyJfcGVybWFuZW50Ijp0cnVlLCJ1c2VyX2lkIjoxLCJ1c2VybmFtZSI6ImFkbWluIn0.aWMWzQ.ktZsd0SBakfvroDe5AGOcm4udL0')])
2026-01-11 11:19:41 - app - INFO - 检查登录状态, session内容: {'_permanent': True, 'user_id': 1, 'username': 'admin'}, cookies: ImmutableMultiDict([('session', 'eyJfcGVybWFuZW50Ijp0cnVlLCJ1c2VyX2lkIjoxLCJ1c2VybmFtZSI6ImFkbWluIn0.aWMWzQ.ktZsd0SBakfvroDe5AGOcm4udL0')])
2026-01-11 11:19:43 - app - INFO - 检查更新: 当前版本 2.1.1
2026-01-11 11:19:48 - app - INFO - 检查更新成功: {'has_update': False, 'message': '当前已是最新版本'}
2026-01-11 11:19:48 - app - INFO - 检查更新成功: {'has_update': False, 'message': '当前已是最新版本'}
2026-01-11 11:20:57 - app - INFO - 检查登录状态, session内容: {'_permanent': True, 'user_id': 1, 'username': 'admin'}, cookies: ImmutableMultiDict([('session', 'eyJfcGVybWFuZW50Ijp0cnVlLCJ1c2VyX2lkIjoxLCJ1c2VybmFtZSI6ImFkbWluIn0.aWMXGQ.Z9lPfcZkvgIYpDq-By4wHbeQh9k')])
2026-01-11 11:20:57 - app - INFO - 检查登录状态, session内容: {'_permanent': True, 'user_id': 1, 'username': 'admin'}, cookies: ImmutableMultiDict([('session', 'eyJfcGVybWFuZW50Ijp0cnVlLCJ1c2VyX2lkIjoxLCJ1c2VybmFtZSI6ImFkbWluIn0.aWMXGQ.Z9lPfcZkvgIYpDq-By4wHbeQh9k')])
2026-01-11 11:20:59 - app - INFO - 检查更新: 当前版本 2.1.1
2026-01-11 11:21:08 - app - INFO - 检查更新成功: {'has_update': False, 'message': '当前已是最新版本'}
2026-01-11 11:22:37 - app - INFO - 检查登录状态, session内容: {}, cookies: ImmutableMultiDict([])
2026-01-11 11:22:41 - app - INFO - 用户登录成功: admin, session_id: N/A
2026-01-11 11:22:42 - app - INFO - 检查登录状态, session内容: {'_permanent': True, 'user_id': 1, 'username': 'admin'}, cookies: ImmutableMultiDict([('session', 'eyJfcGVybWFuZW50Ijp0cnVlLCJ1c2VyX2lkIjoxLCJ1c2VybmFtZSI6ImFkbWluIn0.aWMXgg.UG6u_P0g0TQqc8Ch0CAlOd-qGm8')])
2026-01-11 11:22:42 - app - INFO - 检查登录状态, session内容: {'_permanent': True, 'user_id': 1, 'username': 'admin'}, cookies: ImmutableMultiDict([('session', 'eyJfcGVybWFuZW50Ijp0cnVlLCJ1c2VyX2lkIjoxLCJ1c2VybmFtZSI6ImFkbWluIn0.aWMXgg.UG6u_P0g0TQqc8Ch0CAlOd-qGm8')])
2026-01-11 11:22:44 - app - INFO - 检查更新: 当前版本 2.1.1
2026-01-11 11:22:49 - app - INFO - 检查登录状态, session内容: {'_permanent': True, 'user_id': 1, 'username': 'admin'}, cookies: ImmutableMultiDict([('session', 'eyJfcGVybWFuZW50Ijp0cnVlLCJ1c2VyX2lkIjoxLCJ1c2VybmFtZSI6ImFkbWluIn0.aWMXiQ.a6MkuQZD6K6ht_PLvQXnALXzrSE')])
2026-01-11 11:22:49 - app - INFO - 检查登录状态, session内容: {'_permanent': True, 'user_id': 1, 'username': 'admin'}, cookies: ImmutableMultiDict([('session', 'eyJfcGVybWFuZW50Ijp0cnVlLCJ1c2VyX2lkIjoxLCJ1c2VybmFtZSI6ImFkbWluIn0.aWMXiQ.a6MkuQZD6K6ht_PLvQXnALXzrSE')])
2026-01-11 11:22:52 - app - INFO - 检查更新: 当前版本 2.1.1
2026-01-11 11:22:53 - app - INFO - 检查更新成功: {'has_update': False, 'message': '当前已是最新版本'}
2026-01-11 11:22:53 - app - INFO - 检查更新成功: {'has_update': False, 'message': '当前已是最新版本'}
2026-01-11 11:26:04 - app - INFO - 检查登录状态, session内容: {'_permanent': True, 'user_id': 1, 'username': 'admin'}, cookies: ImmutableMultiDict([('session', 'eyJfcGVybWFuZW50Ijp0cnVlLCJ1c2VyX2lkIjoxLCJ1c2VybmFtZSI6ImFkbWluIn0.aWMYTA.0zWIG9AJitH9qjhYduE9gN6WLF8')])
2026-01-11 11:26:04 - app - INFO - 检查登录状态, session内容: {'_permanent': True, 'user_id': 1, 'username': 'admin'}, cookies: ImmutableMultiDict([('session', 'eyJfcGVybWFuZW50Ijp0cnVlLCJ1c2VyX2lkIjoxLCJ1c2VybmFtZSI6ImFkbWluIn0.aWMYTA.0zWIG9AJitH9qjhYduE9gN6WLF8')])
2026-01-11 11:26:06 - app - INFO - 检查更新: 当前版本 2.1.1
2026-01-11 11:26:06 - app - INFO - 检查登录状态, session内容: {'_permanent': True, 'user_id': 1, 'username': 'admin'}, cookies: ImmutableMultiDict([('session', 'eyJfcGVybWFuZW50Ijp0cnVlLCJ1c2VyX2lkIjoxLCJ1c2VybmFtZSI6ImFkbWluIn0.aWMYTg.l0zuhoYptVneKtQHw4JES81oBtc')])
2026-01-11 11:26:06 - app - INFO - 检查登录状态, session内容: {'_permanent': True, 'user_id': 1, 'username': 'admin'}, cookies: ImmutableMultiDict([('session', 'eyJfcGVybWFuZW50Ijp0cnVlLCJ1c2VyX2lkIjoxLCJ1c2VybmFtZSI6ImFkbWluIn0.aWMYTg.l0zuhoYptVneKtQHw4JES81oBtc')])
2026-01-11 11:26:07 - app - INFO - 检查登录状态, session内容: {'_permanent': True, 'user_id': 1, 'username': 'admin'}, cookies: ImmutableMultiDict([('session', 'eyJfcGVybWFuZW50Ijp0cnVlLCJ1c2VyX2lkIjoxLCJ1c2VybmFtZSI6ImFkbWluIn0.aWMYTw.sD9bYw9iFQzj017NlGpGzMoixHs')])
2026-01-11 11:26:07 - app - INFO - 检查登录状态, session内容: {'_permanent': True, 'user_id': 1, 'username': 'admin'}, cookies: ImmutableMultiDict([('session', 'eyJfcGVybWFuZW50Ijp0cnVlLCJ1c2VyX2lkIjoxLCJ1c2VybmFtZSI6ImFkbWluIn0.aWMYTw.sD9bYw9iFQzj017NlGpGzMoixHs')])
2026-01-11 11:26:08 - app - INFO - 检查登录状态, session内容: {'_permanent': True, 'user_id': 1, 'username': 'admin'}, cookies: ImmutableMultiDict([('session', 'eyJfcGVybWFuZW50Ijp0cnVlLCJ1c2VyX2lkIjoxLCJ1c2VybmFtZSI6ImFkbWluIn0.aWMYUA.QJiSBGt8zTOVP3wkKLWMRVQn974')])
2026-01-11 11:26:08 - app - INFO - 检查登录状态, session内容: {'_permanent': True, 'user_id': 1, 'username': 'admin'}, cookies: ImmutableMultiDict([('session', 'eyJfcGVybWFuZW50Ijp0cnVlLCJ1c2VyX2lkIjoxLCJ1c2VybmFtZSI6ImFkbWluIn0.aWMYUA.QJiSBGt8zTOVP3wkKLWMRVQn974')])
2026-01-11 11:26:10 - app - INFO - 检查更新: 当前版本 2.1.1
2026-01-11 11:26:15 - app - INFO - 检查更新成功: {'has_update': False, 'message': '当前已是最新版本'}
2026-01-11 11:26:15 - app - INFO - 检查更新成功: {'has_update': False, 'message': '当前已是最新版本'}
2026-01-11 11:28:56 - app - INFO - 检查登录状态, session内容: {'_permanent': True, 'user_id': 1, 'username': 'admin'}, cookies: ImmutableMultiDict([('session', 'eyJfcGVybWFuZW50Ijp0cnVlLCJ1c2VyX2lkIjoxLCJ1c2VybmFtZSI6ImFkbWluIn0.aWMY-A.QbXmozeMY5Bv1mvhKIkF9McZBqc')])
2026-01-11 11:28:56 - app - INFO - 检查登录状态, session内容: {'_permanent': True, 'user_id': 1, 'username': 'admin'}, cookies: ImmutableMultiDict([('session', 'eyJfcGVybWFuZW50Ijp0cnVlLCJ1c2VyX2lkIjoxLCJ1c2VybmFtZSI6ImFkbWluIn0.aWMY-A.QbXmozeMY5Bv1mvhKIkF9McZBqc')])
2026-01-11 11:28:57 - app - INFO - 检查登录状态, session内容: {'_permanent': True, 'user_id': 1, 'username': 'admin'}, cookies: ImmutableMultiDict([('session', 'eyJfcGVybWFuZW50Ijp0cnVlLCJ1c2VyX2lkIjoxLCJ1c2VybmFtZSI6ImFkbWluIn0.aWMY-Q.vyVDlNF7bGUuw8ibehrK4b3PQMw')])
2026-01-11 11:28:57 - app - INFO - 检查登录状态, session内容: {'_permanent': True, 'user_id': 1, 'username': 'admin'}, cookies: ImmutableMultiDict([('session', 'eyJfcGVybWFuZW50Ijp0cnVlLCJ1c2VyX2lkIjoxLCJ1c2VybmFtZSI6ImFkbWluIn0.aWMY-Q.vyVDlNF7bGUuw8ibehrK4b3PQMw')])
2026-01-11 11:28:58 - app - INFO - 检查登录状态, session内容: {'_permanent': True, 'user_id': 1, 'username': 'admin'}, cookies: ImmutableMultiDict([('session', 'eyJfcGVybWFuZW50Ijp0cnVlLCJ1c2VyX2lkIjoxLCJ1c2VybmFtZSI6ImFkbWluIn0.aWMY-g.t5B7QIdbgBm2WUsqpdmeozh7bEk')])
2026-01-11 11:28:58 - app - INFO - 检查登录状态, session内容: {'_permanent': True, 'user_id': 1, 'username': 'admin'}, cookies: ImmutableMultiDict([('session', 'eyJfcGVybWFuZW50Ijp0cnVlLCJ1c2VyX2lkIjoxLCJ1c2VybmFtZSI6ImFkbWluIn0.aWMY-g.t5B7QIdbgBm2WUsqpdmeozh7bEk')])
2026-01-11 11:28:59 - app - INFO - 检查登录状态, session内容: {'_permanent': True, 'user_id': 1, 'username': 'admin'}, cookies: ImmutableMultiDict([('session', 'eyJfcGVybWFuZW50Ijp0cnVlLCJ1c2VyX2lkIjoxLCJ1c2VybmFtZSI6ImFkbWluIn0.aWMY-w.XPK-SxpwOl7zFWWPv_D9ejpyoEI')])
2026-01-11 11:28:59 - app - INFO - 检查登录状态, session内容: {'_permanent': True, 'user_id': 1, 'username': 'admin'}, cookies: ImmutableMultiDict([('session', 'eyJfcGVybWFuZW50Ijp0cnVlLCJ1c2VyX2lkIjoxLCJ1c2VybmFtZSI6ImFkbWluIn0.aWMY-w.XPK-SxpwOl7zFWWPv_D9ejpyoEI')])
2026-01-11 11:28:59 - app - INFO - 检查登录状态, session内容: {'_permanent': True, 'user_id': 1, 'username': 'admin'}, cookies: ImmutableMultiDict([('session', 'eyJfcGVybWFuZW50Ijp0cnVlLCJ1c2VyX2lkIjoxLCJ1c2VybmFtZSI6ImFkbWluIn0.aWMY-w.XPK-SxpwOl7zFWWPv_D9ejpyoEI')])
2026-01-11 11:28:59 - app - INFO - 检查登录状态, session内容: {'_permanent': True, 'user_id': 1, 'username': 'admin'}, cookies: ImmutableMultiDict([('session', 'eyJfcGVybWFuZW50Ijp0cnVlLCJ1c2VyX2lkIjoxLCJ1c2VybmFtZSI6ImFkbWluIn0.aWMY-w.XPK-SxpwOl7zFWWPv_D9ejpyoEI')])
2026-01-11 11:28:59 - app - INFO - 检查登录状态, session内容: {'_permanent': True, 'user_id': 1, 'username': 'admin'}, cookies: ImmutableMultiDict([('session', 'eyJfcGVybWFuZW50Ijp0cnVlLCJ1c2VyX2lkIjoxLCJ1c2VybmFtZSI6ImFkbWluIn0.aWMY-w.XPK-SxpwOl7zFWWPv_D9ejpyoEI')])
2026-01-11 11:28:59 - app - INFO - 检查登录状态, session内容: {'_permanent': True, 'user_id': 1, 'username': 'admin'}, cookies: ImmutableMultiDict([('session', 'eyJfcGVybWFuZW50Ijp0cnVlLCJ1c2VyX2lkIjoxLCJ1c2VybmFtZSI6ImFkbWluIn0.aWMY-w.XPK-SxpwOl7zFWWPv_D9ejpyoEI')])
2026-01-11 11:29:02 - app - INFO - 检查更新: 当前版本 2.1.1
2026-01-11 11:29:08 - app - INFO - 检查更新成功: {'has_update': False, 'message': '当前已是最新版本'}
2026-01-11 11:29:35 - app - INFO - 许可证管理器初始化完成,服务器: http://license.22l2.com
2026-01-11 11:29:35 - app - INFO - 初始化许可证管理器...
2026-01-11 11:29:35 - app - INFO - 解密密钥设置成功
2026-01-11 11:29:35 - app - INFO - 解密密钥获取成功
2026-01-11 11:29:35 - app - INFO - 解密密钥获取成功，配置已就绪
2026-01-11 11:29:35 - app - INFO - 配置解密成功
2026-01-11 11:29:35 - app - INFO - 夸克API配置加载成功
2026-01-11 11:29:35 - app - INFO - 夸克API配置加载完成
2026-01-11 11:29:35 - app - INFO - 检查数据库...
2026-01-11 11:29:35 - app - INFO - 数据库检查完成
2026-01-11 11:29:35 - app - INFO - 检查数据库迁移...
2026-01-11 11:29:35 - app - INFO - 数据库迁移检查完成
2026-01-11 11:29:35 - app - INFO - 清理异常中断的任务状态...
2026-01-11 11:29:35 - app - INFO - 升级管理器初始化完成
2026-01-11 11:29:35 - app - INFO - Flask应用创建成功
2026-01-11 11:29:35 - app - INFO - 静态文件目录: C:\Data\夸克转存\client\frontend
2026-01-11 11:29:35 - app - INFO - 启动任务调度服务...
2026-01-11 11:29:36 - app - INFO - 检查被中断的影视下载任务...
2026-01-11 11:29:36 - app - INFO - 没有需要恢复的影视下载任务
2026-01-11 11:29:36 - app - INFO - 账期生成循环已启动
2026-01-11 11:29:36 - app - INFO - 账期生成线程已启动
2026-01-11 11:29:36 - app - INFO - 开始生成 2026-01-11 的任务账期
2026-01-11 11:29:36 - app - INFO - 任务执行循环已启动
2026-01-11 11:29:36 - app - INFO - 任务执行线程已启动
2026-01-11 11:29:36 - app - INFO - 日志清理循环已启动
2026-01-11 11:29:36 - app - INFO - 日志清理线程已启动
2026-01-11 11:29:36 - app - INFO - 下次日志清理时间: 2026-01-12 02:00:00
2026-01-11 11:29:36 - app - INFO - ✅ 生成完成，共创建 0 条待执行记录
2026-01-11 11:29:36 - app - INFO - 启动Flask服务: http://0.0.0.0:8520
2026-01-11 11:29:36 - app - INFO - 下次生成账期时间: 2026-01-12 00:00:00, 等待 45024 秒
2026-01-11 11:30:44 - app - INFO - 检查登录状态, session内容: {'_permanent': True, 'user_id': 1, 'username': 'admin'}, cookies: ImmutableMultiDict([('session', 'eyJfcGVybWFuZW50Ijp0cnVlLCJ1c2VyX2lkIjoxLCJ1c2VybmFtZSI6ImFkbWluIn0.aWMZZA.Y1kwoG2a3unAiIvIEKMtjm7-fUg')])
2026-01-11 11:30:44 - app - INFO - 检查登录状态, session内容: {'_permanent': True, 'user_id': 1, 'username': 'admin'}, cookies: ImmutableMultiDict([('session', 'eyJfcGVybWFuZW50Ijp0cnVlLCJ1c2VyX2lkIjoxLCJ1c2VybmFtZSI6ImFkbWluIn0.aWMZZA.Y1kwoG2a3unAiIvIEKMtjm7-fUg')])
2026-01-11 11:30:46 - app - INFO - 检查更新: 当前版本 2.1.1
2026-01-11 11:30:56 - app - INFO - 检查更新成功: {'has_update': False, 'message': '当前已是最新版本'}
2026-01-11 11:38:30 - app - INFO - 检查登录状态, session内容: {'_permanent': True, 'user_id': 1, 'username': 'admin'}, cookies: ImmutableMultiDict([('session', 'eyJfcGVybWFuZW50Ijp0cnVlLCJ1c2VyX2lkIjoxLCJ1c2VybmFtZSI6ImFkbWluIn0.aWMbNg.npBQ0-I2TqHJQrEZlR3fLCGgIMg')])
2026-01-11 11:38:30 - app - INFO - 检查登录状态, session内容: {'_permanent': True, 'user_id': 1, 'username': 'admin'}, cookies: ImmutableMultiDict([('session', 'eyJfcGVybWFuZW50Ijp0cnVlLCJ1c2VyX2lkIjoxLCJ1c2VybmFtZSI6ImFkbWluIn0.aWMbNg.npBQ0-I2TqHJQrEZlR3fLCGgIMg')])
2026-01-11 11:38:33 - app - INFO - 检查更新: 当前版本 2.1.1
2026-01-11 11:38:42 - app - INFO - 检查更新成功: {'has_update': False, 'message': '当前已是最新版本'}
2026-01-11 11:47:37 - app - INFO - 检查登录状态, session内容: {'_permanent': True, 'user_id': 1, 'username': 'admin'}, cookies: ImmutableMultiDict([('session', 'eyJfcGVybWFuZW50Ijp0cnVlLCJ1c2VyX2lkIjoxLCJ1c2VybmFtZSI6ImFkbWluIn0.aWMdWQ.QkgTQqG2F6-Zfn9A17kLY0CaK4M')])
2026-01-11 11:47:37 - app - INFO - 检查登录状态, session内容: {'_permanent': True, 'user_id': 1, 'username': 'admin'}, cookies: ImmutableMultiDict([('session', 'eyJfcGVybWFuZW50Ijp0cnVlLCJ1c2VyX2lkIjoxLCJ1c2VybmFtZSI6ImFkbWluIn0.aWMdWQ.QkgTQqG2F6-Zfn9A17kLY0CaK4M')])
2026-01-11 11:47:39 - app - INFO - 检查更新: 当前版本 2.1.1
2026-01-11 11:47:49 - app - INFO - 检查更新成功: {'has_update': False, 'message': '当前已是最新版本'}
2026-01-11 11:48:23 - app - INFO - 检查登录状态, session内容: {'_permanent': True, 'user_id': 1, 'username': 'admin'}, cookies: ImmutableMultiDict([('session', 'eyJfcGVybWFuZW50Ijp0cnVlLCJ1c2VyX2lkIjoxLCJ1c2VybmFtZSI6ImFkbWluIn0.aWMdhw.W9WTxF6hxHx5p1FfWYBL0Wleo80')])
2026-01-11 11:48:23 - app - INFO - 检查登录状态, session内容: {'_permanent': True, 'user_id': 1, 'username': 'admin'}, cookies: ImmutableMultiDict([('session', 'eyJfcGVybWFuZW50Ijp0cnVlLCJ1c2VyX2lkIjoxLCJ1c2VybmFtZSI6ImFkbWluIn0.aWMdhw.W9WTxF6hxHx5p1FfWYBL0Wleo80')])
2026-01-11 11:48:24 - app - INFO - 检查登录状态, session内容: {'_permanent': True, 'user_id': 1, 'username': 'admin'}, cookies: ImmutableMultiDict([('session', 'eyJfcGVybWFuZW50Ijp0cnVlLCJ1c2VyX2lkIjoxLCJ1c2VybmFtZSI6ImFkbWluIn0.aWMdiA.deOA6muRQzSYnJCSSG9zyOrZAc4')])
2026-01-11 11:48:24 - app - INFO - 检查登录状态, session内容: {'_permanent': True, 'user_id': 1, 'username': 'admin'}, cookies: ImmutableMultiDict([('session', 'eyJfcGVybWFuZW50Ijp0cnVlLCJ1c2VyX2lkIjoxLCJ1c2VybmFtZSI6ImFkbWluIn0.aWMdiA.deOA6muRQzSYnJCSSG9zyOrZAc4')])
2026-01-11 11:48:24 - app - INFO - 检查登录状态, session内容: {'_permanent': True, 'user_id': 1, 'username': 'admin'}, cookies: ImmutableMultiDict([('session', 'eyJfcGVybWFuZW50Ijp0cnVlLCJ1c2VyX2lkIjoxLCJ1c2VybmFtZSI6ImFkbWluIn0.aWMdiA.deOA6muRQzSYnJCSSG9zyOrZAc4')])
2026-01-11 11:48:24 - app - INFO - 检查登录状态, session内容: {'_permanent': True, 'user_id': 1, 'username': 'admin'}, cookies: ImmutableMultiDict([('session', 'eyJfcGVybWFuZW50Ijp0cnVlLCJ1c2VyX2lkIjoxLCJ1c2VybmFtZSI6ImFkbWluIn0.aWMdiA.deOA6muRQzSYnJCSSG9zyOrZAc4')])
2026-01-11 11:48:27 - app - INFO - 检查更新: 当前版本 2.1.1
2026-01-11 11:48:34 - app - INFO - 检查更新成功: {'has_update': False, 'message': '当前已是最新版本'}
2026-01-11 11:52:19 - app - INFO - 许可证管理器初始化完成,服务器: http://license.22l2.com
2026-01-11 11:52:19 - app - INFO - 初始化许可证管理器...
2026-01-11 11:52:20 - app - INFO - 解密密钥设置成功
2026-01-11 11:52:20 - app - INFO - 解密密钥获取成功
2026-01-11 11:52:20 - app - INFO - 解密密钥获取成功，配置已就绪
2026-01-11 11:52:20 - app - INFO - 配置解密成功
2026-01-11 11:52:20 - app - INFO - 夸克API配置加载成功
2026-01-11 11:52:20 - app - INFO - 夸克API配置加载完成
2026-01-11 11:52:20 - app - INFO - 检查数据库...
2026-01-11 11:52:20 - app - INFO - 数据库检查完成
2026-01-11 11:52:20 - app - INFO - 检查数据库迁移...
2026-01-11 11:52:20 - app - INFO - 数据库迁移检查完成
2026-01-11 11:52:20 - app - INFO - 清理异常中断的任务状态...
2026-01-11 11:52:20 - app - INFO - 升级管理器初始化完成
2026-01-11 11:52:20 - app - INFO - Flask应用创建成功
2026-01-11 11:52:20 - app - INFO - 静态文件目录: C:\Data\夸克转存\client\frontend
2026-01-11 11:52:20 - app - INFO - 启动任务调度服务...
2026-01-11 11:52:20 - app - INFO - 检查被中断的影视下载任务...
2026-01-11 11:52:20 - app - INFO - 没有需要恢复的影视下载任务
2026-01-11 11:52:20 - app - INFO - 账期生成循环已启动
2026-01-11 11:52:20 - app - INFO - 账期生成线程已启动
2026-01-11 11:52:20 - app - INFO - 开始生成 2026-01-11 的任务账期
2026-01-11 11:52:20 - app - INFO - 任务执行循环已启动
2026-01-11 11:52:20 - app - INFO - 任务执行线程已启动
2026-01-11 11:52:20 - app - INFO - 日志清理循环已启动
2026-01-11 11:52:20 - app - INFO - 日志清理线程已启动
2026-01-11 11:52:20 - app - INFO - 下次日志清理时间: 2026-01-12 02:00:00
2026-01-11 11:52:20 - app - INFO - ✅ 生成完成，共创建 0 条待执行记录
2026-01-11 11:52:20 - app - INFO - 启动Flask服务: http://0.0.0.0:8520
2026-01-11 11:52:20 - app - INFO - 下次生成账期时间: 2026-01-12 00:00:00, 等待 43660 秒
2026-01-11 11:53:20 - app - INFO - 检查登录状态, session内容: {'_permanent': True, 'user_id': 1, 'username': 'admin'}, cookies: ImmutableMultiDict([('session', 'eyJfcGVybWFuZW50Ijp0cnVlLCJ1c2VyX2lkIjoxLCJ1c2VybmFtZSI6ImFkbWluIn0.aWMesA.gQx6tU2W4pkcnPW-6YVLfF9B3Qk')])
2026-01-11 11:53:20 - app - INFO - 检查登录状态, session内容: {'_permanent': True, 'user_id': 1, 'username': 'admin'}, cookies: ImmutableMultiDict([('session', 'eyJfcGVybWFuZW50Ijp0cnVlLCJ1c2VyX2lkIjoxLCJ1c2VybmFtZSI6ImFkbWluIn0.aWMesA.gQx6tU2W4pkcnPW-6YVLfF9B3Qk')])
2026-01-11 11:53:22 - app - INFO - 检查更新: 当前版本 2.1.1
2026-01-11 11:53:31 - app - INFO - 检查更新成功: {'has_update': False, 'message': '当前已是最新版本'}
2026-01-11 11:55:35 - app - INFO - 检查登录状态, session内容: {'_permanent': True, 'user_id': 1, 'username': 'admin'}, cookies: ImmutableMultiDict([('session', 'eyJfcGVybWFuZW50Ijp0cnVlLCJ1c2VyX2lkIjoxLCJ1c2VybmFtZSI6ImFkbWluIn0.aWMfNw.aiBsH8X9OopO3tvdwhpda2YM8co')])
2026-01-11 11:55:35 - app - INFO - 检查登录状态, session内容: {'_permanent': True, 'user_id': 1, 'username': 'admin'}, cookies: ImmutableMultiDict([('session', 'eyJfcGVybWFuZW50Ijp0cnVlLCJ1c2VyX2lkIjoxLCJ1c2VybmFtZSI6ImFkbWluIn0.aWMfNw.aiBsH8X9OopO3tvdwhpda2YM8co')])
2026-01-11 11:55:37 - app - INFO - 检查更新: 当前版本 2.1.1
2026-01-11 11:55:46 - app - INFO - 检查更新成功: {'has_update': False, 'message': '当前已是最新版本'}
2026-01-11 11:57:57 - app - INFO - 检查登录状态, session内容: {'_permanent': True, 'user_id': 1, 'username': 'admin'}, cookies: ImmutableMultiDict([('session', 'eyJfcGVybWFuZW50Ijp0cnVlLCJ1c2VyX2lkIjoxLCJ1c2VybmFtZSI6ImFkbWluIn0.aWMfxQ.QhBSvPB3Bh_eVsBLCguqRUuRyg4')])
2026-01-11 11:57:57 - app - INFO - 检查登录状态, session内容: {'_permanent': True, 'user_id': 1, 'username': 'admin'}, cookies: ImmutableMultiDict([('session', 'eyJfcGVybWFuZW50Ijp0cnVlLCJ1c2VyX2lkIjoxLCJ1c2VybmFtZSI6ImFkbWluIn0.aWMfxQ.QhBSvPB3Bh_eVsBLCguqRUuRyg4')])
2026-01-11 11:58:00 - app - INFO - 检查更新: 当前版本 2.1.1
2026-01-11 11:58:09 - app - INFO - 检查更新成功: {'has_update': False, 'message': '当前已是最新版本'}
2026-01-11 12:01:27 - app - INFO - 检查登录状态, session内容: {'_permanent': True, 'user_id': 1, 'username': 'admin'}, cookies: ImmutableMultiDict([('session', 'eyJfcGVybWFuZW50Ijp0cnVlLCJ1c2VyX2lkIjoxLCJ1c2VybmFtZSI6ImFkbWluIn0.aWMglw.Z1HOz4fStE-ceHL4r1SjBkrDB9s')])
2026-01-11 12:01:27 - app - INFO - 检查登录状态, session内容: {'_permanent': True, 'user_id': 1, 'username': 'admin'}, cookies: ImmutableMultiDict([('session', 'eyJfcGVybWFuZW50Ijp0cnVlLCJ1c2VyX2lkIjoxLCJ1c2VybmFtZSI6ImFkbWluIn0.aWMglw.Z1HOz4fStE-ceHL4r1SjBkrDB9s')])
2026-01-11 12:01:30 - app - INFO - 检查更新: 当前版本 2.1.1
2026-01-11 12:01:39 - app - INFO - 检查更新成功: {'has_update': False, 'message': '当前已是最新版本'}
2026-01-11 12:03:56 - app - ERROR - 创建转存任务失败: table transfer_tasks has no column named regex_pattern
2026-01-11 12:03:56 - app - ERROR - 创建转存任务失败: table transfer_tasks has no column named regex_pattern
2026-01-11 12:07:14 - app - INFO - 创建转存任务成功: 测试 (ID: 1)
2026-01-11 12:07:21 - app - INFO - [任务1] 开始执行任务: 测试
2026-01-11 12:07:21 - app - INFO - [任务1] 使用账号: ces
2026-01-11 12:07:21 - app - INFO - [任务1] 目标路径: /夸克自动转存测试
2026-01-11 12:07:21 - app - INFO - [任务1] 共有 1 个分享链接待处理
2026-01-11 12:07:21 - app - INFO - [任务1] [1/1] 正在处理: https://pan.quark.cn/s/6a987195b6ce#/list/share/b2bcaaa2cc25...
2026-01-11 12:07:21 - app - INFO - [任务1] [1/1] 解析分享链接...
2026-01-11 12:07:21 - app - INFO - 解析结果 - pwd_id: 6a987195b6ce, passcode: , folder_id: b2bcaaa2cc254301a439d05ed0e9acc7
2026-01-11 12:07:21 - app - INFO - [任务1] [1/1] 解析结果: pwd_id=6a987195b6ce, folder_id=b2bcaaa2cc254301a439d05ed0e9acc7
2026-01-11 12:07:21 - app - INFO - [任务1] [1/1] 获取分享令牌...
2026-01-11 12:07:33 - app - INFO - [任务1] [1/1] 使用URL中的文件夹ID: b2bcaaa2cc254301a439d05ed0e9acc7
2026-01-11 12:07:33 - app - INFO - [任务1] [1/1] 获取文件列表...
2026-01-11 12:07:33 - app - INFO - [任务1] [1/1] 递归扫描完成，共找到 30 个文件，0 个文件夹
2026-01-11 12:07:33 - app - INFO - [任务1] [1/1] 分析目录结构...
2026-01-11 12:07:33 - app - INFO - [任务1] [1/1] 需要转存 1 个文件夹中的文件
2026-01-11 12:07:33 - app - INFO - [任务1] [1/1] 查找目标文件夹...
2026-01-11 12:07:33 - app - INFO - [任务1] [1/1] 使用子文件夹模式: /夸克自动转存测试/20260111
2026-01-11 12:07:33 - app - INFO - [任务1] [1/1] 正在查询路径: /夸克自动转存测试/20260111
2026-01-11 12:07:33 - app - INFO - 查询路径结果: []
2026-01-11 12:07:33 - app - INFO - [任务1] [1/1] 目标路径不存在，尝试创建...
2026-01-11 12:07:33 - app - INFO - 创建目录结果: {'status': 400, 'code': 14012, 'message': ' bad file name :[/夸克自动转存测试/20260111] ', 'req_id': '9f05eb-28851519b52d2d', 'timestamp': 1768104488}
2026-01-11 12:07:33 - app - INFO - [任务1] [1/1] 创建目录失败:  bad file name :[/夸克自动转存测试/20260111] ，使用根目录
2026-01-11 12:07:33 - app - INFO - [任务1] [1/1] 开始转存 30 个文件（保留目录结构）...
2026-01-11 12:07:33 - app - INFO - [任务1] [1/1] 转存文件夹 [根目录] 中的 30 个文件
2026-01-11 12:07:34 - app - INFO - [任务1] [1/1] [根目录] 检查已存在文件失败: too many values to unpack (expected 2)，将转存所有文件
2026-01-11 12:07:34 - app - INFO - [任务1] [1/1] [根目录] 实际转存 30 个文件
2026-01-11 12:07:34 - app - INFO - [任务1] [1/1] [根目录] 转存响应状态: 200
2026-01-11 12:07:34 - app - INFO - [任务b8a193e1271648cfa9fa63bb0ac9a17c] [1/1] [根目录] 转存任务ID: b8a193e1271648cfa9fa63bb0ac9a17c
2026-01-11 12:07:34 - app - INFO - [任务b8a193e1271648cfa9fa63bb0ac9a17c] [1/1] [根目录] 等待转存完成...
2026-01-11 12:07:34 - app - INFO - 任务查询 task_id=b8a193e1271648cfa9fa63bb0ac9a17c, retry_index=0, 响应: {'status': 200, 'code': 0, 'message': 'ok', 'timestamp': 1768104489, 'data': {'task_id': 'b8a193e1271648cfa9fa63bb0ac9a17c', 'event_id': '97y31b-2885151a710449', 'task_type': 17, 'task_title': '分享-转存', 'status': 0, 'created_at': 1768104489213, 'share': {}, 'save_as': {'save_as_select_top_fids': [], 'to_pdir_fid': '0', 'is_pack': '0', 'save_as_top_fids': []}}, 'metadata': {'tq_gap': 500}}
2026-01-11 12:07:35 - app - INFO - 任务查询 task_id=b8a193e1271648cfa9fa63bb0ac9a17c, retry_index=1, 响应: {'status': 200, 'code': 0, 'message': 'ok', 'timestamp': 1768104490, 'data': {'task_id': 'b8a193e1271648cfa9fa63bb0ac9a17c', 'event_id': '97y31b-2885151a710449', 'task_type': 17, 'task_title': '分享-转存', 'status': 0, 'created_at': 1768104489213, 'share': {}, 'save_as': {'save_as_select_top_fids': [], 'to_pdir_fid': '0', 'is_pack': '0', 'save_as_top_fids': []}}, 'metadata': {'tq_gap': 1000}}
2026-01-11 12:07:35 - app - INFO - 任务查询 task_id=b8a193e1271648cfa9fa63bb0ac9a17c, retry_index=2, 响应: {'status': 200, 'code': 0, 'message': 'ok', 'timestamp': 1768104490, 'data': {'task_id': 'b8a193e1271648cfa9fa63bb0ac9a17c', 'event_id': '97y31b-2885151a710449', 'task_type': 17, 'task_title': '分享-转存', 'status': 2, 'created_at': 1768104489213, 'finished_at': 1768104490434, 'share': {}, 'save_as': {'search_exit': True, 'save_as_select_top_fids': [], 'remain_capacity': 2669401668074, 'to_pdir_fid': '0', 'save_as_sum_num': 30, 'is_pack': '0', 'save_as_top_fids': ['f01a950a10e2477a9f52bcefc91abb93', 'b37146ab8a284e9b9950737ad7272b1f', 'b33167be09d04a4e89423e336433dbb9', 'c55c2690ba7043c59b2278429e15cb53', '3235ece8dde54ddc91e828544ed4eeb5', 'a388f25b55e447a18e8b1c4b88768e3e', '563fb7b9fd2c4b368cb99ae6d9b4a322', '135dae0311c34418aab9c271bc8bf643', '0b5f9b97a1ce441e95dc42ffd298aaaf', '9ec30d175e3e4a90b8c601ce340dd6b8', '8bf0f252b1144d4b8feba5d1b7ec72aa', '6353b09a360e48d89d7cd6b5511fa7d0', '5795806ae8f64beb925eccb4e0b9d093', '553a55e0903f4807a083f9ac64293aad', '4077acc7c2de48a581c38b28b568a1bb', '73f0d52ae2b34f788a6d125ded9bdfb4', 'b1b3521e85844503a9ccb5b5cfc5cf0b', 'a398d2eea0d94dfb84ea380bbb7ffae2', '029e321051ee47d1b8ebe5aeea1d5641', 'b1ecc974cd92421381c744cbe51aef1d', '90d8c6dd0ce843168b11b1cc2abeede9', '5e9746436cca4fcea0bb56aa5da7fcd8', '47b3798071a24368bd99dfa58eabbaf7', '8619725dd46c4c7c90d9220ada2368ea', 'fe0d1f551265448d8429f41bfedd43f1', 'a0a882b4013240ae86b3d09ca3467805', '08261b692bed41edb6a2b55d226e9327', '555b2e300ae54ed1a6ecd11e7006f26f', '8e9038005c234aa7a1c3322c06e576c0', '4ea89d69804347858005a4f73eb7cabf'], 'min_save_file_size': 965066322}}, 'metadata': {'tq_gap': 1500}}
2026-01-11 12:07:35 - app - INFO - 任务完成: {'status': 200, 'code': 0, 'message': 'ok', 'timestamp': 1768104490, 'data': {'task_id': 'b8a193e1271648cfa9fa63bb0ac9a17c', 'event_id': '97y31b-2885151a710449', 'task_type': 17, 'task_title': '分享-转存', 'status': 2, 'created_at': 1768104489213, 'finished_at': 1768104490434, 'share': {}, 'save_as': {'search_exit': True, 'save_as_select_top_fids': [], 'remain_capacity': 2669401668074, 'to_pdir_fid': '0', 'save_as_sum_num': 30, 'is_pack': '0', 'save_as_top_fids': ['f01a950a10e2477a9f52bcefc91abb93', 'b37146ab8a284e9b9950737ad7272b1f', 'b33167be09d04a4e89423e336433dbb9', 'c55c2690ba7043c59b2278429e15cb53', '3235ece8dde54ddc91e828544ed4eeb5', 'a388f25b55e447a18e8b1c4b88768e3e', '563fb7b9fd2c4b368cb99ae6d9b4a322', '135dae0311c34418aab9c271bc8bf643', '0b5f9b97a1ce441e95dc42ffd298aaaf', '9ec30d175e3e4a90b8c601ce340dd6b8', '8bf0f252b1144d4b8feba5d1b7ec72aa', '6353b09a360e48d89d7cd6b5511fa7d0', '5795806ae8f64beb925eccb4e0b9d093', '553a55e0903f4807a083f9ac64293aad', '4077acc7c2de48a581c38b28b568a1bb', '73f0d52ae2b34f788a6d125ded9bdfb4', 'b1b3521e85844503a9ccb5b5cfc5cf0b', 'a398d2eea0d94dfb84ea380bbb7ffae2', '029e321051ee47d1b8ebe5aeea1d5641', 'b1ecc974cd92421381c744cbe51aef1d', '90d8c6dd0ce843168b11b1cc2abeede9', '5e9746436cca4fcea0bb56aa5da7fcd8', '47b3798071a24368bd99dfa58eabbaf7', '8619725dd46c4c7c90d9220ada2368ea', 'fe0d1f551265448d8429f41bfedd43f1', 'a0a882b4013240ae86b3d09ca3467805', '08261b692bed41edb6a2b55d226e9327', '555b2e300ae54ed1a6ecd11e7006f26f', '8e9038005c234aa7a1c3322c06e576c0', '4ea89d69804347858005a4f73eb7cabf'], 'min_save_file_size': 965066322}}, 'metadata': {'tq_gap': 1500}}
2026-01-11 12:07:35 - app - INFO - [任务b8a193e1271648cfa9fa63bb0ac9a17c] [1/1] [根目录] 转存成功
2026-01-11 12:07:35 - app - INFO - [任务b8a193e1271648cfa9fa63bb0ac9a17c] [1/1] [根目录] 开始应用正则替换...
2026-01-11 12:07:36 - app - ERROR - 应用正则替换失败: too many values to unpack (expected 2)
Traceback (most recent call last):
  File "C:\Data\夸克转存\client\backend\api\transfer.py", line 713, in execute_task
    new_name, matched = replacer.apply_regex_replacement(
ValueError: too many values to unpack (expected 2)
2026-01-11 12:07:36 - app - INFO - [任务b8a193e1271648cfa9fa63bb0ac9a17c] [1/1] [根目录] 正则替换失败: too many values to unpack (expected 2)
2026-01-11 12:07:36 - app - INFO - [任务b8a193e1271648cfa9fa63bb0ac9a17c] [1/1] 共转存 30 个文件
2026-01-11 12:07:36 - app - INFO - [任务b8a193e1271648cfa9fa63bb0ac9a17c] 任务执行完成！成功: 1, 失败: 0, 文件数: 0
2026-01-11 12:07:51 - app - INFO - 检查登录状态, session内容: {'_permanent': True, 'user_id': 1, 'username': 'admin'}, cookies: ImmutableMultiDict([('session', 'eyJfcGVybWFuZW50Ijp0cnVlLCJ1c2VyX2lkIjoxLCJ1c2VybmFtZSI6ImFkbWluIn0.aWMiCA.evW69HdGjra3hnN3wUzNYi_8ODQ')])
2026-01-11 12:07:51 - app - INFO - 检查登录状态, session内容: {'_permanent': True, 'user_id': 1, 'username': 'admin'}, cookies: ImmutableMultiDict([('session', 'eyJfcGVybWFuZW50Ijp0cnVlLCJ1c2VyX2lkIjoxLCJ1c2VybmFtZSI6ImFkbWluIn0.aWMiFw.WDnhpLwojdQOJTPLd5Q-7ewSxhE')])
2026-01-11 12:07:53 - app - INFO - 检查更新: 当前版本 2.1.1
2026-01-11 12:08:03 - app - INFO - 检查更新成功: {'has_update': False, 'message': '当前已是最新版本'}
2026-01-11 12:08:32 - app - INFO - 收到删除请求，原始数据: {'account_id': '1', 'file_ids': ['823498f9f72c4931b66da3021035eb8e']}
2026-01-11 12:08:32 - app - INFO - 解析后参数: account_id=1, file_ids=['823498f9f72c4931b66da3021035eb8e']
2026-01-11 12:08:32 - app - INFO - 使用账号: ces
2026-01-11 12:08:32 - app - INFO - 删除文件请求: URL=https://drive-pc.quark.cn/1/clouddrive/file/delete
2026-01-11 12:08:32 - app - INFO - 删除文件请求参数: {'pr': 'ucpro', 'fr': 'pc', 'uc_param_str': ''}
2026-01-11 12:08:32 - app - INFO - 删除文件请求体: {'action_type': 2, 'filelist': ['823498f9f72c4931b66da3021035eb8e'], 'exclude_fids': []}
2026-01-11 12:08:34 - app - INFO - 收到删除请求，原始数据: {'account_id': '1', 'file_ids': ['93c733fb9fce4eb39a8d2f6f73a464dc']}
2026-01-11 12:08:34 - app - INFO - 解析后参数: account_id=1, file_ids=['93c733fb9fce4eb39a8d2f6f73a464dc']
2026-01-11 12:08:34 - app - INFO - 使用账号: ces
2026-01-11 12:08:34 - app - INFO - 删除文件请求: URL=https://drive-pc.quark.cn/1/clouddrive/file/delete
2026-01-11 12:08:34 - app - INFO - 删除文件请求参数: {'pr': 'ucpro', 'fr': 'pc', 'uc_param_str': ''}
2026-01-11 12:08:34 - app - INFO - 删除文件请求体: {'action_type': 2, 'filelist': ['93c733fb9fce4eb39a8d2f6f73a464dc'], 'exclude_fids': []}
2026-01-11 12:08:36 - app - INFO - 收到删除请求，原始数据: {'account_id': '1', 'file_ids': ['47ce98b303934d4f92cc7ce2c9e90323']}
2026-01-11 12:08:36 - app - INFO - 解析后参数: account_id=1, file_ids=['47ce98b303934d4f92cc7ce2c9e90323']
2026-01-11 12:08:36 - app - INFO - 使用账号: ces
2026-01-11 12:08:36 - app - INFO - 删除文件请求: URL=https://drive-pc.quark.cn/1/clouddrive/file/delete
2026-01-11 12:08:36 - app - INFO - 删除文件请求参数: {'pr': 'ucpro', 'fr': 'pc', 'uc_param_str': ''}
2026-01-11 12:08:36 - app - INFO - 删除文件请求体: {'action_type': 2, 'filelist': ['47ce98b303934d4f92cc7ce2c9e90323'], 'exclude_fids': []}
2026-01-11 12:08:37 - app - INFO - 收到删除请求，原始数据: {'account_id': '1', 'file_ids': ['f6c8b532ad6b48899215a9f8024110d9']}
2026-01-11 12:08:37 - app - INFO - 解析后参数: account_id=1, file_ids=['f6c8b532ad6b48899215a9f8024110d9']
2026-01-11 12:08:37 - app - INFO - 使用账号: ces
2026-01-11 12:08:37 - app - INFO - 删除文件请求: URL=https://drive-pc.quark.cn/1/clouddrive/file/delete
2026-01-11 12:08:37 - app - INFO - 删除文件请求参数: {'pr': 'ucpro', 'fr': 'pc', 'uc_param_str': ''}
2026-01-11 12:08:37 - app - INFO - 删除文件请求体: {'action_type': 2, 'filelist': ['f6c8b532ad6b48899215a9f8024110d9'], 'exclude_fids': []}
2026-01-11 12:08:38 - app - INFO - 收到删除请求，原始数据: {'account_id': '1', 'file_ids': ['0460b3d27b2b48289951344e061e08d1']}
2026-01-11 12:08:38 - app - INFO - 解析后参数: account_id=1, file_ids=['0460b3d27b2b48289951344e061e08d1']
2026-01-11 12:08:38 - app - INFO - 使用账号: ces
2026-01-11 12:08:38 - app - INFO - 删除文件请求: URL=https://drive-pc.quark.cn/1/clouddrive/file/delete
2026-01-11 12:08:38 - app - INFO - 删除文件请求参数: {'pr': 'ucpro', 'fr': 'pc', 'uc_param_str': ''}
2026-01-11 12:08:38 - app - INFO - 删除文件请求体: {'action_type': 2, 'filelist': ['0460b3d27b2b48289951344e061e08d1'], 'exclude_fids': []}
2026-01-11 12:08:40 - app - INFO - 收到删除请求，原始数据: {'account_id': '1', 'file_ids': ['65b840d4655545058bdab43b689dfb53']}
2026-01-11 12:08:40 - app - INFO - 解析后参数: account_id=1, file_ids=['65b840d4655545058bdab43b689dfb53']
2026-01-11 12:08:40 - app - INFO - 使用账号: ces
2026-01-11 12:08:40 - app - INFO - 删除文件请求: URL=https://drive-pc.quark.cn/1/clouddrive/file/delete
2026-01-11 12:08:40 - app - INFO - 删除文件请求参数: {'pr': 'ucpro', 'fr': 'pc', 'uc_param_str': ''}
2026-01-11 12:08:40 - app - INFO - 删除文件请求体: {'action_type': 2, 'filelist': ['65b840d4655545058bdab43b689dfb53'], 'exclude_fids': []}
2026-01-11 12:08:45 - app - INFO - 删除文件响应状态码: 200
2026-01-11 12:08:45 - app - INFO - 删除文件响应头: {'Date': 'Sun, 11 Jan 2026 04:09:20 GMT', 'Content-Type': 'application/json;charset=UTF-8', 'Transfer-Encoding': 'chunked', 'Connection': 'keep-alive', 'Vary': 'Accept-Encoding', 'X-Content-Type-Options': 'nosniff', 'X-XSS-Protection': '1; mode=block', 'Cache-Control': 'no-cache, no-store, max-age=0, must-revalidate', 'Pragma': 'no-cache', 'Expires': '0', 'X-Frame-Options': 'DENY', 'Strict-Transport-Security': 'max-age=31536000 ; includeSubDomains, max-age=0', 'X-Application-Context': 'clouddrive-api:dev,online,quark:9019', 'x-req-id': '38v8e7-288515a5999090', 'Set-Cookie': '__puus=0d8c34918d77946357b450187f868e18AARJjJpfrj6G9JXAPO71pYOro4LAW8YGovo26tv9NkjisEc/hNz1gJLggzj/rMITPDRJEOtLB3iSWDwon5ZPkkloAxMK/PNrwsBntax+o1ROIkUQecZt36wKAoyZo5DYlmohxc/Isg7negD/1QLdiVDHYPrhklMHPeRx3gn4XdPv2+XU+KXlwnfHRZ8JLd/l/9gdlc2CGjZBrzx62pJq/s1c; Max-Age=86400; Expires=Mon, 12-Jan-2026 04:09:20 GMT; Domain=quark.cn; Path=/', 'Content-Encoding': 'gzip', 'Server': 'Tengine/Aserver', 'EagleEye-TraceId': '2150424417681045604327612e9270', 'Timing-Allow-Origin': '*'}
2026-01-11 12:08:45 - app - INFO - 删除文件响应内容: {"status":200,"code":0,"message":"","timestamp":1768104560,"data":{"task_id":"78fbdb4f0c034dfa96b2e82496ead759","finish":false},"metadata":{"tq_gap":500}}
2026-01-11 12:08:45 - app - INFO - 删除文件API返回: {'status': 200, 'code': 0, 'message': '', 'timestamp': 1768104560, 'data': {'task_id': '78fbdb4f0c034dfa96b2e82496ead759', 'finish': False}, 'metadata': {'tq_gap': 500}}
2026-01-11 12:08:45 - app - INFO - 删除是异步任务，task_id: 78fbdb4f0c034dfa96b2e82496ead759，开始查询任务结果
2026-01-11 12:08:45 - app - INFO - 删除文件响应状态码: 200
2026-01-11 12:08:45 - app - INFO - 删除文件响应头: {'Date': 'Sun, 11 Jan 2026 04:09:20 GMT', 'Content-Type': 'application/json;charset=UTF-8', 'Transfer-Encoding': 'chunked', 'Connection': 'keep-alive', 'Vary': 'Accept-Encoding', 'X-Content-Type-Options': 'nosniff', 'X-XSS-Protection': '1; mode=block', 'Cache-Control': 'no-cache, no-store, max-age=0, must-revalidate', 'Pragma': 'no-cache', 'Expires': '0', 'X-Frame-Options': 'DENY', 'Strict-Transport-Security': 'max-age=31536000 ; includeSubDomains, max-age=0', 'X-Application-Context': 'clouddrive-api:dev,online,quark:9019', 'x-req-id': '977qdz-288515a5abc185', 'Set-Cookie': '__puus=0d8c34918d77946357b450187f868e18AARJjJpfrj6G9JXAPO71pYOro4LAW8YGovo26tv9NkjisEc/hNz1gJLggzj/rMITPDRJEOtLB3iSWDwon5ZPkkloAxMK/PNrwsBntax+o1ROIkUQecZt36wKAoyZo5DYlmohxc/Isg7negD/1QLdiVDHYPrhklMHPeRx3gn4XdPv2+XU+KXlwnfHRZ8JLd/l/9gdlc2CGjZBrzx62pJq/s1c; Max-Age=86400; Expires=Mon, 12-Jan-2026 04:09:20 GMT; Domain=quark.cn; Path=/', 'Content-Encoding': 'gzip', 'Server': 'Tengine/Aserver', 'EagleEye-TraceId': '215041a617681045604676900e5ee6', 'Timing-Allow-Origin': '*'}
2026-01-11 12:08:45 - app - INFO - 删除文件响应内容: {"status":200,"code":0,"message":"","timestamp":1768104560,"data":{"task_id":"472860b9ac6340e98686402201700df2","finish":false},"metadata":{"tq_gap":500}}
2026-01-11 12:08:45 - app - INFO - 删除文件API返回: {'status': 200, 'code': 0, 'message': '', 'timestamp': 1768104560, 'data': {'task_id': '472860b9ac6340e98686402201700df2', 'finish': False}, 'metadata': {'tq_gap': 500}}
2026-01-11 12:08:45 - app - INFO - 删除是异步任务，task_id: 472860b9ac6340e98686402201700df2，开始查询任务结果
2026-01-11 12:08:45 - app - INFO - 删除文件响应状态码: 200
2026-01-11 12:08:45 - app - INFO - 删除文件响应状态码: 200
2026-01-11 12:08:45 - app - INFO - 删除文件响应头: {'Date': 'Sun, 11 Jan 2026 04:09:20 GMT', 'Content-Type': 'application/json;charset=UTF-8', 'Transfer-Encoding': 'chunked', 'Connection': 'keep-alive', 'Vary': 'Accept-Encoding', 'X-Content-Type-Options': 'nosniff', 'X-XSS-Protection': '1; mode=block', 'Cache-Control': 'no-cache, no-store, max-age=0, must-revalidate', 'Pragma': 'no-cache', 'Expires': '0', 'X-Frame-Options': 'DENY', 'Strict-Transport-Security': 'max-age=31536000 ; includeSubDomains, max-age=0', 'X-Application-Context': 'clouddrive-api:dev,online,quark:9019', 'x-req-id': '99krqu-288515a5b0c7e1', 'Set-Cookie': '__puus=0d8c34918d77946357b450187f868e18AARJjJpfrj6G9JXAPO71pYOro4LAW8YGovo26tv9NkjisEc/hNz1gJLggzj/rMITPDRJEOtLB3iSWDwon5ZPkkloAxMK/PNrwsBntax+o1ROIkUQecZt36wKAoyZo5DYlmohxc/Isg7negD/1QLdiVDHYPrhklMHPeRx3gn4XdPv2+XU+KXlwnfHRZ8JLd/l/9gdlc2CGjZBrzx62pJq/s1c; Max-Age=86400; Expires=Mon, 12-Jan-2026 04:09:20 GMT; Domain=quark.cn; Path=/', 'Content-Encoding': 'gzip', 'Server': 'Tengine/Aserver', 'EagleEye-TraceId': '2150419317681045604754544ea09b', 'Timing-Allow-Origin': '*'}
2026-01-11 12:08:45 - app - INFO - 删除文件响应状态码: 200
2026-01-11 12:08:45 - app - INFO - 删除文件响应头: {'Date': 'Sun, 11 Jan 2026 04:09:20 GMT', 'Content-Type': 'application/json;charset=UTF-8', 'Transfer-Encoding': 'chunked', 'Connection': 'keep-alive', 'Vary': 'Accept-Encoding', 'X-Content-Type-Options': 'nosniff', 'X-XSS-Protection': '1; mode=block', 'Cache-Control': 'no-cache, no-store, max-age=0, must-revalidate', 'Pragma': 'no-cache', 'Expires': '0', 'X-Frame-Options': 'DENY', 'Strict-Transport-Security': 'max-age=31536000 ; includeSubDomains, max-age=0', 'X-Application-Context': 'clouddrive-api:dev,online,quark:9019', 'x-req-id': '977zbl-288515a5b57c42', 'Set-Cookie': '__puus=0d8c34918d77946357b450187f868e18AARJjJpfrj6G9JXAPO71pYOro4LAW8YGovo26tv9NkjisEc/hNz1gJLggzj/rMITPDRJEOtLB3iSWDwon5ZPkkloAxMK/PNrwsBntax+o1ROIkUQecZt36wKAoyZo5DYlmohxc/Isg7negD/1QLdiVDHYPrhklMHPeRx3gn4XdPv2+XU+KXlwnfHRZ8JLd/l/9gdlc2CGjZBrzx62pJq/s1c; Max-Age=86400; Expires=Mon, 12-Jan-2026 04:09:20 GMT; Domain=quark.cn; Path=/', 'Content-Encoding': 'gzip', 'Server': 'Tengine/Aserver', 'EagleEye-TraceId': '215041a017681045604841898e50f8', 'Timing-Allow-Origin': '*'}
2026-01-11 12:08:45 - app - INFO - 删除文件响应内容: {"status":200,"code":0,"message":"","timestamp":1768104560,"data":{"task_id":"26921d0048bf4b54b59d381febf0ca4f","finish":false},"metadata":{"tq_gap":500}}
2026-01-11 12:08:45 - app - INFO - 删除文件响应头: {'Date': 'Sun, 11 Jan 2026 04:09:20 GMT', 'Content-Type': 'application/json;charset=UTF-8', 'Transfer-Encoding': 'chunked', 'Connection': 'keep-alive', 'Vary': 'Accept-Encoding', 'X-Content-Type-Options': 'nosniff', 'X-XSS-Protection': '1; mode=block', 'Cache-Control': 'no-cache, no-store, max-age=0, must-revalidate', 'Pragma': 'no-cache', 'Expires': '0', 'X-Frame-Options': 'DENY', 'Strict-Transport-Security': 'max-age=31536000 ; includeSubDomains, max-age=0', 'X-Application-Context': 'clouddrive-api:dev,online,quark:9019', 'x-req-id': '32ezx9-288515a5b2f5d5', 'Set-Cookie': '__puus=0d8c34918d77946357b450187f868e18AARJjJpfrj6G9JXAPO71pYOro4LAW8YGovo26tv9NkjisEc/hNz1gJLggzj/rMITPDRJEOtLB3iSWDwon5ZPkkloAxMK/PNrwsBntax+o1ROIkUQecZt36wKAoyZo5DYlmohxc/Isg7negD/1QLdiVDHYPrhklMHPeRx3gn4XdPv2+XU+KXlwnfHRZ8JLd/l/9gdlc2CGjZBrzx62pJq/s1c; Max-Age=86400; Expires=Mon, 12-Jan-2026 04:09:20 GMT; Domain=quark.cn; Path=/', 'Content-Encoding': 'gzip', 'Server': 'Tengine/Aserver', 'EagleEye-TraceId': '2150427617681045604808383e61c5', 'Timing-Allow-Origin': '*'}
2026-01-11 12:08:45 - app - INFO - 删除文件响应内容: {"status":200,"code":0,"message":"","timestamp":1768104560,"data":{"task_id":"dc8a9b8c532d40acba0873f540713256","finish":false},"metadata":{"tq_gap":500}}
2026-01-11 12:08:45 - app - INFO - 删除文件API返回: {'status': 200, 'code': 0, 'message': '', 'timestamp': 1768104560, 'data': {'task_id': '26921d0048bf4b54b59d381febf0ca4f', 'finish': False}, 'metadata': {'tq_gap': 500}}
2026-01-11 12:08:45 - app - INFO - 删除文件响应内容: {"status":200,"code":0,"message":"","timestamp":1768104560,"data":{"task_id":"83038f33717445df97938fbb6b9a3c4a","finish":false},"metadata":{"tq_gap":500}}
2026-01-11 12:08:45 - app - INFO - 删除文件API返回: {'status': 200, 'code': 0, 'message': '', 'timestamp': 1768104560, 'data': {'task_id': 'dc8a9b8c532d40acba0873f540713256', 'finish': False}, 'metadata': {'tq_gap': 500}}
2026-01-11 12:08:45 - app - INFO - 删除是异步任务，task_id: 26921d0048bf4b54b59d381febf0ca4f，开始查询任务结果
2026-01-11 12:08:45 - app - INFO - 删除文件API返回: {'status': 200, 'code': 0, 'message': '', 'timestamp': 1768104560, 'data': {'task_id': '83038f33717445df97938fbb6b9a3c4a', 'finish': False}, 'metadata': {'tq_gap': 500}}
2026-01-11 12:08:45 - app - INFO - 删除是异步任务，task_id: dc8a9b8c532d40acba0873f540713256，开始查询任务结果
2026-01-11 12:08:45 - app - INFO - 删除是异步任务，task_id: 83038f33717445df97938fbb6b9a3c4a，开始查询任务结果
2026-01-11 12:08:45 - app - INFO - 任务查询 task_id=78fbdb4f0c034dfa96b2e82496ead759, retry_index=0, 响应: {'status': 200, 'code': 0, 'message': '', 'timestamp': 1768104560, 'data': {'task_id': '78fbdb4f0c034dfa96b2e82496ead759', 'task_type': 4, 'task_title': '删除文件', 'status': 1, 'created_at': 1768104560468}, 'metadata': {'tq_gap': 500}}
2026-01-11 12:08:45 - app - INFO - 任务查询 task_id=472860b9ac6340e98686402201700df2, retry_index=0, 响应: {'status': 200, 'code': 0, 'message': '', 'timestamp': 1768104560, 'data': {'task_id': '472860b9ac6340e98686402201700df2', 'task_type': 4, 'task_title': '删除文件', 'status': 1, 'created_at': 1768104560495}, 'metadata': {'tq_gap': 500}}
2026-01-11 12:08:45 - app - INFO - 任务查询 task_id=26921d0048bf4b54b59d381febf0ca4f, retry_index=0, 响应: {'status': 200, 'code': 0, 'message': '', 'timestamp': 1768104560, 'data': {'task_id': '26921d0048bf4b54b59d381febf0ca4f', 'task_type': 4, 'task_title': '删除文件', 'status': 1, 'created_at': 1768104560508}, 'metadata': {'tq_gap': 500}}
2026-01-11 12:08:45 - app - INFO - 任务查询 task_id=dc8a9b8c532d40acba0873f540713256, retry_index=0, 响应: {'status': 200, 'code': 0, 'message': '', 'timestamp': 1768104560, 'data': {'task_id': 'dc8a9b8c532d40acba0873f540713256', 'task_type': 4, 'task_title': '删除文件', 'status': 1, 'created_at': 1768104560513}, 'metadata': {'tq_gap': 500}}
2026-01-11 12:08:45 - app - INFO - 删除文件响应状态码: 200
2026-01-11 12:08:45 - app - INFO - 删除文件响应头: {'Date': 'Sun, 11 Jan 2026 04:09:20 GMT', 'Content-Type': 'application/json;charset=UTF-8', 'Transfer-Encoding': 'chunked', 'Connection': 'keep-alive', 'Vary': 'Accept-Encoding', 'X-Content-Type-Options': 'nosniff', 'X-XSS-Protection': '1; mode=block', 'Cache-Control': 'no-cache, no-store, max-age=0, must-revalidate', 'Pragma': 'no-cache', 'Expires': '0', 'X-Frame-Options': 'DENY', 'Strict-Transport-Security': 'max-age=31536000 ; includeSubDomains, max-age=0', 'X-Application-Context': 'clouddrive-api:dev,online,quark:9019', 'x-req-id': '977sja-288515a5ff35a8', 'Set-Cookie': '__puus=0d8c34918d77946357b450187f868e18AARJjJpfrj6G9JXAPO71pYOro4LAW8YGovo26tv9NkjisEc/hNz1gJLggzj/rMITPDRJEOtLB3iSWDwon5ZPkkloAxMK/PNrwsBntax+o1ROIkUQecZt36wKAoyZo5DYlmohxc/Isg7negD/1QLdiVDHYPrhklMHPeRx3gn4XdPv2+XU+KXlwnfHRZ8JLd/l/9gdlc2CGjZBrzx62pJq/s1c; Max-Age=86400; Expires=Mon, 12-Jan-2026 04:09:20 GMT; Domain=quark.cn; Path=/', 'Content-Encoding': 'gzip', 'Server': 'Tengine/Aserver', 'EagleEye-TraceId': '2150420717681045604834833e07c7', 'Timing-Allow-Origin': '*'}
2026-01-11 12:08:45 - app - INFO - 删除文件响应内容: {"status":200,"code":0,"message":"","timestamp":1768104560,"data":{"task_id":"062fbe79e8094560b8d698be619699da","finish":false},"metadata":{"tq_gap":500}}
2026-01-11 12:08:45 - app - INFO - 删除文件API返回: {'status': 200, 'code': 0, 'message': '', 'timestamp': 1768104560, 'data': {'task_id': '062fbe79e8094560b8d698be619699da', 'finish': False}, 'metadata': {'tq_gap': 500}}
2026-01-11 12:08:45 - app - INFO - 删除是异步任务，task_id: 062fbe79e8094560b8d698be619699da，开始查询任务结果
2026-01-11 12:08:45 - app - INFO - 任务查询 task_id=83038f33717445df97938fbb6b9a3c4a, retry_index=0, 响应: {'status': 200, 'code': 0, 'message': '', 'timestamp': 1768104560, 'data': {'task_id': '83038f33717445df97938fbb6b9a3c4a', 'task_type': 4, 'task_title': '删除文件', 'status': 2, 'created_at': 1768104560513, 'affected_file_num': 3}, 'metadata': {'tq_gap': 500}}
2026-01-11 12:08:45 - app - INFO - 任务完成: {'status': 200, 'code': 0, 'message': '', 'timestamp': 1768104560, 'data': {'task_id': '83038f33717445df97938fbb6b9a3c4a', 'task_type': 4, 'task_title': '删除文件', 'status': 2, 'created_at': 1768104560513, 'affected_file_num': 3}, 'metadata': {'tq_gap': 500}}
2026-01-11 12:08:45 - app - INFO - 删除任务查询结果: {'status': 200, 'code': 0, 'message': '', 'timestamp': 1768104560, 'data': {'task_id': '83038f33717445df97938fbb6b9a3c4a', 'task_type': 4, 'task_title': '删除文件', 'status': 2, 'created_at': 1768104560513, 'affected_file_num': 3}, 'metadata': {'tq_gap': 500}}
2026-01-11 12:08:45 - app - INFO - 删除操作返回: {'code': 0, 'message': '删除成功', 'data': {'task_id': '83038f33717445df97938fbb6b9a3c4a', 'task_type': 4, 'task_title': '删除文件', 'status': 2, 'created_at': 1768104560513, 'affected_file_num': 3}}
2026-01-11 12:08:45 - app - INFO - 收到删除请求，原始数据: {'account_id': '1', 'file_ids': ['e0a28340d266472087e5a9856e936bcc']}
2026-01-11 12:08:45 - app - INFO - 解析后参数: account_id=1, file_ids=['e0a28340d266472087e5a9856e936bcc']
2026-01-11 12:08:46 - app - INFO - 使用账号: ces
2026-01-11 12:08:46 - app - INFO - 删除文件请求: URL=https://drive-pc.quark.cn/1/clouddrive/file/delete
2026-01-11 12:08:46 - app - INFO - 删除文件请求参数: {'pr': 'ucpro', 'fr': 'pc', 'uc_param_str': ''}
2026-01-11 12:08:46 - app - INFO - 删除文件请求体: {'action_type': 2, 'filelist': ['e0a28340d266472087e5a9856e936bcc'], 'exclude_fids': []}
2026-01-11 12:08:46 - app - INFO - 任务查询 task_id=062fbe79e8094560b8d698be619699da, retry_index=0, 响应: {'status': 200, 'code': 0, 'message': '', 'timestamp': 1768104561, 'data': {'task_id': '062fbe79e8094560b8d698be619699da', 'task_type': 4, 'task_title': '删除文件', 'status': 1, 'created_at': 1768104560685}, 'metadata': {'tq_gap': 500}}
2026-01-11 12:08:46 - app - INFO - 删除文件响应状态码: 200
2026-01-11 12:08:46 - app - INFO - 删除文件响应头: {'Date': 'Sun, 11 Jan 2026 04:09:21 GMT', 'Content-Type': 'application/json;charset=UTF-8', 'Transfer-Encoding': 'chunked', 'Connection': 'keep-alive', 'Vary': 'Accept-Encoding', 'X-Content-Type-Options': 'nosniff', 'X-XSS-Protection': '1; mode=block', 'Cache-Control': 'no-cache, no-store, max-age=0, must-revalidate', 'Pragma': 'no-cache', 'Expires': '0', 'X-Frame-Options': 'DENY', 'Strict-Transport-Security': 'max-age=31536000 ; includeSubDomains, max-age=0', 'X-Application-Context': 'clouddrive-api:dev,online,quark:9019', 'x-req-id': '99fo4g-288515a6f7aebc', 'Set-Cookie': '__puus=f75607b7494a5c8e63bc246b4e95ead2AARJjJpfrj6G9JXAPO71pYOro4LAW8YGovo26tv9NkjisHUuIerd32XY5L0D+/LZmoh4uw64yCKHy47Lt4d4JsfwzruDxUKxqSYAVIw/QaHzeI24AZksedrpRqP6MPoYPjhsCGbqg+U3SizH0EeyVnA5tWiyPlZ0KiRVE3TQ6LF4MvkXFe3FyZ6xnPGkf4VbUNDwqKD8GsyP6Gom+2Yq3A1h; Max-Age=86400; Expires=Mon, 12-Jan-2026 04:09:21 GMT; Domain=quark.cn; Path=/', 'Content-Encoding': 'gzip', 'Server': 'Tengine/Aserver', 'EagleEye-TraceId': '2150425f17681045611322563ea38d', 'Timing-Allow-Origin': '*'}
2026-01-11 12:08:46 - app - INFO - 删除文件响应内容: {"status":200,"code":0,"message":"","timestamp":1768104561,"data":{"task_id":"07b1cdb7f2034b629f49467b136a28c9","finish":false},"metadata":{"tq_gap":500}}
2026-01-11 12:08:46 - app - INFO - 删除文件API返回: {'status': 200, 'code': 0, 'message': '', 'timestamp': 1768104561, 'data': {'task_id': '07b1cdb7f2034b629f49467b136a28c9', 'finish': False}, 'metadata': {'tq_gap': 500}}
2026-01-11 12:08:46 - app - INFO - 删除是异步任务，task_id: 07b1cdb7f2034b629f49467b136a28c9，开始查询任务结果
2026-01-11 12:08:46 - app - INFO - 任务查询 task_id=78fbdb4f0c034dfa96b2e82496ead759, retry_index=1, 响应: {'status': 200, 'code': 0, 'message': '', 'timestamp': 1768104561, 'data': {'task_id': '78fbdb4f0c034dfa96b2e82496ead759', 'task_type': 4, 'task_title': '删除文件', 'status': 2, 'created_at': 1768104560468, 'affected_file_num': 31}, 'metadata': {'tq_gap': 1000}}
2026-01-11 12:08:46 - app - INFO - 任务完成: {'status': 200, 'code': 0, 'message': '', 'timestamp': 1768104561, 'data': {'task_id': '78fbdb4f0c034dfa96b2e82496ead759', 'task_type': 4, 'task_title': '删除文件', 'status': 2, 'created_at': 1768104560468, 'affected_file_num': 31}, 'metadata': {'tq_gap': 1000}}
2026-01-11 12:08:46 - app - INFO - 删除任务查询结果: {'status': 200, 'code': 0, 'message': '', 'timestamp': 1768104561, 'data': {'task_id': '78fbdb4f0c034dfa96b2e82496ead759', 'task_type': 4, 'task_title': '删除文件', 'status': 2, 'created_at': 1768104560468, 'affected_file_num': 31}, 'metadata': {'tq_gap': 1000}}
2026-01-11 12:08:46 - app - INFO - 删除操作返回: {'code': 0, 'message': '删除成功', 'data': {'task_id': '78fbdb4f0c034dfa96b2e82496ead759', 'task_type': 4, 'task_title': '删除文件', 'status': 2, 'created_at': 1768104560468, 'affected_file_num': 31}}
2026-01-11 12:08:46 - app - INFO - 收到删除请求，原始数据: {'account_id': '1', 'file_ids': ['ec54e8721c92493e848e27b2cac5bb70']}
2026-01-11 12:08:46 - app - INFO - 解析后参数: account_id=1, file_ids=['ec54e8721c92493e848e27b2cac5bb70']
2026-01-11 12:08:46 - app - INFO - 任务查询 task_id=26921d0048bf4b54b59d381febf0ca4f, retry_index=1, 响应: {'status': 200, 'code': 0, 'message': '', 'timestamp': 1768104561, 'data': {'task_id': '26921d0048bf4b54b59d381febf0ca4f', 'task_type': 4, 'task_title': '删除文件', 'status': 2, 'created_at': 1768104560508, 'affected_file_num': 2}, 'metadata': {'tq_gap': 1000}}
2026-01-11 12:08:46 - app - INFO - 使用账号: ces
2026-01-11 12:08:46 - app - INFO - 任务查询 task_id=dc8a9b8c532d40acba0873f540713256, retry_index=1, 响应: {'status': 200, 'code': 0, 'message': '', 'timestamp': 1768104561, 'data': {'task_id': 'dc8a9b8c532d40acba0873f540713256', 'task_type': 4, 'task_title': '删除文件', 'status': 2, 'created_at': 1768104560513, 'affected_file_num': 3}, 'metadata': {'tq_gap': 1000}}
2026-01-11 12:08:46 - app - INFO - 任务查询 task_id=472860b9ac6340e98686402201700df2, retry_index=1, 响应: {'status': 200, 'code': 0, 'message': '', 'timestamp': 1768104561, 'data': {'task_id': '472860b9ac6340e98686402201700df2', 'task_type': 4, 'task_title': '删除文件', 'status': 1, 'created_at': 1768104560495}, 'metadata': {'tq_gap': 1000}}
2026-01-11 12:08:46 - app - INFO - 任务查询 task_id=07b1cdb7f2034b629f49467b136a28c9, retry_index=0, 响应: {'status': 200, 'code': 0, 'message': '', 'timestamp': 1768104561, 'data': {'task_id': '07b1cdb7f2034b629f49467b136a28c9', 'task_type': 4, 'task_title': '删除文件', 'status': 1, 'created_at': 1768104561193}, 'metadata': {'tq_gap': 500}}
2026-01-11 12:08:46 - app - INFO - 任务完成: {'status': 200, 'code': 0, 'message': '', 'timestamp': 1768104561, 'data': {'task_id': '26921d0048bf4b54b59d381febf0ca4f', 'task_type': 4, 'task_title': '删除文件', 'status': 2, 'created_at': 1768104560508, 'affected_file_num': 2}, 'metadata': {'tq_gap': 1000}}
2026-01-11 12:08:46 - app - INFO - 删除文件请求: URL=https://drive-pc.quark.cn/1/clouddrive/file/delete
2026-01-11 12:08:46 - app - INFO - 任务完成: {'status': 200, 'code': 0, 'message': '', 'timestamp': 1768104561, 'data': {'task_id': 'dc8a9b8c532d40acba0873f540713256', 'task_type': 4, 'task_title': '删除文件', 'status': 2, 'created_at': 1768104560513, 'affected_file_num': 3}, 'metadata': {'tq_gap': 1000}}
2026-01-11 12:08:46 - app - INFO - 删除任务查询结果: {'status': 200, 'code': 0, 'message': '', 'timestamp': 1768104561, 'data': {'task_id': '26921d0048bf4b54b59d381febf0ca4f', 'task_type': 4, 'task_title': '删除文件', 'status': 2, 'created_at': 1768104560508, 'affected_file_num': 2}, 'metadata': {'tq_gap': 1000}}
2026-01-11 12:08:46 - app - INFO - 删除文件请求参数: {'pr': 'ucpro', 'fr': 'pc', 'uc_param_str': ''}
2026-01-11 12:08:46 - app - INFO - 删除任务查询结果: {'status': 200, 'code': 0, 'message': '', 'timestamp': 1768104561, 'data': {'task_id': 'dc8a9b8c532d40acba0873f540713256', 'task_type': 4, 'task_title': '删除文件', 'status': 2, 'created_at': 1768104560513, 'affected_file_num': 3}, 'metadata': {'tq_gap': 1000}}
2026-01-11 12:08:46 - app - INFO - 删除操作返回: {'code': 0, 'message': '删除成功', 'data': {'task_id': '26921d0048bf4b54b59d381febf0ca4f', 'task_type': 4, 'task_title': '删除文件', 'status': 2, 'created_at': 1768104560508, 'affected_file_num': 2}}
2026-01-11 12:08:46 - app - INFO - 删除文件请求体: {'action_type': 2, 'filelist': ['ec54e8721c92493e848e27b2cac5bb70'], 'exclude_fids': []}
2026-01-11 12:08:46 - app - INFO - 删除操作返回: {'code': 0, 'message': '删除成功', 'data': {'task_id': 'dc8a9b8c532d40acba0873f540713256', 'task_type': 4, 'task_title': '删除文件', 'status': 2, 'created_at': 1768104560513, 'affected_file_num': 3}}
2026-01-11 12:08:46 - app - INFO - 收到删除请求，原始数据: {'account_id': '1', 'file_ids': ['0e1af40f68144faca79f32312ccc7d48']}
2026-01-11 12:08:46 - app - INFO - 解析后参数: account_id=1, file_ids=['0e1af40f68144faca79f32312ccc7d48']
2026-01-11 12:08:46 - app - INFO - 使用账号: ces
2026-01-11 12:08:46 - app - INFO - 删除文件请求: URL=https://drive-pc.quark.cn/1/clouddrive/file/delete
2026-01-11 12:08:46 - app - INFO - 删除文件请求参数: {'pr': 'ucpro', 'fr': 'pc', 'uc_param_str': ''}
2026-01-11 12:08:46 - app - INFO - 删除文件请求体: {'action_type': 2, 'filelist': ['0e1af40f68144faca79f32312ccc7d48'], 'exclude_fids': []}
2026-01-11 12:08:46 - app - INFO - 任务查询 task_id=062fbe79e8094560b8d698be619699da, retry_index=1, 响应: {'status': 200, 'code': 0, 'message': '', 'timestamp': 1768104561, 'data': {'task_id': '062fbe79e8094560b8d698be619699da', 'task_type': 4, 'task_title': '删除文件', 'status': 2, 'created_at': 1768104560685, 'affected_file_num': 29}, 'metadata': {'tq_gap': 1000}}
2026-01-11 12:08:46 - app - INFO - 任务完成: {'status': 200, 'code': 0, 'message': '', 'timestamp': 1768104561, 'data': {'task_id': '062fbe79e8094560b8d698be619699da', 'task_type': 4, 'task_title': '删除文件', 'status': 2, 'created_at': 1768104560685, 'affected_file_num': 29}, 'metadata': {'tq_gap': 1000}}
2026-01-11 12:08:46 - app - INFO - 删除任务查询结果: {'status': 200, 'code': 0, 'message': '', 'timestamp': 1768104561, 'data': {'task_id': '062fbe79e8094560b8d698be619699da', 'task_type': 4, 'task_title': '删除文件', 'status': 2, 'created_at': 1768104560685, 'affected_file_num': 29}, 'metadata': {'tq_gap': 1000}}
2026-01-11 12:08:46 - app - INFO - 删除操作返回: {'code': 0, 'message': '删除成功', 'data': {'task_id': '062fbe79e8094560b8d698be619699da', 'task_type': 4, 'task_title': '删除文件', 'status': 2, 'created_at': 1768104560685, 'affected_file_num': 29}}
2026-01-11 12:08:47 - app - INFO - 任务查询 task_id=472860b9ac6340e98686402201700df2, retry_index=2, 响应: {'status': 200, 'code': 0, 'message': '', 'timestamp': 1768104562, 'data': {'task_id': '472860b9ac6340e98686402201700df2', 'task_type': 4, 'task_title': '删除文件', 'status': 1, 'created_at': 1768104560495}, 'metadata': {'tq_gap': 1500}}
2026-01-11 12:08:47 - app - INFO - 任务查询 task_id=07b1cdb7f2034b629f49467b136a28c9, retry_index=1, 响应: {'status': 200, 'code': 0, 'message': '', 'timestamp': 1768104562, 'data': {'task_id': '07b1cdb7f2034b629f49467b136a28c9', 'task_type': 4, 'task_title': '删除文件', 'status': 2, 'created_at': 1768104561193, 'affected_file_num': 2}, 'metadata': {'tq_gap': 1000}}
2026-01-11 12:08:47 - app - INFO - 任务完成: {'status': 200, 'code': 0, 'message': '', 'timestamp': 1768104562, 'data': {'task_id': '07b1cdb7f2034b629f49467b136a28c9', 'task_type': 4, 'task_title': '删除文件', 'status': 2, 'created_at': 1768104561193, 'affected_file_num': 2}, 'metadata': {'tq_gap': 1000}}
2026-01-11 12:08:47 - app - INFO - 删除任务查询结果: {'status': 200, 'code': 0, 'message': '', 'timestamp': 1768104562, 'data': {'task_id': '07b1cdb7f2034b629f49467b136a28c9', 'task_type': 4, 'task_title': '删除文件', 'status': 2, 'created_at': 1768104561193, 'affected_file_num': 2}, 'metadata': {'tq_gap': 1000}}
2026-01-11 12:08:47 - app - INFO - 删除操作返回: {'code': 0, 'message': '删除成功', 'data': {'task_id': '07b1cdb7f2034b629f49467b136a28c9', 'task_type': 4, 'task_title': '删除文件', 'status': 2, 'created_at': 1768104561193, 'affected_file_num': 2}}
2026-01-11 12:08:47 - app - INFO - 删除文件响应状态码: 200
2026-01-11 12:08:47 - app - INFO - 删除文件响应头: {'Date': 'Sun, 11 Jan 2026 04:09:22 GMT', 'Content-Type': 'application/json;charset=UTF-8', 'Transfer-Encoding': 'chunked', 'Connection': 'keep-alive', 'Vary': 'Accept-Encoding', 'X-Content-Type-Options': 'nosniff', 'X-XSS-Protection': '1; mode=block', 'Cache-Control': 'no-cache, no-store, max-age=0, must-revalidate', 'Pragma': 'no-cache', 'Expires': '0', 'X-Frame-Options': 'DENY', 'Strict-Transport-Security': 'max-age=31536000 ; includeSubDomains, max-age=0', 'X-Application-Context': 'clouddrive-api:dev,online,quark:9019', 'x-req-id': '977mqw-288515a8e53dbc', 'Set-Cookie': '__puus=3de49eb0aac160f99949a2970cc6eef0AARJjJpfrj6G9JXAPO71pYOro4LAW8YGovo26tv9NkjisIV+UOOikdypwL1LCvg/6ZLslg/8YvEgEJuX7kphDUEq6EwBl3p7ozhnQRYrzY9yfmLmp6aQ1rNruVTfNrr65cRbBbb027K/4ONuAogABcoOfSawaRFZvD1jF3cjiHNUJCCHhgykTyLNtNYhIaqi7HBEAMzmPnUW4n8scwUU2ZQ5; Max-Age=86400; Expires=Mon, 12-Jan-2026 04:09:22 GMT; Domain=quark.cn; Path=/', 'Content-Encoding': 'gzip', 'Server': 'Tengine/Aserver', 'EagleEye-TraceId': '215041e517681045621004137e106d', 'Timing-Allow-Origin': '*'}
2026-01-11 12:08:47 - app - INFO - 删除文件响应内容: {"status":200,"code":0,"message":"","timestamp":1768104562,"data":{"task_id":"9b213a8ad8054e1b8d533ab92fda9a91","finish":false},"metadata":{"tq_gap":500}}
2026-01-11 12:08:47 - app - INFO - 删除文件API返回: {'status': 200, 'code': 0, 'message': '', 'timestamp': 1768104562, 'data': {'task_id': '9b213a8ad8054e1b8d533ab92fda9a91', 'finish': False}, 'metadata': {'tq_gap': 500}}
2026-01-11 12:08:47 - app - INFO - 删除是异步任务，task_id: 9b213a8ad8054e1b8d533ab92fda9a91，开始查询任务结果
2026-01-11 12:08:47 - app - INFO - 删除文件响应状态码: 200
2026-01-11 12:08:47 - app - INFO - 删除文件响应头: {'Date': 'Sun, 11 Jan 2026 04:09:22 GMT', 'Content-Type': 'application/json;charset=UTF-8', 'Transfer-Encoding': 'chunked', 'Connection': 'keep-alive', 'Vary': 'Accept-Encoding', 'X-Content-Type-Options': 'nosniff', 'X-XSS-Protection': '1; mode=block', 'Cache-Control': 'no-cache, no-store, max-age=0, must-revalidate', 'Pragma': 'no-cache', 'Expires': '0', 'X-Frame-Options': 'DENY', 'Strict-Transport-Security': 'max-age=31536000 ; includeSubDomains, max-age=0', 'X-Application-Context': 'clouddrive-api:dev,online,quark:9019', 'x-req-id': '99fmpd-288515a90b0504', 'Set-Cookie': '__puus=3de49eb0aac160f99949a2970cc6eef0AARJjJpfrj6G9JXAPO71pYOro4LAW8YGovo26tv9NkjisIV+UOOikdypwL1LCvg/6ZLslg/8YvEgEJuX7kphDUEq6EwBl3p7ozhnQRYrzY9yfmLmp6aQ1rNruVTfNrr65cRbBbb027K/4ONuAogABcoOfSawaRFZvD1jF3cjiHNUJCCHhgykTyLNtNYhIaqi7HBEAMzmPnUW4n8scwUU2ZQ5; Max-Age=86400; Expires=Mon, 12-Jan-2026 04:09:22 GMT; Domain=quark.cn; Path=/', 'Content-Encoding': 'gzip', 'Server': 'Tengine/Aserver', 'EagleEye-TraceId': '215041fc17681045621957266e4645', 'Timing-Allow-Origin': '*'}
2026-01-11 12:08:47 - app - INFO - 删除文件响应内容: {"status":200,"code":0,"message":"","timestamp":1768104562,"data":{"task_id":"bbb2bc8e147b422d8a2f67b9fe5422d0","finish":false},"metadata":{"tq_gap":500}}
2026-01-11 12:08:47 - app - INFO - 删除文件API返回: {'status': 200, 'code': 0, 'message': '', 'timestamp': 1768104562, 'data': {'task_id': 'bbb2bc8e147b422d8a2f67b9fe5422d0', 'finish': False}, 'metadata': {'tq_gap': 500}}
2026-01-11 12:08:47 - app - INFO - 删除是异步任务，task_id: bbb2bc8e147b422d8a2f67b9fe5422d0，开始查询任务结果
2026-01-11 12:08:47 - app - INFO - 任务查询 task_id=9b213a8ad8054e1b8d533ab92fda9a91, retry_index=0, 响应: {'status': 200, 'code': 0, 'message': '', 'timestamp': 1768104562, 'data': {'task_id': '9b213a8ad8054e1b8d533ab92fda9a91', 'task_type': 4, 'task_title': '删除文件', 'status': 1, 'created_at': 1768104562160}, 'metadata': {'tq_gap': 500}}
2026-01-11 12:08:47 - app - INFO - 任务查询 task_id=bbb2bc8e147b422d8a2f67b9fe5422d0, retry_index=0, 响应: {'status': 200, 'code': 0, 'message': '', 'timestamp': 1768104562, 'data': {'task_id': 'bbb2bc8e147b422d8a2f67b9fe5422d0', 'task_type': 4, 'task_title': '删除文件', 'status': 2, 'created_at': 1768104562237, 'affected_file_num': 2}, 'metadata': {'tq_gap': 500}}
2026-01-11 12:08:47 - app - INFO - 任务完成: {'status': 200, 'code': 0, 'message': '', 'timestamp': 1768104562, 'data': {'task_id': 'bbb2bc8e147b422d8a2f67b9fe5422d0', 'task_type': 4, 'task_title': '删除文件', 'status': 2, 'created_at': 1768104562237, 'affected_file_num': 2}, 'metadata': {'tq_gap': 500}}
2026-01-11 12:08:47 - app - INFO - 删除任务查询结果: {'status': 200, 'code': 0, 'message': '', 'timestamp': 1768104562, 'data': {'task_id': 'bbb2bc8e147b422d8a2f67b9fe5422d0', 'task_type': 4, 'task_title': '删除文件', 'status': 2, 'created_at': 1768104562237, 'affected_file_num': 2}, 'metadata': {'tq_gap': 500}}
2026-01-11 12:08:47 - app - INFO - 删除操作返回: {'code': 0, 'message': '删除成功', 'data': {'task_id': 'bbb2bc8e147b422d8a2f67b9fe5422d0', 'task_type': 4, 'task_title': '删除文件', 'status': 2, 'created_at': 1768104562237, 'affected_file_num': 2}}
2026-01-11 12:08:48 - app - INFO - 任务查询 task_id=9b213a8ad8054e1b8d533ab92fda9a91, retry_index=1, 响应: {'status': 200, 'code': 0, 'message': '', 'timestamp': 1768104562, 'data': {'task_id': '9b213a8ad8054e1b8d533ab92fda9a91', 'task_type': 4, 'task_title': '删除文件', 'status': 2, 'created_at': 1768104562160, 'affected_file_num': 2}, 'metadata': {'tq_gap': 1000}}
2026-01-11 12:08:48 - app - INFO - 任务完成: {'status': 200, 'code': 0, 'message': '', 'timestamp': 1768104562, 'data': {'task_id': '9b213a8ad8054e1b8d533ab92fda9a91', 'task_type': 4, 'task_title': '删除文件', 'status': 2, 'created_at': 1768104562160, 'affected_file_num': 2}, 'metadata': {'tq_gap': 1000}}
2026-01-11 12:08:48 - app - INFO - 删除任务查询结果: {'status': 200, 'code': 0, 'message': '', 'timestamp': 1768104562, 'data': {'task_id': '9b213a8ad8054e1b8d533ab92fda9a91', 'task_type': 4, 'task_title': '删除文件', 'status': 2, 'created_at': 1768104562160, 'affected_file_num': 2}, 'metadata': {'tq_gap': 1000}}
2026-01-11 12:08:48 - app - INFO - 删除操作返回: {'code': 0, 'message': '删除成功', 'data': {'task_id': '9b213a8ad8054e1b8d533ab92fda9a91', 'task_type': 4, 'task_title': '删除文件', 'status': 2, 'created_at': 1768104562160, 'affected_file_num': 2}}
2026-01-11 12:08:48 - app - INFO - 任务查询 task_id=472860b9ac6340e98686402201700df2, retry_index=3, 响应: {'status': 200, 'code': 0, 'message': '', 'timestamp': 1768104563, 'data': {'task_id': '472860b9ac6340e98686402201700df2', 'task_type': 4, 'task_title': '删除文件', 'status': 1, 'created_at': 1768104560495}, 'metadata': {'tq_gap': 2000}}
2026-01-11 12:08:54 - app - INFO - 收到删除请求，原始数据: {'account_id': '1', 'file_ids': ['b3a42f5a024247c1bec7d7eaf2e1a595']}
2026-01-11 12:08:54 - app - INFO - 解析后参数: account_id=1, file_ids=['b3a42f5a024247c1bec7d7eaf2e1a595']
2026-01-11 12:08:54 - app - INFO - 使用账号: ces
2026-01-11 12:08:54 - app - INFO - 删除文件请求: URL=https://drive-pc.quark.cn/1/clouddrive/file/delete
2026-01-11 12:08:54 - app - INFO - 删除文件请求参数: {'pr': 'ucpro', 'fr': 'pc', 'uc_param_str': ''}
2026-01-11 12:08:54 - app - INFO - 删除文件请求体: {'action_type': 2, 'filelist': ['b3a42f5a024247c1bec7d7eaf2e1a595'], 'exclude_fids': []}
2026-01-11 12:08:55 - app - INFO - 任务查询 task_id=472860b9ac6340e98686402201700df2, retry_index=4, 响应: {'status': 200, 'code': 0, 'message': '', 'timestamp': 1768104570, 'data': {'task_id': '472860b9ac6340e98686402201700df2', 'task_type': 4, 'task_title': '删除文件', 'status': 2, 'created_at': 1768104560495, 'affected_file_num': 178}, 'metadata': {'tq_gap': 2500}}
2026-01-11 12:08:55 - app - INFO - 任务完成: {'status': 200, 'code': 0, 'message': '', 'timestamp': 1768104570, 'data': {'task_id': '472860b9ac6340e98686402201700df2', 'task_type': 4, 'task_title': '删除文件', 'status': 2, 'created_at': 1768104560495, 'affected_file_num': 178}, 'metadata': {'tq_gap': 2500}}
2026-01-11 12:08:55 - app - INFO - 删除任务查询结果: {'status': 200, 'code': 0, 'message': '', 'timestamp': 1768104570, 'data': {'task_id': '472860b9ac6340e98686402201700df2', 'task_type': 4, 'task_title': '删除文件', 'status': 2, 'created_at': 1768104560495, 'affected_file_num': 178}, 'metadata': {'tq_gap': 2500}}
2026-01-11 12:08:55 - app - INFO - 删除操作返回: {'code': 0, 'message': '删除成功', 'data': {'task_id': '472860b9ac6340e98686402201700df2', 'task_type': 4, 'task_title': '删除文件', 'status': 2, 'created_at': 1768104560495, 'affected_file_num': 178}}
2026-01-11 12:08:55 - app - INFO - 删除文件响应状态码: 200
2026-01-11 12:08:55 - app - INFO - 删除文件响应头: {'Date': 'Sun, 11 Jan 2026 04:09:30 GMT', 'Content-Type': 'application/json;charset=UTF-8', 'Transfer-Encoding': 'chunked', 'Connection': 'keep-alive', 'Vary': 'Accept-Encoding', 'X-Content-Type-Options': 'nosniff', 'X-XSS-Protection': '1; mode=block', 'Cache-Control': 'no-cache, no-store, max-age=0, must-revalidate', 'Pragma': 'no-cache', 'Expires': '0', 'X-Frame-Options': 'DENY', 'Strict-Transport-Security': 'max-age=31536000 ; includeSubDomains, max-age=0', 'X-Application-Context': 'clouddrive-api:dev,online,quark:9019', 'x-req-id': '3blcj2-288515b860cc35', 'Set-Cookie': '__puus=98ba78f867fe2f00bf46b86307864eccAARJjJpfrj6G9JXAPO71pYOrnj53elyqYmtl+oXH0UHzhkitD0dTnBb/M3JtHOXcTSszOYSfhkSbE36k2KXve1XlKrfGtsiQDMrcG904wKBUGObzEdyTYDm0l4I/Q48Qc0bVNjR3Ic77fNoHR+ilV6ypsa+SI5sJYDgQIWc/DonZeM45+VhpvOGGp3IU8BCYpPXlDPLgxSZgoG1aSpes4RrW; Max-Age=86400; Expires=Mon, 12-Jan-2026 04:09:30 GMT; Domain=quark.cn; Path=/', 'Content-Encoding': 'gzip', 'Server': 'Tengine/Aserver', 'EagleEye-TraceId': '2150426317681045700453435eb4b0', 'Timing-Allow-Origin': '*'}
2026-01-11 12:08:55 - app - INFO - 删除文件响应内容: {"status":200,"code":0,"message":"","timestamp":1768104570,"data":{"task_id":"7eb5e781510b4d18b875ad0dc38b8ff3","finish":false},"metadata":{"tq_gap":500}}
2026-01-11 12:08:55 - app - INFO - 删除文件API返回: {'status': 200, 'code': 0, 'message': '', 'timestamp': 1768104570, 'data': {'task_id': '7eb5e781510b4d18b875ad0dc38b8ff3', 'finish': False}, 'metadata': {'tq_gap': 500}}
2026-01-11 12:08:55 - app - INFO - 删除是异步任务，task_id: 7eb5e781510b4d18b875ad0dc38b8ff3，开始查询任务结果
2026-01-11 12:08:55 - app - INFO - 任务查询 task_id=7eb5e781510b4d18b875ad0dc38b8ff3, retry_index=0, 响应: {'status': 200, 'code': 0, 'message': '', 'timestamp': 1768104570, 'data': {'task_id': '7eb5e781510b4d18b875ad0dc38b8ff3', 'task_type': 4, 'task_title': '删除文件', 'status': 2, 'created_at': 1768104570085, 'affected_file_num': 2}, 'metadata': {'tq_gap': 500}}
2026-01-11 12:08:55 - app - INFO - 任务完成: {'status': 200, 'code': 0, 'message': '', 'timestamp': 1768104570, 'data': {'task_id': '7eb5e781510b4d18b875ad0dc38b8ff3', 'task_type': 4, 'task_title': '删除文件', 'status': 2, 'created_at': 1768104570085, 'affected_file_num': 2}, 'metadata': {'tq_gap': 500}}
2026-01-11 12:08:55 - app - INFO - 删除任务查询结果: {'status': 200, 'code': 0, 'message': '', 'timestamp': 1768104570, 'data': {'task_id': '7eb5e781510b4d18b875ad0dc38b8ff3', 'task_type': 4, 'task_title': '删除文件', 'status': 2, 'created_at': 1768104570085, 'affected_file_num': 2}, 'metadata': {'tq_gap': 500}}
2026-01-11 12:08:55 - app - INFO - 删除操作返回: {'code': 0, 'message': '删除成功', 'data': {'task_id': '7eb5e781510b4d18b875ad0dc38b8ff3', 'task_type': 4, 'task_title': '删除文件', 'status': 2, 'created_at': 1768104570085, 'affected_file_num': 2}}
2026-01-11 12:08:55 - app - INFO - 收到删除请求，原始数据: {'account_id': '1', 'file_ids': ['fada289469a3448f80e0ac9a7dc295ff']}
2026-01-11 12:08:55 - app - INFO - 解析后参数: account_id=1, file_ids=['fada289469a3448f80e0ac9a7dc295ff']
2026-01-11 12:08:55 - app - INFO - 使用账号: ces
2026-01-11 12:08:55 - app - INFO - 删除文件请求: URL=https://drive-pc.quark.cn/1/clouddrive/file/delete
2026-01-11 12:08:55 - app - INFO - 删除文件请求参数: {'pr': 'ucpro', 'fr': 'pc', 'uc_param_str': ''}
2026-01-11 12:08:55 - app - INFO - 删除文件请求体: {'action_type': 2, 'filelist': ['fada289469a3448f80e0ac9a7dc295ff'], 'exclude_fids': []}
2026-01-11 12:08:56 - app - INFO - 删除文件响应状态码: 200
2026-01-11 12:08:56 - app - INFO - 删除文件响应头: {'Date': 'Sun, 11 Jan 2026 04:09:31 GMT', 'Content-Type': 'application/json;charset=UTF-8', 'Transfer-Encoding': 'chunked', 'Connection': 'keep-alive', 'Vary': 'Accept-Encoding', 'X-Content-Type-Options': 'nosniff', 'X-XSS-Protection': '1; mode=block', 'Cache-Control': 'no-cache, no-store, max-age=0, must-revalidate', 'Pragma': 'no-cache', 'Expires': '0', 'X-Frame-Options': 'DENY', 'Strict-Transport-Security': 'max-age=31536000 ; includeSubDomains, max-age=0', 'X-Application-Context': 'clouddrive-api:dev,online,quark:9019', 'x-req-id': '97y2m2-288515ba37dfd0', 'Set-Cookie': '__puus=98ba78f867fe2f00bf46b86307864eccAARJjJpfrj6G9JXAPO71pYOrnj53elyqYmtl+oXH0UHzhkitD0dTnBb/M3JtHOXcTSszOYSfhkSbE36k2KXve1XlKrfGtsiQDMrcG904wKBUGObzEdyTYDm0l4I/Q48Qc0bVNjR3Ic77fNoHR+ilV6ypsa+SI5sJYDgQIWc/DonZeM45+VhpvOGGp3IU8BCYpPXlDPLgxSZgoG1aSpes4RrW; Max-Age=86400; Expires=Mon, 12-Jan-2026 04:09:30 GMT; Domain=quark.cn; Path=/', 'Content-Encoding': 'gzip', 'Server': 'Tengine/Aserver', 'EagleEye-TraceId': '215041c017681045709917815e4046', 'Timing-Allow-Origin': '*'}
2026-01-11 12:08:56 - app - INFO - 删除文件响应内容: {"status":200,"code":0,"message":"","timestamp":1768104571,"data":{"task_id":"df438e3ca7414569b853a187319dab2a","finish":false},"metadata":{"tq_gap":500}}
2026-01-11 12:08:56 - app - INFO - 删除文件API返回: {'status': 200, 'code': 0, 'message': '', 'timestamp': 1768104571, 'data': {'task_id': 'df438e3ca7414569b853a187319dab2a', 'finish': False}, 'metadata': {'tq_gap': 500}}
2026-01-11 12:08:56 - app - INFO - 删除是异步任务，task_id: df438e3ca7414569b853a187319dab2a，开始查询任务结果
2026-01-11 12:08:56 - app - INFO - 任务查询 task_id=df438e3ca7414569b853a187319dab2a, retry_index=0, 响应: {'status': 200, 'code': 0, 'message': '', 'timestamp': 1768104571, 'data': {'task_id': 'df438e3ca7414569b853a187319dab2a', 'task_type': 4, 'task_title': '删除文件', 'status': 1, 'created_at': 1768104571016}, 'metadata': {'tq_gap': 500}}
2026-01-11 12:08:57 - app - INFO - 任务查询 task_id=df438e3ca7414569b853a187319dab2a, retry_index=1, 响应: {'status': 200, 'code': 0, 'message': '', 'timestamp': 1768104571, 'data': {'task_id': 'df438e3ca7414569b853a187319dab2a', 'task_type': 4, 'task_title': '删除文件', 'status': 2, 'created_at': 1768104571016, 'affected_file_num': 15}, 'metadata': {'tq_gap': 1000}}
2026-01-11 12:08:57 - app - INFO - 任务完成: {'status': 200, 'code': 0, 'message': '', 'timestamp': 1768104571, 'data': {'task_id': 'df438e3ca7414569b853a187319dab2a', 'task_type': 4, 'task_title': '删除文件', 'status': 2, 'created_at': 1768104571016, 'affected_file_num': 15}, 'metadata': {'tq_gap': 1000}}
2026-01-11 12:08:57 - app - INFO - 删除任务查询结果: {'status': 200, 'code': 0, 'message': '', 'timestamp': 1768104571, 'data': {'task_id': 'df438e3ca7414569b853a187319dab2a', 'task_type': 4, 'task_title': '删除文件', 'status': 2, 'created_at': 1768104571016, 'affected_file_num': 15}, 'metadata': {'tq_gap': 1000}}
2026-01-11 12:08:57 - app - INFO - 删除操作返回: {'code': 0, 'message': '删除成功', 'data': {'task_id': 'df438e3ca7414569b853a187319dab2a', 'task_type': 4, 'task_title': '删除文件', 'status': 2, 'created_at': 1768104571016, 'affected_file_num': 15}}
2026-01-11 12:08:57 - app - INFO - 收到删除请求，原始数据: {'account_id': '1', 'file_ids': ['f4e023c604ea416282e2a4e8ad264eda']}
2026-01-11 12:08:57 - app - INFO - 解析后参数: account_id=1, file_ids=['f4e023c604ea416282e2a4e8ad264eda']
2026-01-11 12:08:57 - app - INFO - 使用账号: ces
2026-01-11 12:08:57 - app - INFO - 删除文件请求: URL=https://drive-pc.quark.cn/1/clouddrive/file/delete
2026-01-11 12:08:57 - app - INFO - 删除文件请求参数: {'pr': 'ucpro', 'fr': 'pc', 'uc_param_str': ''}
2026-01-11 12:08:57 - app - INFO - 删除文件请求体: {'action_type': 2, 'filelist': ['f4e023c604ea416282e2a4e8ad264eda'], 'exclude_fids': []}
2026-01-11 12:08:57 - app - INFO - 删除文件响应状态码: 200
2026-01-11 12:08:57 - app - INFO - 删除文件响应头: {'Date': 'Sun, 11 Jan 2026 04:09:32 GMT', 'Content-Type': 'application/json;charset=UTF-8', 'Transfer-Encoding': 'chunked', 'Connection': 'keep-alive', 'Vary': 'Accept-Encoding', 'X-Content-Type-Options': 'nosniff', 'X-XSS-Protection': '1; mode=block', 'Cache-Control': 'no-cache, no-store, max-age=0, must-revalidate', 'Pragma': 'no-cache', 'Expires': '0', 'X-Frame-Options': 'DENY', 'Strict-Transport-Security': 'max-age=31536000 ; includeSubDomains, max-age=0', 'X-Application-Context': 'clouddrive-api:dev,online,quark:9019', 'x-req-id': '99fhuw-288515bcd5c2d0', 'Set-Cookie': '__puus=a29aeded2e51cb3e659fbfe233004e58AARJjJpfrj6G9JXAPO71pYOrnj53elyqYmtl+oXH0UHzhkmTLyua3CB1lbc4WUmYErYJ4IyHi1Wkg3x0XwZxzUOIY0lElzKQqxPfDZJGLgTczs9e7Sovik4+XEBzBxRVUO807/T9QCOI0JtMz7N4rgWLAaCqod53HweQUCQ/abORsOOU0h3TPgO8JYkeuCDtp+cgXlpWMEkJ0nnsnL4JJk3Z; Max-Age=86400; Expires=Mon, 12-Jan-2026 04:09:32 GMT; Domain=quark.cn; Path=/', 'Content-Encoding': 'gzip', 'Server': 'Tengine/Aserver', 'EagleEye-TraceId': '215041d117681045723266435ef7fb', 'Timing-Allow-Origin': '*'}
2026-01-11 12:08:57 - app - INFO - 删除文件响应内容: {"status":200,"code":0,"message":"","timestamp":1768104572,"data":{"task_id":"4d345d1727a64d4c8c32c9f1b35c2b7b","finish":false},"metadata":{"tq_gap":500}}
2026-01-11 12:08:57 - app - INFO - 删除文件API返回: {'status': 200, 'code': 0, 'message': '', 'timestamp': 1768104572, 'data': {'task_id': '4d345d1727a64d4c8c32c9f1b35c2b7b', 'finish': False}, 'metadata': {'tq_gap': 500}}
2026-01-11 12:08:57 - app - INFO - 删除是异步任务，task_id: 4d345d1727a64d4c8c32c9f1b35c2b7b，开始查询任务结果
2026-01-11 12:08:57 - app - INFO - 任务查询 task_id=4d345d1727a64d4c8c32c9f1b35c2b7b, retry_index=0, 响应: {'status': 200, 'code': 0, 'message': '', 'timestamp': 1768104572, 'data': {'task_id': '4d345d1727a64d4c8c32c9f1b35c2b7b', 'task_type': 4, 'task_title': '删除文件', 'status': 1, 'created_at': 1768104572355}, 'metadata': {'tq_gap': 500}}
2026-01-11 12:08:58 - app - INFO - 任务查询 task_id=4d345d1727a64d4c8c32c9f1b35c2b7b, retry_index=1, 响应: {'status': 200, 'code': 0, 'message': '', 'timestamp': 1768104573, 'data': {'task_id': '4d345d1727a64d4c8c32c9f1b35c2b7b', 'task_type': 4, 'task_title': '删除文件', 'status': 2, 'created_at': 1768104572355, 'affected_file_num': 2}, 'metadata': {'tq_gap': 1000}}
2026-01-11 12:08:58 - app - INFO - 任务完成: {'status': 200, 'code': 0, 'message': '', 'timestamp': 1768104573, 'data': {'task_id': '4d345d1727a64d4c8c32c9f1b35c2b7b', 'task_type': 4, 'task_title': '删除文件', 'status': 2, 'created_at': 1768104572355, 'affected_file_num': 2}, 'metadata': {'tq_gap': 1000}}
2026-01-11 12:08:58 - app - INFO - 删除任务查询结果: {'status': 200, 'code': 0, 'message': '', 'timestamp': 1768104573, 'data': {'task_id': '4d345d1727a64d4c8c32c9f1b35c2b7b', 'task_type': 4, 'task_title': '删除文件', 'status': 2, 'created_at': 1768104572355, 'affected_file_num': 2}, 'metadata': {'tq_gap': 1000}}
2026-01-11 12:08:58 - app - INFO - 删除操作返回: {'code': 0, 'message': '删除成功', 'data': {'task_id': '4d345d1727a64d4c8c32c9f1b35c2b7b', 'task_type': 4, 'task_title': '删除文件', 'status': 2, 'created_at': 1768104572355, 'affected_file_num': 2}}
2026-01-11 12:08:59 - app - INFO - 收到删除请求，原始数据: {'account_id': '1', 'file_ids': ['06dd4cbf4f8d4b0ba91a433a45ca95a2']}
2026-01-11 12:08:59 - app - INFO - 解析后参数: account_id=1, file_ids=['06dd4cbf4f8d4b0ba91a433a45ca95a2']
2026-01-11 12:08:59 - app - INFO - 使用账号: ces
2026-01-11 12:08:59 - app - INFO - 删除文件请求: URL=https://drive-pc.quark.cn/1/clouddrive/file/delete
2026-01-11 12:08:59 - app - INFO - 删除文件请求参数: {'pr': 'ucpro', 'fr': 'pc', 'uc_param_str': ''}
2026-01-11 12:08:59 - app - INFO - 删除文件请求体: {'action_type': 2, 'filelist': ['06dd4cbf4f8d4b0ba91a433a45ca95a2'], 'exclude_fids': []}
2026-01-11 12:08:59 - app - INFO - 删除文件响应状态码: 200
2026-01-11 12:08:59 - app - INFO - 删除文件响应头: {'Date': 'Sun, 11 Jan 2026 04:09:34 GMT', 'Content-Type': 'application/json;charset=UTF-8', 'Transfer-Encoding': 'chunked', 'Connection': 'keep-alive', 'Vary': 'Accept-Encoding', 'X-Content-Type-Options': 'nosniff', 'X-XSS-Protection': '1; mode=block', 'Cache-Control': 'no-cache, no-store, max-age=0, must-revalidate', 'Pragma': 'no-cache', 'Expires': '0', 'X-Frame-Options': 'DENY', 'Strict-Transport-Security': 'max-age=31536000 ; includeSubDomains, max-age=0', 'X-Application-Context': 'clouddrive-api:dev,online,quark:9019', 'x-req-id': '9f05cn-288515c104ec12', 'Set-Cookie': '__puus=c1cd4840fd5c76038ff190ff9ce0e1b1AARJjJpfrj6G9JXAPO71pYOrnj53elyqYmtl+oXH0UHzhpVTcBYEjgZRllOiTgubxOMJ+gqxvUZBwX/4r50uuXcT+NzHH00gaSDSYgncSr4YYVqOTdGkJVtzrWXKSbtwaiizi9KBqbcGfQDJ50xattZRxvQM5fIeQrxj0nvmI8VU6yMWARhsTGsxMGzLBCYtSlaIqSu1od754aLAjLOa13Ru; Max-Age=86400; Expires=Mon, 12-Jan-2026 04:09:34 GMT; Domain=quark.cn; Path=/', 'Content-Encoding': 'gzip', 'Server': 'Tengine/Aserver', 'EagleEye-TraceId': '2150420517681045744546200e9d7e', 'Timing-Allow-Origin': '*'}
2026-01-11 12:08:59 - app - INFO - 删除文件响应内容: {"status":200,"code":0,"message":"","timestamp":1768104574,"data":{"task_id":"ccd2834ef990435aa43d01b7df5a1c2d","finish":false},"metadata":{"tq_gap":500}}
2026-01-11 12:08:59 - app - INFO - 删除文件API返回: {'status': 200, 'code': 0, 'message': '', 'timestamp': 1768104574, 'data': {'task_id': 'ccd2834ef990435aa43d01b7df5a1c2d', 'finish': False}, 'metadata': {'tq_gap': 500}}
2026-01-11 12:08:59 - app - INFO - 删除是异步任务，task_id: ccd2834ef990435aa43d01b7df5a1c2d，开始查询任务结果
2026-01-11 12:08:59 - app - INFO - 任务查询 task_id=ccd2834ef990435aa43d01b7df5a1c2d, retry_index=0, 响应: {'status': 200, 'code': 0, 'message': '', 'timestamp': 1768104574, 'data': {'task_id': 'ccd2834ef990435aa43d01b7df5a1c2d', 'task_type': 4, 'task_title': '删除文件', 'status': 1, 'created_at': 1768104574552}, 'metadata': {'tq_gap': 500}}
2026-01-11 12:09:01 - app - INFO - 收到删除请求，原始数据: {'account_id': '1', 'file_ids': ['9399ca5fda57421a9c5b14c94a4b4f77']}
2026-01-11 12:09:01 - app - INFO - 解析后参数: account_id=1, file_ids=['9399ca5fda57421a9c5b14c94a4b4f77']
2026-01-11 12:09:01 - app - INFO - 使用账号: ces
2026-01-11 12:09:01 - app - INFO - 删除文件请求: URL=https://drive-pc.quark.cn/1/clouddrive/file/delete
2026-01-11 12:09:01 - app - INFO - 删除文件请求参数: {'pr': 'ucpro', 'fr': 'pc', 'uc_param_str': ''}
2026-01-11 12:09:01 - app - INFO - 删除文件请求体: {'action_type': 2, 'filelist': ['9399ca5fda57421a9c5b14c94a4b4f77'], 'exclude_fids': []}
2026-01-11 12:09:06 - app - INFO - 任务查询 task_id=ccd2834ef990435aa43d01b7df5a1c2d, retry_index=1, 响应: {'status': 200, 'code': 0, 'message': '', 'timestamp': 1768104581, 'data': {'task_id': 'ccd2834ef990435aa43d01b7df5a1c2d', 'task_type': 4, 'task_title': '删除文件', 'status': 2, 'created_at': 1768104574552, 'affected_file_num': 8}, 'metadata': {'tq_gap': 1000}}
2026-01-11 12:09:06 - app - INFO - 任务完成: {'status': 200, 'code': 0, 'message': '', 'timestamp': 1768104581, 'data': {'task_id': 'ccd2834ef990435aa43d01b7df5a1c2d', 'task_type': 4, 'task_title': '删除文件', 'status': 2, 'created_at': 1768104574552, 'affected_file_num': 8}, 'metadata': {'tq_gap': 1000}}
2026-01-11 12:09:06 - app - INFO - 删除任务查询结果: {'status': 200, 'code': 0, 'message': '', 'timestamp': 1768104581, 'data': {'task_id': 'ccd2834ef990435aa43d01b7df5a1c2d', 'task_type': 4, 'task_title': '删除文件', 'status': 2, 'created_at': 1768104574552, 'affected_file_num': 8}, 'metadata': {'tq_gap': 1000}}
2026-01-11 12:09:06 - app - INFO - 删除操作返回: {'code': 0, 'message': '删除成功', 'data': {'task_id': 'ccd2834ef990435aa43d01b7df5a1c2d', 'task_type': 4, 'task_title': '删除文件', 'status': 2, 'created_at': 1768104574552, 'affected_file_num': 8}}
2026-01-11 12:09:06 - app - INFO - 删除文件响应状态码: 200
2026-01-11 12:09:06 - app - INFO - 删除文件响应头: {'Date': 'Sun, 11 Jan 2026 04:09:41 GMT', 'Content-Type': 'application/json;charset=UTF-8', 'Transfer-Encoding': 'chunked', 'Connection': 'keep-alive', 'Vary': 'Accept-Encoding', 'X-Content-Type-Options': 'nosniff', 'X-XSS-Protection': '1; mode=block', 'Cache-Control': 'no-cache, no-store, max-age=0, must-revalidate', 'Pragma': 'no-cache', 'Expires': '0', 'X-Frame-Options': 'DENY', 'Strict-Transport-Security': 'max-age=31536000 ; includeSubDomains, max-age=0', 'X-Application-Context': 'clouddrive-api:dev,online,quark:9019', 'x-req-id': '977ub6-288515ce3970aa', 'Set-Cookie': '__puus=59f42bd14b822ba48dedb931d00003f1AARJjJpfrj6G9JXAPO71pYOrs3pk7Oi+G9EJeU0T459WePoioRkDe3mJV+7H6RcD/5S2GH7eUQTT3VsqpE8+0x8YmZXAhLfcsIRMVgIYyg6QCUO3mK7dkO+MPbgSsum57POeSC7Ia2Im8v1mw09UpJTVUZp8Oz3+yNFpYZ7G1bu3BvyHu8fjqu3bO5vUvAqvEbUSuDE+RCfN7hb57efwaofT; Max-Age=86400; Expires=Mon, 12-Jan-2026 04:09:41 GMT; Domain=quark.cn; Path=/', 'Content-Encoding': 'gzip', 'Server': 'Tengine/Aserver', 'EagleEye-TraceId': '2150427a17681045812297671e15d7', 'Timing-Allow-Origin': '*'}
2026-01-11 12:09:06 - app - INFO - 删除文件响应内容: {"status":200,"code":0,"message":"","timestamp":1768104581,"data":{"task_id":"47638cd289074a9393adadeadbfacb99","finish":false},"metadata":{"tq_gap":500}}
2026-01-11 12:09:06 - app - INFO - 删除文件API返回: {'status': 200, 'code': 0, 'message': '', 'timestamp': 1768104581, 'data': {'task_id': '47638cd289074a9393adadeadbfacb99', 'finish': False}, 'metadata': {'tq_gap': 500}}
2026-01-11 12:09:06 - app - INFO - 删除是异步任务，task_id: 47638cd289074a9393adadeadbfacb99，开始查询任务结果
2026-01-11 12:09:06 - app - INFO - 任务查询 task_id=47638cd289074a9393adadeadbfacb99, retry_index=0, 响应: {'status': 200, 'code': 0, 'message': '', 'timestamp': 1768104581, 'data': {'task_id': '47638cd289074a9393adadeadbfacb99', 'task_type': 4, 'task_title': '删除文件', 'status': 2, 'created_at': 1768104581277, 'affected_file_num': 1}, 'metadata': {'tq_gap': 500}}
2026-01-11 12:09:06 - app - INFO - 任务完成: {'status': 200, 'code': 0, 'message': '', 'timestamp': 1768104581, 'data': {'task_id': '47638cd289074a9393adadeadbfacb99', 'task_type': 4, 'task_title': '删除文件', 'status': 2, 'created_at': 1768104581277, 'affected_file_num': 1}, 'metadata': {'tq_gap': 500}}
2026-01-11 12:09:06 - app - INFO - 删除任务查询结果: {'status': 200, 'code': 0, 'message': '', 'timestamp': 1768104581, 'data': {'task_id': '47638cd289074a9393adadeadbfacb99', 'task_type': 4, 'task_title': '删除文件', 'status': 2, 'created_at': 1768104581277, 'affected_file_num': 1}, 'metadata': {'tq_gap': 500}}
2026-01-11 12:09:06 - app - INFO - 删除操作返回: {'code': 0, 'message': '删除成功', 'data': {'task_id': '47638cd289074a9393adadeadbfacb99', 'task_type': 4, 'task_title': '删除文件', 'status': 2, 'created_at': 1768104581277, 'affected_file_num': 1}}
2026-01-11 12:09:11 - app - INFO - [任务1] 开始执行任务: 测试
2026-01-11 12:09:11 - app - INFO - [任务1] 使用账号: ces
2026-01-11 12:09:11 - app - INFO - [任务1] 目标路径: /夸克自动转存测试
2026-01-11 12:09:11 - app - INFO - [任务1] 共有 1 个分享链接待处理
2026-01-11 12:09:11 - app - INFO - [任务1] [1/1] 正在处理: https://pan.quark.cn/s/6a987195b6ce#/list/share/b2bcaaa2cc25...
2026-01-11 12:09:11 - app - INFO - [任务1] [1/1] 解析分享链接...
2026-01-11 12:09:11 - app - INFO - 解析结果 - pwd_id: 6a987195b6ce, passcode: , folder_id: b2bcaaa2cc254301a439d05ed0e9acc7
2026-01-11 12:09:11 - app - INFO - [任务1] [1/1] 解析结果: pwd_id=6a987195b6ce, folder_id=b2bcaaa2cc254301a439d05ed0e9acc7
2026-01-11 12:09:11 - app - INFO - [任务1] [1/1] 获取分享令牌...
2026-01-11 12:09:17 - app - INFO - [任务1] [1/1] 使用URL中的文件夹ID: b2bcaaa2cc254301a439d05ed0e9acc7
2026-01-11 12:09:17 - app - INFO - [任务1] [1/1] 获取文件列表...
2026-01-11 12:09:18 - app - INFO - [任务1] [1/1] 递归扫描完成，共找到 30 个文件，0 个文件夹
2026-01-11 12:09:18 - app - INFO - [任务1] [1/1] 分析目录结构...
2026-01-11 12:09:18 - app - INFO - [任务1] [1/1] 需要转存 1 个文件夹中的文件
2026-01-11 12:09:18 - app - INFO - [任务1] [1/1] 查找目标文件夹...
2026-01-11 12:09:18 - app - INFO - [任务1] [1/1] 使用子文件夹模式: /夸克自动转存测试/20260111
2026-01-11 12:09:18 - app - INFO - [任务1] [1/1] 正在查询路径: /夸克自动转存测试/20260111
2026-01-11 12:09:18 - app - INFO - 查询路径结果: []
2026-01-11 12:09:18 - app - INFO - [任务1] [1/1] 目标路径不存在，尝试创建...
2026-01-11 12:09:18 - app - INFO - 创建目录结果: {'status': 400, 'code': 14012, 'message': ' bad file name :[/夸克自动转存测试/20260111] ', 'req_id': '9f052a-288515e674c798', 'timestamp': 1768104593}
2026-01-11 12:09:18 - app - INFO - [任务1] [1/1] 创建目录失败:  bad file name :[/夸克自动转存测试/20260111] ，使用根目录
2026-01-11 12:09:18 - app - INFO - [任务1] [1/1] 开始转存 30 个文件（保留目录结构）...
2026-01-11 12:09:18 - app - INFO - [任务1] [1/1] 转存文件夹 [根目录] 中的 30 个文件
2026-01-11 12:09:18 - app - INFO - [任务1] [1/1] [根目录] 检查已存在文件失败: too many values to unpack (expected 2)，将转存所有文件
2026-01-11 12:09:18 - app - INFO - [任务1] [1/1] [根目录] 实际转存 30 个文件
2026-01-11 12:09:19 - app - INFO - [任务1] [1/1] [根目录] 转存响应状态: 200
2026-01-11 12:09:19 - app - INFO - [任务47a8eba50e9444b1ac2dc9a14a33ea44] [1/1] [根目录] 转存任务ID: 47a8eba50e9444b1ac2dc9a14a33ea44
2026-01-11 12:09:19 - app - INFO - [任务47a8eba50e9444b1ac2dc9a14a33ea44] [1/1] [根目录] 等待转存完成...
2026-01-11 12:09:19 - app - INFO - 任务查询 task_id=47a8eba50e9444b1ac2dc9a14a33ea44, retry_index=0, 响应: {'status': 200, 'code': 0, 'message': 'ok', 'timestamp': 1768104594, 'data': {'task_id': '47a8eba50e9444b1ac2dc9a14a33ea44', 'event_id': '97855b-288515e723b9a7', 'task_type': 17, 'task_title': '分享-转存', 'status': 0, 'created_at': 1768104594020, 'share': {}, 'save_as': {'save_as_select_top_fids': [], 'to_pdir_fid': '0', 'is_pack': '0', 'save_as_top_fids': []}}, 'metadata': {'tq_gap': 500}}
2026-01-11 12:09:20 - app - INFO - 任务查询 task_id=47a8eba50e9444b1ac2dc9a14a33ea44, retry_index=1, 响应: {'status': 200, 'code': 0, 'message': 'ok', 'timestamp': 1768104594, 'data': {'task_id': '47a8eba50e9444b1ac2dc9a14a33ea44', 'event_id': '97855b-288515e723b9a7', 'task_type': 17, 'task_title': '分享-转存', 'status': 0, 'created_at': 1768104594020, 'share': {}, 'save_as': {'save_as_select_top_fids': [], 'to_pdir_fid': '0', 'is_pack': '0', 'save_as_top_fids': []}}, 'metadata': {'tq_gap': 1000}}
2026-01-11 12:09:20 - app - INFO - 任务查询 task_id=47a8eba50e9444b1ac2dc9a14a33ea44, retry_index=2, 响应: {'status': 200, 'code': 0, 'message': 'ok', 'timestamp': 1768104595, 'data': {'task_id': '47a8eba50e9444b1ac2dc9a14a33ea44', 'event_id': '97855b-288515e723b9a7', 'task_type': 17, 'task_title': '分享-转存', 'status': 0, 'created_at': 1768104594020, 'share': {}, 'save_as': {'save_as_select_top_fids': [], 'to_pdir_fid': '0', 'is_pack': '0', 'save_as_top_fids': []}}, 'metadata': {'tq_gap': 1500}}
2026-01-11 12:09:21 - app - INFO - 任务查询 task_id=47a8eba50e9444b1ac2dc9a14a33ea44, retry_index=3, 响应: {'status': 200, 'code': 0, 'message': 'ok', 'timestamp': 1768104596, 'data': {'task_id': '47a8eba50e9444b1ac2dc9a14a33ea44', 'event_id': '97855b-288515e723b9a7', 'task_type': 17, 'task_title': '分享-转存', 'status': 0, 'created_at': 1768104594020, 'share': {}, 'save_as': {'save_as_select_top_fids': [], 'to_pdir_fid': '0', 'is_pack': '0', 'save_as_top_fids': []}}, 'metadata': {'tq_gap': 2000}}
2026-01-11 12:09:21 - app - INFO - 任务查询 task_id=47a8eba50e9444b1ac2dc9a14a33ea44, retry_index=4, 响应: {'status': 200, 'code': 0, 'message': 'ok', 'timestamp': 1768104596, 'data': {'task_id': '47a8eba50e9444b1ac2dc9a14a33ea44', 'event_id': '97855b-288515e723b9a7', 'task_type': 17, 'task_title': '分享-转存', 'status': 0, 'created_at': 1768104594020, 'share': {}, 'save_as': {'save_as_select_top_fids': [], 'to_pdir_fid': '0', 'is_pack': '0', 'save_as_top_fids': []}}, 'metadata': {'tq_gap': 2500}}
2026-01-11 12:09:28 - app - INFO - 任务查询 task_id=47a8eba50e9444b1ac2dc9a14a33ea44, retry_index=5, 响应: {'status': 200, 'code': 0, 'message': 'ok', 'timestamp': 1768104603, 'data': {'task_id': '47a8eba50e9444b1ac2dc9a14a33ea44', 'event_id': '97855b-288515e723b9a7', 'task_type': 17, 'task_title': '分享-转存', 'status': 2, 'created_at': 1768104594020, 'finished_at': 1768104597596, 'share': {}, 'save_as': {'search_exit': False, 'save_as_select_top_fids': [], 'remain_capacity': 3199806681784, 'to_pdir_fid': '0', 'save_as_sum_num': 30, 'is_pack': '0', 'save_as_top_fids': ['8f6d71e227cc4f6ba86b8d4ae3223033', 'f1718e9b5fb14912b6260c9bd192062e', 'fea3536f4138495799914cc848a832f3', '1d939b9f2191460fa0a0c565448a54bf', '512d337b81064371a1a14c390ecd3954', 'f53c2ae450ea46129666c2b8f457a53c', '8ae8676a6c2643378833e19faa6b55b1', 'e390bbdd46214053a085f50910eac91c', 'bbcf377f35e34058b3fed014f6bd3db1', 'aa1c2ad946dc4d0096f0a880b80f580a', '803d16fb63804631a3e702494f058cd2', '852865236af644f0ac8336e9472b9813', '2932d5622b6642e89dff9a8d778ac48e', 'd7813cb380954549ac4cc8f9a326f58b', '3cbcbf9b5b324c3fa042cb73c88f3514', '1a44e0c89a604a168e35f1897cc834d3', '69395f947bba4f658949af886b6d7d0b', '74e1f812c514400bb54db7fb9c709ea1', 'c27e54151b8742e98a2d8e6f7bbf8b6c', 'b226974199d74f44af111dc51b415b00', '9c791090732e4bf9bf197ade5bd0afc2', '67d420c02e804477955e6e5bce8d8f73', '6875f404a77a4c2cb8414665b1df39e8', '2b1aef021acc496eb1264ce32da10a07', '59acdd362bff4696b1ebc8a71cfe7811', '11f63775d5f04dcc82989ea7428bda29', '57f308c6376c4a529e4c2e2848f81e67', '0074b77de06645d4b5780b1b3fa36b03', 'c05cdb5a5be54eaa9b81a20f3cd00db3', 'f0f543524a63496fa7d896181f2b58c4'], 'min_save_file_size': 965066322}}, 'metadata': {'tq_gap': 3000}}
2026-01-11 12:09:28 - app - INFO - 任务完成: {'status': 200, 'code': 0, 'message': 'ok', 'timestamp': 1768104603, 'data': {'task_id': '47a8eba50e9444b1ac2dc9a14a33ea44', 'event_id': '97855b-288515e723b9a7', 'task_type': 17, 'task_title': '分享-转存', 'status': 2, 'created_at': 1768104594020, 'finished_at': 1768104597596, 'share': {}, 'save_as': {'search_exit': False, 'save_as_select_top_fids': [], 'remain_capacity': 3199806681784, 'to_pdir_fid': '0', 'save_as_sum_num': 30, 'is_pack': '0', 'save_as_top_fids': ['8f6d71e227cc4f6ba86b8d4ae3223033', 'f1718e9b5fb14912b6260c9bd192062e', 'fea3536f4138495799914cc848a832f3', '1d939b9f2191460fa0a0c565448a54bf', '512d337b81064371a1a14c390ecd3954', 'f53c2ae450ea46129666c2b8f457a53c', '8ae8676a6c2643378833e19faa6b55b1', 'e390bbdd46214053a085f50910eac91c', 'bbcf377f35e34058b3fed014f6bd3db1', 'aa1c2ad946dc4d0096f0a880b80f580a', '803d16fb63804631a3e702494f058cd2', '852865236af644f0ac8336e9472b9813', '2932d5622b6642e89dff9a8d778ac48e', 'd7813cb380954549ac4cc8f9a326f58b', '3cbcbf9b5b324c3fa042cb73c88f3514', '1a44e0c89a604a168e35f1897cc834d3', '69395f947bba4f658949af886b6d7d0b', '74e1f812c514400bb54db7fb9c709ea1', 'c27e54151b8742e98a2d8e6f7bbf8b6c', 'b226974199d74f44af111dc51b415b00', '9c791090732e4bf9bf197ade5bd0afc2', '67d420c02e804477955e6e5bce8d8f73', '6875f404a77a4c2cb8414665b1df39e8', '2b1aef021acc496eb1264ce32da10a07', '59acdd362bff4696b1ebc8a71cfe7811', '11f63775d5f04dcc82989ea7428bda29', '57f308c6376c4a529e4c2e2848f81e67', '0074b77de06645d4b5780b1b3fa36b03', 'c05cdb5a5be54eaa9b81a20f3cd00db3', 'f0f543524a63496fa7d896181f2b58c4'], 'min_save_file_size': 965066322}}, 'metadata': {'tq_gap': 3000}}
2026-01-11 12:09:28 - app - INFO - [任务47a8eba50e9444b1ac2dc9a14a33ea44] [1/1] [根目录] 转存成功
2026-01-11 12:09:28 - app - INFO - [任务47a8eba50e9444b1ac2dc9a14a33ea44] [1/1] [根目录] 开始应用正则替换...
2026-01-11 12:09:28 - app - ERROR - 应用正则替换失败: too many values to unpack (expected 2)
Traceback (most recent call last):
  File "C:\Data\夸克转存\client\backend\api\transfer.py", line 713, in execute_task
    new_name, matched = replacer.apply_regex_replacement(
ValueError: too many values to unpack (expected 2)
2026-01-11 12:09:28 - app - INFO - [任务47a8eba50e9444b1ac2dc9a14a33ea44] [1/1] [根目录] 正则替换失败: too many values to unpack (expected 2)
2026-01-11 12:09:28 - app - INFO - [任务47a8eba50e9444b1ac2dc9a14a33ea44] [1/1] 共转存 30 个文件
2026-01-11 12:09:28 - app - INFO - [任务47a8eba50e9444b1ac2dc9a14a33ea44] 任务执行完成！成功: 1, 失败: 0, 文件数: 0
2026-01-11 12:10:34 - app - INFO - 许可证管理器初始化完成,服务器: http://license.22l2.com
2026-01-11 12:10:34 - app - INFO - 初始化许可证管理器...
2026-01-11 12:10:35 - app - INFO - 解密密钥设置成功
2026-01-11 12:10:35 - app - INFO - 解密密钥获取成功
2026-01-11 12:10:35 - app - INFO - 解密密钥获取成功，配置已就绪
2026-01-11 12:10:35 - app - INFO - 配置解密成功
2026-01-11 12:10:35 - app - INFO - 夸克API配置加载成功
2026-01-11 12:10:35 - app - INFO - 夸克API配置加载完成
2026-01-11 12:10:35 - app - INFO - 检查数据库...
2026-01-11 12:10:35 - app - INFO - 数据库检查完成
2026-01-11 12:10:35 - app - INFO - 检查数据库迁移...
2026-01-11 12:10:35 - app - INFO - 数据库迁移检查完成
2026-01-11 12:10:35 - app - INFO - 清理异常中断的任务状态...
2026-01-11 12:10:35 - app - INFO - 升级管理器初始化完成
2026-01-11 12:10:35 - app - INFO - Flask应用创建成功
2026-01-11 12:10:35 - app - INFO - 静态文件目录: C:\Data\夸克转存\client\frontend
2026-01-11 12:10:35 - app - INFO - 启动任务调度服务...
2026-01-11 12:10:35 - app - INFO - 检查被中断的影视下载任务...
2026-01-11 12:10:35 - app - INFO - 没有需要恢复的影视下载任务
2026-01-11 12:10:35 - app - INFO - 账期生成循环已启动
2026-01-11 12:10:35 - app - INFO - 账期生成线程已启动
2026-01-11 12:10:35 - app - INFO - 开始生成 2026-01-11 的任务账期
2026-01-11 12:10:35 - app - INFO - 任务执行循环已启动
2026-01-11 12:10:35 - app - INFO - 任务执行线程已启动
2026-01-11 12:10:35 - app - INFO - 日志清理循环已启动
2026-01-11 12:10:35 - app - INFO - 日志清理线程已启动
2026-01-11 12:10:35 - app - INFO - 下次日志清理时间: 2026-01-12 02:00:00
2026-01-11 12:10:35 - app - INFO - 跳过一次性执行任务: 测试
2026-01-11 12:10:35 - app - INFO - 启动Flask服务: http://0.0.0.0:8520
2026-01-11 12:10:35 - app - INFO - ✅ 生成完成，共创建 0 条待执行记录
2026-01-11 12:10:35 - app - INFO - 下次生成账期时间: 2026-01-12 00:00:00, 等待 42565 秒
2026-01-11 12:11:51 - app - INFO - 许可证管理器初始化完成,服务器: http://license.22l2.com
2026-01-11 12:11:51 - app - INFO - 初始化许可证管理器...
2026-01-11 12:11:51 - app - INFO - 解密密钥设置成功
2026-01-11 12:11:51 - app - INFO - 解密密钥获取成功
2026-01-11 12:11:51 - app - INFO - 解密密钥获取成功，配置已就绪
2026-01-11 12:11:51 - app - INFO - 配置解密成功
2026-01-11 12:11:51 - app - INFO - 夸克API配置加载成功
2026-01-11 12:11:51 - app - INFO - 夸克API配置加载完成
2026-01-11 12:11:51 - app - INFO - 检查数据库...
2026-01-11 12:11:51 - app - INFO - 数据库检查完成
2026-01-11 12:11:51 - app - INFO - 检查数据库迁移...
2026-01-11 12:11:51 - app - INFO - 数据库迁移检查完成
2026-01-11 12:11:51 - app - INFO - 清理异常中断的任务状态...
2026-01-11 12:11:52 - app - INFO - 升级管理器初始化完成
2026-01-11 12:11:52 - app - INFO - Flask应用创建成功
2026-01-11 12:11:52 - app - INFO - 静态文件目录: C:\Data\夸克转存\client\frontend
2026-01-11 12:11:52 - app - INFO - 启动任务调度服务...
2026-01-11 12:11:52 - app - INFO - 检查被中断的影视下载任务...
2026-01-11 12:11:52 - app - INFO - 没有需要恢复的影视下载任务
2026-01-11 12:11:52 - app - INFO - 账期生成循环已启动
2026-01-11 12:11:52 - app - INFO - 账期生成线程已启动
2026-01-11 12:11:52 - app - INFO - 开始生成 2026-01-11 的任务账期
2026-01-11 12:11:52 - app - INFO - 任务执行循环已启动
2026-01-11 12:11:52 - app - INFO - 任务执行线程已启动
2026-01-11 12:11:52 - app - INFO - 跳过一次性执行任务: 测试
2026-01-11 12:11:52 - app - INFO - 日志清理循环已启动
2026-01-11 12:11:52 - app - INFO - 日志清理线程已启动
2026-01-11 12:11:52 - app - INFO - ✅ 生成完成，共创建 0 条待执行记录
2026-01-11 12:11:52 - app - INFO - 下次日志清理时间: 2026-01-12 02:00:00
2026-01-11 12:11:52 - app - INFO - 启动Flask服务: http://0.0.0.0:8520
2026-01-11 12:11:52 - app - INFO - 下次生成账期时间: 2026-01-12 00:00:00, 等待 42488 秒
2026-01-11 12:12:18 - app - INFO - 许可证管理器初始化完成,服务器: http://license.22l2.com
2026-01-11 12:12:18 - app - INFO - 初始化许可证管理器...
2026-01-11 12:12:19 - app - INFO - 解密密钥设置成功
2026-01-11 12:12:19 - app - INFO - 解密密钥获取成功
2026-01-11 12:12:19 - app - INFO - 解密密钥获取成功，配置已就绪
2026-01-11 12:12:19 - app - INFO - 配置解密成功
2026-01-11 12:12:19 - app - INFO - 夸克API配置加载成功
2026-01-11 12:12:19 - app - INFO - 夸克API配置加载完成
2026-01-11 12:12:19 - app - INFO - 检查数据库...
2026-01-11 12:12:19 - app - INFO - 数据库检查完成
2026-01-11 12:12:19 - app - INFO - 检查数据库迁移...
2026-01-11 12:12:19 - app - INFO - 数据库迁移检查完成
2026-01-11 12:12:19 - app - INFO - 清理异常中断的任务状态...
2026-01-11 12:12:19 - app - INFO - 升级管理器初始化完成
2026-01-11 12:12:19 - app - INFO - Flask应用创建成功
2026-01-11 12:12:19 - app - INFO - 静态文件目录: C:\Data\夸克转存\client\frontend
2026-01-11 12:12:19 - app - INFO - 启动任务调度服务...
2026-01-11 12:12:19 - app - INFO - 检查被中断的影视下载任务...
2026-01-11 12:12:19 - app - INFO - 没有需要恢复的影视下载任务
2026-01-11 12:12:19 - app - INFO - 账期生成循环已启动
2026-01-11 12:12:19 - app - INFO - 账期生成线程已启动
2026-01-11 12:12:19 - app - INFO - 开始生成 2026-01-11 的任务账期
2026-01-11 12:12:19 - app - INFO - 任务执行循环已启动
2026-01-11 12:12:19 - app - INFO - 任务执行线程已启动
2026-01-11 12:12:19 - app - INFO - 跳过一次性执行任务: 测试
2026-01-11 12:12:19 - app - INFO - 日志清理循环已启动
2026-01-11 12:12:19 - app - INFO - ✅ 生成完成，共创建 0 条待执行记录
2026-01-11 12:12:19 - app - INFO - 日志清理线程已启动
2026-01-11 12:12:19 - app - INFO - 下次日志清理时间: 2026-01-12 02:00:00
2026-01-11 12:12:19 - app - INFO - 下次生成账期时间: 2026-01-12 00:00:00, 等待 42461 秒
2026-01-11 12:12:19 - app - INFO - 启动Flask服务: http://0.0.0.0:8520
2026-01-11 12:15:09 - app - INFO - 许可证管理器初始化完成,服务器: http://license.22l2.com
2026-01-11 12:15:09 - app - INFO - 初始化许可证管理器...
2026-01-11 12:15:10 - app - INFO - 解密密钥设置成功
2026-01-11 12:15:10 - app - INFO - 解密密钥获取成功
2026-01-11 12:15:10 - app - INFO - 解密密钥获取成功，配置已就绪
2026-01-11 12:15:10 - app - INFO - 配置解密成功
2026-01-11 12:15:10 - app - INFO - 夸克API配置加载成功
2026-01-11 12:15:10 - app - INFO - 夸克API配置加载完成
2026-01-11 12:15:10 - app - INFO - 检查数据库...
2026-01-11 12:15:10 - app - INFO - 数据库检查完成
2026-01-11 12:15:10 - app - INFO - 检查数据库迁移...
2026-01-11 12:15:10 - app - INFO - 数据库迁移检查完成
2026-01-11 12:15:10 - app - INFO - 清理异常中断的任务状态...
2026-01-11 12:15:10 - app - INFO - 升级管理器初始化完成
2026-01-11 12:15:10 - app - INFO - Flask应用创建成功
2026-01-11 12:15:10 - app - INFO - 静态文件目录: C:\Data\夸克转存\client\frontend
2026-01-11 12:15:10 - app - INFO - 启动任务调度服务...
2026-01-11 12:15:10 - app - INFO - 检查被中断的影视下载任务...
2026-01-11 12:15:10 - app - INFO - 没有需要恢复的影视下载任务
2026-01-11 12:15:10 - app - INFO - 账期生成循环已启动
2026-01-11 12:15:10 - app - INFO - 账期生成线程已启动
2026-01-11 12:15:10 - app - INFO - 开始生成 2026-01-11 的任务账期
2026-01-11 12:15:10 - app - INFO - 任务执行循环已启动
2026-01-11 12:15:10 - app - INFO - 任务执行线程已启动
2026-01-11 12:15:10 - app - INFO - 日志清理循环已启动
2026-01-11 12:15:10 - app - INFO - 日志清理线程已启动
2026-01-11 12:15:10 - app - INFO - 下次日志清理时间: 2026-01-12 02:00:00
2026-01-11 12:15:10 - app - INFO - 启动Flask服务: http://0.0.0.0:8520
2026-01-11 12:15:10 - app - INFO - 跳过一次性执行任务: 测试
2026-01-11 12:15:10 - app - INFO - ✅ 生成完成，共创建 0 条待执行记录
2026-01-11 12:15:10 - app - INFO - 下次生成账期时间: 2026-01-12 00:00:00, 等待 42289 秒
2026-01-11 12:16:24 - app - INFO - 许可证管理器初始化完成,服务器: http://license.22l2.com
2026-01-11 12:16:24 - app - INFO - 初始化许可证管理器...
2026-01-11 12:16:26 - app - INFO - 解密密钥设置成功
2026-01-11 12:16:26 - app - INFO - 解密密钥获取成功
2026-01-11 12:16:26 - app - INFO - 解密密钥获取成功，配置已就绪
2026-01-11 12:16:26 - app - INFO - 配置解密成功
2026-01-11 12:16:26 - app - INFO - 夸克API配置加载成功
2026-01-11 12:16:26 - app - INFO - 夸克API配置加载完成
2026-01-11 12:16:26 - app - INFO - 检查数据库...
2026-01-11 12:16:26 - app - INFO - 数据库检查完成
2026-01-11 12:16:26 - app - INFO - 检查数据库迁移...
2026-01-11 12:16:26 - app - INFO - 数据库迁移检查完成
2026-01-11 12:16:26 - app - INFO - 清理异常中断的任务状态...
2026-01-11 12:16:26 - app - INFO - 升级管理器初始化完成
2026-01-11 12:16:26 - app - INFO - Flask应用创建成功
2026-01-11 12:16:26 - app - INFO - 静态文件目录: C:\Data\夸克转存\client\frontend
2026-01-11 12:16:26 - app - INFO - 启动任务调度服务...
2026-01-11 12:16:26 - app - INFO - 检查被中断的影视下载任务...
2026-01-11 12:16:26 - app - INFO - 没有需要恢复的影视下载任务
2026-01-11 12:16:26 - app - INFO - 账期生成循环已启动
2026-01-11 12:16:26 - app - INFO - 账期生成线程已启动
2026-01-11 12:16:26 - app - INFO - 开始生成 2026-01-11 的任务账期
2026-01-11 12:16:26 - app - INFO - 任务执行循环已启动
2026-01-11 12:16:26 - app - INFO - 任务执行线程已启动
2026-01-11 12:16:26 - app - INFO - 日志清理循环已启动
2026-01-11 12:16:26 - app - INFO - 日志清理线程已启动
2026-01-11 12:16:26 - app - INFO - 下次日志清理时间: 2026-01-12 02:00:00
2026-01-11 12:16:26 - app - INFO - 启动Flask服务: http://0.0.0.0:8520
2026-01-11 12:16:26 - app - INFO - 跳过一次性执行任务: 测试
2026-01-11 12:16:26 - app - INFO - ✅ 生成完成，共创建 0 条待执行记录
2026-01-11 12:16:26 - app - INFO - 下次生成账期时间: 2026-01-12 00:00:00, 等待 42214 秒
2026-01-11 12:17:24 - app - INFO - [任务1] 开始执行任务: 测试
2026-01-11 12:17:24 - app - INFO - [任务1] 使用账号: ces
2026-01-11 12:17:24 - app - INFO - [任务1] 目标路径: /夸克自动转存测试
2026-01-11 12:17:24 - app - INFO - [任务1] 共有 1 个分享链接待处理
2026-01-11 12:17:24 - app - INFO - [任务1] [1/1] 正在处理: https://pan.quark.cn/s/6a987195b6ce#/list/share/b2bcaaa2cc25...
2026-01-11 12:17:24 - app - INFO - [任务1] [1/1] 解析分享链接...
2026-01-11 12:17:24 - app - INFO - 解析结果 - pwd_id: 6a987195b6ce, passcode: , folder_id: b2bcaaa2cc254301a439d05ed0e9acc7
2026-01-11 12:17:24 - app - INFO - [任务1] [1/1] 解析结果: pwd_id=6a987195b6ce, folder_id=b2bcaaa2cc254301a439d05ed0e9acc7
2026-01-11 12:17:24 - app - INFO - [任务1] [1/1] 获取分享令牌...
2026-01-11 12:17:36 - app - INFO - [任务1] [1/1] 使用URL中的文件夹ID: b2bcaaa2cc254301a439d05ed0e9acc7
2026-01-11 12:17:36 - app - INFO - [任务1] [1/1] 获取文件列表...
2026-01-11 12:17:36 - app - INFO - [任务1] [1/1] 递归扫描完成，共找到 30 个文件，0 个文件夹
2026-01-11 12:17:36 - app - INFO - [任务1] [1/1] 分析目录结构...
2026-01-11 12:17:36 - app - INFO - [任务1] [1/1] 需要转存 1 个文件夹中的文件
2026-01-11 12:17:36 - app - INFO - [任务1] [1/1] 查找目标文件夹...
2026-01-11 12:17:36 - app - INFO - [任务1] [1/1] 使用子文件夹模式: /夸克自动转存测试/20260111
2026-01-11 12:17:36 - app - INFO - [任务1] [1/1] 正在查询路径: /夸克自动转存测试/20260111
2026-01-11 12:17:36 - app - INFO - 查询路径结果: []
2026-01-11 12:17:36 - app - INFO - [任务1] [1/1] 目标路径不存在，尝试创建...
2026-01-11 12:17:37 - app - INFO - 创建目录 20260111 (父目录FID: d137bca1ebfe4f319cf77d371670c9ad) 结果: {'status': 200, 'code': 0, 'message': '', 'timestamp': 1768105092, 'data': {'finish': True, 'fid': '1cceab53f0914a13b53fc3fcbd415e73'}, 'metadata': {}}
2026-01-11 12:17:37 - app - INFO - [任务1] [1/1] 创建子目录成功: 20260111
2026-01-11 12:17:37 - app - INFO - [任务1] [1/1] 创建目录成功，FID: 1cceab53f0914a13b53fc3fcbd415e73
2026-01-11 12:17:37 - app - INFO - [任务1] [1/1] 开始转存 30 个文件（保留目录结构）...
2026-01-11 12:17:37 - app - INFO - [任务1] [1/1] 转存文件夹 [根目录] 中的 30 个文件
2026-01-11 12:17:37 - app - INFO - [任务1] [1/1] [根目录] 使用替换后文件名检查重复
2026-01-11 12:17:37 - app - INFO - [任务1] [1/1] [根目录] 实际转存 30 个文件
2026-01-11 12:17:37 - app - INFO - [任务1] [1/1] [根目录] 转存响应状态: 200
2026-01-11 12:17:37 - app - INFO - [任务da0d5f36ce7646189c96a0e25fa741f2] [1/1] [根目录] 转存任务ID: da0d5f36ce7646189c96a0e25fa741f2
2026-01-11 12:17:37 - app - INFO - [任务da0d5f36ce7646189c96a0e25fa741f2] [1/1] [根目录] 等待转存完成...
2026-01-11 12:17:37 - app - INFO - 任务查询 task_id=da0d5f36ce7646189c96a0e25fa741f2, retry_index=0, 响应: {'status': 200, 'code': 0, 'message': 'ok', 'timestamp': 1768105092, 'data': {'task_id': 'da0d5f36ce7646189c96a0e25fa741f2', 'event_id': '99kqpj-288519b476afc5', 'task_type': 17, 'task_title': '分享-转存', 'status': 0, 'created_at': 1768105092366, 'share': {}, 'save_as': {'save_as_select_top_fids': [], 'to_pdir_fid': '1cceab53f0914a13b53fc3fcbd415e73', 'is_pack': '0', 'save_as_top_fids': []}}, 'metadata': {'tq_gap': 500}}
2026-01-11 12:17:38 - app - INFO - 任务查询 task_id=da0d5f36ce7646189c96a0e25fa741f2, retry_index=1, 响应: {'status': 200, 'code': 0, 'message': 'ok', 'timestamp': 1768105093, 'data': {'task_id': 'da0d5f36ce7646189c96a0e25fa741f2', 'event_id': '99kqpj-288519b476afc5', 'task_type': 17, 'task_title': '分享-转存', 'status': 0, 'created_at': 1768105092366, 'share': {}, 'save_as': {'save_as_select_top_fids': [], 'to_pdir_fid': '1cceab53f0914a13b53fc3fcbd415e73', 'is_pack': '0', 'save_as_top_fids': []}}, 'metadata': {'tq_gap': 1000}}
2026-01-11 12:17:38 - app - INFO - 任务查询 task_id=da0d5f36ce7646189c96a0e25fa741f2, retry_index=2, 响应: {'status': 200, 'code': 0, 'message': 'ok', 'timestamp': 1768105093, 'data': {'task_id': 'da0d5f36ce7646189c96a0e25fa741f2', 'event_id': '99kqpj-288519b476afc5', 'task_type': 17, 'task_title': '分享-转存', 'status': 2, 'created_at': 1768105092366, 'finished_at': 1768105093812, 'share': {}, 'save_as': {'search_exit': True, 'save_as_select_top_fids': [], 'remain_capacity': 3163337250216, 'to_pdir_fid': '1cceab53f0914a13b53fc3fcbd415e73', 'save_as_sum_num': 30, 'is_pack': '0', 'save_as_top_fids': ['86dcd44b7e78452e9194812fe950e96d', '21faff73055c4652a6ec09e576a52bba', '19cd313045bf400fa17fc5d16fb0ad39', '8c8eca6b56fa4b28b43392fb3f98295d', '8554c6aa3734481fa14d6e8a76c882b5', 'f481d4429ff24d23a879bb1833cfae3f', 'c944aa2b91e444c6827781a77789a184', '01c9c0ccd5f9451b9b5b937480da925f', '8024c0de1ea14b96a5b279ea7dc8c8c6', '287847f9ef834ea88bea658f12eac922', 'efafa784d2e2434c83a75e2aa203a0ee', '9a7e61b038c74a2cb95305b285d9c7ee', '10f24bfb1cd54187a23fe6cd4bf8b204', 'e0b36d1324474cbfb8d0bfbb18c746a3', '9d23b252ee8f406e8d50315b2485caf6', 'b18eef0d54b544c993ecb376e0e00608', '0c5cad096f7c4bd2b455cee81713ba36', 'f4a1c5b8db414a8084faa640aafdc81a', 'd1191480b3574348bbfba1988e072d67', '9986d6c66eaf401184a3a7e6c9933849', 'ef69b754e7a44bf0874ead9ffe6af2a4', 'b09b6c89160640c8aec6e6fccec9496d', '465632cb389c447ea0f23a5f681d15bb', '0431fbcc479946d5897746811ff18f1a', '070d08fbdf8244d695f6a535ca073e55', '169334c946bc44c2bd7bfc9220cacfdb', '65b0a3bf75184db7ae90d4dd87635b5c', 'c99ff563e25c4b509e355266a99d36db', '2b8af78b47964147aea6a34d0b2c5d11', 'b631134d9afb48f7be8853aa92305640'], 'to_pdir_name': '20260111', 'min_save_file_size': 965066322}}, 'metadata': {'tq_gap': 1500}}
2026-01-11 12:17:38 - app - INFO - 任务完成: {'status': 200, 'code': 0, 'message': 'ok', 'timestamp': 1768105093, 'data': {'task_id': 'da0d5f36ce7646189c96a0e25fa741f2', 'event_id': '99kqpj-288519b476afc5', 'task_type': 17, 'task_title': '分享-转存', 'status': 2, 'created_at': 1768105092366, 'finished_at': 1768105093812, 'share': {}, 'save_as': {'search_exit': True, 'save_as_select_top_fids': [], 'remain_capacity': 3163337250216, 'to_pdir_fid': '1cceab53f0914a13b53fc3fcbd415e73', 'save_as_sum_num': 30, 'is_pack': '0', 'save_as_top_fids': ['86dcd44b7e78452e9194812fe950e96d', '21faff73055c4652a6ec09e576a52bba', '19cd313045bf400fa17fc5d16fb0ad39', '8c8eca6b56fa4b28b43392fb3f98295d', '8554c6aa3734481fa14d6e8a76c882b5', 'f481d4429ff24d23a879bb1833cfae3f', 'c944aa2b91e444c6827781a77789a184', '01c9c0ccd5f9451b9b5b937480da925f', '8024c0de1ea14b96a5b279ea7dc8c8c6', '287847f9ef834ea88bea658f12eac922', 'efafa784d2e2434c83a75e2aa203a0ee', '9a7e61b038c74a2cb95305b285d9c7ee', '10f24bfb1cd54187a23fe6cd4bf8b204', 'e0b36d1324474cbfb8d0bfbb18c746a3', '9d23b252ee8f406e8d50315b2485caf6', 'b18eef0d54b544c993ecb376e0e00608', '0c5cad096f7c4bd2b455cee81713ba36', 'f4a1c5b8db414a8084faa640aafdc81a', 'd1191480b3574348bbfba1988e072d67', '9986d6c66eaf401184a3a7e6c9933849', 'ef69b754e7a44bf0874ead9ffe6af2a4', 'b09b6c89160640c8aec6e6fccec9496d', '465632cb389c447ea0f23a5f681d15bb', '0431fbcc479946d5897746811ff18f1a', '070d08fbdf8244d695f6a535ca073e55', '169334c946bc44c2bd7bfc9220cacfdb', '65b0a3bf75184db7ae90d4dd87635b5c', 'c99ff563e25c4b509e355266a99d36db', '2b8af78b47964147aea6a34d0b2c5d11', 'b631134d9afb48f7be8853aa92305640'], 'to_pdir_name': '20260111', 'min_save_file_size': 965066322}}, 'metadata': {'tq_gap': 1500}}
2026-01-11 12:17:38 - app - INFO - [任务da0d5f36ce7646189c96a0e25fa741f2] [1/1] [根目录] 转存成功
2026-01-11 12:17:38 - app - INFO - [任务da0d5f36ce7646189c96a0e25fa741f2] [1/1] [根目录] 开始应用正则替换...
2026-01-11 12:17:39 - app - INFO - [任务da0d5f36ce7646189c96a0e25fa741f2] [1/1] [根目录] 重命名: 01 4K.mp4 -> 综艺.2026.S01E01.mp4
2026-01-11 12:17:39 - app - INFO - [任务da0d5f36ce7646189c96a0e25fa741f2] [1/1] [根目录] 重命名: 02 4K.mp4 -> 综艺.2026.S01E02.mp4
2026-01-11 12:17:39 - app - INFO - [任务da0d5f36ce7646189c96a0e25fa741f2] [1/1] [根目录] 重命名: 05 4K.mp4 -> 综艺.2026.S01E05.mp4
2026-01-11 12:17:39 - app - INFO - [任务da0d5f36ce7646189c96a0e25fa741f2] [1/1] [根目录] 重命名: 07 4K.mp4 -> 综艺.2026.S01E07.mp4
2026-01-11 12:17:40 - app - INFO - [任务da0d5f36ce7646189c96a0e25fa741f2] [1/1] [根目录] 重命名: 08 4K.mp4 -> 综艺.2026.S01E08.mp4
2026-01-11 12:17:40 - app - INFO - [任务da0d5f36ce7646189c96a0e25fa741f2] [1/1] [根目录] 重命名: 09 4K.mp4 -> 综艺.2026.S01E09.mp4
2026-01-11 12:17:40 - app - INFO - [任务da0d5f36ce7646189c96a0e25fa741f2] [1/1] [根目录] 重命名: 11 4K.mp4 -> 综艺.2026.S01E11.mp4
2026-01-11 12:17:40 - app - INFO - [任务da0d5f36ce7646189c96a0e25fa741f2] [1/1] [根目录] 重命名: 12 4K.mp4 -> 综艺.2026.S01E12.mp4
2026-01-11 12:17:40 - app - INFO - [任务da0d5f36ce7646189c96a0e25fa741f2] [1/1] [根目录] 重命名: 13 4K.mp4 -> 综艺.2026.S01E13.mp4
2026-01-11 12:17:40 - app - INFO - [任务da0d5f36ce7646189c96a0e25fa741f2] [1/1] [根目录] 重命名: 14 4K.mp4 -> 综艺.2026.S01E14.mp4
2026-01-11 12:17:46 - app - INFO - [任务1] 开始执行任务: 测试
2026-01-11 12:17:46 - app - INFO - [任务1] 使用账号: ces
2026-01-11 12:17:46 - app - INFO - [任务1] 目标路径: /夸克自动转存测试
2026-01-11 12:17:46 - app - INFO - [任务1] 共有 1 个分享链接待处理
2026-01-11 12:17:46 - app - INFO - [任务1] [1/1] 正在处理: https://pan.quark.cn/s/6a987195b6ce#/list/share/b2bcaaa2cc25...
2026-01-11 12:17:46 - app - INFO - [任务1] [1/1] 解析分享链接...
2026-01-11 12:17:46 - app - INFO - 解析结果 - pwd_id: 6a987195b6ce, passcode: , folder_id: b2bcaaa2cc254301a439d05ed0e9acc7
2026-01-11 12:17:46 - app - INFO - [任务1] [1/1] 解析结果: pwd_id=6a987195b6ce, folder_id=b2bcaaa2cc254301a439d05ed0e9acc7
2026-01-11 12:17:46 - app - INFO - [任务1] [1/1] 获取分享令牌...
2026-01-11 12:17:47 - app - INFO - [任务da0d5f36ce7646189c96a0e25fa741f2] [1/1] [根目录] 重命名: 15 4K.mp4 -> 综艺.2026.S01E15.mp4
2026-01-11 12:17:47 - app - INFO - [任务1] [1/1] 使用URL中的文件夹ID: b2bcaaa2cc254301a439d05ed0e9acc7
2026-01-11 12:17:47 - app - INFO - [任务1] [1/1] 获取文件列表...
2026-01-11 12:17:47 - app - INFO - [任务da0d5f36ce7646189c96a0e25fa741f2] [1/1] [根目录] 重命名: 17 4K.mp4 -> 综艺.2026.S01E17.mp4
2026-01-11 12:17:47 - app - INFO - [任务1] [1/1] 递归扫描完成，共找到 30 个文件，0 个文件夹
2026-01-11 12:17:47 - app - INFO - [任务1] [1/1] 分析目录结构...
2026-01-11 12:17:47 - app - INFO - [任务1] [1/1] 需要转存 1 个文件夹中的文件
2026-01-11 12:17:47 - app - INFO - [任务1] [1/1] 查找目标文件夹...
2026-01-11 12:17:47 - app - INFO - [任务1] [1/1] 使用子文件夹模式: /夸克自动转存测试/20260111
2026-01-11 12:17:47 - app - INFO - [任务1] [1/1] 正在查询路径: /夸克自动转存测试/20260111
2026-01-11 12:17:47 - app - INFO - [任务da0d5f36ce7646189c96a0e25fa741f2] [1/1] [根目录] 重命名: 18 4K.mp4 -> 综艺.2026.S01E18.mp4
2026-01-11 12:17:47 - app - INFO - 查询路径结果: [{'fid': '1cceab53f0914a13b53fc3fcbd415e73', 'file_name': '20260111', 'file_path': '/夸克自动转存测试/20260111', 'pdir_fid': 'd137bca1ebfe4f319cf77d371670c9ad', 'category': 0, 'file_type': 0, 'size': 0, 'format_type': '', 'status': 1, 'audit_status': 1, 'tags': '0', 'l_created_at': 1768105092031, 'l_updated_at': 1768105092031, 'source': 'ucpro-pc', 'file_source': 'UCPRO-PC:UPLOAD', 'name_space': 0, 'l_shot_at': 1768105092031, 'source_display': 'pc_upload', 'include_items': 30, 'series_dir': False, 'album_dir': False, 'more_than_one_layer': False, 'upload_camera_root_dir': False, 'fps': 0.0, 'like': 0, 'operated_at': 1768105092031, 'risk_type': 0, 'tag_list': [], 'backup_sign': -1, 'file_name_hl_start': 0, 'file_name_hl_end': 0, 'file_struct': {'fir_source': 'createdir', 'sec_source': 'createdir_hand', 'thi_source': 'createdir', 'platform_source': 'pc'}, 'duration': 0, 'event_extra': {'recent_created_at': 1768105092031}, 'scrape_status': 0, 'update_view_at': 1768105102266, 'ban': False, 'owner_drive_type_or_default': 0, 'ensure_valid_save_as_layer': 1, 'cur_version_or_default': 0, 'raw_name_space': 0, 'save_as_source': False, 'backup_source': False, 'offline_source': False, 'dir': True, 'file': False, 'created_at': 1768105092031, 'updated_at': 1768105102266, '_extra': {}}]
2026-01-11 12:17:47 - app - INFO - [任务1] [1/1] 找到目标文件夹 FID: 1cceab53f0914a13b53fc3fcbd415e73
2026-01-11 12:17:47 - app - INFO - [任务1] [1/1] 开始转存 30 个文件（保留目录结构）...
2026-01-11 12:17:47 - app - INFO - [任务1] [1/1] 转存文件夹 [根目录] 中的 30 个文件
2026-01-11 12:17:47 - app - INFO - [任务da0d5f36ce7646189c96a0e25fa741f2] [1/1] [根目录] 重命名: 19 4K.mp4 -> 综艺.2026.S01E19.mp4
2026-01-11 12:17:48 - app - INFO - [任务1] [1/1] [根目录] 使用替换后文件名检查重复
2026-01-11 12:17:48 - app - INFO - [任务1] [1/1] [根目录] 跳过 14 个已存在文件
2026-01-11 12:17:48 - app - INFO - [任务1] [1/1] [根目录] 实际转存 16 个文件
2026-01-11 12:17:48 - app - INFO - [任务da0d5f36ce7646189c96a0e25fa741f2] [1/1] [根目录] 重命名: 20 4K.mp4 -> 综艺.2026.S01E20.mp4
2026-01-11 12:17:48 - app - INFO - [任务da0d5f36ce7646189c96a0e25fa741f2] [1/1] [根目录] 重命名: 21 4K.mp4 -> 综艺.2026.S01E21.mp4
2026-01-11 12:17:48 - app - INFO - [任务1] [1/1] [根目录] 转存响应状态: 200
2026-01-11 12:17:48 - app - INFO - [任务24d7cf1ea5364f20bf5df4ad0bc95194] [1/1] [根目录] 转存任务ID: 24d7cf1ea5364f20bf5df4ad0bc95194
2026-01-11 12:17:48 - app - INFO - [任务24d7cf1ea5364f20bf5df4ad0bc95194] [1/1] [根目录] 等待转存完成...
2026-01-11 12:17:48 - app - ERROR - 请求失败: HTTPSConnectionPool(host='drive-pc.quark.cn', port=443): Max retries exceeded with url: /1/clouddrive/file/rename?pr=ucpro&fr=pc&uc_param_str= (Caused by SSLError(SSLEOFError(8, 'EOF occurred in violation of protocol (_ssl.c:1131)')))
2026-01-11 12:17:48 - app - ERROR - 应用正则替换失败: HTTPSConnectionPool(host='drive-pc.quark.cn', port=443): Max retries exceeded with url: /1/clouddrive/file/rename?pr=ucpro&fr=pc&uc_param_str= (Caused by SSLError(SSLEOFError(8, 'EOF occurred in violation of protocol (_ssl.c:1131)')))
Traceback (most recent call last):
  File "C:\Users\Administrator\AppData\Local\Programs\Python\Python38\lib\site-packages\urllib3\connectionpool.py", line 466, in _make_request
    self._validate_conn(conn)
  File "C:\Users\Administrator\AppData\Local\Programs\Python\Python38\lib\site-packages\urllib3\connectionpool.py", line 1095, in _validate_conn
    conn.connect()
  File "C:\Users\Administrator\AppData\Local\Programs\Python\Python38\lib\site-packages\urllib3\connection.py", line 730, in connect
    sock_and_verified = _ssl_wrap_socket_and_match_hostname(
  File "C:\Users\Administrator\AppData\Local\Programs\Python\Python38\lib\site-packages\urllib3\connection.py", line 909, in _ssl_wrap_socket_and_match_hostname
    ssl_sock = ssl_wrap_socket(
  File "C:\Users\Administrator\AppData\Local\Programs\Python\Python38\lib\site-packages\urllib3\util\ssl_.py", line 469, in ssl_wrap_socket
    ssl_sock = _ssl_wrap_socket_impl(sock, context, tls_in_tls, server_hostname)
  File "C:\Users\Administrator\AppData\Local\Programs\Python\Python38\lib\site-packages\urllib3\util\ssl_.py", line 513, in _ssl_wrap_socket_impl
    return ssl_context.wrap_socket(sock, server_hostname=server_hostname)
  File "C:\Users\Administrator\AppData\Local\Programs\Python\Python38\lib\ssl.py", line 500, in wrap_socket
    return self.sslsocket_class._create(
  File "C:\Users\Administrator\AppData\Local\Programs\Python\Python38\lib\ssl.py", line 1040, in _create
    self.do_handshake()
  File "C:\Users\Administrator\AppData\Local\Programs\Python\Python38\lib\ssl.py", line 1309, in do_handshake
    self._sslobj.do_handshake()
ssl.SSLEOFError: EOF occurred in violation of protocol (_ssl.c:1131)

During handling of the above exception, another exception occurred:

Traceback (most recent call last):
  File "C:\Users\Administrator\AppData\Local\Programs\Python\Python38\lib\site-packages\urllib3\connectionpool.py", line 789, in urlopen
    response = self._make_request(
  File "C:\Users\Administrator\AppData\Local\Programs\Python\Python38\lib\site-packages\urllib3\connectionpool.py", line 490, in _make_request
    raise new_e
urllib3.exceptions.SSLError: EOF occurred in violation of protocol (_ssl.c:1131)

The above exception was the direct cause of the following exception:

Traceback (most recent call last):
  File "C:\Users\Administrator\AppData\Local\Programs\Python\Python38\lib\site-packages\requests\adapters.py", line 486, in send
    resp = conn.urlopen(
  File "C:\Users\Administrator\AppData\Local\Programs\Python\Python38\lib\site-packages\urllib3\connectionpool.py", line 843, in urlopen
    retries = retries.increment(
  File "C:\Users\Administrator\AppData\Local\Programs\Python\Python38\lib\site-packages\urllib3\util\retry.py", line 519, in increment
    raise MaxRetryError(_pool, url, reason) from reason  # type: ignore[arg-type]
urllib3.exceptions.MaxRetryError: HTTPSConnectionPool(host='drive-pc.quark.cn', port=443): Max retries exceeded with url: /1/clouddrive/file/rename?pr=ucpro&fr=pc&uc_param_str= (Caused by SSLError(SSLEOFError(8, 'EOF occurred in violation of protocol (_ssl.c:1131)')))

During handling of the above exception, another exception occurred:

Traceback (most recent call last):
  File "C:\Data\夸克转存\client\backend\api\transfer.py", line 779, in execute_task
    rename_result = quark.rename(file_obj['fid'], new_name)
  File "C:\Data\夸克转存\client\backend\services\quark_service.py", line 270, in rename
    response = self._send_request("POST", url, json=payload, params=params).json()
  File "C:\Data\夸克转存\client\backend\services\quark_service.py", line 79, in _send_request
    response = requests.request(method, url, headers=headers, timeout=30, **kwargs)
  File "C:\Users\Administrator\AppData\Local\Programs\Python\Python38\lib\site-packages\requests\api.py", line 59, in request
    return session.request(method=method, url=url, **kwargs)
  File "C:\Users\Administrator\AppData\Local\Programs\Python\Python38\lib\site-packages\requests\sessions.py", line 589, in request
    resp = self.send(prep, **send_kwargs)
  File "C:\Users\Administrator\AppData\Local\Programs\Python\Python38\lib\site-packages\requests\sessions.py", line 703, in send
    r = adapter.send(request, **kwargs)
  File "C:\Users\Administrator\AppData\Local\Programs\Python\Python38\lib\site-packages\requests\adapters.py", line 517, in send
    raise SSLError(e, request=request)
requests.exceptions.SSLError: HTTPSConnectionPool(host='drive-pc.quark.cn', port=443): Max retries exceeded with url: /1/clouddrive/file/rename?pr=ucpro&fr=pc&uc_param_str= (Caused by SSLError(SSLEOFError(8, 'EOF occurred in violation of protocol (_ssl.c:1131)')))
2026-01-11 12:17:48 - app - INFO - [任务da0d5f36ce7646189c96a0e25fa741f2] [1/1] [根目录] 正则替换失败: HTTPSConnectionPool(host='drive-pc.quark.cn', port=443): Max retries exceeded with url: /1/clouddrive/file/rename?pr=ucpro&fr=pc&uc_param_str= (Caused by SSLError(SSLEOFError(8, 'EOF occurred in violation of protocol (_ssl.c:1131)')))
2026-01-11 12:17:48 - app - INFO - [任务da0d5f36ce7646189c96a0e25fa741f2] [1/1] 共转存 30 个文件
2026-01-11 12:17:48 - app - INFO - [任务da0d5f36ce7646189c96a0e25fa741f2] 任务执行完成！成功: 1, 失败: 0, 文件数: 0
2026-01-11 12:17:48 - app - INFO - 任务查询 task_id=24d7cf1ea5364f20bf5df4ad0bc95194, retry_index=0, 响应: {'status': 200, 'code': 0, 'message': 'ok', 'timestamp': 1768105103, 'data': {'task_id': '24d7cf1ea5364f20bf5df4ad0bc95194', 'event_id': '31xaym-288519c97fa966', 'task_type': 17, 'task_title': '分享-转存', 'status': 0, 'created_at': 1768105103134, 'share': {}, 'save_as': {'save_as_select_top_fids': [], 'to_pdir_fid': '1cceab53f0914a13b53fc3fcbd415e73', 'is_pack': '0', 'save_as_top_fids': []}}, 'metadata': {'tq_gap': 500}}
2026-01-11 12:17:49 - app - INFO - 任务查询 task_id=24d7cf1ea5364f20bf5df4ad0bc95194, retry_index=1, 响应: {'status': 200, 'code': 0, 'message': 'ok', 'timestamp': 1768105104, 'data': {'task_id': '24d7cf1ea5364f20bf5df4ad0bc95194', 'event_id': '31xaym-288519c97fa966', 'task_type': 17, 'task_title': '分享-转存', 'status': 2, 'created_at': 1768105103134, 'finished_at': 1768105104114, 'share': {}, 'save_as': {'search_exit': True, 'save_as_select_top_fids': [], 'remain_capacity': 3144184884737, 'to_pdir_fid': '1cceab53f0914a13b53fc3fcbd415e73', 'save_as_sum_num': 16, 'is_pack': '0', 'save_as_top_fids': ['35888b8fd24c4ada9c74c8a2885f6fd6', '720565e4ffdf4b2c9ee81e3c137eed70', '325f4116df6f41a197befb47cd863d6f', '884747be4e1c4ac49b349a8455291d31', '4faabc5208524926b707378fcaf5834d', '1b48297d1ff144b0822acb7e94327529', 'ab54e2b31ce247c599e028cc2de1bbc1', '7dec410fe9254a25baca376820597784', 'd61d960c61184db09a22746953c224fd', 'bc1426cfabda4ce9a78bac6920da1c00', '8365d10c1f174490a4de7249b7d625cb', '88bbb7f661a245a89c3225d885fb8047', '618a1ccf37c44fdfa262794bbb49e849', 'e1bf1ed196944dbea6b10b9478333eb1', 'c2c6a58fbfd943c592a71ad4f904a3b6', '669528d6d389457abb2c86ffb51bbb14'], 'to_pdir_name': '20260111', 'min_save_file_size': 1083197393}}, 'metadata': {'tq_gap': 1000}}
2026-01-11 12:17:49 - app - INFO - 任务完成: {'status': 200, 'code': 0, 'message': 'ok', 'timestamp': 1768105104, 'data': {'task_id': '24d7cf1ea5364f20bf5df4ad0bc95194', 'event_id': '31xaym-288519c97fa966', 'task_type': 17, 'task_title': '分享-转存', 'status': 2, 'created_at': 1768105103134, 'finished_at': 1768105104114, 'share': {}, 'save_as': {'search_exit': True, 'save_as_select_top_fids': [], 'remain_capacity': 3144184884737, 'to_pdir_fid': '1cceab53f0914a13b53fc3fcbd415e73', 'save_as_sum_num': 16, 'is_pack': '0', 'save_as_top_fids': ['35888b8fd24c4ada9c74c8a2885f6fd6', '720565e4ffdf4b2c9ee81e3c137eed70', '325f4116df6f41a197befb47cd863d6f', '884747be4e1c4ac49b349a8455291d31', '4faabc5208524926b707378fcaf5834d', '1b48297d1ff144b0822acb7e94327529', 'ab54e2b31ce247c599e028cc2de1bbc1', '7dec410fe9254a25baca376820597784', 'd61d960c61184db09a22746953c224fd', 'bc1426cfabda4ce9a78bac6920da1c00', '8365d10c1f174490a4de7249b7d625cb', '88bbb7f661a245a89c3225d885fb8047', '618a1ccf37c44fdfa262794bbb49e849', 'e1bf1ed196944dbea6b10b9478333eb1', 'c2c6a58fbfd943c592a71ad4f904a3b6', '669528d6d389457abb2c86ffb51bbb14'], 'to_pdir_name': '20260111', 'min_save_file_size': 1083197393}}, 'metadata': {'tq_gap': 1000}}
2026-01-11 12:17:49 - app - INFO - [任务24d7cf1ea5364f20bf5df4ad0bc95194] [1/1] [根目录] 转存成功
2026-01-11 12:17:49 - app - INFO - [任务24d7cf1ea5364f20bf5df4ad0bc95194] [1/1] [根目录] 开始应用正则替换...
2026-01-11 12:17:50 - app - INFO - [任务24d7cf1ea5364f20bf5df4ad0bc95194] [1/1] [根目录] 文件名冲突，使用唯一名称: 综艺.2026.S01E20(1).mp4
2026-01-11 12:17:50 - app - INFO - [任务24d7cf1ea5364f20bf5df4ad0bc95194] [1/1] [根目录] 重命名: 20 4K.mp4 -> 综艺.2026.S01E20(1).mp4
2026-01-11 12:17:50 - app - INFO - [任务24d7cf1ea5364f20bf5df4ad0bc95194] [1/1] [根目录] 文件名冲突，使用唯一名称: 综艺.2026.S01E21(1).mp4
2026-01-11 12:17:50 - app - INFO - [任务24d7cf1ea5364f20bf5df4ad0bc95194] [1/1] [根目录] 重命名: 21 4K.mp4 -> 综艺.2026.S01E21(1).mp4
2026-01-11 12:17:50 - app - INFO - [任务24d7cf1ea5364f20bf5df4ad0bc95194] [1/1] [根目录] 重命名: 22 4K.mp4 -> 综艺.2026.S01E22.mp4
2026-01-11 12:17:50 - app - INFO - [任务24d7cf1ea5364f20bf5df4ad0bc95194] [1/1] [根目录] 重命名: 23 4K.mp4 -> 综艺.2026.S01E23.mp4
2026-01-11 12:17:50 - app - INFO - [任务24d7cf1ea5364f20bf5df4ad0bc95194] [1/1] [根目录] 重命名: 24 4K.mp4 -> 综艺.2026.S01E24.mp4
2026-01-11 12:17:50 - app - INFO - [任务24d7cf1ea5364f20bf5df4ad0bc95194] [1/1] [根目录] 重命名: 25 4K.mp4 -> 综艺.2026.S01E25.mp4
2026-01-11 12:17:51 - app - INFO - [任务24d7cf1ea5364f20bf5df4ad0bc95194] [1/1] [根目录] 重命名: 26 4K.mp4 -> 综艺.2026.S01E26.mp4
2026-01-11 12:17:51 - app - INFO - [任务24d7cf1ea5364f20bf5df4ad0bc95194] [1/1] [根目录] 重命名: 27 4K.mp4 -> 综艺.2026.S01E27.mp4
2026-01-11 12:17:52 - app - INFO - [任务24d7cf1ea5364f20bf5df4ad0bc95194] [1/1] [根目录] 重命名: 28 4K.mp4 -> 综艺.2026.S01E28.mp4
2026-01-11 12:17:53 - app - INFO - [任务24d7cf1ea5364f20bf5df4ad0bc95194] [1/1] [根目录] 重命名: 29 4K.mp4 -> 综艺.2026.S01E29.mp4
2026-01-11 12:17:58 - app - INFO - [任务24d7cf1ea5364f20bf5df4ad0bc95194] [1/1] [根目录] 重命名: 30 4K.mp4 -> 综艺.2026.S01E30.mp4
2026-01-11 12:17:59 - app - INFO - [任务24d7cf1ea5364f20bf5df4ad0bc95194] [1/1] [根目录] 重命名: 31 4K.mp4 -> 综艺.2026.S01E31.mp4
2026-01-11 12:17:59 - app - INFO - [任务24d7cf1ea5364f20bf5df4ad0bc95194] [1/1] [根目录] 重命名: 32 4K.mp4 -> 综艺.2026.S01E32.mp4
2026-01-11 12:17:59 - app - INFO - [任务24d7cf1ea5364f20bf5df4ad0bc95194] [1/1] [根目录] 重命名: 33 4K.mp4 -> 综艺.2026.S01E33.mp4
2026-01-11 12:17:59 - app - INFO - [任务24d7cf1ea5364f20bf5df4ad0bc95194] [1/1] [根目录] 重命名: 34 4K.mp4 -> 综艺.2026.S01E34.mp4
2026-01-11 12:18:00 - app - INFO - [任务24d7cf1ea5364f20bf5df4ad0bc95194] [1/1] [根目录] 重命名: 35 4K.mp4 -> 综艺.2026.S01E35.mp4
2026-01-11 12:18:00 - app - INFO - [任务24d7cf1ea5364f20bf5df4ad0bc95194] [1/1] [根目录] 成功重命名 16 个文件
2026-01-11 12:18:00 - app - INFO - [任务24d7cf1ea5364f20bf5df4ad0bc95194] [1/1] 共转存 16 个文件
2026-01-11 12:18:00 - app - INFO - [任务24d7cf1ea5364f20bf5df4ad0bc95194] 任务执行完成！成功: 1, 失败: 0, 文件数: 0
2026-01-11 12:18:12 - app - INFO - 收到删除请求，原始数据: {'account_id': '1', 'file_ids': ['1cceab53f0914a13b53fc3fcbd415e73']}
2026-01-11 12:18:12 - app - INFO - 解析后参数: account_id=1, file_ids=['1cceab53f0914a13b53fc3fcbd415e73']
2026-01-11 12:18:12 - app - INFO - 使用账号: ces
2026-01-11 12:18:12 - app - INFO - 删除文件请求: URL=https://drive-pc.quark.cn/1/clouddrive/file/delete
2026-01-11 12:18:12 - app - INFO - 删除文件请求参数: {'pr': 'ucpro', 'fr': 'pc', 'uc_param_str': ''}
2026-01-11 12:18:12 - app - INFO - 删除文件请求体: {'action_type': 2, 'filelist': ['1cceab53f0914a13b53fc3fcbd415e73'], 'exclude_fids': []}
2026-01-11 12:18:12 - app - INFO - 删除文件响应状态码: 200
2026-01-11 12:18:12 - app - INFO - 删除文件响应头: {'Date': 'Sun, 11 Jan 2026 04:18:47 GMT', 'Content-Type': 'application/json;charset=UTF-8', 'Transfer-Encoding': 'chunked', 'Connection': 'keep-alive', 'Vary': 'Accept-Encoding', 'X-Content-Type-Options': 'nosniff', 'X-XSS-Protection': '1; mode=block', 'Cache-Control': 'no-cache, no-store, max-age=0, must-revalidate', 'Pragma': 'no-cache', 'Expires': '0', 'X-Frame-Options': 'DENY', 'Strict-Transport-Security': 'max-age=31536000 ; includeSubDomains, max-age=0', 'X-Application-Context': 'clouddrive-api:dev,online,quark:9019', 'x-req-id': '977qqr-288519f972015f', 'Set-Cookie': '__puus=728418c2c433f363f273cd64d41cfa3fAARJjJpfrj6G9JXAPO71pYOrGFUuAMkTLWB1yswjR/mKWsw5YSSBywRAFj8xYNC/JHgxQtXNLIPn4WTfkVuEGyRdA5hclBepTNrxGhmNfBqqF8DDGUh9x/xhloRvYYOL0gsQLkZOP6ftNSKP6LvE0fbtbKEmHnoRXCV/fZC5l8UCI7HPwx3sQ6wj2tO+8dvhOt2qZj+Gt4KQtu95JwnW4T4m; Max-Age=86400; Expires=Mon, 12-Jan-2026 04:18:47 GMT; Domain=quark.cn; Path=/', 'Content-Encoding': 'gzip', 'Server': 'Tengine/Aserver', 'EagleEye-TraceId': '2150426217681051276446259e75b3', 'Timing-Allow-Origin': '*'}
2026-01-11 12:18:12 - app - INFO - 删除文件响应内容: {"status":200,"code":0,"message":"","timestamp":1768105127,"data":{"task_id":"ae395f3ece3d4d9e8488d6232a025775","finish":false},"metadata":{"tq_gap":500}}
2026-01-11 12:18:12 - app - INFO - 删除文件API返回: {'status': 200, 'code': 0, 'message': '', 'timestamp': 1768105127, 'data': {'task_id': 'ae395f3ece3d4d9e8488d6232a025775', 'finish': False}, 'metadata': {'tq_gap': 500}}
2026-01-11 12:18:12 - app - INFO - 删除是异步任务，task_id: ae395f3ece3d4d9e8488d6232a025775，开始查询任务结果
2026-01-11 12:18:13 - app - INFO - 任务查询 task_id=ae395f3ece3d4d9e8488d6232a025775, retry_index=0, 响应: {'status': 200, 'code': 0, 'message': '', 'timestamp': 1768105127, 'data': {'task_id': 'ae395f3ece3d4d9e8488d6232a025775', 'task_type': 4, 'task_title': '删除文件', 'status': 1, 'created_at': 1768105127699}, 'metadata': {'tq_gap': 500}}
2026-01-11 12:18:13 - app - INFO - 任务查询 task_id=ae395f3ece3d4d9e8488d6232a025775, retry_index=1, 响应: {'status': 200, 'code': 0, 'message': '', 'timestamp': 1768105128, 'data': {'task_id': 'ae395f3ece3d4d9e8488d6232a025775', 'task_type': 4, 'task_title': '删除文件', 'status': 1, 'created_at': 1768105127699}, 'metadata': {'tq_gap': 1000}}
2026-01-11 12:18:14 - app - INFO - 任务查询 task_id=ae395f3ece3d4d9e8488d6232a025775, retry_index=2, 响应: {'status': 200, 'code': 0, 'message': '', 'timestamp': 1768105129, 'data': {'task_id': 'ae395f3ece3d4d9e8488d6232a025775', 'task_type': 4, 'task_title': '删除文件', 'status': 2, 'created_at': 1768105127699, 'affected_file_num': 47}, 'metadata': {'tq_gap': 1500}}
2026-01-11 12:18:14 - app - INFO - 任务完成: {'status': 200, 'code': 0, 'message': '', 'timestamp': 1768105129, 'data': {'task_id': 'ae395f3ece3d4d9e8488d6232a025775', 'task_type': 4, 'task_title': '删除文件', 'status': 2, 'created_at': 1768105127699, 'affected_file_num': 47}, 'metadata': {'tq_gap': 1500}}
2026-01-11 12:18:14 - app - INFO - 删除任务查询结果: {'status': 200, 'code': 0, 'message': '', 'timestamp': 1768105129, 'data': {'task_id': 'ae395f3ece3d4d9e8488d6232a025775', 'task_type': 4, 'task_title': '删除文件', 'status': 2, 'created_at': 1768105127699, 'affected_file_num': 47}, 'metadata': {'tq_gap': 1500}}
2026-01-11 12:18:14 - app - INFO - 删除操作返回: {'code': 0, 'message': '删除成功', 'data': {'task_id': 'ae395f3ece3d4d9e8488d6232a025775', 'task_type': 4, 'task_title': '删除文件', 'status': 2, 'created_at': 1768105127699, 'affected_file_num': 47}}
2026-01-11 12:18:22 - app - INFO - [任务1] 开始执行任务: 测试
2026-01-11 12:18:23 - app - INFO - [任务1] 使用账号: ces
2026-01-11 12:18:23 - app - INFO - [任务1] 目标路径: /夸克自动转存测试
2026-01-11 12:18:23 - app - INFO - [任务1] 共有 1 个分享链接待处理
2026-01-11 12:18:23 - app - INFO - [任务1] [1/1] 正在处理: https://pan.quark.cn/s/6a987195b6ce#/list/share/b2bcaaa2cc25...
2026-01-11 12:18:23 - app - INFO - [任务1] [1/1] 解析分享链接...
2026-01-11 12:18:23 - app - INFO - 解析结果 - pwd_id: 6a987195b6ce, passcode: , folder_id: b2bcaaa2cc254301a439d05ed0e9acc7
2026-01-11 12:18:23 - app - INFO - [任务1] [1/1] 解析结果: pwd_id=6a987195b6ce, folder_id=b2bcaaa2cc254301a439d05ed0e9acc7
2026-01-11 12:18:23 - app - INFO - [任务1] [1/1] 获取分享令牌...
2026-01-11 12:18:23 - app - INFO - [任务1] [1/1] 使用URL中的文件夹ID: b2bcaaa2cc254301a439d05ed0e9acc7
2026-01-11 12:18:23 - app - INFO - [任务1] [1/1] 获取文件列表...
2026-01-11 12:18:23 - app - INFO - [任务1] [1/1] 递归扫描完成，共找到 30 个文件，0 个文件夹
2026-01-11 12:18:23 - app - INFO - [任务1] [1/1] 分析目录结构...
2026-01-11 12:18:23 - app - INFO - [任务1] [1/1] 需要转存 1 个文件夹中的文件
2026-01-11 12:18:23 - app - INFO - [任务1] [1/1] 查找目标文件夹...
2026-01-11 12:18:23 - app - INFO - [任务1] [1/1] 使用子文件夹模式: /夸克自动转存测试/20260111
2026-01-11 12:18:23 - app - INFO - [任务1] [1/1] 正在查询路径: /夸克自动转存测试/20260111
2026-01-11 12:18:23 - app - INFO - 查询路径结果: []
2026-01-11 12:18:23 - app - INFO - [任务1] [1/1] 目标路径不存在，尝试创建...
2026-01-11 12:18:24 - app - INFO - 创建目录 20260111 (父目录FID: d137bca1ebfe4f319cf77d371670c9ad) 结果: {'status': 200, 'code': 0, 'message': '', 'timestamp': 1768105139, 'data': {'finish': True, 'fid': '59e23144e1404434a9ed68db5b63a951'}, 'metadata': {}}
2026-01-11 12:18:24 - app - INFO - [任务1] [1/1] 创建子目录成功: 20260111
2026-01-11 12:18:24 - app - INFO - [任务1] [1/1] 创建目录成功，FID: 59e23144e1404434a9ed68db5b63a951
2026-01-11 12:18:24 - app - INFO - [任务1] [1/1] 开始转存 30 个文件（保留目录结构）...
2026-01-11 12:18:24 - app - INFO - [任务1] [1/1] 转存文件夹 [根目录] 中的 30 个文件
2026-01-11 12:18:24 - app - INFO - [任务1] [1/1] [根目录] 使用替换后文件名检查重复
2026-01-11 12:18:24 - app - INFO - [任务1] [1/1] [根目录] 实际转存 30 个文件
2026-01-11 12:18:24 - app - INFO - [任务1] [1/1] [根目录] 转存响应状态: 200
2026-01-11 12:18:24 - app - INFO - [任务3ae90ba431ec4e1d94b3081606f80092] [1/1] [根目录] 转存任务ID: 3ae90ba431ec4e1d94b3081606f80092
2026-01-11 12:18:24 - app - INFO - [任务3ae90ba431ec4e1d94b3081606f80092] [1/1] [根目录] 等待转存完成...
2026-01-11 12:18:24 - app - INFO - 任务查询 task_id=3ae90ba431ec4e1d94b3081606f80092, retry_index=0, 响应: {'status': 200, 'code': 0, 'message': 'ok', 'timestamp': 1768105139, 'data': {'task_id': '3ae90ba431ec4e1d94b3081606f80092', 'event_id': '99kry4-28851a106134fb', 'task_type': 17, 'task_title': '分享-转存', 'status': 0, 'created_at': 1768105139413, 'share': {}, 'save_as': {'save_as_select_top_fids': [], 'to_pdir_fid': '59e23144e1404434a9ed68db5b63a951', 'is_pack': '0', 'save_as_top_fids': []}}, 'metadata': {'tq_gap': 500}}
2026-01-11 12:18:25 - app - INFO - 任务查询 task_id=3ae90ba431ec4e1d94b3081606f80092, retry_index=1, 响应: {'status': 200, 'code': 0, 'message': 'ok', 'timestamp': 1768105140, 'data': {'task_id': '3ae90ba431ec4e1d94b3081606f80092', 'event_id': '99kry4-28851a106134fb', 'task_type': 17, 'task_title': '分享-转存', 'status': 0, 'created_at': 1768105139413, 'share': {}, 'save_as': {'save_as_select_top_fids': [], 'to_pdir_fid': '59e23144e1404434a9ed68db5b63a951', 'is_pack': '0', 'save_as_top_fids': []}}, 'metadata': {'tq_gap': 1000}}
2026-01-11 12:18:26 - app - INFO - 任务查询 task_id=3ae90ba431ec4e1d94b3081606f80092, retry_index=2, 响应: {'status': 200, 'code': 0, 'message': 'ok', 'timestamp': 1768105140, 'data': {'task_id': '3ae90ba431ec4e1d94b3081606f80092', 'event_id': '99kry4-28851a106134fb', 'task_type': 17, 'task_title': '分享-转存', 'status': 2, 'created_at': 1768105139413, 'finished_at': 1768105140582, 'share': {}, 'save_as': {'search_exit': True, 'save_as_select_top_fids': [], 'remain_capacity': 3163337250216, 'to_pdir_fid': '59e23144e1404434a9ed68db5b63a951', 'save_as_sum_num': 30, 'is_pack': '0', 'save_as_top_fids': ['66c399d602044016b5b35c44ac7b8899', '9951f2ecf7554bf98642435ce2fb45c8', '94378855f4904a3ea0992e357431e9b0', 'f18c36490a354055a4d7f3007b095280', '5dfa5670f0ad414dae602af1d96447fa', '8ca7490b13884f188c9588d8de4b9679', 'b3abb5e873ca4a6183d1cd337e1e92a1', 'b0ea6c477a0c4329964d5f06484509d7', '5f3d650589c94bc69998a2fc92a6d968', 'ee8b4876d88e49c9a1a7b60766bf6179', '7d744b4724984373a7fbe8237af4349c', '6642c5e6c2c24fe19e1d5b6ac0d35ec5', 'e7e1e26d2fc34991aa432f19be83a4bc', 'bcd09ea2c7ca47fda800dec29d7bea13', 'ca34ea3a3ec1417a9f57113df6a075c0', 'dd953eb815104e059b99e83dbc4caf9d', '1351afb4468340b3ad6af7c26193b19d', 'be5636fc572d40af95e771f43b7cfac9', '57fe804f4bcd4a5bb0b20bd53ac9104c', '0a2da9acf51241979014888867976783', 'eb0b580ff65644128bcff830878d8d02', '465b85fc2b294c08bb4f71ce8e7857e6', '6b537670b09144bf9c401d020dcde388', '33ca2a6470664d12874e445c7d0bbac7', '9549793df7264e28b104c68103cad459', '51bf47e2fa6046b69bebeb4e760effe2', '4361d9f5db234b6899a4078383eb7835', '62f42e0ce8e04fd098e6d97b6eb9e2fc', '77fcdf5972464913b56a6aaf44df3b5e', '64aa9dd582f043679c23a0bd0bdba1d4'], 'to_pdir_name': '20260111', 'min_save_file_size': 965066322}}, 'metadata': {'tq_gap': 1500}}
2026-01-11 12:18:26 - app - INFO - 任务完成: {'status': 200, 'code': 0, 'message': 'ok', 'timestamp': 1768105140, 'data': {'task_id': '3ae90ba431ec4e1d94b3081606f80092', 'event_id': '99kry4-28851a106134fb', 'task_type': 17, 'task_title': '分享-转存', 'status': 2, 'created_at': 1768105139413, 'finished_at': 1768105140582, 'share': {}, 'save_as': {'search_exit': True, 'save_as_select_top_fids': [], 'remain_capacity': 3163337250216, 'to_pdir_fid': '59e23144e1404434a9ed68db5b63a951', 'save_as_sum_num': 30, 'is_pack': '0', 'save_as_top_fids': ['66c399d602044016b5b35c44ac7b8899', '9951f2ecf7554bf98642435ce2fb45c8', '94378855f4904a3ea0992e357431e9b0', 'f18c36490a354055a4d7f3007b095280', '5dfa5670f0ad414dae602af1d96447fa', '8ca7490b13884f188c9588d8de4b9679', 'b3abb5e873ca4a6183d1cd337e1e92a1', 'b0ea6c477a0c4329964d5f06484509d7', '5f3d650589c94bc69998a2fc92a6d968', 'ee8b4876d88e49c9a1a7b60766bf6179', '7d744b4724984373a7fbe8237af4349c', '6642c5e6c2c24fe19e1d5b6ac0d35ec5', 'e7e1e26d2fc34991aa432f19be83a4bc', 'bcd09ea2c7ca47fda800dec29d7bea13', 'ca34ea3a3ec1417a9f57113df6a075c0', 'dd953eb815104e059b99e83dbc4caf9d', '1351afb4468340b3ad6af7c26193b19d', 'be5636fc572d40af95e771f43b7cfac9', '57fe804f4bcd4a5bb0b20bd53ac9104c', '0a2da9acf51241979014888867976783', 'eb0b580ff65644128bcff830878d8d02', '465b85fc2b294c08bb4f71ce8e7857e6', '6b537670b09144bf9c401d020dcde388', '33ca2a6470664d12874e445c7d0bbac7', '9549793df7264e28b104c68103cad459', '51bf47e2fa6046b69bebeb4e760effe2', '4361d9f5db234b6899a4078383eb7835', '62f42e0ce8e04fd098e6d97b6eb9e2fc', '77fcdf5972464913b56a6aaf44df3b5e', '64aa9dd582f043679c23a0bd0bdba1d4'], 'to_pdir_name': '20260111', 'min_save_file_size': 965066322}}, 'metadata': {'tq_gap': 1500}}
2026-01-11 12:18:26 - app - INFO - [任务3ae90ba431ec4e1d94b3081606f80092] [1/1] [根目录] 转存成功
2026-01-11 12:18:26 - app - INFO - [任务3ae90ba431ec4e1d94b3081606f80092] [1/1] [根目录] 开始应用正则替换...
2026-01-11 12:18:34 - app - INFO - [任务3ae90ba431ec4e1d94b3081606f80092] [1/1] [根目录] 重命名: 01 4K.mp4 -> 综艺.2026.S01E01.mp4
2026-01-11 12:18:36 - app - INFO - [任务3ae90ba431ec4e1d94b3081606f80092] [1/1] [根目录] 重命名: 02 4K.mp4 -> 综艺.2026.S01E02.mp4
2026-01-11 12:18:36 - app - INFO - [任务3ae90ba431ec4e1d94b3081606f80092] [1/1] [根目录] 重命名: 05 4K.mp4 -> 综艺.2026.S01E05.mp4
2026-01-11 12:18:36 - app - INFO - [任务3ae90ba431ec4e1d94b3081606f80092] [1/1] [根目录] 重命名: 07 4K.mp4 -> 综艺.2026.S01E07.mp4
2026-01-11 12:18:36 - app - INFO - [任务3ae90ba431ec4e1d94b3081606f80092] [1/1] [根目录] 重命名: 08 4K.mp4 -> 综艺.2026.S01E08.mp4
2026-01-11 12:18:36 - app - INFO - [任务3ae90ba431ec4e1d94b3081606f80092] [1/1] [根目录] 重命名: 09 4K.mp4 -> 综艺.2026.S01E09.mp4
2026-01-11 12:18:36 - app - INFO - [任务3ae90ba431ec4e1d94b3081606f80092] [1/1] [根目录] 重命名: 11 4K.mp4 -> 综艺.2026.S01E11.mp4
2026-01-11 12:18:37 - app - INFO - [任务3ae90ba431ec4e1d94b3081606f80092] [1/1] [根目录] 重命名: 12 4K.mp4 -> 综艺.2026.S01E12.mp4
2026-01-11 12:18:37 - app - INFO - [任务3ae90ba431ec4e1d94b3081606f80092] [1/1] [根目录] 重命名: 13 4K.mp4 -> 综艺.2026.S01E13.mp4
2026-01-11 12:18:37 - app - INFO - [任务3ae90ba431ec4e1d94b3081606f80092] [1/1] [根目录] 重命名: 14 4K.mp4 -> 综艺.2026.S01E14.mp4
2026-01-11 12:18:38 - app - INFO - [任务3ae90ba431ec4e1d94b3081606f80092] [1/1] [根目录] 重命名: 15 4K.mp4 -> 综艺.2026.S01E15.mp4
2026-01-11 12:18:38 - app - INFO - [任务3ae90ba431ec4e1d94b3081606f80092] [1/1] [根目录] 重命名: 17 4K.mp4 -> 综艺.2026.S01E17.mp4
2026-01-11 12:18:38 - app - INFO - [任务3ae90ba431ec4e1d94b3081606f80092] [1/1] [根目录] 重命名: 18 4K.mp4 -> 综艺.2026.S01E18.mp4
2026-01-11 12:18:38 - app - INFO - [任务3ae90ba431ec4e1d94b3081606f80092] [1/1] [根目录] 重命名: 19 4K.mp4 -> 综艺.2026.S01E19.mp4
2026-01-11 12:18:39 - app - INFO - [任务3ae90ba431ec4e1d94b3081606f80092] [1/1] [根目录] 重命名: 20 4K.mp4 -> 综艺.2026.S01E20.mp4
2026-01-11 12:18:46 - app - INFO - [任务3ae90ba431ec4e1d94b3081606f80092] [1/1] [根目录] 重命名: 21 4K.mp4 -> 综艺.2026.S01E21.mp4
2026-01-11 12:18:46 - app - INFO - [任务3ae90ba431ec4e1d94b3081606f80092] [1/1] [根目录] 重命名: 22 4K.mp4 -> 综艺.2026.S01E22.mp4
2026-01-11 12:18:46 - app - INFO - [任务3ae90ba431ec4e1d94b3081606f80092] [1/1] [根目录] 重命名: 23 4K.mp4 -> 综艺.2026.S01E23.mp4
2026-01-11 12:18:46 - app - INFO - [任务3ae90ba431ec4e1d94b3081606f80092] [1/1] [根目录] 重命名: 24 4K.mp4 -> 综艺.2026.S01E24.mp4
2026-01-11 12:18:46 - app - INFO - [任务3ae90ba431ec4e1d94b3081606f80092] [1/1] [根目录] 重命名: 25 4K.mp4 -> 综艺.2026.S01E25.mp4
2026-01-11 12:18:47 - app - INFO - [任务3ae90ba431ec4e1d94b3081606f80092] [1/1] [根目录] 重命名: 26 4K.mp4 -> 综艺.2026.S01E26.mp4
2026-01-11 12:18:47 - app - INFO - [任务3ae90ba431ec4e1d94b3081606f80092] [1/1] [根目录] 重命名: 27 4K.mp4 -> 综艺.2026.S01E27.mp4
2026-01-11 12:18:47 - app - INFO - [任务3ae90ba431ec4e1d94b3081606f80092] [1/1] [根目录] 重命名: 28 4K.mp4 -> 综艺.2026.S01E28.mp4
2026-01-11 12:18:47 - app - INFO - [任务3ae90ba431ec4e1d94b3081606f80092] [1/1] [根目录] 重命名: 29 4K.mp4 -> 综艺.2026.S01E29.mp4
2026-01-11 12:18:47 - app - INFO - [任务3ae90ba431ec4e1d94b3081606f80092] [1/1] [根目录] 重命名: 30 4K.mp4 -> 综艺.2026.S01E30.mp4
2026-01-11 12:18:48 - app - INFO - [任务3ae90ba431ec4e1d94b3081606f80092] [1/1] [根目录] 重命名: 31 4K.mp4 -> 综艺.2026.S01E31.mp4
2026-01-11 12:18:48 - app - INFO - [任务3ae90ba431ec4e1d94b3081606f80092] [1/1] [根目录] 重命名: 32 4K.mp4 -> 综艺.2026.S01E32.mp4
2026-01-11 12:18:49 - app - INFO - [任务3ae90ba431ec4e1d94b3081606f80092] [1/1] [根目录] 重命名: 33 4K.mp4 -> 综艺.2026.S01E33.mp4
2026-01-11 12:18:49 - app - INFO - [任务3ae90ba431ec4e1d94b3081606f80092] [1/1] [根目录] 重命名: 34 4K.mp4 -> 综艺.2026.S01E34.mp4
2026-01-11 12:18:50 - app - INFO - [任务3ae90ba431ec4e1d94b3081606f80092] [1/1] [根目录] 重命名: 35 4K.mp4 -> 综艺.2026.S01E35.mp4
2026-01-11 12:18:50 - app - INFO - [任务3ae90ba431ec4e1d94b3081606f80092] [1/1] [根目录] 成功重命名 30 个文件
2026-01-11 12:18:50 - app - INFO - [任务3ae90ba431ec4e1d94b3081606f80092] [1/1] 共转存 30 个文件
2026-01-11 12:18:50 - app - INFO - [任务3ae90ba431ec4e1d94b3081606f80092] 任务执行完成！成功: 1, 失败: 0, 文件数: 0
2026-01-11 12:22:01 - app - INFO - 许可证管理器初始化完成,服务器: http://license.22l2.com
2026-01-11 12:22:01 - app - INFO - 初始化许可证管理器...
2026-01-11 12:22:03 - app - INFO - 解密密钥设置成功
2026-01-11 12:22:03 - app - INFO - 解密密钥获取成功
2026-01-11 12:22:03 - app - INFO - 解密密钥获取成功，配置已就绪
2026-01-11 12:22:03 - app - INFO - 配置解密成功
2026-01-11 12:22:03 - app - INFO - 夸克API配置加载成功
2026-01-11 12:22:03 - app - INFO - 夸克API配置加载完成
2026-01-11 12:22:03 - app - INFO - 检查数据库...
2026-01-11 12:22:03 - app - INFO - 数据库检查完成
2026-01-11 12:22:03 - app - INFO - 检查数据库迁移...
2026-01-11 12:22:03 - app - INFO - 数据库迁移检查完成
2026-01-11 12:22:03 - app - INFO - 清理异常中断的任务状态...
2026-01-11 12:22:03 - app - INFO - 升级管理器初始化完成
2026-01-11 12:22:03 - app - INFO - Flask应用创建成功
2026-01-11 12:22:03 - app - INFO - 静态文件目录: C:\Data\夸克转存\client\frontend
2026-01-11 12:22:03 - app - INFO - 启动任务调度服务...
2026-01-11 12:22:03 - app - INFO - 检查被中断的影视下载任务...
2026-01-11 12:22:03 - app - INFO - 没有需要恢复的影视下载任务
2026-01-11 12:22:03 - app - INFO - 账期生成循环已启动
2026-01-11 12:22:03 - app - INFO - 账期生成线程已启动
2026-01-11 12:22:03 - app - INFO - 开始生成 2026-01-11 的任务账期
2026-01-11 12:22:03 - app - INFO - 跳过一次性执行任务: 测试
2026-01-11 12:22:03 - app - INFO - 任务执行循环已启动
2026-01-11 12:22:03 - app - INFO - ✅ 生成完成，共创建 0 条待执行记录
2026-01-11 12:22:03 - app - INFO - 任务执行线程已启动
2026-01-11 12:22:03 - app - INFO - 下次生成账期时间: 2026-01-12 00:00:00, 等待 41877 秒
2026-01-11 12:22:03 - app - INFO - 日志清理循环已启动
2026-01-11 12:22:03 - app - INFO - 日志清理线程已启动
2026-01-11 12:22:03 - app - INFO - 下次日志清理时间: 2026-01-12 02:00:00
2026-01-11 12:22:03 - app - INFO - 启动Flask服务: http://0.0.0.0:8520
2026-01-11 12:23:02 - app - INFO - 许可证管理器初始化完成,服务器: http://license.22l2.com
2026-01-11 12:23:02 - app - INFO - 初始化许可证管理器...
2026-01-11 12:23:03 - app - INFO - 解密密钥设置成功
2026-01-11 12:23:03 - app - INFO - 解密密钥获取成功
2026-01-11 12:23:03 - app - INFO - 解密密钥获取成功，配置已就绪
2026-01-11 12:23:03 - app - INFO - 配置解密成功
2026-01-11 12:23:03 - app - INFO - 夸克API配置加载成功
2026-01-11 12:23:03 - app - INFO - 夸克API配置加载完成
2026-01-11 12:23:03 - app - INFO - 检查数据库...
2026-01-11 12:23:03 - app - INFO - 数据库检查完成
2026-01-11 12:23:03 - app - INFO - 检查数据库迁移...
2026-01-11 12:23:03 - app - INFO - 数据库迁移检查完成
2026-01-11 12:23:03 - app - INFO - 清理异常中断的任务状态...
2026-01-11 12:23:03 - app - INFO - 升级管理器初始化完成
2026-01-11 12:23:03 - app - INFO - Flask应用创建成功
2026-01-11 12:23:03 - app - INFO - 静态文件目录: C:\Data\夸克转存\client\frontend
2026-01-11 12:23:03 - app - INFO - 启动任务调度服务...
2026-01-11 12:23:03 - app - INFO - 检查被中断的影视下载任务...
2026-01-11 12:23:03 - app - INFO - 没有需要恢复的影视下载任务
2026-01-11 12:23:03 - app - INFO - 账期生成循环已启动
2026-01-11 12:23:03 - app - INFO - 账期生成线程已启动
2026-01-11 12:23:03 - app - INFO - 开始生成 2026-01-11 的任务账期
2026-01-11 12:23:03 - app - INFO - 任务执行循环已启动
2026-01-11 12:23:03 - app - INFO - 任务执行线程已启动
2026-01-11 12:23:03 - app - INFO - 日志清理循环已启动
2026-01-11 12:23:03 - app - INFO - 日志清理线程已启动
2026-01-11 12:23:03 - app - INFO - 下次日志清理时间: 2026-01-12 02:00:00
2026-01-11 12:23:03 - app - INFO - 跳过一次性执行任务: 测试
2026-01-11 12:23:03 - app - INFO - 启动Flask服务: http://0.0.0.0:8520
2026-01-11 12:23:03 - app - INFO - ✅ 生成完成，共创建 0 条待执行记录
2026-01-11 12:23:03 - app - INFO - 下次生成账期时间: 2026-01-12 00:00:00, 等待 41817 秒
2026-01-11 12:25:00 - app - INFO - 许可证管理器初始化完成,服务器: http://license.22l2.com
2026-01-11 12:25:00 - app - INFO - 初始化许可证管理器...
2026-01-11 12:25:05 - app - INFO - 解密密钥设置成功
2026-01-11 12:25:05 - app - INFO - 解密密钥获取成功
2026-01-11 12:25:05 - app - INFO - 解密密钥获取成功，配置已就绪
2026-01-11 12:25:05 - app - INFO - 配置解密成功
2026-01-11 12:25:05 - app - INFO - 夸克API配置加载成功
2026-01-11 12:25:05 - app - INFO - 夸克API配置加载完成
2026-01-11 12:25:05 - app - INFO - 检查数据库...
2026-01-11 12:25:05 - app - INFO - 数据库检查完成
2026-01-11 12:25:05 - app - INFO - 检查数据库迁移...
2026-01-11 12:25:06 - app - INFO - 数据库迁移检查完成
2026-01-11 12:25:06 - app - INFO - 清理异常中断的任务状态...
2026-01-11 12:25:06 - app - INFO - 升级管理器初始化完成
2026-01-11 12:25:06 - app - INFO - Flask应用创建成功
2026-01-11 12:25:06 - app - INFO - 静态文件目录: C:\Data\夸克转存\client\frontend
2026-01-11 12:25:06 - app - INFO - 启动任务调度服务...
2026-01-11 12:25:06 - app - INFO - 检查被中断的影视下载任务...
2026-01-11 12:25:06 - app - INFO - 没有需要恢复的影视下载任务
2026-01-11 12:25:06 - app - INFO - 账期生成循环已启动
2026-01-11 12:25:06 - app - INFO - 账期生成线程已启动
2026-01-11 12:25:06 - app - INFO - 开始生成 2026-01-11 的任务账期
2026-01-11 12:25:06 - app - INFO - 任务执行循环已启动
2026-01-11 12:25:06 - app - INFO - 任务执行线程已启动
2026-01-11 12:25:06 - app - INFO - 日志清理循环已启动
2026-01-11 12:25:06 - app - INFO - 日志清理线程已启动
2026-01-11 12:25:06 - app - INFO - 下次日志清理时间: 2026-01-12 02:00:00
2026-01-11 12:25:06 - app - INFO - 跳过一次性执行任务: 测试
2026-01-11 12:25:06 - app - INFO - 启动Flask服务: http://0.0.0.0:8520
2026-01-11 12:25:06 - app - INFO - ✅ 生成完成，共创建 0 条待执行记录
2026-01-11 12:25:06 - app - INFO - 下次生成账期时间: 2026-01-12 00:00:00, 等待 41694 秒
2026-01-11 13:03:00 - app - INFO - 检查登录状态, session内容: {'_permanent': True, 'user_id': 1, 'username': 'admin'}, cookies: ImmutableMultiDict([('session', 'eyJfcGVybWFuZW50Ijp0cnVlLCJ1c2VyX2lkIjoxLCJ1c2VybmFtZSI6ImFkbWluIn0.aWMvBA.LB20Qih20tRWKO5yv-v9T3xI5ao')])
2026-01-11 13:03:00 - app - INFO - 检查登录状态, session内容: {'_permanent': True, 'user_id': 1, 'username': 'admin'}, cookies: ImmutableMultiDict([('session', 'eyJfcGVybWFuZW50Ijp0cnVlLCJ1c2VyX2lkIjoxLCJ1c2VybmFtZSI6ImFkbWluIn0.aWMvBA.LB20Qih20tRWKO5yv-v9T3xI5ao')])
2026-01-11 13:03:03 - app - INFO - 检查更新: 当前版本 2.1.1
2026-01-11 13:03:12 - app - INFO - 检查更新成功: {'has_update': False, 'message': '当前已是最新版本'}
2026-01-11 13:03:56 - app - INFO - 许可证管理器初始化完成,服务器: http://license.22l2.com
2026-01-11 13:03:56 - app - INFO - 初始化许可证管理器...
2026-01-11 13:03:57 - app - INFO - 解密密钥设置成功
2026-01-11 13:03:57 - app - INFO - 解密密钥获取成功
2026-01-11 13:03:57 - app - INFO - 解密密钥获取成功，配置已就绪
2026-01-11 13:03:57 - app - INFO - 配置解密成功
2026-01-11 13:03:57 - app - INFO - 夸克API配置加载成功
2026-01-11 13:03:57 - app - INFO - 夸克API配置加载完成
2026-01-11 13:03:57 - app - INFO - 检查数据库...
2026-01-11 13:03:57 - app - INFO - 数据库检查完成
2026-01-11 13:03:57 - app - INFO - 检查数据库迁移...
2026-01-11 13:03:57 - app - INFO - 数据库迁移检查完成
2026-01-11 13:03:57 - app - INFO - 清理异常中断的任务状态...
2026-01-11 13:03:57 - app - INFO - 升级管理器初始化完成
2026-01-11 13:03:57 - app - INFO - Flask应用创建成功
2026-01-11 13:03:57 - app - INFO - 静态文件目录: C:\Data\夸克转存\client\frontend
2026-01-11 13:03:57 - app - INFO - 启动任务调度服务...
2026-01-11 13:03:57 - app - INFO - 检查被中断的影视下载任务...
2026-01-11 13:03:57 - app - INFO - 没有需要恢复的影视下载任务
2026-01-11 13:03:57 - app - INFO - 账期生成循环已启动
2026-01-11 13:03:57 - app - INFO - 账期生成线程已启动
2026-01-11 13:03:57 - app - INFO - 开始生成 2026-01-11 的任务账期
2026-01-11 13:03:57 - app - INFO - 任务执行循环已启动
2026-01-11 13:03:57 - app - INFO - 任务执行线程已启动
2026-01-11 13:03:57 - app - INFO - 日志清理循环已启动
2026-01-11 13:03:57 - app - INFO - 日志清理线程已启动
2026-01-11 13:03:57 - app - INFO - 下次日志清理时间: 2026-01-12 02:00:00
2026-01-11 13:03:57 - app - INFO - 跳过一次性执行任务: 测试
2026-01-11 13:03:57 - app - INFO - 启动Flask服务: http://0.0.0.0:8520
2026-01-11 13:03:57 - app - INFO - ✅ 生成完成，共创建 0 条待执行记录
2026-01-11 13:03:57 - app - INFO - 下次生成账期时间: 2026-01-12 00:00:00, 等待 39362 秒
2026-01-11 13:03:58 - app - INFO - 检查登录状态, session内容: {'_permanent': True, 'user_id': 1, 'username': 'admin'}, cookies: ImmutableMultiDict([('session', 'eyJfcGVybWFuZW50Ijp0cnVlLCJ1c2VyX2lkIjoxLCJ1c2VybmFtZSI6ImFkbWluIn0.aWMvPQ.oW4-nAV2IQrWYJVowrHmUDVmCWo')])
2026-01-11 13:03:58 - app - INFO - 检查登录状态, session内容: {'_permanent': True, 'user_id': 1, 'username': 'admin'}, cookies: ImmutableMultiDict([('session', 'eyJfcGVybWFuZW50Ijp0cnVlLCJ1c2VyX2lkIjoxLCJ1c2VybmFtZSI6ImFkbWluIn0.aWMvPg.rxC9HmrAqsPUQQ4pBguJBaxUCgU')])
2026-01-11 13:04:00 - app - INFO - 检查更新: 当前版本 2.1.1
2026-01-11 13:04:09 - app - INFO - 检查更新成功: {'has_update': False, 'message': '当前已是最新版本'}
2026-01-11 13:06:36 - app - INFO - 检查登录状态, session内容: {'_permanent': True, 'user_id': 1, 'username': 'admin'}, cookies: ImmutableMultiDict([('session', 'eyJfcGVybWFuZW50Ijp0cnVlLCJ1c2VyX2lkIjoxLCJ1c2VybmFtZSI6ImFkbWluIn0.aWMv2w.bf4UxVC8VxirGeJCQcgYcEdseOo')])
2026-01-11 13:06:36 - app - INFO - 检查登录状态, session内容: {'_permanent': True, 'user_id': 1, 'username': 'admin'}, cookies: ImmutableMultiDict([('session', 'eyJfcGVybWFuZW50Ijp0cnVlLCJ1c2VyX2lkIjoxLCJ1c2VybmFtZSI6ImFkbWluIn0.aWMv3A.nJc4HQL4yu25-pElIgwGyN1X4Do')])
2026-01-11 13:06:38 - app - INFO - 检查更新: 当前版本 2.1.1
2026-01-11 13:06:47 - app - INFO - 检查更新成功: {'has_update': False, 'message': '当前已是最新版本'}
2026-01-11 13:09:01 - app - INFO - 检查登录状态, session内容: {'_permanent': True, 'user_id': 1, 'username': 'admin'}, cookies: ImmutableMultiDict([('session', 'eyJfcGVybWFuZW50Ijp0cnVlLCJ1c2VyX2lkIjoxLCJ1c2VybmFtZSI6ImFkbWluIn0.aWMwbQ.oKGsj8ESruaMzyZMUhjBh5MIIv4')])
2026-01-11 13:09:01 - app - INFO - 检查登录状态, session内容: {'_permanent': True, 'user_id': 1, 'username': 'admin'}, cookies: ImmutableMultiDict([('session', 'eyJfcGVybWFuZW50Ijp0cnVlLCJ1c2VyX2lkIjoxLCJ1c2VybmFtZSI6ImFkbWluIn0.aWMwbQ.oKGsj8ESruaMzyZMUhjBh5MIIv4')])
2026-01-11 13:09:04 - app - INFO - 检查更新: 当前版本 2.1.1
2026-01-11 13:09:08 - app - INFO - 检查登录状态, session内容: {'_permanent': True, 'user_id': 1, 'username': 'admin'}, cookies: ImmutableMultiDict([('session', 'eyJfcGVybWFuZW50Ijp0cnVlLCJ1c2VyX2lkIjoxLCJ1c2VybmFtZSI6ImFkbWluIn0.aWMwdA.H0COhHdUf9gF1ieo1zhf4r8o_vY')])
2026-01-11 13:09:08 - app - INFO - 检查登录状态, session内容: {'_permanent': True, 'user_id': 1, 'username': 'admin'}, cookies: ImmutableMultiDict([('session', 'eyJfcGVybWFuZW50Ijp0cnVlLCJ1c2VyX2lkIjoxLCJ1c2VybmFtZSI6ImFkbWluIn0.aWMwdA.H0COhHdUf9gF1ieo1zhf4r8o_vY')])
2026-01-11 13:09:10 - app - INFO - 检查更新: 当前版本 2.1.1
2026-01-11 13:09:13 - app - INFO - 检查更新成功: {'has_update': False, 'message': '当前已是最新版本'}
2026-01-11 13:09:13 - app - INFO - 检查更新成功: {'has_update': False, 'message': '当前已是最新版本'}
2026-01-11 13:10:48 - app - INFO - 检查登录状态, session内容: {'_permanent': True, 'user_id': 1, 'username': 'admin'}, cookies: ImmutableMultiDict([('session', 'eyJfcGVybWFuZW50Ijp0cnVlLCJ1c2VyX2lkIjoxLCJ1c2VybmFtZSI6ImFkbWluIn0.aWMw2A.l3gtCJA7ZC4nVc5lDM_b0rNQRUU')])
2026-01-11 13:10:48 - app - INFO - 检查登录状态, session内容: {'_permanent': True, 'user_id': 1, 'username': 'admin'}, cookies: ImmutableMultiDict([('session', 'eyJfcGVybWFuZW50Ijp0cnVlLCJ1c2VyX2lkIjoxLCJ1c2VybmFtZSI6ImFkbWluIn0.aWMw2A.l3gtCJA7ZC4nVc5lDM_b0rNQRUU')])
2026-01-11 13:10:50 - app - INFO - 检查更新: 当前版本 2.1.1
2026-01-11 13:11:00 - app - INFO - 检查更新成功: {'has_update': False, 'message': '当前已是最新版本'}
2026-01-11 13:13:01 - app - INFO - 更新转存任务成功: ID 1
2026-01-11 13:13:04 - app - INFO - [任务1] 开始执行任务: 测试
2026-01-11 13:13:04 - app - INFO - [任务1] 使用账号: ces
2026-01-11 13:13:04 - app - INFO - [任务1] 目标路径: /夸克自动转存测试
2026-01-11 13:13:04 - app - INFO - [任务1] 共有 1 个分享链接待处理
2026-01-11 13:13:04 - app - INFO - [任务1] [1/1] 正在处理: https://pan.quark.cn/s/6a987195b6ce#/list/share/b2bcaaa2cc25...
2026-01-11 13:13:04 - app - INFO - [任务1] [1/1] 解析分享链接...
2026-01-11 13:13:04 - app - INFO - 解析结果 - pwd_id: 6a987195b6ce, passcode: , folder_id: b2bcaaa2cc254301a439d05ed0e9acc7
2026-01-11 13:13:04 - app - INFO - [任务1] [1/1] 解析结果: pwd_id=6a987195b6ce, folder_id=b2bcaaa2cc254301a439d05ed0e9acc7
2026-01-11 13:13:04 - app - INFO - [任务1] [1/1] 获取分享令牌...
2026-01-11 13:13:15 - app - INFO - [任务1] [1/1] 使用URL中的文件夹ID: b2bcaaa2cc254301a439d05ed0e9acc7
2026-01-11 13:13:15 - app - INFO - [任务1] [1/1] 获取文件列表...
2026-01-11 13:13:16 - app - INFO - [任务1] [1/1] 递归扫描完成，共找到 30 个文件，0 个文件夹
2026-01-11 13:13:16 - app - INFO - [任务1] [1/1] 分析目录结构...
2026-01-11 13:13:16 - app - INFO - [任务1] [1/1] 需要转存 1 个文件夹中的文件
2026-01-11 13:13:16 - app - INFO - [任务1] [1/1] 查找目标文件夹...
2026-01-11 13:13:16 - app - INFO - [任务1] [1/1] 使用子文件夹模式: /夸克自动转存测试/20260112
2026-01-11 13:13:16 - app - INFO - [任务1] [1/1] 正在查询路径: /夸克自动转存测试/20260112
2026-01-11 13:13:16 - app - INFO - 查询路径结果: []
2026-01-11 13:13:16 - app - INFO - [任务1] [1/1] 目标路径不存在，尝试创建...
2026-01-11 13:13:16 - app - INFO - 创建目录 20260112 (父目录FID: d137bca1ebfe4f319cf77d371670c9ad) 结果: {'status': 200, 'code': 0, 'message': '', 'timestamp': 1768108431, 'data': {'finish': True, 'fid': 'fe2c1238efa248b0b5a6ec550ce8bea0'}, 'metadata': {}}
2026-01-11 13:13:16 - app - INFO - [任务1] [1/1] 创建子目录成功: 20260112
2026-01-11 13:13:16 - app - INFO - [任务1] [1/1] 创建目录成功，FID: fe2c1238efa248b0b5a6ec550ce8bea0
2026-01-11 13:13:16 - app - INFO - [任务1] [1/1] 开始转存 30 个文件（保留目录结构）...
2026-01-11 13:13:16 - app - INFO - [任务1] [1/1] 转存文件夹 [根目录] 中的 30 个文件
2026-01-11 13:13:16 - app - INFO - [任务1] [1/1] [根目录] 实际转存 30 个文件
2026-01-11 13:13:17 - app - INFO - [任务1] [1/1] [根目录] 转存响应状态: 200
2026-01-11 13:13:17 - app - INFO - [任务cafd02162970409097039f449b79bd71] [1/1] [根目录] 转存任务ID: cafd02162970409097039f449b79bd71
2026-01-11 13:13:17 - app - INFO - [任务cafd02162970409097039f449b79bd71] [1/1] [根目录] 等待转存完成...
2026-01-11 13:13:17 - app - INFO - 任务查询 task_id=cafd02162970409097039f449b79bd71, retry_index=0, 响应: {'status': 200, 'code': 0, 'message': 'ok', 'timestamp': 1768108432, 'data': {'task_id': 'cafd02162970409097039f449b79bd71', 'event_id': '99fj8p-2885332f470c36', 'task_type': 17, 'task_title': '分享-转存', 'status': 0, 'created_at': 1768108432039, 'share': {}, 'save_as': {'save_as_select_top_fids': [], 'to_pdir_fid': 'fe2c1238efa248b0b5a6ec550ce8bea0', 'is_pack': '0', 'save_as_top_fids': []}}, 'metadata': {'tq_gap': 500}}
2026-01-11 13:13:17 - app - INFO - 任务查询 task_id=cafd02162970409097039f449b79bd71, retry_index=1, 响应: {'status': 200, 'code': 0, 'message': 'ok', 'timestamp': 1768108432, 'data': {'task_id': 'cafd02162970409097039f449b79bd71', 'event_id': '99fj8p-2885332f470c36', 'task_type': 17, 'task_title': '分享-转存', 'status': 0, 'created_at': 1768108432039, 'share': {}, 'save_as': {'save_as_select_top_fids': [], 'to_pdir_fid': 'fe2c1238efa248b0b5a6ec550ce8bea0', 'is_pack': '0', 'save_as_top_fids': []}}, 'metadata': {'tq_gap': 1000}}
2026-01-11 13:13:18 - app - INFO - 任务查询 task_id=cafd02162970409097039f449b79bd71, retry_index=2, 响应: {'status': 200, 'code': 0, 'message': 'ok', 'timestamp': 1768108433, 'data': {'task_id': 'cafd02162970409097039f449b79bd71', 'event_id': '99fj8p-2885332f470c36', 'task_type': 17, 'task_title': '分享-转存', 'status': 2, 'created_at': 1768108432039, 'finished_at': 1768108433340, 'share': {}, 'save_as': {'search_exit': True, 'save_as_select_top_fids': [], 'remain_capacity': 3126867818648, 'to_pdir_fid': 'fe2c1238efa248b0b5a6ec550ce8bea0', 'save_as_sum_num': 30, 'is_pack': '0', 'save_as_top_fids': ['fb0800b9b4554ff8b94dbff92896a016', 'f0f203ef21284c43b8513adc0f3daa8c', '607f530e528c47c5b0d251142d07d5b2', 'fc936e21b0de4fd6966da65cb15410d9', 'fabf70e70d974eff89f47eed3b767a8e', '7a9248a4aae7467999b8fc2500841739', '50245b55a22241299b4adc133358a441', '88184bf671f34eb0a3c2ce1b4532b2b9', '4c4dce03994c4e49881799971c00e71b', 'dbc62d1f4391415b815c81de535c5a16', '01e7ab39302344adb95066d8a7fd90c6', '6e5654d6db774acebf888bad6ed995d5', 'a7844a7b8db041988ce18aeb9ee31ae7', 'c379ee8c20e744418e4377478be65d14', '4fc616dc3f1c4ba4ac9aa8ebb0e876ef', '880613b3ae804d5e93cd9fc07dcc035d', '68b1878e109c4125a07e42535831d29b', 'b7c6d13f5fe34a3fba795a003e2523a9', '8b4a349feea349d595f094a570ac4b83', 'db6ca7492bb248c296df4a68efa49709', 'eaf8821b83a54a3994d38f05a993cd03', '63615fec177849b3ab8338f542aba55f', '37aff4d90c1d46d7b0da10b259adebb3', 'bfd658cdda674d4f90afb5f5665f35c3', 'd340dcdda2054d0986769c370089a8f0', '4874b7878e5046c4a0b12c1f66f9c8d6', 'c718fb46f7e64cf68dc20d821e3f23db', '09395ee6cf8a40dbbf1d07e2c60a77c2', '8217eb97eb5e45139d3362d87eadc3f0', '32c16fd4b0a546edae3d2557de05250f'], 'to_pdir_name': '20260112', 'min_save_file_size': 965066322}}, 'metadata': {'tq_gap': 1500}}
2026-01-11 13:13:18 - app - INFO - 任务完成: {'status': 200, 'code': 0, 'message': 'ok', 'timestamp': 1768108433, 'data': {'task_id': 'cafd02162970409097039f449b79bd71', 'event_id': '99fj8p-2885332f470c36', 'task_type': 17, 'task_title': '分享-转存', 'status': 2, 'created_at': 1768108432039, 'finished_at': 1768108433340, 'share': {}, 'save_as': {'search_exit': True, 'save_as_select_top_fids': [], 'remain_capacity': 3126867818648, 'to_pdir_fid': 'fe2c1238efa248b0b5a6ec550ce8bea0', 'save_as_sum_num': 30, 'is_pack': '0', 'save_as_top_fids': ['fb0800b9b4554ff8b94dbff92896a016', 'f0f203ef21284c43b8513adc0f3daa8c', '607f530e528c47c5b0d251142d07d5b2', 'fc936e21b0de4fd6966da65cb15410d9', 'fabf70e70d974eff89f47eed3b767a8e', '7a9248a4aae7467999b8fc2500841739', '50245b55a22241299b4adc133358a441', '88184bf671f34eb0a3c2ce1b4532b2b9', '4c4dce03994c4e49881799971c00e71b', 'dbc62d1f4391415b815c81de535c5a16', '01e7ab39302344adb95066d8a7fd90c6', '6e5654d6db774acebf888bad6ed995d5', 'a7844a7b8db041988ce18aeb9ee31ae7', 'c379ee8c20e744418e4377478be65d14', '4fc616dc3f1c4ba4ac9aa8ebb0e876ef', '880613b3ae804d5e93cd9fc07dcc035d', '68b1878e109c4125a07e42535831d29b', 'b7c6d13f5fe34a3fba795a003e2523a9', '8b4a349feea349d595f094a570ac4b83', 'db6ca7492bb248c296df4a68efa49709', 'eaf8821b83a54a3994d38f05a993cd03', '63615fec177849b3ab8338f542aba55f', '37aff4d90c1d46d7b0da10b259adebb3', 'bfd658cdda674d4f90afb5f5665f35c3', 'd340dcdda2054d0986769c370089a8f0', '4874b7878e5046c4a0b12c1f66f9c8d6', 'c718fb46f7e64cf68dc20d821e3f23db', '09395ee6cf8a40dbbf1d07e2c60a77c2', '8217eb97eb5e45139d3362d87eadc3f0', '32c16fd4b0a546edae3d2557de05250f'], 'to_pdir_name': '20260112', 'min_save_file_size': 965066322}}, 'metadata': {'tq_gap': 1500}}
2026-01-11 13:13:18 - app - INFO - [任务cafd02162970409097039f449b79bd71] [1/1] [根目录] 转存成功
2026-01-11 13:13:18 - app - INFO - [任务cafd02162970409097039f449b79bd71] [1/1] 共转存 30 个文件
2026-01-11 13:13:18 - app - INFO - [任务cafd02162970409097039f449b79bd71] 任务执行完成！成功: 1, 失败: 0, 文件数: 0
2026-01-11 13:15:04 - app - ERROR - 创建下载任务失败: table download_tasks has no column named regex_pattern
2026-01-11 13:15:04 - app - ERROR - 创建下载任务失败: table download_tasks has no column named regex_pattern
2026-01-11 13:15:26 - app - INFO - 许可证管理器初始化完成,服务器: http://license.22l2.com
2026-01-11 13:15:26 - app - INFO - 初始化许可证管理器...
2026-01-11 13:15:27 - app - INFO - 解密密钥设置成功
2026-01-11 13:15:27 - app - INFO - 解密密钥获取成功
2026-01-11 13:15:27 - app - INFO - 解密密钥获取成功，配置已就绪
2026-01-11 13:15:27 - app - INFO - 配置解密成功
2026-01-11 13:15:27 - app - INFO - 夸克API配置加载成功
2026-01-11 13:15:27 - app - INFO - 夸克API配置加载完成
2026-01-11 13:15:27 - app - INFO - 检查数据库...
2026-01-11 13:15:27 - app - INFO - 数据库检查完成
2026-01-11 13:15:27 - app - INFO - 检查数据库迁移...
2026-01-11 13:15:27 - app - INFO - 数据库迁移检查完成
2026-01-11 13:15:27 - app - INFO - 清理异常中断的任务状态...
2026-01-11 13:15:27 - app - INFO - 升级管理器初始化完成
2026-01-11 13:15:27 - app - INFO - Flask应用创建成功
2026-01-11 13:15:27 - app - INFO - 静态文件目录: C:\Data\夸克转存\client\frontend
2026-01-11 13:15:27 - app - INFO - 启动任务调度服务...
2026-01-11 13:15:27 - app - INFO - 检查被中断的影视下载任务...
2026-01-11 13:15:27 - app - INFO - 没有需要恢复的影视下载任务
2026-01-11 13:15:27 - app - INFO - 账期生成循环已启动
2026-01-11 13:15:27 - app - INFO - 账期生成线程已启动
2026-01-11 13:15:27 - app - INFO - 开始生成 2026-01-11 的任务账期
2026-01-11 13:15:27 - app - INFO - 任务执行循环已启动
2026-01-11 13:15:27 - app - INFO - 任务执行线程已启动
2026-01-11 13:15:27 - app - INFO - 日志清理循环已启动
2026-01-11 13:15:27 - app - INFO - 日志清理线程已启动
2026-01-11 13:15:27 - app - INFO - 跳过一次性执行任务: 测试
2026-01-11 13:15:27 - app - INFO - 下次日志清理时间: 2026-01-12 02:00:00
2026-01-11 13:15:27 - app - INFO - 启动Flask服务: http://0.0.0.0:8520
2026-01-11 13:15:27 - app - INFO - ✅ 生成完成，共创建 0 条待执行记录
2026-01-11 13:15:27 - app - INFO - 下次生成账期时间: 2026-01-12 00:00:00, 等待 38672 秒
2026-01-11 13:16:21 - app - INFO - 创建下载任务成功: 测试 (ID: 1)
2026-01-11 13:16:23 - app - INFO - [TaskExecutor] start_task 被调用: task_id=1, execution_id=None, schedule_period=None
2026-01-11 13:16:23 - app - INFO - [TaskExecutor] 任务 1 状态已初始化到 _running_tasks
2026-01-11 13:16:23 - app - INFO - [TaskExecutor] _execute_task 线程开始执行: task_id=1
2026-01-11 13:16:23 - app - INFO - [TaskExecutor] 任务 1 执行线程已启动
2026-01-11 13:16:23 - app - INFO - [TaskExecutor] 从_running_tasks获取: execution_id=None, schedule_period=None
2026-01-11 13:16:23 - app - INFO - [TaskExecutor] 开始获取任务信息: task_id=1
2026-01-11 13:16:23 - app - INFO - [TaskExecutor] 任务信息获取成功: 测试
2026-01-11 13:16:23 - app - INFO - [TaskExecutor] 开始创建执行历史记录
2026-01-11 13:16:23 - app - INFO - [TaskExecutor] 执行历史记录创建成功: execution_id=7
2026-01-11 13:16:23 - app - INFO - [TaskExecutor] execution_id已更新到_running_tasks
2026-01-11 13:16:23 - app - INFO - [TaskExecutor] 开始记录日志
2026-01-11 13:16:23 - app - INFO - [下载任务1] 任务已启动，正在初始化...
2026-01-11 13:16:23 - app - INFO - [下载任务1] 执行历史记录ID: 7
2026-01-11 13:16:23 - app - INFO - [下载任务1] 开始执行任务: 测试
2026-01-11 13:16:23 - app - INFO - [下载任务1] 使用账号: ces
2026-01-11 13:16:23 - app - INFO - [下载任务1] 网盘目录: /夸克自动转存测试/20260112
2026-01-11 13:16:23 - app - INFO - [下载任务1] 本地目录: D:\Downloads
2026-01-11 13:16:23 - app - INFO - [下载任务1] 正在获取文件列表...
2026-01-11 13:16:23 - app - INFO - [下载任务1] 解析路径: 夸克自动转存测试 -> 20260112
2026-01-11 13:16:32 - app - INFO - 切换任务状态成功: ID 1, running -> paused
2026-01-11 13:16:34 - app - INFO - [下载任务1] 开始递归扫描文件...
2026-01-11 13:16:35 - app - INFO - [下载任务1] 递归扫描完成，共找到 30 个文件
2026-01-11 13:16:35 - app - INFO - [下载任务1] 准备下载 30 个文件
2026-01-11 13:16:35 - app - INFO - [下载任务1] 创建本地目录失败: [WinError 5] 拒绝访问。: 'D:\\Downloads'
2026-01-11 13:16:54 - app - INFO - 更新下载任务成功: ID 1
2026-01-11 13:16:55 - app - INFO - [TaskExecutor] start_task 被调用: task_id=1, execution_id=None, schedule_period=None
2026-01-11 13:16:55 - app - WARNING - [TaskExecutor] 任务 1 已在执行中
2026-01-11 13:17:02 - app - INFO - 尝试终止任务: 测试 (download) - execution_id: 7
2026-01-11 13:17:09 - app - INFO - 尝试终止任务: 测试 (download) - execution_id: 7
2026-01-11 13:17:19 - app - INFO - 尝试终止任务: 测试 (download) - execution_id: 7
2026-01-11 13:17:55 - app - INFO - 尝试终止任务: 测试 (download) - execution_id: 7
2026-01-11 13:18:06 - app - INFO - 许可证管理器初始化完成,服务器: http://license.22l2.com
2026-01-11 13:18:06 - app - INFO - 初始化许可证管理器...
2026-01-11 13:18:08 - app - INFO - 解密密钥设置成功
2026-01-11 13:18:08 - app - INFO - 解密密钥获取成功
2026-01-11 13:18:08 - app - INFO - 解密密钥获取成功，配置已就绪
2026-01-11 13:18:08 - app - INFO - 配置解密成功
2026-01-11 13:18:08 - app - INFO - 夸克API配置加载成功
2026-01-11 13:18:08 - app - INFO - 夸克API配置加载完成
2026-01-11 13:18:08 - app - INFO - 检查数据库...
2026-01-11 13:18:08 - app - INFO - 数据库检查完成
2026-01-11 13:18:08 - app - INFO - 检查数据库迁移...
2026-01-11 13:18:08 - app - INFO - 数据库迁移检查完成
2026-01-11 13:18:08 - app - INFO - 清理异常中断的任务状态...
2026-01-11 13:18:08 - app - INFO - 已清理 1 个异常中断的任务
2026-01-11 13:18:08 - app - INFO - 升级管理器初始化完成
2026-01-11 13:18:08 - app - INFO - Flask应用创建成功
2026-01-11 13:18:08 - app - INFO - 静态文件目录: C:\Data\夸克转存\client\frontend
2026-01-11 13:18:08 - app - INFO - 启动任务调度服务...
2026-01-11 13:18:08 - app - INFO - 检查被中断的影视下载任务...
2026-01-11 13:18:08 - app - INFO - 没有需要恢复的影视下载任务
2026-01-11 13:18:08 - app - INFO - 账期生成循环已启动
2026-01-11 13:18:08 - app - INFO - 账期生成线程已启动
2026-01-11 13:18:08 - app - INFO - 开始生成 2026-01-11 的任务账期
2026-01-11 13:18:08 - app - INFO - 任务执行循环已启动
2026-01-11 13:18:08 - app - INFO - 任务执行线程已启动
2026-01-11 13:18:08 - app - INFO - 日志清理循环已启动
2026-01-11 13:18:08 - app - INFO - 日志清理线程已启动
2026-01-11 13:18:08 - app - INFO - 跳过一次性执行任务: 测试
2026-01-11 13:18:08 - app - INFO - 下次日志清理时间: 2026-01-12 02:00:00
2026-01-11 13:18:08 - app - INFO - 启动Flask服务: http://0.0.0.0:8520
2026-01-11 13:18:08 - app - INFO - ✅ 生成完成，共创建 0 条待执行记录
2026-01-11 13:18:08 - app - INFO - 下次生成账期时间: 2026-01-12 00:00:00, 等待 38512 秒
2026-01-11 13:18:54 - app - INFO - 准备重做任务: 测试 (download)
2026-01-11 13:18:54 - app - INFO - 已删除任务 测试 的历史记录
2026-01-11 13:18:54 - app - INFO - [TaskExecutor] start_task 被调用: task_id=1, execution_id=None, schedule_period=None
2026-01-11 13:18:54 - app - INFO - [TaskExecutor] 任务 1 状态已初始化到 _running_tasks
2026-01-11 13:18:54 - app - INFO - [TaskExecutor] _execute_task 线程开始执行: task_id=1
2026-01-11 13:18:54 - app - INFO - [TaskExecutor] 任务 1 执行线程已启动
2026-01-11 13:18:54 - app - INFO - [TaskExecutor] 从_running_tasks获取: execution_id=None, schedule_period=None
2026-01-11 13:18:54 - app - INFO - [TaskExecutor] 开始获取任务信息: task_id=1
2026-01-11 13:18:54 - app - INFO - [TaskExecutor] 任务信息获取成功: 测试
2026-01-11 13:18:54 - app - INFO - [TaskExecutor] 开始创建执行历史记录
2026-01-11 13:18:54 - app - INFO - [TaskExecutor] 执行历史记录创建成功: execution_id=8
2026-01-11 13:18:54 - app - INFO - [TaskExecutor] execution_id已更新到_running_tasks
2026-01-11 13:18:54 - app - INFO - [TaskExecutor] 开始记录日志
2026-01-11 13:18:54 - app - INFO - [下载任务1] 任务已启动，正在初始化...
2026-01-11 13:18:54 - app - INFO - [下载任务1] 执行历史记录ID: 8
2026-01-11 13:18:54 - app - INFO - [下载任务1] 开始执行任务: 测试
2026-01-11 13:18:54 - app - INFO - [下载任务1] 使用账号: ces
2026-01-11 13:18:54 - app - INFO - [下载任务1] 网盘目录: /夸克自动转存测试/20260112
2026-01-11 13:18:54 - app - INFO - [下载任务1] 本地目录: C:\Data\下载
2026-01-11 13:18:54 - app - INFO - [下载任务1] 正在获取文件列表...
2026-01-11 13:18:54 - app - INFO - [下载任务1] 解析路径: 夸克自动转存测试 -> 20260112
2026-01-11 13:19:06 - app - INFO - [下载任务1] 开始递归扫描文件...
2026-01-11 13:19:06 - app - INFO - [下载任务1] 递归扫描完成，共找到 30 个文件
2026-01-11 13:19:06 - app - INFO - [下载任务1] 准备下载 30 个文件
2026-01-11 13:19:06 - app - INFO - [下载任务1] [1/30] 正在下载: 01 4K.mp4 (1300.85 MB)
2026-01-11 13:19:06 - app - INFO - [下载任务1] [调试] 多线程配置: enable=True, threshold=50MB
2026-01-11 13:19:06 - app - INFO - [下载任务1] [1/30] 文件大小 1300.85MB >= 50MB，使用多线程下载
2026-01-11 13:19:06 - app - INFO - [下载任务1] 🚀 使用多线程下载: 01 4K.mp4 (1.27 GB)
2026-01-11 13:19:06 - app - INFO - [下载任务1]    配置: 4 个线程，每块 10.00 MB
2026-01-11 13:19:06 - app - INFO - [下载任务1]    分块数量: 131
2026-01-11 13:19:06 - app - INFO - [下载任务1]       线程 1/131 开始下载 (0.00 B-10.00 MB)
2026-01-11 13:19:06 - app - INFO - [下载任务1]       线程 2/131 开始下载 (10.00 MB-20.00 MB)
2026-01-11 13:19:06 - app - INFO - [下载任务1]       线程 4/131 开始下载 (30.00 MB-40.00 MB)
2026-01-11 13:19:06 - app - INFO - [下载任务1]       线程 3/131 开始下载 (20.00 MB-30.00 MB)
2026-01-11 13:19:08 - app - INFO - [下载任务1]       线程 2/131 完成 (10.00 MB)
2026-01-11 13:19:08 - app - INFO - [下载任务1]       线程 5/131 开始下载 (40.00 MB-50.00 MB)
2026-01-11 13:19:09 - app - INFO - [下载任务1]       线程 3/131 完成 (10.00 MB)
2026-01-11 13:19:09 - app - INFO - [下载任务1]       线程 6/131 开始下载 (50.00 MB-60.00 MB)
2026-01-11 13:19:09 - app - INFO - [下载任务1]       线程 1/131 完成 (10.00 MB)
2026-01-11 13:19:09 - app - INFO - [下载任务1]       线程 7/131 开始下载 (60.00 MB-70.00 MB)
2026-01-11 13:19:10 - app - INFO - [下载任务1]       线程 4/131 完成 (10.00 MB)
2026-01-11 13:19:10 - app - INFO - [下载任务1]       线程 8/131 开始下载 (70.00 MB-80.00 MB)
2026-01-11 13:19:10 - app - INFO - [下载任务1]       线程 5/131 完成 (10.00 MB)
2026-01-11 13:19:10 - app - INFO - [下载任务1]       线程 9/131 开始下载 (80.00 MB-90.00 MB)
2026-01-11 13:19:11 - app - INFO - [下载任务1]       线程 7/131 完成 (10.00 MB)
2026-01-11 13:19:11 - app - INFO - [下载任务1]       线程 10/131 开始下载 (90.00 MB-100.00 MB)
2026-01-11 13:19:12 - app - INFO - [下载任务1]       线程 6/131 完成 (10.00 MB)
2026-01-11 13:19:12 - app - INFO - [下载任务1]       线程 11/131 开始下载 (100.00 MB-110.00 MB)
2026-01-11 13:19:13 - app - INFO - [下载任务1]       线程 8/131 完成 (10.00 MB)
2026-01-11 13:19:13 - app - INFO - [下载任务1]       线程 12/131 开始下载 (110.00 MB-120.00 MB)
2026-01-11 13:19:26 - app - INFO - [下载任务1]       线程 11/131 完成 (10.00 MB)
2026-01-11 13:19:26 - app - INFO - [下载任务1]       线程 13/131 开始下载 (120.00 MB-130.00 MB)
2026-01-11 13:19:26 - app - INFO - [下载任务1]       线程 12/131 完成 (10.00 MB)
2026-01-11 13:19:26 - app - INFO - [下载任务1]       线程 14/131 开始下载 (130.00 MB-140.00 MB)
2026-01-11 13:19:27 - app - INFO - [下载任务1]       线程 10/131 完成 (10.00 MB)
2026-01-11 13:19:27 - app - INFO - [下载任务1]       线程 15/131 开始下载 (140.00 MB-150.00 MB)
2026-01-11 13:19:27 - app - INFO - [下载任务1]       线程 9/131 完成 (10.00 MB)
2026-01-11 13:19:27 - app - INFO - [下载任务1]       线程 16/131 开始下载 (150.00 MB-160.00 MB)
2026-01-11 13:19:29 - app - INFO - [下载任务1]       线程 13/131 完成 (10.00 MB)
2026-01-11 13:19:29 - app - INFO - [下载任务1]       线程 17/131 开始下载 (160.00 MB-170.00 MB)
2026-01-11 13:19:35 - app - INFO - [下载任务1]       线程 14/131 完成 (10.00 MB)
2026-01-11 13:19:35 - app - INFO - [下载任务1]       线程 18/131 开始下载 (170.00 MB-180.00 MB)
2026-01-11 13:19:35 - app - INFO - [下载任务1]       线程 15/131 完成 (10.00 MB)
2026-01-11 13:19:35 - app - INFO - [下载任务1]       线程 19/131 开始下载 (180.00 MB-190.00 MB)
2026-01-11 13:19:35 - app - INFO - [下载任务1]       线程 17/131 完成 (10.00 MB)
2026-01-11 13:19:35 - app - INFO - [下载任务1]       线程 16/131 完成 (10.00 MB)
2026-01-11 13:19:35 - app - INFO - [下载任务1]       线程 20/131 开始下载 (190.00 MB-200.00 MB)
2026-01-11 13:19:35 - app - INFO - [下载任务1]       线程 21/131 开始下载 (200.00 MB-210.00 MB)
2026-01-11 13:19:38 - app - INFO - [下载任务1]       线程 20/131 完成 (10.00 MB)
2026-01-11 13:19:38 - app - INFO - [下载任务1]       线程 19/131 完成 (10.00 MB)
2026-01-11 13:19:38 - app - INFO - [下载任务1]       线程 22/131 开始下载 (210.00 MB-220.00 MB)
2026-01-11 13:19:38 - app - INFO - [下载任务1]       线程 23/131 开始下载 (220.00 MB-230.00 MB)
2026-01-11 13:19:38 - app - INFO - [下载任务1]       线程 21/131 完成 (10.00 MB)
2026-01-11 13:19:38 - app - INFO - [下载任务1]       线程 24/131 开始下载 (230.00 MB-240.00 MB)
2026-01-11 13:19:38 - app - INFO - [下载任务1]       线程 18/131 完成 (10.00 MB)
2026-01-11 13:19:38 - app - INFO - [下载任务1]       线程 25/131 开始下载 (240.00 MB-250.00 MB)
2026-01-11 13:19:48 - app - INFO - [下载任务1]       线程 22/131 完成 (10.00 MB)
2026-01-11 13:19:48 - app - INFO - [下载任务1]       线程 26/131 开始下载 (250.00 MB-260.00 MB)
2026-01-11 13:19:48 - app - INFO - [下载任务1]       线程 23/131 完成 (10.00 MB)
2026-01-11 13:19:48 - app - INFO - [下载任务1]       线程 27/131 开始下载 (260.00 MB-270.00 MB)
2026-01-11 13:19:48 - app - INFO - [下载任务1]       线程 24/131 完成 (10.00 MB)
2026-01-11 13:19:48 - app - INFO - [下载任务1]       线程 28/131 开始下载 (270.00 MB-280.00 MB)
2026-01-11 13:19:49 - app - INFO - [下载任务1]       线程 25/131 完成 (10.00 MB)
2026-01-11 13:19:49 - app - INFO - [下载任务1]       线程 29/131 开始下载 (280.00 MB-290.00 MB)
2026-01-11 13:19:50 - app - INFO - [下载任务1]       线程 26/131 完成 (10.00 MB)
2026-01-11 13:19:50 - app - INFO - [下载任务1]       线程 30/131 开始下载 (290.00 MB-300.00 MB)
2026-01-11 13:19:50 - app - INFO - [下载任务1]       线程 27/131 完成 (10.00 MB)
2026-01-11 13:19:50 - app - INFO - [下载任务1]       线程 31/131 开始下载 (300.00 MB-310.00 MB)
2026-01-11 13:19:51 - app - INFO - [下载任务1]       线程 28/131 完成 (10.00 MB)
2026-01-11 13:19:51 - app - INFO - [下载任务1]       线程 32/131 开始下载 (310.00 MB-320.00 MB)
2026-01-11 13:19:57 - app - INFO - [下载任务1]       线程 30/131 完成 (10.00 MB)
2026-01-11 13:19:57 - app - INFO - [下载任务1]       线程 33/131 开始下载 (320.00 MB-330.00 MB)
2026-01-11 13:19:57 - app - INFO - [下载任务1]       线程 29/131 完成 (10.00 MB)
2026-01-11 13:19:57 - app - INFO - [下载任务1]       线程 34/131 开始下载 (330.00 MB-340.00 MB)
2026-01-11 13:19:57 - app - INFO - [下载任务1]       线程 31/131 完成 (10.00 MB)
2026-01-11 13:19:57 - app - INFO - [下载任务1]       线程 32/131 完成 (10.00 MB)
2026-01-11 13:19:57 - app - INFO - [下载任务1]       线程 35/131 开始下载 (340.00 MB-350.00 MB)
2026-01-11 13:19:57 - app - INFO - [下载任务1]       线程 36/131 开始下载 (350.00 MB-360.00 MB)
2026-01-11 13:20:00 - app - INFO - [下载任务1]       线程 34/131 完成 (10.00 MB)
2026-01-11 13:20:00 - app - INFO - [下载任务1]       线程 37/131 开始下载 (360.00 MB-370.00 MB)
2026-01-11 13:20:00 - app - INFO - [下载任务1]       线程 33/131 完成 (10.00 MB)
2026-01-11 13:20:00 - app - INFO - [下载任务1]       线程 38/131 开始下载 (370.00 MB-380.00 MB)
2026-01-11 13:20:00 - app - INFO - [下载任务1]       线程 36/131 完成 (10.00 MB)
2026-01-11 13:20:00 - app - INFO - [下载任务1]       线程 39/131 开始下载 (380.00 MB-390.00 MB)
2026-01-11 13:20:00 - app - INFO - [下载任务1]       线程 35/131 完成 (10.00 MB)
2026-01-11 13:20:00 - app - INFO - [下载任务1]       线程 40/131 开始下载 (390.00 MB-400.00 MB)
2026-01-11 13:20:02 - app - INFO - [下载任务1]       线程 38/131 完成 (10.00 MB)
2026-01-11 13:20:02 - app - INFO - [下载任务1]       线程 41/131 开始下载 (400.00 MB-410.00 MB)
2026-01-11 13:20:02 - app - INFO - [下载任务1]       线程 37/131 完成 (10.00 MB)
2026-01-11 13:20:02 - app - INFO - [下载任务1]       线程 42/131 开始下载 (410.00 MB-420.00 MB)
2026-01-11 13:20:08 - app - INFO - [下载任务1]       线程 40/131 完成 (10.00 MB)
2026-01-11 13:20:08 - app - INFO - [下载任务1]       线程 43/131 开始下载 (420.00 MB-430.00 MB)
2026-01-11 13:20:08 - app - INFO - [下载任务1]       线程 42/131 完成 (10.00 MB)
2026-01-11 13:20:08 - app - INFO - [下载任务1]       线程 44/131 开始下载 (430.00 MB-440.00 MB)
2026-01-11 13:20:09 - app - INFO - [下载任务1]       线程 41/131 完成 (10.00 MB)
2026-01-11 13:20:09 - app - INFO - [下载任务1]       线程 45/131 开始下载 (440.00 MB-450.00 MB)
2026-01-11 13:20:09 - app - INFO - [下载任务1]       线程 39/131 完成 (10.00 MB)
2026-01-11 13:20:09 - app - INFO - [下载任务1]       线程 46/131 开始下载 (450.00 MB-460.00 MB)
2026-01-11 13:20:11 - app - INFO - [下载任务1]       线程 44/131 完成 (10.00 MB)
2026-01-11 13:20:11 - app - INFO - [下载任务1]       线程 43/131 完成 (10.00 MB)
2026-01-11 13:20:11 - app - INFO - [下载任务1]       线程 47/131 开始下载 (460.00 MB-470.00 MB)
2026-01-11 13:20:11 - app - INFO - [下载任务1]       线程 48/131 开始下载 (470.00 MB-480.00 MB)
2026-01-11 13:20:11 - app - INFO - [下载任务1]       线程 45/131 完成 (10.00 MB)
2026-01-11 13:20:11 - app - INFO - [下载任务1]       线程 49/131 开始下载 (480.00 MB-490.00 MB)
2026-01-11 13:20:12 - app - INFO - [下载任务1]       线程 46/131 完成 (10.00 MB)
2026-01-11 13:20:12 - app - INFO - [下载任务1]       线程 50/131 开始下载 (490.00 MB-500.00 MB)
2026-01-11 13:20:19 - app - INFO - [下载任务1]       线程 47/131 完成 (10.00 MB)
2026-01-11 13:20:19 - app - INFO - [下载任务1]       线程 51/131 开始下载 (500.00 MB-510.00 MB)
2026-01-11 13:20:19 - app - INFO - [下载任务1]       线程 49/131 完成 (10.00 MB)
2026-01-11 13:20:19 - app - INFO - [下载任务1]       线程 52/131 开始下载 (510.00 MB-520.00 MB)
2026-01-11 13:20:19 - app - INFO - [下载任务1]       线程 48/131 完成 (10.00 MB)
2026-01-11 13:20:19 - app - INFO - [下载任务1]       线程 53/131 开始下载 (520.00 MB-530.00 MB)
2026-01-11 13:20:19 - app - INFO - [下载任务1]       线程 50/131 完成 (10.00 MB)
2026-01-11 13:20:19 - app - INFO - [下载任务1]       线程 54/131 开始下载 (530.00 MB-540.00 MB)
2026-01-11 13:20:22 - app - INFO - [下载任务1]       线程 51/131 完成 (10.00 MB)
2026-01-11 13:20:22 - app - INFO - [下载任务1]       线程 55/131 开始下载 (540.00 MB-550.00 MB)
2026-01-11 13:20:22 - app - INFO - [下载任务1]       线程 52/131 完成 (10.00 MB)
2026-01-11 13:20:22 - app - INFO - [下载任务1]       线程 56/131 开始下载 (550.00 MB-560.00 MB)
2026-01-11 13:20:22 - app - INFO - [下载任务1]       线程 53/131 完成 (10.00 MB)
2026-01-11 13:20:22 - app - INFO - [下载任务1]       线程 57/131 开始下载 (560.00 MB-570.00 MB)
2026-01-11 13:20:22 - app - INFO - [下载任务1]       线程 54/131 完成 (10.00 MB)
2026-01-11 13:20:22 - app - INFO - [下载任务1]       线程 58/131 开始下载 (570.00 MB-580.00 MB)
2026-01-11 13:20:30 - app - INFO - [下载任务1]       线程 57/131 完成 (10.00 MB)
2026-01-11 13:20:30 - app - INFO - [下载任务1]       线程 59/131 开始下载 (580.00 MB-590.00 MB)
2026-01-11 13:20:30 - app - INFO - [下载任务1]       线程 58/131 完成 (10.00 MB)
2026-01-11 13:20:30 - app - INFO - [下载任务1]       线程 60/131 开始下载 (590.00 MB-600.00 MB)
2026-01-11 13:20:31 - app - INFO - [下载任务1]       线程 56/131 完成 (10.00 MB)
2026-01-11 13:20:31 - app - INFO - [下载任务1]       线程 61/131 开始下载 (600.00 MB-610.00 MB)
2026-01-11 13:20:31 - app - INFO - [下载任务1]       线程 55/131 完成 (10.00 MB)
2026-01-11 13:20:31 - app - INFO - [下载任务1]       线程 62/131 开始下载 (610.00 MB-620.00 MB)
2026-01-11 13:20:33 - app - INFO - [下载任务1]       线程 59/131 完成 (10.00 MB)
2026-01-11 13:20:33 - app - INFO - [下载任务1]       线程 63/131 开始下载 (620.00 MB-630.00 MB)
2026-01-11 13:20:34 - app - INFO - [下载任务1]       线程 61/131 完成 (10.00 MB)
2026-01-11 13:20:34 - app - INFO - [下载任务1]       线程 64/131 开始下载 (630.00 MB-640.00 MB)
2026-01-11 13:20:34 - app - INFO - [下载任务1]       线程 60/131 完成 (10.00 MB)
2026-01-11 13:20:34 - app - INFO - [下载任务1]       线程 65/131 开始下载 (640.00 MB-650.00 MB)
2026-01-11 13:20:34 - app - INFO - [下载任务1]       线程 62/131 完成 (10.00 MB)
2026-01-11 13:20:34 - app - INFO - [下载任务1]       线程 66/131 开始下载 (650.00 MB-660.00 MB)
2026-01-11 13:20:40 - app - INFO - [下载任务1]       线程 66/131 完成 (10.00 MB)
2026-01-11 13:20:40 - app - INFO - [下载任务1]       线程 67/131 开始下载 (660.00 MB-670.00 MB)
2026-01-11 13:20:41 - app - INFO - [下载任务1]       线程 65/131 完成 (10.00 MB)
2026-01-11 13:20:41 - app - INFO - [下载任务1]       线程 68/131 开始下载 (670.00 MB-680.00 MB)
2026-01-11 13:20:41 - app - INFO - [下载任务1]       线程 63/131 完成 (10.00 MB)
2026-01-11 13:20:41 - app - INFO - [下载任务1]       线程 69/131 开始下载 (680.00 MB-690.00 MB)
2026-01-11 13:20:42 - app - INFO - [下载任务1]       线程 67/131 完成 (10.00 MB)
2026-01-11 13:20:42 - app - INFO - [下载任务1]       线程 70/131 开始下载 (690.00 MB-700.00 MB)
2026-01-11 13:20:43 - app - INFO - [下载任务1]       线程 64/131 完成 (10.00 MB)
2026-01-11 13:20:43 - app - INFO - [下载任务1]       线程 71/131 开始下载 (700.00 MB-710.00 MB)
2026-01-11 13:20:43 - app - INFO - [下载任务1]       线程 69/131 完成 (10.00 MB)
2026-01-11 13:20:43 - app - INFO - [下载任务1]       线程 72/131 开始下载 (710.00 MB-720.00 MB)
2026-01-11 13:20:43 - app - INFO - [下载任务1]       线程 68/131 完成 (10.00 MB)
2026-01-11 13:20:43 - app - INFO - [下载任务1]       线程 73/131 开始下载 (720.00 MB-730.00 MB)
2026-01-11 13:20:44 - app - INFO - [下载任务1]       线程 70/131 完成 (10.00 MB)
2026-01-11 13:20:44 - app - INFO - [下载任务1]       线程 74/131 开始下载 (730.00 MB-740.00 MB)
2026-01-11 13:20:45 - app - INFO - [下载任务1]       线程 71/131 完成 (10.00 MB)
2026-01-11 13:20:45 - app - INFO - [下载任务1]       线程 75/131 开始下载 (740.00 MB-750.00 MB)
2026-01-11 13:20:46 - app - INFO - [下载任务1]       线程 72/131 完成 (10.00 MB)
2026-01-11 13:20:46 - app - INFO - [下载任务1]       线程 76/131 开始下载 (750.00 MB-760.00 MB)
2026-01-11 13:20:46 - app - INFO - [下载任务1]       线程 73/131 完成 (10.00 MB)
2026-01-11 13:20:46 - app - INFO - [下载任务1]       线程 77/131 开始下载 (760.00 MB-770.00 MB)
2026-01-11 13:20:46 - app - INFO - [下载任务1]       线程 74/131 完成 (10.00 MB)
2026-01-11 13:20:46 - app - INFO - [下载任务1]       线程 78/131 开始下载 (770.00 MB-780.00 MB)
2026-01-11 13:20:51 - app - INFO - [下载任务1]       线程 78/131 完成 (10.00 MB)
2026-01-11 13:20:51 - app - INFO - [下载任务1]       线程 79/131 开始下载 (780.00 MB-790.00 MB)
2026-01-11 13:20:53 - app - INFO - [下载任务1]       线程 75/131 完成 (10.00 MB)
2026-01-11 13:20:53 - app - INFO - [下载任务1]       线程 80/131 开始下载 (790.00 MB-800.00 MB)
2026-01-11 13:20:53 - app - INFO - [下载任务1]       线程 77/131 完成 (10.00 MB)
2026-01-11 13:20:53 - app - INFO - [下载任务1]       线程 81/131 开始下载 (800.00 MB-810.00 MB)
2026-01-11 13:20:53 - app - INFO - [下载任务1]       线程 79/131 完成 (10.00 MB)
2026-01-11 13:20:53 - app - INFO - [下载任务1]       线程 82/131 开始下载 (810.00 MB-820.00 MB)
2026-01-11 13:20:53 - app - INFO - [下载任务1]       线程 76/131 完成 (10.00 MB)
2026-01-11 13:20:53 - app - INFO - [下载任务1]       线程 83/131 开始下载 (820.00 MB-830.00 MB)
2026-01-11 13:20:55 - app - INFO - [下载任务1]       线程 80/131 完成 (10.00 MB)
2026-01-11 13:20:55 - app - INFO - [下载任务1]       线程 84/131 开始下载 (830.00 MB-840.00 MB)
2026-01-11 13:20:55 - app - INFO - [下载任务1]       线程 81/131 完成 (10.00 MB)
2026-01-11 13:20:55 - app - INFO - [下载任务1]       线程 85/131 开始下载 (840.00 MB-850.00 MB)
2026-01-11 13:20:55 - app - INFO - [下载任务1]       线程 83/131 完成 (10.00 MB)
2026-01-11 13:20:55 - app - INFO - [下载任务1]       线程 86/131 开始下载 (850.00 MB-860.00 MB)
2026-01-11 13:20:55 - app - INFO - [下载任务1]       线程 82/131 完成 (10.00 MB)
2026-01-11 13:20:55 - app - INFO - [下载任务1]       线程 87/131 开始下载 (860.00 MB-870.00 MB)
2026-01-11 13:21:03 - app - INFO - [下载任务1]       线程 84/131 完成 (10.00 MB)
2026-01-11 13:21:03 - app - INFO - [下载任务1]       线程 88/131 开始下载 (870.00 MB-880.00 MB)
2026-01-11 13:21:04 - app - INFO - [下载任务1]       线程 85/131 完成 (10.00 MB)
2026-01-11 13:21:04 - app - INFO - [下载任务1]       线程 89/131 开始下载 (880.00 MB-890.00 MB)
2026-01-11 13:21:05 - app - INFO - [下载任务1]       线程 86/131 完成 (10.00 MB)
2026-01-11 13:21:05 - app - INFO - [下载任务1]       线程 90/131 开始下载 (890.00 MB-900.00 MB)
2026-01-11 13:21:05 - app - INFO - [下载任务1]       线程 87/131 完成 (10.00 MB)
2026-01-11 13:21:05 - app - INFO - [下载任务1]       线程 91/131 开始下载 (900.00 MB-910.00 MB)
2026-01-11 13:21:06 - app - INFO - [下载任务1]       线程 88/131 完成 (10.00 MB)
2026-01-11 13:21:06 - app - INFO - [下载任务1]       线程 89/131 完成 (10.00 MB)
2026-01-11 13:21:06 - app - INFO - [下载任务1]       线程 92/131 开始下载 (910.00 MB-920.00 MB)
2026-01-11 13:21:06 - app - INFO - [下载任务1]       线程 93/131 开始下载 (920.00 MB-930.00 MB)
2026-01-11 13:21:07 - app - INFO - [下载任务1]       线程 91/131 完成 (10.00 MB)
2026-01-11 13:21:07 - app - INFO - [下载任务1]       线程 94/131 开始下载 (930.00 MB-940.00 MB)
2026-01-11 13:21:07 - app - INFO - [下载任务1]       线程 90/131 完成 (10.00 MB)
2026-01-11 13:21:07 - app - INFO - [下载任务1]       线程 95/131 开始下载 (940.00 MB-950.00 MB)
2026-01-11 13:21:15 - app - INFO - [下载任务1]       线程 92/131 完成 (10.00 MB)
2026-01-11 13:21:15 - app - INFO - [下载任务1]       线程 96/131 开始下载 (950.00 MB-960.00 MB)
2026-01-11 13:21:16 - app - INFO - [下载任务1]       线程 95/131 完成 (10.00 MB)
2026-01-11 13:21:16 - app - INFO - [下载任务1]       线程 93/131 完成 (10.00 MB)
2026-01-11 13:21:16 - app - INFO - [下载任务1]       线程 97/131 开始下载 (960.00 MB-970.00 MB)
2026-01-11 13:21:16 - app - INFO - [下载任务1]       线程 98/131 开始下载 (970.00 MB-980.00 MB)
2026-01-11 13:21:16 - app - INFO - [下载任务1]       线程 94/131 完成 (10.00 MB)
2026-01-11 13:21:16 - app - INFO - [下载任务1]       线程 99/131 开始下载 (980.00 MB-990.00 MB)
2026-01-11 13:21:17 - app - INFO - [下载任务1]       线程 97/131 完成 (10.00 MB)
2026-01-11 13:21:17 - app - INFO - [下载任务1]       线程 100/131 开始下载 (990.00 MB-1000.00 MB)
2026-01-11 13:21:17 - app - INFO - [下载任务1]       线程 96/131 完成 (10.00 MB)
2026-01-11 13:21:17 - app - INFO - [下载任务1]       线程 98/131 完成 (10.00 MB)
2026-01-11 13:21:17 - app - INFO - [下载任务1]       线程 101/131 开始下载 (1000.00 MB-1010.00 MB)
2026-01-11 13:21:17 - app - INFO - [下载任务1]       线程 102/131 开始下载 (1010.00 MB-1020.00 MB)
2026-01-11 13:21:19 - app - INFO - [下载任务1]       线程 100/131 完成 (10.00 MB)
2026-01-11 13:21:19 - app - INFO - [下载任务1]       线程 103/131 开始下载 (1020.00 MB-1.01 GB)
2026-01-11 13:21:19 - app - INFO - [下载任务1]       线程 99/131 完成 (10.00 MB)
2026-01-11 13:21:19 - app - INFO - [下载任务1]       线程 104/131 开始下载 (1.01 GB-1.02 GB)
2026-01-11 13:21:26 - app - INFO - [下载任务1]       线程 103/131 完成 (10.00 MB)
2026-01-11 13:21:26 - app - INFO - [下载任务1]       线程 105/131 开始下载 (1.02 GB-1.03 GB)
2026-01-11 13:21:26 - app - INFO - [下载任务1]       线程 102/131 完成 (10.00 MB)
2026-01-11 13:21:26 - app - INFO - [下载任务1]       线程 106/131 开始下载 (1.03 GB-1.04 GB)
2026-01-11 13:21:26 - app - INFO - [下载任务1]       线程 104/131 完成 (10.00 MB)
2026-01-11 13:21:26 - app - INFO - [下载任务1]       线程 107/131 开始下载 (1.04 GB-1.04 GB)
2026-01-11 13:21:26 - app - INFO - [下载任务1]       线程 101/131 完成 (10.00 MB)
2026-01-11 13:21:26 - app - INFO - [下载任务1]       线程 108/131 开始下载 (1.04 GB-1.05 GB)
2026-01-11 13:21:28 - app - INFO - [下载任务1]       线程 105/131 完成 (10.00 MB)
2026-01-11 13:21:28 - app - INFO - [下载任务1]       线程 109/131 开始下载 (1.05 GB-1.06 GB)
2026-01-11 13:21:28 - app - INFO - [下载任务1]       线程 106/131 完成 (10.00 MB)
2026-01-11 13:21:28 - app - INFO - [下载任务1]       线程 110/131 开始下载 (1.06 GB-1.07 GB)
2026-01-11 13:21:29 - app - INFO - [下载任务1]       线程 107/131 完成 (10.00 MB)
2026-01-11 13:21:29 - app - INFO - [下载任务1]       线程 111/131 开始下载 (1.07 GB-1.08 GB)
2026-01-11 13:21:29 - app - INFO - [下载任务1]       线程 108/131 完成 (10.00 MB)
2026-01-11 13:21:29 - app - INFO - [下载任务1]       线程 112/131 开始下载 (1.08 GB-1.09 GB)
2026-01-11 13:21:35 - app - INFO - [下载任务1]       线程 112/131 完成 (10.00 MB)
2026-01-11 13:21:35 - app - INFO - [下载任务1]       线程 113/131 开始下载 (1.09 GB-1.10 GB)
2026-01-11 13:21:35 - app - INFO - [下载任务1]       线程 111/131 完成 (10.00 MB)
2026-01-11 13:21:35 - app - INFO - [下载任务1]       线程 114/131 开始下载 (1.10 GB-1.11 GB)
2026-01-11 13:21:35 - app - INFO - [下载任务1]       线程 113/131 完成 (10.00 MB)
2026-01-11 13:21:35 - app - INFO - [下载任务1]       线程 115/131 开始下载 (1.11 GB-1.12 GB)
2026-01-11 13:21:36 - app - INFO - [下载任务1]       线程 110/131 完成 (10.00 MB)
2026-01-11 13:21:36 - app - INFO - [下载任务1]       线程 114/131 完成 (10.00 MB)
2026-01-11 13:21:36 - app - INFO - [下载任务1]       线程 116/131 开始下载 (1.12 GB-1.13 GB)
2026-01-11 13:21:36 - app - INFO - [下载任务1]       线程 117/131 开始下载 (1.13 GB-1.14 GB)
2026-01-11 13:21:36 - app - INFO - [下载任务1]       线程 115/131 完成 (10.00 MB)
2026-01-11 13:21:36 - app - INFO - [下载任务1]       线程 118/131 开始下载 (1.14 GB-1.15 GB)
2026-01-11 13:21:37 - app - INFO - [下载任务1]       线程 116/131 完成 (10.00 MB)
2026-01-11 13:21:37 - app - INFO - [下载任务1]       线程 119/131 开始下载 (1.15 GB-1.16 GB)
2026-01-11 13:21:37 - app - INFO - [下载任务1]       线程 109/131 完成 (10.00 MB)
2026-01-11 13:21:37 - app - INFO - [下载任务1]       线程 120/131 开始下载 (1.16 GB-1.17 GB)
2026-01-11 13:21:37 - app - INFO - [下载任务1]       线程 118/131 完成 (10.00 MB)
2026-01-11 13:21:37 - app - INFO - [下载任务1]       线程 121/131 开始下载 (1.17 GB-1.18 GB)
2026-01-11 13:21:37 - app - INFO - [下载任务1]       线程 117/131 完成 (10.00 MB)
2026-01-11 13:21:37 - app - INFO - [下载任务1]       线程 122/131 开始下载 (1.18 GB-1.19 GB)
2026-01-11 13:21:38 - app - INFO - [下载任务1]       线程 119/131 完成 (10.00 MB)
2026-01-11 13:21:38 - app - INFO - [下载任务1]       线程 123/131 开始下载 (1.19 GB-1.20 GB)
2026-01-11 13:21:38 - app - INFO - [下载任务1]       线程 120/131 完成 (10.00 MB)
2026-01-11 13:21:38 - app - INFO - [下载任务1]       线程 124/131 开始下载 (1.20 GB-1.21 GB)
2026-01-11 13:21:39 - app - INFO - [下载任务1]       线程 121/131 完成 (10.00 MB)
2026-01-11 13:21:39 - app - INFO - [下载任务1]       线程 125/131 开始下载 (1.21 GB-1.22 GB)
2026-01-11 13:21:39 - app - INFO - [下载任务1]       线程 122/131 完成 (10.00 MB)
2026-01-11 13:21:39 - app - INFO - [下载任务1]       线程 126/131 开始下载 (1.22 GB-1.23 GB)
2026-01-11 13:21:39 - app - INFO - [下载任务1]       线程 123/131 完成 (10.00 MB)
2026-01-11 13:21:39 - app - INFO - [下载任务1]       线程 127/131 开始下载 (1.23 GB-1.24 GB)
2026-01-11 13:21:40 - app - INFO - [下载任务1]       线程 124/131 完成 (10.00 MB)
2026-01-11 13:21:40 - app - INFO - [下载任务1]       线程 128/131 开始下载 (1.24 GB-1.25 GB)
2026-01-11 13:21:41 - app - INFO - [下载任务1]       线程 125/131 完成 (10.00 MB)
2026-01-11 13:21:41 - app - INFO - [下载任务1]       线程 129/131 开始下载 (1.25 GB-1.26 GB)
2026-01-11 13:21:41 - app - INFO - [下载任务1]       线程 126/131 完成 (10.00 MB)
2026-01-11 13:21:41 - app - INFO - [下载任务1]       线程 130/131 开始下载 (1.26 GB-1.27 GB)
2026-01-11 13:21:47 - app - INFO - [下载任务1]       线程 129/131 完成 (10.00 MB)
2026-01-11 13:21:47 - app - INFO - [下载任务1]       线程 131/131 开始下载 (1.27 GB-1.27 GB)
2026-01-11 13:21:48 - app - INFO - [下载任务1]       线程 131/131 完成 (870.40 KB)
2026-01-11 13:21:48 - app - INFO - [下载任务1]       线程 130/131 完成 (10.00 MB)
2026-01-11 13:21:48 - app - INFO - [下载任务1]       线程 127/131 完成 (10.00 MB)
2026-01-11 13:21:48 - app - INFO - [下载任务1]       线程 128/131 完成 (10.00 MB)
2026-01-11 13:21:49 - app - INFO - 许可证管理器初始化完成,服务器: http://license.22l2.com
2026-01-11 13:21:49 - app - INFO - 初始化许可证管理器...
2026-01-11 13:21:50 - app - INFO - 解密密钥设置成功
2026-01-11 13:21:50 - app - INFO - 解密密钥获取成功
2026-01-11 13:21:50 - app - INFO - 解密密钥获取成功，配置已就绪
2026-01-11 13:21:50 - app - INFO - 配置解密成功
2026-01-11 13:21:50 - app - INFO - 夸克API配置加载成功
2026-01-11 13:21:50 - app - INFO - 夸克API配置加载完成
2026-01-11 13:21:50 - app - INFO - 检查数据库...
2026-01-11 13:21:50 - app - INFO - 数据库检查完成
2026-01-11 13:21:50 - app - INFO - 检查数据库迁移...
2026-01-11 13:21:50 - app - INFO - 数据库迁移检查完成
2026-01-11 13:21:50 - app - INFO - 清理异常中断的任务状态...
2026-01-11 13:21:50 - app - INFO - 已清理 1 个异常中断的任务
2026-01-11 13:21:50 - app - INFO - 升级管理器初始化完成
2026-01-11 13:21:50 - app - INFO - Flask应用创建成功
2026-01-11 13:21:50 - app - INFO - 静态文件目录: C:\Data\夸克转存\client\frontend
2026-01-11 13:21:50 - app - INFO - 启动任务调度服务...
2026-01-11 13:21:50 - app - INFO - 检查被中断的影视下载任务...
2026-01-11 13:21:50 - app - INFO - 没有需要恢复的影视下载任务
2026-01-11 13:21:50 - app - INFO - 账期生成循环已启动
2026-01-11 13:21:50 - app - INFO - 账期生成线程已启动
2026-01-11 13:21:50 - app - INFO - 开始生成 2026-01-11 的任务账期
2026-01-11 13:21:50 - app - INFO - 任务执行循环已启动
2026-01-11 13:21:50 - app - INFO - 任务执行线程已启动
2026-01-11 13:21:50 - app - INFO - 日志清理循环已启动
2026-01-11 13:21:50 - app - INFO - 日志清理线程已启动
2026-01-11 13:21:50 - app - INFO - 下次日志清理时间: 2026-01-12 02:00:00
2026-01-11 13:21:50 - app - INFO - 跳过一次性执行任务: 测试
2026-01-11 13:21:50 - app - INFO - 启动Flask服务: http://0.0.0.0:8520
2026-01-11 13:21:50 - app - INFO - ✅ 生成完成，共创建 0 条待执行记录
2026-01-11 13:21:50 - app - INFO - 下次生成账期时间: 2026-01-12 00:00:00, 等待 38290 秒
2026-01-11 13:25:30 - app - INFO - 准备重做任务: 测试 (download)
2026-01-11 13:25:30 - app - INFO - 已删除任务 测试 的历史记录
2026-01-11 13:25:30 - app - INFO - [TaskExecutor] start_task 被调用: task_id=1, execution_id=None, schedule_period=None
2026-01-11 13:25:30 - app - INFO - [TaskExecutor] 任务 1 状态已初始化到 _running_tasks
2026-01-11 13:25:30 - app - INFO - [TaskExecutor] _execute_task 线程开始执行: task_id=1
2026-01-11 13:25:30 - app - INFO - [TaskExecutor] 任务 1 执行线程已启动
2026-01-11 13:25:30 - app - INFO - [TaskExecutor] 从_running_tasks获取: execution_id=None, schedule_period=None
2026-01-11 13:25:30 - app - INFO - [TaskExecutor] 开始获取任务信息: task_id=1
2026-01-11 13:25:30 - app - INFO - [TaskExecutor] 任务信息获取成功: 测试
2026-01-11 13:25:30 - app - INFO - [TaskExecutor] 开始创建执行历史记录
2026-01-11 13:25:30 - app - INFO - [TaskExecutor] 执行历史记录创建成功: execution_id=9
2026-01-11 13:25:30 - app - INFO - [TaskExecutor] execution_id已更新到_running_tasks
2026-01-11 13:25:30 - app - INFO - [TaskExecutor] 开始记录日志
2026-01-11 13:25:30 - app - INFO - [下载任务1] 任务已启动，正在初始化...
2026-01-11 13:25:30 - app - INFO - [下载任务1] 执行历史记录ID: 9
2026-01-11 13:25:30 - app - INFO - [下载任务1] 开始执行任务: 测试
2026-01-11 13:25:30 - app - INFO - [下载任务1] 使用账号: ces
2026-01-11 13:25:30 - app - INFO - [下载任务1] 网盘目录: /夸克自动转存测试/20260112
2026-01-11 13:25:30 - app - INFO - [下载任务1] 本地目录: C:\Data\下载
2026-01-11 13:25:30 - app - INFO - [下载任务1] 正在获取文件列表...
2026-01-11 13:25:30 - app - INFO - [下载任务1] 解析路径: 夸克自动转存测试 -> 20260112
2026-01-11 13:25:42 - app - INFO - [下载任务1] 开始递归扫描文件...
2026-01-11 13:25:43 - app - INFO - [下载任务1] 递归扫描完成，共找到 30 个文件
2026-01-11 13:25:43 - app - INFO - [下载任务1] 准备下载 30 个文件
2026-01-11 13:25:43 - app - INFO - [下载任务1] [1/30] 正在下载: 01 4K.mp4 (1300.85 MB)
2026-01-11 13:25:43 - app - INFO - [下载任务1] [调试] 多线程配置: enable=True, threshold=50MB
2026-01-11 13:25:43 - app - INFO - [下载任务1] [1/30] 文件大小 1300.85MB >= 50MB，使用多线程下载
2026-01-11 13:25:43 - app - INFO - [下载任务1] 🚀 使用多线程下载: 01 4K.mp4 (1.27 GB)
2026-01-11 13:25:43 - app - INFO - [下载任务1]    配置: 4 个线程，每块 10.00 MB
2026-01-11 13:25:43 - app - INFO - [下载任务1]    分块数量: 131
2026-01-11 13:25:43 - app - INFO - [下载任务1]       线程 1/131 开始下载 (0.00 B-10.00 MB)
2026-01-11 13:25:43 - app - INFO - [下载任务1]       线程 3/131 开始下载 (20.00 MB-30.00 MB)
2026-01-11 13:25:43 - app - INFO - [下载任务1]       线程 2/131 开始下载 (10.00 MB-20.00 MB)
2026-01-11 13:25:43 - app - INFO - [下载任务1]       线程 4/131 开始下载 (30.00 MB-40.00 MB)
2026-01-11 13:25:44 - app - INFO - [下载任务1]       线程 4/131 完成 (10.00 MB)
2026-01-11 13:25:44 - app - INFO - [下载任务1]       线程 5/131 开始下载 (40.00 MB-50.00 MB)
2026-01-11 13:25:44 - app - INFO - [下载任务1]       线程 1/131 完成 (10.00 MB)
2026-01-11 13:25:44 - app - INFO - [下载任务1]       线程 6/131 开始下载 (50.00 MB-60.00 MB)
2026-01-11 13:25:45 - app - INFO - [下载任务1]       线程 3/131 完成 (10.00 MB)
2026-01-11 13:25:45 - app - INFO - [下载任务1]       线程 7/131 开始下载 (60.00 MB-70.00 MB)
2026-01-11 13:25:45 - app - INFO - [下载任务1]       线程 5/131 完成 (10.00 MB)
2026-01-11 13:25:45 - app - INFO - [下载任务1]       线程 8/131 开始下载 (70.00 MB-80.00 MB)
2026-01-11 13:25:45 - app - INFO - [下载任务1]       线程 6/131 完成 (10.00 MB)
2026-01-11 13:25:45 - app - INFO - [下载任务1]       线程 9/131 开始下载 (80.00 MB-90.00 MB)
2026-01-11 13:25:45 - app - INFO - [下载任务1]       线程 2/131 完成 (10.00 MB)
2026-01-11 13:25:45 - app - INFO - [下载任务1]       线程 10/131 开始下载 (90.00 MB-100.00 MB)
2026-01-11 13:25:45 - app - INFO - [下载任务1]       线程 8/131 完成 (10.00 MB)
2026-01-11 13:25:45 - app - INFO - [下载任务1]       线程 11/131 开始下载 (100.00 MB-110.00 MB)
2026-01-11 13:25:46 - app - INFO - [下载任务1]       线程 7/131 完成 (10.00 MB)
2026-01-11 13:25:46 - app - INFO - [下载任务1]       线程 12/131 开始下载 (110.00 MB-120.00 MB)
2026-01-11 13:25:46 - app - INFO - [下载任务1]       线程 11/131 完成 (10.00 MB)
2026-01-11 13:25:46 - app - INFO - [下载任务1]       线程 13/131 开始下载 (120.00 MB-130.00 MB)
2026-01-11 13:25:46 - app - INFO - [下载任务1]       线程 10/131 完成 (10.00 MB)
2026-01-11 13:25:46 - app - INFO - [下载任务1]       线程 14/131 开始下载 (130.00 MB-140.00 MB)
2026-01-11 13:25:47 - app - INFO - [下载任务1]       线程 13/131 完成 (10.00 MB)
2026-01-11 13:25:47 - app - INFO - [下载任务1]       线程 15/131 开始下载 (140.00 MB-150.00 MB)
2026-01-11 13:25:47 - app - INFO - [下载任务1]       线程 12/131 完成 (10.00 MB)
2026-01-11 13:25:47 - app - INFO - [下载任务1]       线程 16/131 开始下载 (150.00 MB-160.00 MB)
2026-01-11 13:25:47 - app - INFO - [下载任务1]       线程 9/131 完成 (10.00 MB)
2026-01-11 13:25:47 - app - INFO - [下载任务1]       线程 17/131 开始下载 (160.00 MB-170.00 MB)
2026-01-11 13:25:58 - app - INFO - [下载任务1]       线程 14/131 完成 (10.00 MB)
2026-01-11 13:25:58 - app - INFO - [下载任务1]       线程 18/131 开始下载 (170.00 MB-180.00 MB)
2026-01-11 13:25:59 - app - INFO - [下载任务1]       线程 15/131 完成 (10.00 MB)
2026-01-11 13:25:59 - app - INFO - [下载任务1]       线程 19/131 开始下载 (180.00 MB-190.00 MB)
2026-01-11 13:25:59 - app - INFO - [下载任务1]       线程 17/131 完成 (10.00 MB)
2026-01-11 13:25:59 - app - INFO - [下载任务1]       线程 20/131 开始下载 (190.00 MB-200.00 MB)
2026-01-11 13:25:59 - app - INFO - [下载任务1]       线程 16/131 完成 (10.00 MB)
2026-01-11 13:25:59 - app - INFO - [下载任务1]       线程 21/131 开始下载 (200.00 MB-210.00 MB)
2026-01-11 13:26:00 - app - INFO - [下载任务1]       线程 20/131 完成 (10.00 MB)
2026-01-11 13:26:00 - app - INFO - [下载任务1]       线程 22/131 开始下载 (210.00 MB-220.00 MB)
2026-01-11 13:26:00 - app - INFO - [下载任务1]       线程 19/131 完成 (10.00 MB)
2026-01-11 13:26:00 - app - INFO - [下载任务1]       线程 23/131 开始下载 (220.00 MB-230.00 MB)
2026-01-11 13:26:00 - app - INFO - [下载任务1]       线程 21/131 完成 (10.00 MB)
2026-01-11 13:26:00 - app - INFO - [下载任务1]       线程 24/131 开始下载 (230.00 MB-240.00 MB)
2026-01-11 13:26:00 - app - INFO - [下载任务1]       线程 22/131 完成 (10.00 MB)
2026-01-11 13:26:00 - app - INFO - [下载任务1]       线程 25/131 开始下载 (240.00 MB-250.00 MB)
2026-01-11 13:26:01 - app - INFO - [下载任务1]       线程 23/131 完成 (10.00 MB)
2026-01-11 13:26:01 - app - INFO - [下载任务1]       线程 26/131 开始下载 (250.00 MB-260.00 MB)
2026-01-11 13:26:01 - app - INFO - [下载任务1]       线程 25/131 完成 (10.00 MB)
2026-01-11 13:26:01 - app - INFO - [下载任务1]       线程 27/131 开始下载 (260.00 MB-270.00 MB)
2026-01-11 13:26:01 - app - INFO - [下载任务1]       线程 24/131 完成 (10.00 MB)
2026-01-11 13:26:01 - app - INFO - [下载任务1]       线程 28/131 开始下载 (270.00 MB-280.00 MB)
2026-01-11 13:26:02 - app - INFO - [下载任务1]       线程 26/131 完成 (10.00 MB)
2026-01-11 13:26:02 - app - INFO - [下载任务1]       线程 29/131 开始下载 (280.00 MB-290.00 MB)
2026-01-11 13:26:02 - app - INFO - [下载任务1]       线程 18/131 完成 (10.00 MB)
2026-01-11 13:26:02 - app - INFO - [下载任务1]       线程 27/131 完成 (10.00 MB)
2026-01-11 13:26:02 - app - INFO - [下载任务1]       线程 30/131 开始下载 (290.00 MB-300.00 MB)
2026-01-11 13:26:02 - app - INFO - [下载任务1]       线程 31/131 开始下载 (300.00 MB-310.00 MB)
2026-01-11 13:26:03 - app - INFO - [下载任务1]       线程 28/131 完成 (10.00 MB)
2026-01-11 13:26:03 - app - INFO - [下载任务1]       线程 32/131 开始下载 (310.00 MB-320.00 MB)
2026-01-11 13:26:03 - app - INFO - [下载任务1]       线程 31/131 完成 (10.00 MB)
2026-01-11 13:26:03 - app - INFO - [下载任务1]       线程 33/131 开始下载 (320.00 MB-330.00 MB)
2026-01-11 13:26:03 - app - INFO - [下载任务1]       线程 30/131 完成 (10.00 MB)
2026-01-11 13:26:03 - app - INFO - [下载任务1]       线程 34/131 开始下载 (330.00 MB-340.00 MB)
2026-01-11 13:26:03 - app - INFO - [下载任务1]       线程 29/131 完成 (10.00 MB)
2026-01-11 13:26:04 - app - INFO - [下载任务1]       线程 35/131 开始下载 (340.00 MB-350.00 MB)
2026-01-11 13:26:09 - app - INFO - [下载任务1]       线程 33/131 完成 (10.00 MB)
2026-01-11 13:26:09 - app - INFO - [下载任务1]       线程 36/131 开始下载 (350.00 MB-360.00 MB)
2026-01-11 13:26:10 - app - INFO - [下载任务1]       线程 32/131 完成 (10.00 MB)
2026-01-11 13:26:10 - app - INFO - [下载任务1]       线程 36/131 完成 (10.00 MB)
2026-01-11 13:26:10 - app - INFO - [下载任务1]       线程 37/131 开始下载 (360.00 MB-370.00 MB)
2026-01-11 13:26:10 - app - INFO - [下载任务1]       线程 38/131 开始下载 (370.00 MB-380.00 MB)
2026-01-11 13:26:10 - app - INFO - [下载任务1]       线程 34/131 完成 (10.00 MB)
2026-01-11 13:26:10 - app - INFO - [下载任务1]       线程 39/131 开始下载 (380.00 MB-390.00 MB)
2026-01-11 13:26:10 - app - INFO - [下载任务1]       线程 35/131 完成 (10.00 MB)
2026-01-11 13:26:10 - app - INFO - [下载任务1]       线程 40/131 开始下载 (390.00 MB-400.00 MB)
2026-01-11 13:26:11 - app - INFO - [下载任务1]       线程 39/131 完成 (10.00 MB)
2026-01-11 13:26:11 - app - INFO - [下载任务1]       线程 41/131 开始下载 (400.00 MB-410.00 MB)
2026-01-11 13:26:11 - app - INFO - [下载任务1]       线程 40/131 完成 (10.00 MB)
2026-01-11 13:26:11 - app - INFO - [下载任务1]       线程 42/131 开始下载 (410.00 MB-420.00 MB)
2026-01-11 13:26:11 - app - INFO - [下载任务1]       线程 41/131 完成 (10.00 MB)
2026-01-11 13:26:11 - app - INFO - [下载任务1]       线程 43/131 开始下载 (420.00 MB-430.00 MB)
2026-01-11 13:26:11 - app - INFO - [下载任务1]       线程 42/131 完成 (10.00 MB)
2026-01-11 13:26:11 - app - INFO - [下载任务1]       线程 44/131 开始下载 (430.00 MB-440.00 MB)
2026-01-11 13:26:12 - app - INFO - [下载任务1]       线程 43/131 完成 (10.00 MB)
2026-01-11 13:26:12 - app - INFO - [下载任务1]       线程 45/131 开始下载 (440.00 MB-450.00 MB)
2026-01-11 13:26:12 - app - INFO - [下载任务1]       线程 44/131 完成 (10.00 MB)
2026-01-11 13:26:12 - app - INFO - [下载任务1]       线程 46/131 开始下载 (450.00 MB-460.00 MB)
2026-01-11 13:26:12 - app - INFO - [下载任务1]       线程 37/131 完成 (10.00 MB)
2026-01-11 13:26:12 - app - INFO - [下载任务1]       线程 45/131 完成 (10.00 MB)
2026-01-11 13:26:12 - app - INFO - [下载任务1]       线程 47/131 开始下载 (460.00 MB-470.00 MB)
2026-01-11 13:26:12 - app - INFO - [下载任务1]       线程 48/131 开始下载 (470.00 MB-480.00 MB)
2026-01-11 13:26:13 - app - INFO - [下载任务1]       线程 38/131 完成 (10.00 MB)
2026-01-11 13:26:13 - app - INFO - [下载任务1]       线程 49/131 开始下载 (480.00 MB-490.00 MB)
2026-01-11 13:26:13 - app - INFO - [下载任务1]       线程 46/131 完成 (10.00 MB)
2026-01-11 13:26:13 - app - INFO - [下载任务1]       线程 50/131 开始下载 (490.00 MB-500.00 MB)
2026-01-11 13:26:13 - app - INFO - [下载任务1]       线程 48/131 完成 (10.00 MB)
2026-01-11 13:26:14 - app - INFO - [下载任务1]       线程 51/131 开始下载 (500.00 MB-510.00 MB)
2026-01-11 13:26:14 - app - INFO - [下载任务1]       线程 50/131 完成 (10.00 MB)
2026-01-11 13:26:14 - app - INFO - [下载任务1]       线程 52/131 开始下载 (510.00 MB-520.00 MB)
2026-01-11 13:26:14 - app - INFO - [下载任务1]       线程 49/131 完成 (10.00 MB)
2026-01-11 13:26:14 - app - INFO - [下载任务1]       线程 53/131 开始下载 (520.00 MB-530.00 MB)
2026-01-11 13:26:15 - app - INFO - [下载任务1]       线程 47/131 完成 (10.00 MB)
2026-01-11 13:26:15 - app - INFO - [下载任务1]       线程 54/131 开始下载 (530.00 MB-540.00 MB)
2026-01-11 13:26:20 - app - INFO - [下载任务1]       线程 53/131 完成 (10.00 MB)
2026-01-11 13:26:20 - app - INFO - [下载任务1]       线程 55/131 开始下载 (540.00 MB-550.00 MB)
2026-01-11 13:26:21 - app - INFO - [下载任务1]       线程 51/131 完成 (10.00 MB)
2026-01-11 13:26:21 - app - INFO - [下载任务1]       线程 56/131 开始下载 (550.00 MB-560.00 MB)
2026-01-11 13:26:21 - app - INFO - [下载任务1]       线程 52/131 完成 (10.00 MB)
2026-01-11 13:26:21 - app - INFO - [下载任务1]       线程 57/131 开始下载 (560.00 MB-570.00 MB)
2026-01-11 13:26:21 - app - INFO - [下载任务1]       线程 54/131 完成 (10.00 MB)
2026-01-11 13:26:21 - app - INFO - [下载任务1]       线程 58/131 开始下载 (570.00 MB-580.00 MB)
2026-01-11 13:26:22 - app - INFO - [下载任务1]       线程 56/131 完成 (10.00 MB)
2026-01-11 13:26:22 - app - INFO - [下载任务1]       线程 59/131 开始下载 (580.00 MB-590.00 MB)
2026-01-11 13:26:22 - app - INFO - [下载任务1]       线程 58/131 完成 (10.00 MB)
2026-01-11 13:26:22 - app - INFO - [下载任务1]       线程 60/131 开始下载 (590.00 MB-600.00 MB)
2026-01-11 13:26:22 - app - INFO - [下载任务1]       线程 55/131 完成 (10.00 MB)
2026-01-11 13:26:22 - app - INFO - [下载任务1]       线程 61/131 开始下载 (600.00 MB-610.00 MB)
2026-01-11 13:26:23 - app - INFO - [下载任务1]       线程 59/131 完成 (10.00 MB)
2026-01-11 13:26:23 - app - INFO - [下载任务1]       线程 62/131 开始下载 (610.00 MB-620.00 MB)
2026-01-11 13:26:23 - app - INFO - [下载任务1]       线程 57/131 完成 (10.00 MB)
2026-01-11 13:26:23 - app - INFO - [下载任务1]       线程 63/131 开始下载 (620.00 MB-630.00 MB)
2026-01-11 13:26:23 - app - INFO - [下载任务1]       线程 62/131 完成 (10.00 MB)
2026-01-11 13:26:23 - app - INFO - [下载任务1]       线程 64/131 开始下载 (630.00 MB-640.00 MB)
2026-01-11 13:26:24 - app - INFO - [下载任务1]       线程 60/131 完成 (10.00 MB)
2026-01-11 13:26:24 - app - INFO - [下载任务1]       线程 65/131 开始下载 (640.00 MB-650.00 MB)
2026-01-11 13:26:24 - app - INFO - [下载任务1]       线程 63/131 完成 (10.00 MB)
2026-01-11 13:26:24 - app - INFO - [下载任务1]       线程 66/131 开始下载 (650.00 MB-660.00 MB)
2026-01-11 13:26:24 - app - INFO - [下载任务1]       线程 64/131 完成 (10.00 MB)
2026-01-11 13:26:24 - app - INFO - [下载任务1]       线程 67/131 开始下载 (660.00 MB-670.00 MB)
2026-01-11 13:26:24 - app - INFO - [下载任务1]       线程 65/131 完成 (10.00 MB)
2026-01-11 13:26:24 - app - INFO - [下载任务1]       线程 68/131 开始下载 (670.00 MB-680.00 MB)
2026-01-11 13:26:25 - app - INFO - [下载任务1]       线程 61/131 完成 (10.00 MB)
2026-01-11 13:26:25 - app - INFO - [下载任务1]       线程 69/131 开始下载 (680.00 MB-690.00 MB)
2026-01-11 13:26:25 - app - INFO - [下载任务1]       线程 68/131 完成 (10.00 MB)
2026-01-11 13:26:25 - app - INFO - [下载任务1]       线程 70/131 开始下载 (690.00 MB-700.00 MB)
2026-01-11 13:26:25 - app - INFO - [下载任务1]       线程 67/131 完成 (10.00 MB)
2026-01-11 13:26:25 - app - INFO - [下载任务1]       线程 71/131 开始下载 (700.00 MB-710.00 MB)
2026-01-11 13:26:26 - app - INFO - [下载任务1]       线程 66/131 完成 (10.00 MB)
2026-01-11 13:26:26 - app - INFO - [下载任务1]       线程 72/131 开始下载 (710.00 MB-720.00 MB)
2026-01-11 13:26:32 - app - INFO - [下载任务1]       线程 72/131 完成 (10.00 MB)
2026-01-11 13:26:32 - app - INFO - [下载任务1]       线程 73/131 开始下载 (720.00 MB-730.00 MB)
2026-01-11 13:26:32 - app - INFO - [下载任务1]       线程 71/131 完成 (10.00 MB)
2026-01-11 13:26:32 - app - INFO - [下载任务1]       线程 74/131 开始下载 (730.00 MB-740.00 MB)
2026-01-11 13:26:33 - app - INFO - [下载任务1]       线程 69/131 完成 (10.00 MB)
2026-01-11 13:26:33 - app - INFO - [下载任务1]       线程 75/131 开始下载 (740.00 MB-750.00 MB)
2026-01-11 13:26:33 - app - INFO - [下载任务1]       线程 70/131 完成 (10.00 MB)
2026-01-11 13:26:33 - app - INFO - [下载任务1]       线程 76/131 开始下载 (750.00 MB-760.00 MB)
2026-01-11 13:26:33 - app - INFO - [下载任务1]       线程 75/131 完成 (10.00 MB)
2026-01-11 13:26:34 - app - INFO - [下载任务1]       线程 77/131 开始下载 (760.00 MB-770.00 MB)
2026-01-11 13:26:34 - app - INFO - [下载任务1]       线程 73/131 完成 (10.00 MB)
2026-01-11 13:26:34 - app - INFO - [下载任务1]       线程 78/131 开始下载 (770.00 MB-780.00 MB)
2026-01-11 13:26:34 - app - INFO - [下载任务1]       线程 76/131 完成 (10.00 MB)
2026-01-11 13:26:34 - app - INFO - [下载任务1]       线程 79/131 开始下载 (780.00 MB-790.00 MB)
2026-01-11 13:26:35 - app - INFO - [下载任务1]       线程 74/131 完成 (10.00 MB)
2026-01-11 13:26:35 - app - INFO - [下载任务1]       线程 80/131 开始下载 (790.00 MB-800.00 MB)
2026-01-11 13:26:35 - app - INFO - [下载任务1]       线程 77/131 完成 (10.00 MB)
2026-01-11 13:26:35 - app - INFO - [下载任务1]       线程 81/131 开始下载 (800.00 MB-810.00 MB)
2026-01-11 13:26:36 - app - INFO - [下载任务1]       线程 79/131 完成 (10.00 MB)
2026-01-11 13:26:36 - app - INFO - [下载任务1]       线程 82/131 开始下载 (810.00 MB-820.00 MB)
2026-01-11 13:26:36 - app - INFO - [下载任务1]       线程 78/131 完成 (10.00 MB)
2026-01-11 13:26:36 - app - INFO - [下载任务1]       线程 83/131 开始下载 (820.00 MB-830.00 MB)
2026-01-11 13:26:36 - app - INFO - [下载任务1]       线程 81/131 完成 (10.00 MB)
2026-01-11 13:26:36 - app - INFO - [下载任务1]       线程 84/131 开始下载 (830.00 MB-840.00 MB)
2026-01-11 13:26:37 - app - INFO - [下载任务1]       线程 80/131 完成 (10.00 MB)
2026-01-11 13:26:37 - app - INFO - [下载任务1]       线程 85/131 开始下载 (840.00 MB-850.00 MB)
2026-01-11 13:26:43 - app - INFO - [下载任务1]       线程 83/131 完成 (10.00 MB)
2026-01-11 13:26:43 - app - INFO - [下载任务1]       线程 86/131 开始下载 (850.00 MB-860.00 MB)
2026-01-11 13:26:43 - app - INFO - [下载任务1]       线程 84/131 完成 (10.00 MB)
2026-01-11 13:26:43 - app - INFO - [下载任务1]       线程 87/131 开始下载 (860.00 MB-870.00 MB)
2026-01-11 13:26:43 - app - INFO - [下载任务1]       线程 82/131 完成 (10.00 MB)
2026-01-11 13:26:43 - app - INFO - [下载任务1]       线程 88/131 开始下载 (870.00 MB-880.00 MB)
2026-01-11 13:26:43 - app - INFO - [下载任务1]       线程 85/131 完成 (10.00 MB)
2026-01-11 13:26:43 - app - INFO - [下载任务1]       线程 89/131 开始下载 (880.00 MB-890.00 MB)
2026-01-11 13:26:45 - app - INFO - [下载任务1]       线程 86/131 完成 (10.00 MB)
2026-01-11 13:26:45 - app - INFO - [下载任务1]       线程 90/131 开始下载 (890.00 MB-900.00 MB)
2026-01-11 13:26:45 - app - INFO - [下载任务1]       线程 90/131 完成 (10.00 MB)
2026-01-11 13:26:45 - app - INFO - [下载任务1]       线程 91/131 开始下载 (900.00 MB-910.00 MB)
2026-01-11 13:26:46 - app - INFO - [下载任务1]       线程 89/131 完成 (10.00 MB)
2026-01-11 13:26:46 - app - INFO - [下载任务1]       线程 92/131 开始下载 (910.00 MB-920.00 MB)
2026-01-11 13:26:46 - app - INFO - [下载任务1]       线程 88/131 完成 (10.00 MB)
2026-01-11 13:26:46 - app - INFO - [下载任务1]       线程 93/131 开始下载 (920.00 MB-930.00 MB)
2026-01-11 13:26:46 - app - INFO - [下载任务1]       线程 87/131 完成 (10.00 MB)
2026-01-11 13:26:46 - app - INFO - [下载任务1]       线程 94/131 开始下载 (930.00 MB-940.00 MB)
2026-01-11 13:26:46 - app - INFO - [下载任务1]       线程 91/131 完成 (10.00 MB)
2026-01-11 13:26:46 - app - INFO - [下载任务1]       线程 95/131 开始下载 (940.00 MB-950.00 MB)
2026-01-11 13:26:47 - app - INFO - [下载任务1]       线程 94/131 完成 (10.00 MB)
2026-01-11 13:26:47 - app - INFO - [下载任务1]       线程 96/131 开始下载 (950.00 MB-960.00 MB)
2026-01-11 13:26:47 - app - INFO - [下载任务1]       线程 95/131 完成 (10.00 MB)
2026-01-11 13:26:47 - app - INFO - [下载任务1]       线程 97/131 开始下载 (960.00 MB-970.00 MB)
2026-01-11 13:26:47 - app - INFO - [下载任务1]       线程 92/131 完成 (10.00 MB)
2026-01-11 13:26:47 - app - INFO - [下载任务1]       线程 98/131 开始下载 (970.00 MB-980.00 MB)
2026-01-11 13:26:50 - app - INFO - [下载任务1]       线程 93/131 完成 (10.00 MB)
2026-01-11 13:26:50 - app - INFO - [下载任务1]       线程 99/131 开始下载 (980.00 MB-990.00 MB)
2026-01-11 13:26:53 - app - INFO - [下载任务1]       线程 96/131 完成 (10.00 MB)
2026-01-11 13:26:53 - app - INFO - [下载任务1]       线程 100/131 开始下载 (990.00 MB-1000.00 MB)
2026-01-11 13:26:54 - app - INFO - [下载任务1]       线程 99/131 完成 (10.00 MB)
2026-01-11 13:26:54 - app - INFO - [下载任务1]       线程 101/131 开始下载 (1000.00 MB-1010.00 MB)
2026-01-11 13:26:55 - app - INFO - [下载任务1]       线程 100/131 完成 (10.00 MB)
2026-01-11 13:26:55 - app - INFO - [下载任务1]       线程 102/131 开始下载 (1010.00 MB-1020.00 MB)
2026-01-11 13:26:55 - app - INFO - [下载任务1]       线程 98/131 完成 (10.00 MB)
2026-01-11 13:26:55 - app - INFO - [下载任务1]       线程 103/131 开始下载 (1020.00 MB-1.01 GB)
2026-01-11 13:26:56 - app - INFO - [下载任务1]       线程 102/131 完成 (10.00 MB)
2026-01-11 13:26:56 - app - INFO - [下载任务1]       线程 104/131 开始下载 (1.01 GB-1.02 GB)
2026-01-11 13:26:56 - app - INFO - [下载任务1]       线程 103/131 完成 (10.00 MB)
2026-01-11 13:26:56 - app - INFO - [下载任务1]       线程 105/131 开始下载 (1.02 GB-1.03 GB)
2026-01-11 13:26:56 - app - INFO - [下载任务1]       线程 101/131 完成 (10.00 MB)
2026-01-11 13:26:56 - app - INFO - [下载任务1]       线程 106/131 开始下载 (1.03 GB-1.04 GB)
2026-01-11 13:26:57 - app - INFO - [下载任务1]       线程 97/131 完成 (10.00 MB)
2026-01-11 13:26:57 - app - INFO - [下载任务1]       线程 107/131 开始下载 (1.04 GB-1.04 GB)
2026-01-11 13:26:57 - app - INFO - [下载任务1]       线程 104/131 完成 (10.00 MB)
2026-01-11 13:26:57 - app - INFO - [下载任务1]       线程 108/131 开始下载 (1.04 GB-1.05 GB)
2026-01-11 13:26:58 - app - INFO - [下载任务1]       线程 108/131 完成 (10.00 MB)
2026-01-11 13:26:58 - app - INFO - [下载任务1]       线程 109/131 开始下载 (1.05 GB-1.06 GB)
2026-01-11 13:26:58 - app - INFO - [下载任务1]       线程 106/131 完成 (10.00 MB)
2026-01-11 13:26:58 - app - INFO - [下载任务1]       线程 110/131 开始下载 (1.06 GB-1.07 GB)
2026-01-11 13:26:58 - app - INFO - [下载任务1]       线程 105/131 完成 (10.00 MB)
2026-01-11 13:26:58 - app - INFO - [下载任务1]       线程 111/131 开始下载 (1.07 GB-1.08 GB)
2026-01-11 13:26:58 - app - INFO - [下载任务1]       线程 107/131 完成 (10.00 MB)
2026-01-11 13:26:58 - app - INFO - [下载任务1]       线程 112/131 开始下载 (1.08 GB-1.09 GB)
2026-01-11 13:27:06 - app - INFO - [下载任务1]       线程 111/131 完成 (10.00 MB)
2026-01-11 13:27:06 - app - INFO - [下载任务1]       线程 113/131 开始下载 (1.09 GB-1.10 GB)
2026-01-11 13:27:06 - app - INFO - [下载任务1]       线程 109/131 完成 (10.00 MB)
2026-01-11 13:27:06 - app - INFO - [下载任务1]       线程 114/131 开始下载 (1.10 GB-1.11 GB)
2026-01-11 13:27:06 - app - INFO - [下载任务1]       线程 110/131 完成 (10.00 MB)
2026-01-11 13:27:06 - app - INFO - [下载任务1]       线程 115/131 开始下载 (1.11 GB-1.12 GB)
2026-01-11 13:27:06 - app - INFO - [下载任务1]       线程 112/131 完成 (10.00 MB)
2026-01-11 13:27:06 - app - INFO - [下载任务1]       线程 116/131 开始下载 (1.12 GB-1.13 GB)
2026-01-11 13:27:07 - app - INFO - [下载任务1]       线程 114/131 完成 (10.00 MB)
2026-01-11 13:27:07 - app - INFO - [下载任务1]       线程 117/131 开始下载 (1.13 GB-1.14 GB)
2026-01-11 13:27:08 - app - INFO - [下载任务1]       线程 115/131 完成 (10.00 MB)
2026-01-11 13:27:08 - app - INFO - [下载任务1]       线程 118/131 开始下载 (1.14 GB-1.15 GB)
2026-01-11 13:27:09 - app - INFO - [下载任务1]       线程 117/131 完成 (10.00 MB)
2026-01-11 13:27:09 - app - INFO - [下载任务1]       线程 119/131 开始下载 (1.15 GB-1.16 GB)
2026-01-11 13:27:09 - app - INFO - [下载任务1]       线程 118/131 完成 (10.00 MB)
2026-01-11 13:27:09 - app - INFO - [下载任务1]       线程 120/131 开始下载 (1.16 GB-1.17 GB)
2026-01-11 13:27:09 - app - INFO - [下载任务1]       线程 119/131 完成 (10.00 MB)
2026-01-11 13:27:09 - app - INFO - [下载任务1]       线程 121/131 开始下载 (1.17 GB-1.18 GB)
2026-01-11 13:27:09 - app - INFO - [下载任务1]       线程 116/131 完成 (10.00 MB)
2026-01-11 13:27:09 - app - INFO - [下载任务1]       线程 122/131 开始下载 (1.18 GB-1.19 GB)
2026-01-11 13:27:10 - app - INFO - [下载任务1]       线程 113/131 完成 (10.00 MB)
2026-01-11 13:27:10 - app - INFO - [下载任务1]       线程 123/131 开始下载 (1.19 GB-1.20 GB)
2026-01-11 13:27:16 - app - INFO - [下载任务1]       线程 120/131 完成 (10.00 MB)
2026-01-11 13:27:16 - app - INFO - [下载任务1]       线程 124/131 开始下载 (1.20 GB-1.21 GB)
2026-01-11 13:27:22 - app - INFO - [下载任务1]       线程 123/131 完成 (10.00 MB)
2026-01-11 13:27:22 - app - INFO - [下载任务1]       线程 125/131 开始下载 (1.21 GB-1.22 GB)
2026-01-11 13:27:22 - app - INFO - [下载任务1]       线程 122/131 完成 (10.00 MB)
2026-01-11 13:27:22 - app - INFO - [下载任务1]       线程 126/131 开始下载 (1.22 GB-1.23 GB)
2026-01-11 13:27:23 - app - INFO - [下载任务1]       线程 121/131 完成 (10.00 MB)
2026-01-11 13:27:23 - app - INFO - [下载任务1]       线程 127/131 开始下载 (1.23 GB-1.24 GB)
2026-01-11 13:27:23 - app - INFO - [下载任务1]       线程 124/131 完成 (10.00 MB)
2026-01-11 13:27:23 - app - INFO - [下载任务1]       线程 128/131 开始下载 (1.24 GB-1.25 GB)
2026-01-11 13:27:26 - app - INFO - [下载任务1]       线程 127/131 完成 (10.00 MB)
2026-01-11 13:27:26 - app - INFO - [下载任务1]       线程 129/131 开始下载 (1.25 GB-1.26 GB)
2026-01-11 13:27:27 - app - INFO - [下载任务1]       线程 125/131 完成 (10.00 MB)
2026-01-11 13:27:27 - app - INFO - [下载任务1]       线程 130/131 开始下载 (1.26 GB-1.27 GB)
2026-01-11 13:27:27 - app - INFO - [下载任务1]       线程 129/131 完成 (10.00 MB)
2026-01-11 13:27:27 - app - INFO - [下载任务1]       线程 131/131 开始下载 (1.27 GB-1.27 GB)
2026-01-11 13:27:28 - app - INFO - [下载任务1]       线程 131/131 完成 (870.40 KB)
2026-01-11 13:27:28 - app - INFO - [下载任务1]       线程 126/131 完成 (10.00 MB)
2026-01-11 13:27:28 - app - INFO - [下载任务1]       线程 130/131 完成 (10.00 MB)
2026-01-11 13:27:29 - app - INFO - [下载任务1]       线程 128/131 完成 (10.00 MB)
2026-01-11 13:27:29 - app - INFO - [下载任务1]    合并 131 个分块...
2026-01-11 13:27:30 - app - INFO - [下载任务1] ✅ 多线程下载完成: 01 4K.mp4
2026-01-11 13:27:30 - app - INFO - [下载任务1]    耗时: 106.6秒，平均速度: 12.20 MB/s
2026-01-11 13:27:30 - app - INFO - [下载任务1]    重命名: 01 4K.mp4 -> 综艺.2026.S01E01.mp4
2026-01-11 13:27:30 - app - INFO - [下载任务1] [2/30] 正在下载: 02 4K.mp4 (1141.83 MB)
2026-01-11 13:27:31 - app - INFO - [下载任务1] [调试] 多线程配置: enable=True, threshold=50MB
2026-01-11 13:27:31 - app - INFO - [下载任务1] [2/30] 文件大小 1141.83MB >= 50MB，使用多线程下载
2026-01-11 13:27:31 - app - INFO - [下载任务1] 🚀 使用多线程下载: 02 4K.mp4 (1.12 GB)
2026-01-11 13:27:31 - app - INFO - [下载任务1]    配置: 4 个线程，每块 10.00 MB
2026-01-11 13:27:31 - app - INFO - [下载任务1]    分块数量: 115
2026-01-11 13:27:31 - app - INFO - [下载任务1]       线程 1/115 开始下载 (0.00 B-10.00 MB)
2026-01-11 13:27:31 - app - INFO - [下载任务1]       线程 2/115 开始下载 (10.00 MB-20.00 MB)
2026-01-11 13:27:32 - app - INFO - [下载任务1]       线程 3/115 开始下载 (20.00 MB-30.00 MB)
2026-01-11 13:27:32 - app - INFO - [下载任务1]       线程 4/115 开始下载 (30.00 MB-40.00 MB)
2026-01-11 13:27:39 - app - INFO - [下载任务1]       线程 1/115 完成 (10.00 MB)
2026-01-11 13:27:39 - app - INFO - [下载任务1]       线程 5/115 开始下载 (40.00 MB-50.00 MB)
2026-01-11 13:27:40 - app - INFO - [下载任务1]       线程 2/115 完成 (10.00 MB)
2026-01-11 13:27:40 - app - INFO - [下载任务1]       线程 3/115 完成 (10.00 MB)
2026-01-11 13:27:40 - app - INFO - [下载任务1]       线程 6/115 开始下载 (50.00 MB-60.00 MB)
2026-01-11 13:27:40 - app - INFO - [下载任务1]       线程 4/115 完成 (10.00 MB)
2026-01-11 13:27:40 - app - INFO - [下载任务1]       线程 7/115 开始下载 (60.00 MB-70.00 MB)
2026-01-11 13:27:40 - app - INFO - [下载任务1]       线程 8/115 开始下载 (70.00 MB-80.00 MB)
2026-01-11 13:27:41 - app - INFO - [下载任务1]       线程 5/115 完成 (10.00 MB)
2026-01-11 13:27:41 - app - INFO - [下载任务1]       线程 9/115 开始下载 (80.00 MB-90.00 MB)
2026-01-11 13:27:42 - app - INFO - [下载任务1]       线程 6/115 完成 (10.00 MB)
2026-01-11 13:27:42 - app - INFO - [下载任务1]       线程 10/115 开始下载 (90.00 MB-100.00 MB)
2026-01-11 13:27:42 - app - INFO - [下载任务1]       线程 7/115 完成 (10.00 MB)
2026-01-11 13:27:42 - app - INFO - [下载任务1]       线程 11/115 开始下载 (100.00 MB-110.00 MB)
2026-01-11 13:27:42 - app - INFO - [下载任务1]       线程 8/115 完成 (10.00 MB)
2026-01-11 13:27:42 - app - INFO - [下载任务1]       线程 12/115 开始下载 (110.00 MB-120.00 MB)
2026-01-11 13:27:44 - app - INFO - [下载任务1]       线程 9/115 完成 (10.00 MB)
2026-01-11 13:27:44 - app - INFO - [下载任务1]       线程 13/115 开始下载 (120.00 MB-130.00 MB)
2026-01-11 13:27:51 - app - INFO - [下载任务1]       线程 13/115 完成 (10.00 MB)
2026-01-11 13:27:51 - app - INFO - [下载任务1]       线程 14/115 开始下载 (130.00 MB-140.00 MB)
2026-01-11 13:27:51 - app - INFO - [下载任务1]       线程 12/115 完成 (10.00 MB)
2026-01-11 13:27:51 - app - INFO - [下载任务1]       线程 15/115 开始下载 (140.00 MB-150.00 MB)
2026-01-11 13:27:51 - app - INFO - [下载任务1]       线程 11/115 完成 (10.00 MB)
2026-01-11 13:27:51 - app - INFO - [下载任务1]       线程 16/115 开始下载 (150.00 MB-160.00 MB)
2026-01-11 13:27:52 - app - INFO - [下载任务1]       线程 10/115 完成 (10.00 MB)
2026-01-11 13:27:52 - app - INFO - [下载任务1]       线程 17/115 开始下载 (160.00 MB-170.00 MB)
2026-01-11 13:27:53 - app - INFO - [下载任务1]       线程 15/115 完成 (10.00 MB)
2026-01-11 13:27:53 - app - INFO - [下载任务1]       线程 18/115 开始下载 (170.00 MB-180.00 MB)
2026-01-11 13:27:53 - app - INFO - [下载任务1]       线程 14/115 完成 (10.00 MB)
2026-01-11 13:27:53 - app - INFO - [下载任务1]       线程 19/115 开始下载 (180.00 MB-190.00 MB)
2026-01-11 13:27:54 - app - INFO - [下载任务1]       线程 16/115 完成 (10.00 MB)
2026-01-11 13:27:54 - app - INFO - [下载任务1]       线程 20/115 开始下载 (190.00 MB-200.00 MB)
2026-01-11 13:27:57 - app - INFO - [下载任务1]       线程 17/115 完成 (10.00 MB)
2026-01-11 13:27:57 - app - INFO - [下载任务1]       线程 21/115 开始下载 (200.00 MB-210.00 MB)
2026-01-11 13:27:58 - app - INFO - 尝试终止任务: 测试 (download) - execution_id: 9
2026-01-11 13:28:08 - app - INFO - 检查登录状态, session内容: {'_permanent': True, 'user_id': 1, 'username': 'admin'}, cookies: ImmutableMultiDict([('session', 'eyJfcGVybWFuZW50Ijp0cnVlLCJ1c2VyX2lkIjoxLCJ1c2VybmFtZSI6ImFkbWluIn0.aWM06A.Mba_RJ0dBjKsAy6DldDO4_SVJWQ')])
2026-01-11 13:28:08 - app - INFO - 检查登录状态, session内容: {'_permanent': True, 'user_id': 1, 'username': 'admin'}, cookies: ImmutableMultiDict([('session', 'eyJfcGVybWFuZW50Ijp0cnVlLCJ1c2VyX2lkIjoxLCJ1c2VybmFtZSI6ImFkbWluIn0.aWM06A.Mba_RJ0dBjKsAy6DldDO4_SVJWQ')])
2026-01-11 13:28:10 - app - INFO - 检查更新: 当前版本 2.1.1
2026-01-11 13:28:19 - app - INFO - 检查更新成功: {'has_update': False, 'message': '当前已是最新版本'}
2026-01-11 13:44:54 - app - INFO - 许可证管理器初始化完成,服务器: http://license.22l2.com
2026-01-11 13:44:54 - app - INFO - 初始化许可证管理器...
2026-01-11 13:44:55 - app - INFO - 解密密钥设置成功
2026-01-11 13:44:55 - app - INFO - 解密密钥获取成功
2026-01-11 13:44:55 - app - INFO - 解密密钥获取成功，配置已就绪
2026-01-11 13:44:55 - app - INFO - 配置解密成功
2026-01-11 13:44:55 - app - INFO - 夸克API配置加载成功
2026-01-11 13:44:55 - app - INFO - 夸克API配置加载完成
2026-01-11 13:44:55 - app - INFO - 检查数据库...
2026-01-11 13:44:55 - app - INFO - 数据库检查完成
2026-01-11 13:44:55 - app - INFO - 检查数据库迁移...
2026-01-11 13:44:55 - app - INFO - 数据库迁移检查完成
2026-01-11 13:44:55 - app - INFO - 清理异常中断的任务状态...
2026-01-11 13:44:55 - app - INFO - 已清理 1 个异常中断的任务
2026-01-11 13:44:55 - app - INFO - 升级管理器初始化完成
2026-01-11 13:44:55 - app - INFO - Flask应用创建成功
2026-01-11 13:44:55 - app - INFO - 静态文件目录: C:\Data\夸克转存\client\frontend
2026-01-11 13:44:55 - app - INFO - 启动任务调度服务...
2026-01-11 13:44:55 - app - INFO - 检查被中断的影视下载任务...
2026-01-11 13:44:55 - app - INFO - 没有需要恢复的影视下载任务
2026-01-11 13:44:55 - app - INFO - 账期生成循环已启动
2026-01-11 13:44:55 - app - INFO - 账期生成线程已启动
2026-01-11 13:44:55 - app - INFO - 开始生成 2026-01-11 的任务账期
2026-01-11 13:44:55 - app - INFO - 任务执行循环已启动
2026-01-11 13:44:55 - app - INFO - 任务执行线程已启动
2026-01-11 13:44:55 - app - INFO - 日志清理循环已启动
2026-01-11 13:44:55 - app - INFO - 日志清理线程已启动
2026-01-11 13:44:55 - app - INFO - 跳过一次性执行任务: 测试
2026-01-11 13:44:55 - app - INFO - 下次日志清理时间: 2026-01-12 02:00:00
2026-01-11 13:44:55 - app - INFO - 启动Flask服务: http://0.0.0.0:8520
2026-01-11 13:44:55 - app - INFO - ✅ 生成完成，共创建 0 条待执行记录
2026-01-11 13:44:55 - app - INFO - 下次生成账期时间: 2026-01-12 00:00:00, 等待 36905 秒
2026-01-11 13:45:08 - app - INFO - 许可证管理器初始化完成,服务器: http://license.22l2.com
2026-01-11 13:45:08 - app - INFO - 初始化许可证管理器...
2026-01-11 13:45:08 - app - INFO - 解密密钥设置成功
2026-01-11 13:45:08 - app - INFO - 解密密钥获取成功
2026-01-11 13:45:08 - app - INFO - 解密密钥获取成功，配置已就绪
2026-01-11 13:45:08 - app - INFO - 配置解密成功
2026-01-11 13:45:08 - app - INFO - 夸克API配置加载成功
2026-01-11 13:45:08 - app - INFO - 夸克API配置加载完成
2026-01-11 13:45:08 - app - INFO - 检查数据库...
2026-01-11 13:45:08 - app - INFO - 数据库检查完成
2026-01-11 13:45:08 - app - INFO - 检查数据库迁移...
2026-01-11 13:45:08 - app - INFO - 数据库迁移检查完成
2026-01-11 13:45:08 - app - INFO - 清理异常中断的任务状态...
2026-01-11 13:45:08 - app - INFO - 升级管理器初始化完成
2026-01-11 13:45:08 - app - INFO - Flask应用创建成功
2026-01-11 13:45:08 - app - INFO - 静态文件目录: C:\Data\夸克转存\client\frontend
2026-01-11 13:45:08 - app - INFO - 启动任务调度服务...
2026-01-11 13:45:08 - app - INFO - 检查被中断的影视下载任务...
2026-01-11 13:45:08 - app - INFO - 没有需要恢复的影视下载任务
2026-01-11 13:45:08 - app - INFO - 账期生成循环已启动
2026-01-11 13:45:08 - app - INFO - 账期生成线程已启动
2026-01-11 13:45:08 - app - INFO - 开始生成 2026-01-11 的任务账期
2026-01-11 13:45:08 - app - INFO - 任务执行循环已启动
2026-01-11 13:45:08 - app - INFO - 任务执行线程已启动
2026-01-11 13:45:08 - app - INFO - 日志清理循环已启动
2026-01-11 13:45:08 - app - INFO - 日志清理线程已启动
2026-01-11 13:45:08 - app - INFO - 跳过一次性执行任务: 测试
2026-01-11 13:45:08 - app - INFO - 下次日志清理时间: 2026-01-12 02:00:00
2026-01-11 13:45:08 - app - INFO - 启动Flask服务: http://0.0.0.0:8520
2026-01-11 13:45:08 - app - INFO - ✅ 生成完成，共创建 0 条待执行记录
2026-01-11 13:45:08 - app - INFO - 下次生成账期时间: 2026-01-12 00:00:00, 等待 36891 秒
2026-01-11 13:55:25 - app - INFO - 许可证管理器初始化完成,服务器: http://license.22l2.com
2026-01-11 13:55:25 - app - INFO - 初始化许可证管理器...
2026-01-11 13:55:26 - app - INFO - 解密密钥设置成功
2026-01-11 13:55:26 - app - INFO - 解密密钥获取成功
2026-01-11 13:55:26 - app - INFO - 解密密钥获取成功，配置已就绪
2026-01-11 13:55:26 - app - INFO - 配置解密成功
2026-01-11 13:55:26 - app - INFO - 夸克API配置加载成功
2026-01-11 13:55:26 - app - INFO - 夸克API配置加载完成
2026-01-11 13:55:26 - app - INFO - 检查数据库...
2026-01-11 13:55:26 - app - INFO - 数据库检查完成
2026-01-11 13:55:26 - app - INFO - 检查数据库迁移...
2026-01-11 13:55:26 - app - INFO - 数据库迁移检查完成
2026-01-11 13:55:26 - app - INFO - 清理异常中断的任务状态...
2026-01-11 13:55:26 - app - INFO - 升级管理器初始化完成
2026-01-11 13:55:26 - app - INFO - Flask应用创建成功
2026-01-11 13:55:26 - app - INFO - 静态文件目录: C:\Data\夸克转存\client\frontend
2026-01-11 13:55:26 - app - INFO - 启动任务调度服务...
2026-01-11 13:55:26 - app - INFO - 检查被中断的影视下载任务...
2026-01-11 13:55:26 - app - INFO - 没有需要恢复的影视下载任务
2026-01-11 13:55:26 - app - INFO - 账期生成循环已启动
2026-01-11 13:55:26 - app - INFO - 账期生成线程已启动
2026-01-11 13:55:26 - app - INFO - 开始生成 2026-01-11 的任务账期
2026-01-11 13:55:26 - app - INFO - 任务执行循环已启动
2026-01-11 13:55:26 - app - INFO - 任务执行线程已启动
2026-01-11 13:55:26 - app - INFO - 日志清理循环已启动
2026-01-11 13:55:26 - app - INFO - 日志清理线程已启动
2026-01-11 13:55:26 - app - INFO - 下次日志清理时间: 2026-01-12 02:00:00
2026-01-11 13:55:26 - app - INFO - 跳过一次性执行任务: 测试
2026-01-11 13:55:26 - app - INFO - 启动Flask服务: http://0.0.0.0:8520
2026-01-11 13:55:26 - app - INFO - ✅ 生成完成，共创建 0 条待执行记录
2026-01-11 13:55:26 - app - INFO - 下次生成账期时间: 2026-01-12 00:00:00, 等待 36274 秒
2026-01-11 13:55:39 - app - INFO - 许可证管理器初始化完成,服务器: http://license.22l2.com
2026-01-11 13:55:39 - app - INFO - 初始化许可证管理器...
2026-01-11 13:55:40 - app - INFO - 解密密钥设置成功
2026-01-11 13:55:40 - app - INFO - 解密密钥获取成功
2026-01-11 13:55:40 - app - INFO - 解密密钥获取成功，配置已就绪
2026-01-11 13:55:40 - app - INFO - 配置解密成功
2026-01-11 13:55:40 - app - INFO - 夸克API配置加载成功
2026-01-11 13:55:40 - app - INFO - 夸克API配置加载完成
2026-01-11 13:55:40 - app - INFO - 检查数据库...
2026-01-11 13:55:40 - app - INFO - 数据库检查完成
2026-01-11 13:55:40 - app - INFO - 检查数据库迁移...
2026-01-11 13:55:40 - app - INFO - 数据库迁移检查完成
2026-01-11 13:55:40 - app - INFO - 清理异常中断的任务状态...
2026-01-11 13:55:40 - app - INFO - 升级管理器初始化完成
2026-01-11 13:55:40 - app - INFO - Flask应用创建成功
2026-01-11 13:55:40 - app - INFO - 静态文件目录: C:\Data\夸克转存\client\frontend
2026-01-11 13:55:40 - app - INFO - 启动任务调度服务...
2026-01-11 13:55:40 - app - INFO - 检查被中断的影视下载任务...
2026-01-11 13:55:40 - app - INFO - 没有需要恢复的影视下载任务
2026-01-11 13:55:40 - app - INFO - 账期生成循环已启动
2026-01-11 13:55:40 - app - INFO - 账期生成线程已启动
2026-01-11 13:55:40 - app - INFO - 开始生成 2026-01-11 的任务账期
2026-01-11 13:55:40 - app - INFO - 任务执行循环已启动
2026-01-11 13:55:40 - app - INFO - 任务执行线程已启动
2026-01-11 13:55:40 - app - INFO - 日志清理循环已启动
2026-01-11 13:55:40 - app - INFO - 日志清理线程已启动
2026-01-11 13:55:40 - app - INFO - 下次日志清理时间: 2026-01-12 02:00:00
2026-01-11 13:55:40 - app - INFO - 启动Flask服务: http://0.0.0.0:8520
2026-01-11 13:55:40 - app - INFO - 跳过一次性执行任务: 测试
2026-01-11 13:55:40 - app - INFO - ✅ 生成完成，共创建 0 条待执行记录
2026-01-11 13:55:40 - app - INFO - 下次生成账期时间: 2026-01-12 00:00:00, 等待 36260 秒
2026-01-11 13:55:40 - app - INFO - 检查登录状态, session内容: {'_permanent': True, 'user_id': 1, 'username': 'admin'}, cookies: ImmutableMultiDict([('session', 'eyJfcGVybWFuZW50Ijp0cnVlLCJ1c2VyX2lkIjoxLCJ1c2VybmFtZSI6ImFkbWluIn0.aWM7XA.gHjHn1DojEMGmVRvBH-X2SbdO70')])
2026-01-11 13:55:40 - app - INFO - 检查登录状态, session内容: {'_permanent': True, 'user_id': 1, 'username': 'admin'}, cookies: ImmutableMultiDict([('session', 'eyJfcGVybWFuZW50Ijp0cnVlLCJ1c2VyX2lkIjoxLCJ1c2VybmFtZSI6ImFkbWluIn0.aWM7XA.gHjHn1DojEMGmVRvBH-X2SbdO70')])
2026-01-11 13:55:42 - app - INFO - 检查更新: 当前版本 2.1.1
2026-01-11 13:55:51 - app - INFO - 检查更新成功: {'has_update': False, 'message': '当前已是最新版本'}
2026-01-11 14:03:25 - app - INFO - 检查登录状态, session内容: {'_permanent': True, 'user_id': 1, 'username': 'admin'}, cookies: ImmutableMultiDict([('session', 'eyJfcGVybWFuZW50Ijp0cnVlLCJ1c2VyX2lkIjoxLCJ1c2VybmFtZSI6ImFkbWluIn0.aWM9LQ.ISy8kbZHMe-qpVUDTKDZT1UCsQc')])
2026-01-11 14:03:25 - app - INFO - 检查登录状态, session内容: {'_permanent': True, 'user_id': 1, 'username': 'admin'}, cookies: ImmutableMultiDict([('session', 'eyJfcGVybWFuZW50Ijp0cnVlLCJ1c2VyX2lkIjoxLCJ1c2VybmFtZSI6ImFkbWluIn0.aWM9LQ.ISy8kbZHMe-qpVUDTKDZT1UCsQc')])
2026-01-11 14:03:28 - app - INFO - 检查更新: 当前版本 2.1.1
2026-01-11 14:03:41 - app - INFO - 检查更新成功: {'has_update': False, 'message': '当前已是最新版本'}
2026-01-11 14:03:57 - app - ERROR - 检查解析限制失败: no such table: daily_usage_stats
2026-01-11 14:03:57 - app - INFO - 读取官网信息，平台: tencent, URL: https://v.qq.com/x/cover/mzc00200o3jp0vf/d4101j5og2l.html
2026-01-11 14:03:57 - app - INFO - 开始读取腾讯视频，URL: https://v.qq.com/x/cover/mzc00200o3jp0vf/d4101j5og2l.html, CID: mzc00200o3jp0vf
2026-01-11 14:03:57 - app - INFO - 获取腾讯视频详情，cid: mzc00200o3jp0vf
2026-01-11 14:03:57 - app - INFO - 从share_info API获取到视频标题: 小城大事
2026-01-11 14:03:57 - app - INFO - 提取到businessInfo: video_category=2
2026-01-11 14:03:57 - app - INFO - 首次请求获取到 4 集
2026-01-11 14:03:57 - app - INFO - 已获取所有剧集，共 4 集
2026-01-11 14:03:57 - app - INFO - 开始识别视频类型，平台: tencent
2026-01-11 14:03:57 - app - INFO - 腾讯视频类型识别: category=2, type=电视剧
2026-01-11 14:03:57 - app - INFO - 识别视频类型: 电视剧
2026-01-11 14:11:34 - app - INFO - 读取官网信息，平台: tencent, URL: https://v.qq.com/x/cover/mzc00200o3jp0vf/d4101j5og2l.html
2026-01-11 14:11:34 - app - INFO - 开始读取腾讯视频，URL: https://v.qq.com/x/cover/mzc00200o3jp0vf/d4101j5og2l.html, CID: mzc00200o3jp0vf
2026-01-11 14:11:34 - app - INFO - 获取腾讯视频详情，cid: mzc00200o3jp0vf
2026-01-11 14:11:46 - app - INFO - 从share_info API获取到视频标题: 小城大事
2026-01-11 14:11:48 - app - INFO - 提取到businessInfo: video_category=2
2026-01-11 14:11:48 - app - INFO - 首次请求获取到 4 集
2026-01-11 14:11:48 - app - INFO - 已获取所有剧集，共 4 集
2026-01-11 14:11:48 - app - INFO - 开始识别视频类型，平台: tencent
2026-01-11 14:11:48 - app - INFO - 腾讯视频类型识别: category=2, type=电视剧
2026-01-11 14:11:48 - app - INFO - 识别视频类型: 电视剧
2026-01-11 14:11:48 - app - INFO - 开始下载任务 614 的剧集，共 4 集
2026-01-11 14:11:48 - app - INFO - 使用临时目录: /vol2/1000/媒体库/video/temp\小城大事
2026-01-11 14:11:48 - app - INFO - 开始解析剧集: 第01集 - 火力开年！赵丽颖黄晓明热血群像造城筑梦, URL: https://v.qq.com/x/cover/mzc00200o3jp0vf/d4101j5og2l.html
2026-01-11 14:11:48 - app - INFO - 解析剧集: 第01集 - 火力开年！赵丽颖黄晓明热血群像造城筑梦 - https://v.qq.com/x/cover/mzc00200o3jp0vf/d4101j5og2l.html
2026-01-11 14:11:48 - app - INFO - 已加载默认解析接口
2026-01-11 14:11:48 - app - INFO - 开始解析影视地址: https://v.qq.com/x/cover/mzc00200o3jp0vf/d4101j5og2l.html, 共有 1 个接口可用
2026-01-11 14:11:48 - app - INFO - 尝试接口 #1: 默认接口
2026-01-11 14:11:48 - app - INFO - 配置 - 下载地址路径: final_url, 状态码路径: code, 成功状态码: 200
2026-01-11 14:11:55 - app - INFO - 接口 #1 响应: {'code': 200, 'msg': '获取跳转地址成功（已缓存）', 'initial_url': 'https://v.qq.com/x/cover/mzc00200o3jp0vf/d4101j5og2l.html', 'final_url': 'https://ltshsy.gtimg.com/moviets.tc.qq.com/Z_SwcOPzz97fvEs5fodsPdduDdRUD-fDji4Z1Cjx_u04e3QQyYU5p3HpdXnG9MYnEqgz1VroONbig1R7_WJTMSKQA8C6Lp1Oc5DOSM8bHRpWU3o9KhbECvHjLd7xeNqXBPZOqLX0rXAUIe5e7oEvQ-opra1D3n4fwDFswA-1lhEaAGxVsjD9amvV05w4h5niiCTI_BQvatrDS0Nq6KrvORNQ==/B_Qa23a8KcNruyaKqkqmwksefuqwcuFdVmeQ9eDo7bT_-p8N3Sylu8xdI5cYr21dRX96Qk91k3bjBt59QHtiMlNCmMGDgccy0gBeNY09ixlHcbTuY3q7Zy7ey6RPji_FadOg5DAtQ6SK7CJM005M8ieA/svp_50112/s_JVl547G9oADqg2Nhwz2BOXXhugpXT7IuLR9RwgYJbsKsO1PkRa3KeCcGP0TJRPrMMX180JHHweGCKzZ7EWIMjNoqxEOJdAyorkRacyRGPuAdykOZp-L3-CDp2x74msnfEOmtU7In5vP6Bywz2956NIbyu6BgcUEwDBayNkoDvcKVuO7ZsGPUBIEr3EHVkPlCKiKK6URrU/gzc_1000102_0b53miankaaaayagqh3agzu4aywd2vxabuka.f322016.ts.m3u8?ver=4'}
2026-01-11 14:11:55 - app - INFO - ✓ 接口 #1 解析成功: https://v.qq.com/x/cover/mzc00200o3jp0vf/d4101j5og2l.html -> https://ltshsy.gtimg.com/moviets.tc.qq.com/Z_SwcOPzz97fvEs5fodsPdduDdRUD-fDji4Z1Cjx_u04e3QQyYU5p3HpdXnG9MYnEqgz1VroONbig1R7_WJTMSKQA8C6Lp1Oc5DOSM8bHRpWU3o9KhbECvHjLd7xeNqXBPZOqLX0rXAUIe5e7oEvQ-opra1D3n4fwDFswA-1lhEaAGxVsjD9amvV05w4h5niiCTI_BQvatrDS0Nq6KrvORNQ==/B_Qa23a8KcNruyaKqkqmwksefuqwcuFdVmeQ9eDo7bT_-p8N3Sylu8xdI5cYr21dRX96Qk91k3bjBt59QHtiMlNCmMGDgccy0gBeNY09ixlHcbTuY3q7Zy7ey6RPji_FadOg5DAtQ6SK7CJM005M8ieA/svp_50112/s_JVl547G9oADqg2Nhwz2BOXXhugpXT7IuLR9RwgYJbsKsO1PkRa3KeCcGP0TJRPrMMX180JHHweGCKzZ7EWIMjNoqxEOJdAyorkRacyRGPuAdykOZp-L3-CDp2x74msnfEOmtU7In5vP6Bywz2956NIbyu6BgcUEwDBayNkoDvcKVuO7ZsGPUBIEr3EHVkPlCKiKK6URrU/gzc_1000102_0b53miankaaaayagqh3agzu4aywd2vxabuka.f322016.ts.m3u8?ver=4
2026-01-11 14:11:55 - app - INFO - 解析成功，开始下载: 第01集 - 火力开年！赵丽颖黄晓明热血群像造城筑梦 -> https://ltshsy.gtimg.com/moviets.tc.qq.com/Z_SwcOPzz97fvEs5fodsPdduDdRUD-fDji4Z1Cjx_u04e3QQyYU5p3HpdXnG9MYnEqgz1VroONbig1R7_WJTMSKQA8C6Lp1Oc5DOSM8bHRpWU3o9KhbECvHjLd7xeNqXBPZOqLX0rXAUIe5e7oEvQ-opra1D3n4fwDFswA-1lhEaAGxVsjD9amvV05w4h5niiCTI_BQvatrDS0Nq6KrvORNQ==/B_Qa23a8KcNruyaKqkqmwksefuqwcuFdVmeQ9eDo7bT_-p8N3Sylu8xdI5cYr21dRX96Qk91k3bjBt59QHtiMlNCmMGDgccy0gBeNY09ixlHcbTuY3q7Zy7ey6RPji_FadOg5DAtQ6SK7CJM005M8ieA/svp_50112/s_JVl547G9oADqg2Nhwz2BOXXhugpXT7IuLR9RwgYJbsKsO1PkRa3KeCcGP0TJRPrMMX180JHHweGCKzZ7EWIMjNoqxEOJdAyorkRacyRGPuAdykOZp-L3-CDp2x74msnfEOmtU7In5vP6Bywz2956NIbyu6BgcUEwDBayNkoDvcKVuO7ZsGPUBIEr3EHVkPlCKiKK6URrU/gzc_1000102_0b53miankaaaayagqh3agzu4aywd2vxabuka.f322016.ts.m3u8?ver=4
2026-01-11 14:11:55 - app - INFO - 检测到m3u8格式，使用HLS下载器: 第01集 - 火力开年！赵丽颖黄晓明热血群像造城筑梦
2026-01-11 14:11:55 - app - INFO - 开始下载m3u8视频: 第01集 - 火力开年！赵丽颖黄晓明热血群像造城筑梦
2026-01-11 14:12:07 - app - INFO - m3u8文件下载成功，开始解析
2026-01-11 14:12:07 - app - INFO - 解析到 245 个视频片段
2026-01-11 14:12:07 - app - INFO - 开始下载 245 个视频片段（共 245 个）
2026-01-11 14:12:07 - app - INFO - 使用配置的线程数: 3
2026-01-11 14:12:07 - app - INFO - 启动 3 个线程开始并发下载...
2026-01-11 14:12:07 - app - INFO - [线程-1] 线程已启动，准备下载片段 1/245
2026-01-11 14:12:07 - app - INFO - [线程-2] 线程已启动，准备下载片段 2/245
2026-01-11 14:12:07 - app - INFO - [线程-3] 线程已启动，准备下载片段 3/245
2026-01-11 14:12:07 - app - INFO - 已提交 245 个下载任务到线程池
2026-01-11 14:12:07 - app - INFO - [线程-1] 发起HTTP请求: https://ltshsy.gtimg.com/moviets.tc.qq.com/Z_SwcOPzz97fvEs5fodsPdduDdRUD-fDji4Z1Cjx_u04e3QQyYU5p3Hpd...
2026-01-11 14:12:07 - app - INFO - [线程-2] 发起HTTP请求: https://ltshsy.gtimg.com/moviets.tc.qq.com/Z_SwcOPzz97fvEs5fodsPdduDdRUD-fDji4Z1Cjx_u04e3QQyYU5p3Hpd...
2026-01-11 14:12:07 - app - INFO - [线程-3] 发起HTTP请求: https://ltshsy.gtimg.com/moviets.tc.qq.com/Z_SwcOPzz97fvEs5fodsPdduDdRUD-fDji4Z1Cjx_u04e3QQyYU5p3Hpd...
2026-01-11 14:12:07 - app - INFO - [线程-1] HTTP响应成功，开始写入文件
2026-01-11 14:12:07 - app - INFO - 片段 1/245 下载成功 (0.4%)
2026-01-11 14:12:07 - app - INFO - [线程-4] 线程已启动，准备下载片段 4/245
2026-01-11 14:12:07 - app - INFO - [线程-4] 发起HTTP请求: https://ltshsy.gtimg.com/moviets.tc.qq.com/Z_SwcOPzz97fvEs5fodsPdduDdRUD-fDji4Z1Cjx_u04e3QQyYU5p3Hpd...
2026-01-11 14:12:08 - app - INFO - [线程-2] HTTP响应成功，开始写入文件
2026-01-11 14:12:08 - app - INFO - 片段 2/245 下载成功 (0.8%)
2026-01-11 14:12:08 - app - INFO - [线程-5] 线程已启动，准备下载片段 5/245
2026-01-11 14:12:08 - app - INFO - [线程-5] 发起HTTP请求: https://ltshsy.gtimg.com/moviets.tc.qq.com/Z_SwcOPzz97fvEs5fodsPdduDdRUD-fDji4Z1Cjx_u04e3QQyYU5p3Hpd...
2026-01-11 14:12:09 - app - INFO - [线程-3] HTTP响应成功，开始写入文件
2026-01-11 14:12:09 - app - INFO - 片段 3/245 下载成功 (1.2%)
2026-01-11 14:12:09 - app - INFO - [线程-6] 线程已启动，准备下载片段 6/245
2026-01-11 14:12:09 - app - INFO - [线程-6] 发起HTTP请求: https://ltshsy.gtimg.com/moviets.tc.qq.com/Z_SwcOPzz97fvEs5fodsPdduDdRUD-fDji4Z1Cjx_u04e3QQyYU5p3Hpd...
2026-01-11 14:12:09 - app - INFO - [线程-4] HTTP响应成功，开始写入文件
2026-01-11 14:12:09 - app - INFO - 片段 4/245 下载成功 (1.6%)
2026-01-11 14:12:09 - app - INFO - [线程-7] 线程已启动，准备下载片段 7/245
2026-01-11 14:12:09 - app - INFO - [线程-7] 发起HTTP请求: https://ltshsy.gtimg.com/moviets.tc.qq.com/Z_SwcOPzz97fvEs5fodsPdduDdRUD-fDji4Z1Cjx_u04e3QQyYU5p3Hpd...
2026-01-11 14:12:10 - app - INFO - [线程-5] HTTP响应成功，开始写入文件
2026-01-11 14:12:10 - app - INFO - 片段 5/245 下载成功 (2.0%)
2026-01-11 14:12:10 - app - INFO - [线程-8] 线程已启动，准备下载片段 8/245
2026-01-11 14:12:10 - app - INFO - [线程-8] 发起HTTP请求: https://ltshsy.gtimg.com/moviets.tc.qq.com/Z_SwcOPzz97fvEs5fodsPdduDdRUD-fDji4Z1Cjx_u04e3QQyYU5p3Hpd...
2026-01-11 14:12:11 - app - INFO - [线程-6] HTTP响应成功，开始写入文件
2026-01-11 14:12:11 - app - INFO - 片段 6/245 下载成功 (2.4%)
2026-01-11 14:12:11 - app - INFO - [线程-9] 线程已启动，准备下载片段 9/245
2026-01-11 14:12:11 - app - INFO - [线程-9] 发起HTTP请求: https://ltshsy.gtimg.com/moviets.tc.qq.com/Z_SwcOPzz97fvEs5fodsPdduDdRUD-fDji4Z1Cjx_u04e3QQyYU5p3Hpd...
2026-01-11 14:12:12 - app - INFO - [线程-8] HTTP响应成功，开始写入文件
2026-01-11 14:12:12 - app - INFO - 片段 7/245 下载成功 (2.9%)
2026-01-11 14:12:12 - app - INFO - [线程-10] 线程已启动，准备下载片段 10/245
2026-01-11 14:12:12 - app - INFO - [线程-10] 发起HTTP请求: https://ltshsy.gtimg.com/moviets.tc.qq.com/Z_SwcOPzz97fvEs5fodsPdduDdRUD-fDji4Z1Cjx_u04e3QQyYU5p3Hpd...
2026-01-11 14:12:12 - app - INFO - [线程-7] HTTP响应成功，开始写入文件
2026-01-11 14:12:12 - app - INFO - 片段 8/245 下载成功 (3.3%)
2026-01-11 14:12:12 - app - INFO - [线程-11] 线程已启动，准备下载片段 11/245
2026-01-11 14:12:12 - app - INFO - [线程-11] 发起HTTP请求: https://ltshsy.gtimg.com/moviets.tc.qq.com/Z_SwcOPzz97fvEs5fodsPdduDdRUD-fDji4Z1Cjx_u04e3QQyYU5p3Hpd...
2026-01-11 14:12:12 - app - INFO - [线程-9] HTTP响应成功，开始写入文件
2026-01-11 14:12:12 - app - INFO - 片段 9/245 下载成功 (3.7%)
2026-01-11 14:12:12 - app - INFO - [线程-12] 线程已启动，准备下载片段 12/245
2026-01-11 14:12:12 - app - INFO - [线程-12] 发起HTTP请求: https://ltshsy.gtimg.com/moviets.tc.qq.com/Z_SwcOPzz97fvEs5fodsPdduDdRUD-fDji4Z1Cjx_u04e3QQyYU5p3Hpd...
2026-01-11 14:12:13 - app - INFO - [线程-10] HTTP响应成功，开始写入文件
2026-01-11 14:12:13 - app - INFO - 片段 10/245 下载成功 (4.1%)
2026-01-11 14:12:13 - app - INFO - [线程-13] 线程已启动，准备下载片段 13/245
2026-01-11 14:12:13 - app - INFO - [线程-13] 发起HTTP请求: https://ltshsy.gtimg.com/moviets.tc.qq.com/Z_SwcOPzz97fvEs5fodsPdduDdRUD-fDji4Z1Cjx_u04e3QQyYU5p3Hpd...
2026-01-11 14:12:13 - app - INFO - [线程-11] HTTP响应成功，开始写入文件
2026-01-11 14:12:13 - app - INFO - 片段 11/245 下载成功 (4.5%)
2026-01-11 14:12:13 - app - INFO - [线程-14] 线程已启动，准备下载片段 14/245
2026-01-11 14:12:13 - app - INFO - [线程-14] 发起HTTP请求: https://ltshsy.gtimg.com/moviets.tc.qq.com/Z_SwcOPzz97fvEs5fodsPdduDdRUD-fDji4Z1Cjx_u04e3QQyYU5p3Hpd...
2026-01-11 14:12:14 - app - INFO - [线程-13] HTTP响应成功，开始写入文件
2026-01-11 14:12:14 - app - INFO - 片段 12/245 下载成功 (4.9%)
2026-01-11 14:12:14 - app - INFO - [线程-15] 线程已启动，准备下载片段 15/245
2026-01-11 14:12:14 - app - INFO - [线程-15] 发起HTTP请求: https://ltshsy.gtimg.com/moviets.tc.qq.com/Z_SwcOPzz97fvEs5fodsPdduDdRUD-fDji4Z1Cjx_u04e3QQyYU5p3Hpd...
2026-01-11 14:12:14 - app - INFO - [线程-12] HTTP响应成功，开始写入文件
2026-01-11 14:12:14 - app - INFO - 片段 13/245 下载成功 (5.3%)
2026-01-11 14:12:14 - app - INFO - [线程-16] 线程已启动，准备下载片段 16/245
2026-01-11 14:12:14 - app - INFO - [线程-16] 发起HTTP请求: https://ltshsy.gtimg.com/moviets.tc.qq.com/Z_SwcOPzz97fvEs5fodsPdduDdRUD-fDji4Z1Cjx_u04e3QQyYU5p3Hpd...
2026-01-11 14:12:19 - app - INFO - [线程-14] HTTP响应成功，开始写入文件
2026-01-11 14:12:19 - app - INFO - 片段 14/245 下载成功 (5.7%)
2026-01-11 14:12:19 - app - INFO - [线程-17] 线程已启动，准备下载片段 17/245
2026-01-11 14:12:19 - app - INFO - [线程-17] 发起HTTP请求: https://ltshsy.gtimg.com/moviets.tc.qq.com/Z_SwcOPzz97fvEs5fodsPdduDdRUD-fDji4Z1Cjx_u04e3QQyYU5p3Hpd...
2026-01-11 14:12:19 - app - INFO - [线程-15] HTTP响应成功，开始写入文件
2026-01-11 14:12:19 - app - INFO - 片段 15/245 下载成功 (6.1%)
2026-01-11 14:12:19 - app - INFO - [线程-18] 线程已启动，准备下载片段 18/245
2026-01-11 14:12:19 - app - INFO - [线程-18] 发起HTTP请求: https://ltshsy.gtimg.com/moviets.tc.qq.com/Z_SwcOPzz97fvEs5fodsPdduDdRUD-fDji4Z1Cjx_u04e3QQyYU5p3Hpd...
2026-01-11 14:12:20 - app - INFO - [线程-16] HTTP响应成功，开始写入文件
2026-01-11 14:12:20 - app - INFO - 片段 16/245 下载成功 (6.5%)
2026-01-11 14:12:20 - app - INFO - [线程-19] 线程已启动，准备下载片段 19/245
2026-01-11 14:12:20 - app - INFO - [线程-19] 发起HTTP请求: https://ltshsy.gtimg.com/moviets.tc.qq.com/Z_SwcOPzz97fvEs5fodsPdduDdRUD-fDji4Z1Cjx_u04e3QQyYU5p3Hpd...
2026-01-11 14:12:20 - app - INFO - [线程-17] HTTP响应成功，开始写入文件
2026-01-11 14:12:20 - app - INFO - 片段 17/245 下载成功 (6.9%)
2026-01-11 14:12:20 - app - INFO - [线程-20] 线程已启动，准备下载片段 20/245
2026-01-11 14:12:20 - app - INFO - [线程-20] 发起HTTP请求: https://ltshsy.gtimg.com/moviets.tc.qq.com/Z_SwcOPzz97fvEs5fodsPdduDdRUD-fDji4Z1Cjx_u04e3QQyYU5p3Hpd...
2026-01-11 14:12:21 - app - INFO - [线程-18] HTTP响应成功，开始写入文件
2026-01-11 14:12:21 - app - INFO - 片段 18/245 下载成功 (7.3%)
2026-01-11 14:12:21 - app - INFO - [线程-21] 线程已启动，准备下载片段 21/245
2026-01-11 14:12:21 - app - INFO - [线程-19] HTTP响应成功，开始写入文件
2026-01-11 14:12:21 - app - INFO - [线程-21] 发起HTTP请求: https://ltshsy.gtimg.com/moviets.tc.qq.com/Z_SwcOPzz97fvEs5fodsPdduDdRUD-fDji4Z1Cjx_u04e3QQyYU5p3Hpd...
2026-01-11 14:12:21 - app - INFO - 片段 19/245 下载成功 (7.8%)
2026-01-11 14:12:21 - app - INFO - [线程-22] 线程已启动，准备下载片段 22/245
2026-01-11 14:12:21 - app - INFO - [线程-22] 发起HTTP请求: https://ltshsy.gtimg.com/moviets.tc.qq.com/Z_SwcOPzz97fvEs5fodsPdduDdRUD-fDji4Z1Cjx_u04e3QQyYU5p3Hpd...
2026-01-11 14:12:22 - app - INFO - [线程-21] HTTP响应成功，开始写入文件
2026-01-11 14:12:22 - app - INFO - 片段 20/245 下载成功 (8.2%)
2026-01-11 14:12:22 - app - INFO - [线程-23] 线程已启动，准备下载片段 23/245
2026-01-11 14:12:22 - app - INFO - [线程-23] 发起HTTP请求: https://ltshsy.gtimg.com/moviets.tc.qq.com/Z_SwcOPzz97fvEs5fodsPdduDdRUD-fDji4Z1Cjx_u04e3QQyYU5p3Hpd...
2026-01-11 14:12:22 - app - INFO - [线程-22] HTTP响应成功，开始写入文件
2026-01-11 14:12:22 - app - INFO - 片段 21/245 下载成功 (8.6%)
2026-01-11 14:12:22 - app - INFO - [线程-24] 线程已启动，准备下载片段 24/245
2026-01-11 14:12:22 - app - INFO - [线程-24] 发起HTTP请求: https://ltshsy.gtimg.com/moviets.tc.qq.com/Z_SwcOPzz97fvEs5fodsPdduDdRUD-fDji4Z1Cjx_u04e3QQyYU5p3Hpd...
2026-01-11 14:12:23 - app - INFO - [线程-20] HTTP响应成功，开始写入文件
2026-01-11 14:12:23 - app - INFO - 片段 22/245 下载成功 (9.0%)
2026-01-11 14:12:23 - app - INFO - [线程-25] 线程已启动，准备下载片段 25/245
2026-01-11 14:12:23 - app - INFO - [线程-23] HTTP响应成功，开始写入文件
2026-01-11 14:12:23 - app - INFO - [线程-25] 发起HTTP请求: https://ltshsy.gtimg.com/moviets.tc.qq.com/Z_SwcOPzz97fvEs5fodsPdduDdRUD-fDji4Z1Cjx_u04e3QQyYU5p3Hpd...
2026-01-11 14:12:23 - app - INFO - 片段 23/245 下载成功 (9.4%)
2026-01-11 14:12:23 - app - INFO - [线程-26] 线程已启动，准备下载片段 26/245
2026-01-11 14:12:23 - app - INFO - [线程-26] 发起HTTP请求: https://ltshsy.gtimg.com/moviets.tc.qq.com/Z_SwcOPzz97fvEs5fodsPdduDdRUD-fDji4Z1Cjx_u04e3QQyYU5p3Hpd...
2026-01-11 14:12:24 - app - INFO - [线程-25] HTTP响应成功，开始写入文件
2026-01-11 14:12:24 - app - INFO - 片段 24/245 下载成功 (9.8%)
2026-01-11 14:12:24 - app - INFO - [线程-27] 线程已启动，准备下载片段 27/245
2026-01-11 14:12:24 - app - INFO - [线程-27] 发起HTTP请求: https://ltshsy.gtimg.com/moviets.tc.qq.com/Z_SwcOPzz97fvEs5fodsPdduDdRUD-fDji4Z1Cjx_u04e3QQyYU5p3Hpd...
2026-01-11 14:12:24 - app - INFO - [线程-24] HTTP响应成功，开始写入文件
2026-01-11 14:12:24 - app - INFO - 片段 25/245 下载成功 (10.2%)
2026-01-11 14:12:24 - app - INFO - [线程-28] 线程已启动，准备下载片段 28/245
2026-01-11 14:12:24 - app - INFO - [线程-28] 发起HTTP请求: https://ltshsy.gtimg.com/moviets.tc.qq.com/Z_SwcOPzz97fvEs5fodsPdduDdRUD-fDji4Z1Cjx_u04e3QQyYU5p3Hpd...
2026-01-11 14:12:24 - app - INFO - [线程-26] HTTP响应成功，开始写入文件
2026-01-11 14:12:24 - app - INFO - 片段 26/245 下载成功 (10.6%)
2026-01-11 14:12:24 - app - INFO - [线程-29] 线程已启动，准备下载片段 29/245
2026-01-11 14:12:24 - app - INFO - [线程-29] 发起HTTP请求: https://ltshsy.gtimg.com/moviets.tc.qq.com/Z_SwcOPzz97fvEs5fodsPdduDdRUD-fDji4Z1Cjx_u04e3QQyYU5p3Hpd...
2026-01-11 14:12:30 - app - INFO - [线程-29] HTTP响应成功，开始写入文件
2026-01-11 14:12:30 - app - INFO - 片段 27/245 下载成功 (11.0%)
2026-01-11 14:12:30 - app - INFO - [线程-30] 线程已启动，准备下载片段 30/245
2026-01-11 14:12:30 - app - INFO - [线程-27] HTTP响应成功，开始写入文件
2026-01-11 14:12:30 - app - INFO - [线程-30] 发起HTTP请求: https://ltshsy.gtimg.com/moviets.tc.qq.com/Z_SwcOPzz97fvEs5fodsPdduDdRUD-fDji4Z1Cjx_u04e3QQyYU5p3Hpd...
2026-01-11 14:12:30 - app - INFO - 片段 28/245 下载成功 (11.4%)
2026-01-11 14:12:30 - app - INFO - [线程-31] 线程已启动，准备下载片段 31/245
2026-01-11 14:12:30 - app - INFO - [线程-31] 发起HTTP请求: https://ltshsy.gtimg.com/moviets.tc.qq.com/Z_SwcOPzz97fvEs5fodsPdduDdRUD-fDji4Z1Cjx_u04e3QQyYU5p3Hpd...
2026-01-11 14:12:30 - app - INFO - [线程-28] HTTP响应成功，开始写入文件
2026-01-11 14:12:30 - app - INFO - 片段 29/245 下载成功 (11.8%)
2026-01-11 14:12:30 - app - INFO - [线程-32] 线程已启动，准备下载片段 32/245
2026-01-11 14:12:30 - app - INFO - [线程-32] 发起HTTP请求: https://ltshsy.gtimg.com/moviets.tc.qq.com/Z_SwcOPzz97fvEs5fodsPdduDdRUD-fDji4Z1Cjx_u04e3QQyYU5p3Hpd...
2026-01-11 14:12:30 - app - INFO - [线程-30] HTTP响应成功，开始写入文件
2026-01-11 14:12:30 - app - INFO - 片段 30/245 下载成功 (12.2%)
2026-01-11 14:12:30 - app - INFO - [线程-33] 线程已启动，准备下载片段 33/245
2026-01-11 14:12:31 - app - INFO - [线程-33] 发起HTTP请求: https://ltshsy.gtimg.com/moviets.tc.qq.com/Z_SwcOPzz97fvEs5fodsPdduDdRUD-fDji4Z1Cjx_u04e3QQyYU5p3Hpd...
2026-01-11 14:12:31 - app - INFO - [线程-31] HTTP响应成功，开始写入文件
2026-01-11 14:12:31 - app - INFO - 片段 31/245 下载成功 (12.7%)
2026-01-11 14:12:31 - app - INFO - [线程-34] 线程已启动，准备下载片段 34/245
2026-01-11 14:12:31 - app - INFO - [线程-34] 发起HTTP请求: https://ltshsy.gtimg.com/moviets.tc.qq.com/Z_SwcOPzz97fvEs5fodsPdduDdRUD-fDji4Z1Cjx_u04e3QQyYU5p3Hpd...
2026-01-11 14:12:31 - app - INFO - [线程-32] HTTP响应成功，开始写入文件
2026-01-11 14:12:31 - app - INFO - 片段 32/245 下载成功 (13.1%)
2026-01-11 14:12:31 - app - INFO - [线程-35] 线程已启动，准备下载片段 35/245
2026-01-11 14:12:31 - app - INFO - [线程-35] 发起HTTP请求: https://ltshsy.gtimg.com/moviets.tc.qq.com/Z_SwcOPzz97fvEs5fodsPdduDdRUD-fDji4Z1Cjx_u04e3QQyYU5p3Hpd...
2026-01-11 14:12:31 - app - INFO - [线程-33] HTTP响应成功，开始写入文件
2026-01-11 14:12:31 - app - INFO - 片段 33/245 下载成功 (13.5%)
2026-01-11 14:12:31 - app - INFO - [线程-36] 线程已启动，准备下载片段 36/245
2026-01-11 14:12:31 - app - INFO - [线程-36] 发起HTTP请求: https://ltshsy.gtimg.com/moviets.tc.qq.com/Z_SwcOPzz97fvEs5fodsPdduDdRUD-fDji4Z1Cjx_u04e3QQyYU5p3Hpd...
2026-01-11 14:12:32 - app - INFO - [线程-34] HTTP响应成功，开始写入文件
2026-01-11 14:12:32 - app - INFO - 片段 34/245 下载成功 (13.9%)
2026-01-11 14:12:32 - app - INFO - [线程-37] 线程已启动，准备下载片段 37/245
2026-01-11 14:12:32 - app - INFO - [线程-37] 发起HTTP请求: https://ltshsy.gtimg.com/moviets.tc.qq.com/Z_SwcOPzz97fvEs5fodsPdduDdRUD-fDji4Z1Cjx_u04e3QQyYU5p3Hpd...
2026-01-11 14:12:32 - app - INFO - [线程-36] HTTP响应成功，开始写入文件
2026-01-11 14:12:32 - app - INFO - 片段 35/245 下载成功 (14.3%)
2026-01-11 14:12:32 - app - INFO - [线程-38] 线程已启动，准备下载片段 38/245
2026-01-11 14:12:32 - app - INFO - [线程-38] 发起HTTP请求: https://ltshsy.gtimg.com/moviets.tc.qq.com/Z_SwcOPzz97fvEs5fodsPdduDdRUD-fDji4Z1Cjx_u04e3QQyYU5p3Hpd...
2026-01-11 14:12:33 - app - INFO - [线程-35] HTTP响应成功，开始写入文件
2026-01-11 14:12:33 - app - INFO - 片段 36/245 下载成功 (14.7%)
2026-01-11 14:12:33 - app - INFO - [线程-39] 线程已启动，准备下载片段 39/245
2026-01-11 14:12:33 - app - INFO - [线程-39] 发起HTTP请求: https://ltshsy.gtimg.com/moviets.tc.qq.com/Z_SwcOPzz97fvEs5fodsPdduDdRUD-fDji4Z1Cjx_u04e3QQyYU5p3Hpd...
2026-01-11 14:12:33 - app - INFO - [线程-38] HTTP响应成功，开始写入文件
2026-01-11 14:12:33 - app - INFO - 片段 37/245 下载成功 (15.1%)
2026-01-11 14:12:33 - app - INFO - [线程-40] 线程已启动，准备下载片段 40/245
2026-01-11 14:12:33 - app - INFO - [线程-40] 发起HTTP请求: https://ltshsy.gtimg.com/moviets.tc.qq.com/Z_SwcOPzz97fvEs5fodsPdduDdRUD-fDji4Z1Cjx_u04e3QQyYU5p3Hpd...
2026-01-11 14:12:34 - app - INFO - [线程-39] HTTP响应成功，开始写入文件
2026-01-11 14:12:34 - app - INFO - 片段 38/245 下载成功 (15.5%)
2026-01-11 14:12:34 - app - INFO - [线程-41] 线程已启动，准备下载片段 41/245
2026-01-11 14:12:34 - app - INFO - [线程-41] 发起HTTP请求: https://ltshsy.gtimg.com/moviets.tc.qq.com/Z_SwcOPzz97fvEs5fodsPdduDdRUD-fDji4Z1Cjx_u04e3QQyYU5p3Hpd...
2026-01-11 14:12:34 - app - INFO - [线程-37] HTTP响应成功，开始写入文件
2026-01-11 14:12:34 - app - INFO - 片段 39/245 下载成功 (15.9%)
2026-01-11 14:12:34 - app - INFO - [线程-42] 线程已启动，准备下载片段 42/245
2026-01-11 14:12:34 - app - INFO - [线程-42] 发起HTTP请求: https://ltshsy.gtimg.com/moviets.tc.qq.com/Z_SwcOPzz97fvEs5fodsPdduDdRUD-fDji4Z1Cjx_u04e3QQyYU5p3Hpd...
2026-01-11 14:12:35 - app - INFO - [线程-41] HTTP响应成功，开始写入文件
2026-01-11 14:12:35 - app - INFO - 片段 40/245 下载成功 (16.3%)
2026-01-11 14:12:35 - app - INFO - [线程-43] 线程已启动，准备下载片段 43/245
2026-01-11 14:12:35 - app - INFO - [线程-43] 发起HTTP请求: https://ltshsy.gtimg.com/moviets.tc.qq.com/Z_SwcOPzz97fvEs5fodsPdduDdRUD-fDji4Z1Cjx_u04e3QQyYU5p3Hpd...
2026-01-11 14:12:35 - app - INFO - [线程-40] HTTP响应成功，开始写入文件
2026-01-11 14:12:35 - app - INFO - 片段 41/245 下载成功 (16.7%)
2026-01-11 14:12:35 - app - INFO - [线程-44] 线程已启动，准备下载片段 44/245
2026-01-11 14:12:35 - app - INFO - [线程-44] 发起HTTP请求: https://ltshsy.gtimg.com/moviets.tc.qq.com/Z_SwcOPzz97fvEs5fodsPdduDdRUD-fDji4Z1Cjx_u04e3QQyYU5p3Hpd...
2026-01-11 14:12:41 - app - INFO - [线程-42] HTTP响应成功，开始写入文件
2026-01-11 14:12:41 - app - INFO - 片段 42/245 下载成功 (17.1%)
2026-01-11 14:12:41 - app - INFO - [线程-45] 线程已启动，准备下载片段 45/245
2026-01-11 14:12:41 - app - INFO - [线程-45] 发起HTTP请求: https://ltshsy.gtimg.com/moviets.tc.qq.com/Z_SwcOPzz97fvEs5fodsPdduDdRUD-fDji4Z1Cjx_u04e3QQyYU5p3Hpd...
2026-01-11 14:12:41 - app - INFO - [线程-44] HTTP响应成功，开始写入文件
2026-01-11 14:12:41 - app - INFO - [线程-43] HTTP响应成功，开始写入文件
2026-01-11 14:12:41 - app - INFO - 片段 43/245 下载成功 (17.6%)
2026-01-11 14:12:41 - app - INFO - [线程-46] 线程已启动，准备下载片段 46/245
2026-01-11 14:12:41 - app - INFO - [线程-46] 发起HTTP请求: https://ltshsy.gtimg.com/moviets.tc.qq.com/Z_SwcOPzz97fvEs5fodsPdduDdRUD-fDji4Z1Cjx_u04e3QQyYU5p3Hpd...
2026-01-11 14:12:41 - app - INFO - 片段 44/245 下载成功 (18.0%)
2026-01-11 14:12:41 - app - INFO - [线程-47] 线程已启动，准备下载片段 47/245
2026-01-11 14:12:41 - app - INFO - [线程-47] 发起HTTP请求: https://ltshsy.gtimg.com/moviets.tc.qq.com/Z_SwcOPzz97fvEs5fodsPdduDdRUD-fDji4Z1Cjx_u04e3QQyYU5p3Hpd...
2026-01-11 14:12:42 - app - INFO - [线程-45] HTTP响应成功，开始写入文件
2026-01-11 14:12:42 - app - INFO - 片段 45/245 下载成功 (18.4%)
2026-01-11 14:12:42 - app - INFO - [线程-48] 线程已启动，准备下载片段 48/245
2026-01-11 14:12:42 - app - INFO - [线程-48] 发起HTTP请求: https://ltshsy.gtimg.com/moviets.tc.qq.com/Z_SwcOPzz97fvEs5fodsPdduDdRUD-fDji4Z1Cjx_u04e3QQyYU5p3Hpd...
2026-01-11 14:12:42 - app - INFO - [线程-46] HTTP响应成功，开始写入文件
2026-01-11 14:12:42 - app - INFO - 片段 46/245 下载成功 (18.8%)
2026-01-11 14:12:43 - app - INFO - [线程-49] 线程已启动，准备下载片段 49/245
2026-01-11 14:12:43 - app - INFO - [线程-49] 发起HTTP请求: https://ltshsy.gtimg.com/moviets.tc.qq.com/Z_SwcOPzz97fvEs5fodsPdduDdRUD-fDji4Z1Cjx_u04e3QQyYU5p3Hpd...
2026-01-11 14:12:43 - app - INFO - [线程-47] HTTP响应成功，开始写入文件
2026-01-11 14:12:43 - app - INFO - 片段 47/245 下载成功 (19.2%)
2026-01-11 14:12:43 - app - INFO - [线程-50] 线程已启动，准备下载片段 50/245
2026-01-11 14:12:43 - app - INFO - [线程-50] 发起HTTP请求: https://ltshsy.gtimg.com/moviets.tc.qq.com/Z_SwcOPzz97fvEs5fodsPdduDdRUD-fDji4Z1Cjx_u04e3QQyYU5p3Hpd...
2026-01-11 14:12:43 - app - INFO - [线程-48] HTTP响应成功，开始写入文件
2026-01-11 14:12:43 - app - INFO - 片段 48/245 下载成功 (19.6%)
2026-01-11 14:12:43 - app - INFO - [线程-51] 线程已启动，准备下载片段 51/245
2026-01-11 14:12:43 - app - INFO - [线程-51] 发起HTTP请求: https://ltshsy.gtimg.com/moviets.tc.qq.com/Z_SwcOPzz97fvEs5fodsPdduDdRUD-fDji4Z1Cjx_u04e3QQyYU5p3Hpd...
2026-01-11 14:12:44 - app - INFO - [线程-49] HTTP响应成功，开始写入文件
2026-01-11 14:12:44 - app - INFO - 片段 49/245 下载成功 (20.0%)
2026-01-11 14:12:44 - app - INFO - [线程-52] 线程已启动，准备下载片段 52/245
2026-01-11 14:12:44 - app - INFO - [线程-52] 发起HTTP请求: https://ltshsy.gtimg.com/moviets.tc.qq.com/Z_SwcOPzz97fvEs5fodsPdduDdRUD-fDji4Z1Cjx_u04e3QQyYU5p3Hpd...
2026-01-11 14:12:44 - app - INFO - [线程-51] HTTP响应成功，开始写入文件
2026-01-11 14:12:44 - app - INFO - 片段 50/245 下载成功 (20.4%)
2026-01-11 14:12:45 - app - INFO - [线程-53] 线程已启动，准备下载片段 53/245
2026-01-11 14:12:45 - app - INFO - [线程-53] 发起HTTP请求: https://ltshsy.gtimg.com/moviets.tc.qq.com/Z_SwcOPzz97fvEs5fodsPdduDdRUD-fDji4Z1Cjx_u04e3QQyYU5p3Hpd...
2026-01-11 14:12:45 - app - INFO - [线程-50] HTTP响应成功，开始写入文件
2026-01-11 14:12:45 - app - INFO - 片段 51/245 下载成功 (20.8%)
2026-01-11 14:12:45 - app - INFO - [线程-54] 线程已启动，准备下载片段 54/245
2026-01-11 14:12:45 - app - INFO - [线程-54] 发起HTTP请求: https://ltshsy.gtimg.com/moviets.tc.qq.com/Z_SwcOPzz97fvEs5fodsPdduDdRUD-fDji4Z1Cjx_u04e3QQyYU5p3Hpd...
2026-01-11 14:12:45 - app - INFO - [线程-52] HTTP响应成功，开始写入文件
2026-01-11 14:12:45 - app - INFO - 片段 52/245 下载成功 (21.2%)
2026-01-11 14:12:45 - app - INFO - [线程-55] 线程已启动，准备下载片段 55/245
2026-01-11 14:12:45 - app - INFO - [线程-55] 发起HTTP请求: https://ltshsy.gtimg.com/moviets.tc.qq.com/Z_SwcOPzz97fvEs5fodsPdduDdRUD-fDji4Z1Cjx_u04e3QQyYU5p3Hpd...
2026-01-11 14:12:45 - app - INFO - [线程-53] HTTP响应成功，开始写入文件
2026-01-11 14:12:45 - app - INFO - 片段 53/245 下载成功 (21.6%)
2026-01-11 14:12:45 - app - INFO - [线程-56] 线程已启动，准备下载片段 56/245
2026-01-11 14:12:45 - app - INFO - [线程-56] 发起HTTP请求: https://ltshsy.gtimg.com/moviets.tc.qq.com/Z_SwcOPzz97fvEs5fodsPdduDdRUD-fDji4Z1Cjx_u04e3QQyYU5p3Hpd...
2026-01-11 14:12:45 - app - INFO - [线程-54] HTTP响应成功，开始写入文件
2026-01-11 14:12:45 - app - INFO - 片段 54/245 下载成功 (22.0%)
2026-01-11 14:12:45 - app - INFO - [线程-57] 线程已启动，准备下载片段 57/245
2026-01-11 14:12:45 - app - INFO - [线程-57] 发起HTTP请求: https://ltshsy.gtimg.com/moviets.tc.qq.com/Z_SwcOPzz97fvEs5fodsPdduDdRUD-fDji4Z1Cjx_u04e3QQyYU5p3Hpd...
2026-01-11 14:12:52 - app - INFO - [线程-57] HTTP响应成功，开始写入文件
2026-01-11 14:12:52 - app - INFO - 片段 55/245 下载成功 (22.4%)
2026-01-11 14:12:52 - app - INFO - [线程-58] 线程已启动，准备下载片段 58/245
2026-01-11 14:12:52 - app - INFO - [线程-58] 发起HTTP请求: https://ltshsy.gtimg.com/moviets.tc.qq.com/Z_SwcOPzz97fvEs5fodsPdduDdRUD-fDji4Z1Cjx_u04e3QQyYU5p3Hpd...
2026-01-11 14:12:52 - app - INFO - [线程-56] HTTP响应成功，开始写入文件
2026-01-11 14:12:52 - app - INFO - 片段 56/245 下载成功 (22.9%)
2026-01-11 14:12:52 - app - INFO - [线程-59] 线程已启动，准备下载片段 59/245
2026-01-11 14:12:52 - app - INFO - [线程-59] 发起HTTP请求: https://ltshsy.gtimg.com/moviets.tc.qq.com/Z_SwcOPzz97fvEs5fodsPdduDdRUD-fDji4Z1Cjx_u04e3QQyYU5p3Hpd...
2026-01-11 14:12:52 - app - INFO - [线程-55] HTTP响应成功，开始写入文件
2026-01-11 14:12:52 - app - INFO - 片段 57/245 下载成功 (23.3%)
2026-01-11 14:12:52 - app - INFO - [线程-60] 线程已启动，准备下载片段 60/245
2026-01-11 14:12:52 - app - INFO - [线程-60] 发起HTTP请求: https://ltshsy.gtimg.com/moviets.tc.qq.com/Z_SwcOPzz97fvEs5fodsPdduDdRUD-fDji4Z1Cjx_u04e3QQyYU5p3Hpd...
2026-01-11 14:12:53 - app - INFO - [线程-58] HTTP响应成功，开始写入文件
2026-01-11 14:12:53 - app - INFO - 片段 58/245 下载成功 (23.7%)
2026-01-11 14:12:53 - app - INFO - [线程-61] 线程已启动，准备下载片段 61/245
2026-01-11 14:12:53 - app - INFO - [线程-61] 发起HTTP请求: https://ltshsy.gtimg.com/moviets.tc.qq.com/Z_SwcOPzz97fvEs5fodsPdduDdRUD-fDji4Z1Cjx_u04e3QQyYU5p3Hpd...
2026-01-11 14:12:53 - app - INFO - [线程-59] HTTP响应成功，开始写入文件
2026-01-11 14:12:53 - app - INFO - 片段 59/245 下载成功 (24.1%)
2026-01-11 14:12:53 - app - INFO - [线程-62] 线程已启动，准备下载片段 62/245
2026-01-11 14:12:53 - app - INFO - [线程-62] 发起HTTP请求: https://ltshsy.gtimg.com/moviets.tc.qq.com/Z_SwcOPzz97fvEs5fodsPdduDdRUD-fDji4Z1Cjx_u04e3QQyYU5p3Hpd...
2026-01-11 14:12:53 - app - INFO - [线程-60] HTTP响应成功，开始写入文件
2026-01-11 14:12:53 - app - INFO - 片段 60/245 下载成功 (24.5%)
2026-01-11 14:12:53 - app - INFO - [线程-63] 线程已启动，准备下载片段 63/245
2026-01-11 14:12:53 - app - INFO - [线程-63] 发起HTTP请求: https://ltshsy.gtimg.com/moviets.tc.qq.com/Z_SwcOPzz97fvEs5fodsPdduDdRUD-fDji4Z1Cjx_u04e3QQyYU5p3Hpd...
2026-01-11 14:12:54 - app - INFO - [线程-61] HTTP响应成功，开始写入文件
2026-01-11 14:12:54 - app - INFO - 片段 61/245 下载成功 (24.9%)
2026-01-11 14:12:54 - app - INFO - [线程-64] 线程已启动，准备下载片段 64/245
2026-01-11 14:12:54 - app - INFO - [线程-64] 发起HTTP请求: https://ltshsy.gtimg.com/moviets.tc.qq.com/Z_SwcOPzz97fvEs5fodsPdduDdRUD-fDji4Z1Cjx_u04e3QQyYU5p3Hpd...
2026-01-11 14:12:54 - app - INFO - [线程-62] HTTP响应成功，开始写入文件
2026-01-11 14:12:54 - app - INFO - 片段 62/245 下载成功 (25.3%)
2026-01-11 14:12:54 - app - INFO - [线程-65] 线程已启动，准备下载片段 65/245
2026-01-11 14:12:54 - app - INFO - [线程-65] 发起HTTP请求: https://ltshsy.gtimg.com/moviets.tc.qq.com/Z_SwcOPzz97fvEs5fodsPdduDdRUD-fDji4Z1Cjx_u04e3QQyYU5p3Hpd...
2026-01-11 14:12:54 - app - INFO - [线程-63] HTTP响应成功，开始写入文件
2026-01-11 14:12:54 - app - INFO - 片段 63/245 下载成功 (25.7%)
2026-01-11 14:12:54 - app - INFO - [线程-66] 线程已启动，准备下载片段 66/245
2026-01-11 14:12:54 - app - INFO - [线程-66] 发起HTTP请求: https://ltshsy.gtimg.com/moviets.tc.qq.com/Z_SwcOPzz97fvEs5fodsPdduDdRUD-fDji4Z1Cjx_u04e3QQyYU5p3Hpd...
2026-01-11 14:12:55 - app - INFO - [线程-64] HTTP响应成功，开始写入文件
2026-01-11 14:12:55 - app - INFO - 片段 64/245 下载成功 (26.1%)
2026-01-11 14:12:55 - app - INFO - [线程-67] 线程已启动，准备下载片段 67/245
2026-01-11 14:12:55 - app - INFO - [线程-67] 发起HTTP请求: https://ltshsy.gtimg.com/moviets.tc.qq.com/Z_SwcOPzz97fvEs5fodsPdduDdRUD-fDji4Z1Cjx_u04e3QQyYU5p3Hpd...
2026-01-11 14:12:56 - app - INFO - [线程-65] HTTP响应成功，开始写入文件
2026-01-11 14:12:56 - app - INFO - 片段 65/245 下载成功 (26.5%)
2026-01-11 14:12:56 - app - INFO - [线程-68] 线程已启动，准备下载片段 68/245
2026-01-11 14:12:56 - app - INFO - [线程-66] HTTP响应成功，开始写入文件
2026-01-11 14:12:56 - app - INFO - [线程-68] 发起HTTP请求: https://ltshsy.gtimg.com/moviets.tc.qq.com/Z_SwcOPzz97fvEs5fodsPdduDdRUD-fDji4Z1Cjx_u04e3QQyYU5p3Hpd...
2026-01-11 14:12:56 - app - INFO - 片段 66/245 下载成功 (26.9%)
2026-01-11 14:12:56 - app - INFO - [线程-69] 线程已启动，准备下载片段 69/245
2026-01-11 14:12:56 - app - INFO - [线程-69] 发起HTTP请求: https://ltshsy.gtimg.com/moviets.tc.qq.com/Z_SwcOPzz97fvEs5fodsPdduDdRUD-fDji4Z1Cjx_u04e3QQyYU5p3Hpd...
2026-01-11 14:12:56 - app - INFO - [线程-67] HTTP响应成功，开始写入文件
2026-01-11 14:12:56 - app - INFO - 片段 67/245 下载成功 (27.3%)
2026-01-11 14:12:56 - app - INFO - [线程-70] 线程已启动，准备下载片段 70/245
2026-01-11 14:12:56 - app - INFO - [线程-70] 发起HTTP请求: https://ltshsy.gtimg.com/moviets.tc.qq.com/Z_SwcOPzz97fvEs5fodsPdduDdRUD-fDji4Z1Cjx_u04e3QQyYU5p3Hpd...
2026-01-11 14:12:57 - app - INFO - [线程-69] HTTP响应成功，开始写入文件
2026-01-11 14:12:57 - app - INFO - 片段 68/245 下载成功 (27.8%)
2026-01-11 14:12:57 - app - INFO - [线程-71] 线程已启动，准备下载片段 71/245
2026-01-11 14:12:57 - app - INFO - [线程-70] HTTP响应成功，开始写入文件
2026-01-11 14:12:57 - app - INFO - [线程-71] 发起HTTP请求: https://ltshsy.gtimg.com/moviets.tc.qq.com/Z_SwcOPzz97fvEs5fodsPdduDdRUD-fDji4Z1Cjx_u04e3QQyYU5p3Hpd...
2026-01-11 14:12:57 - app - INFO - 片段 69/245 下载成功 (28.2%)
2026-01-11 14:12:57 - app - INFO - [线程-72] 线程已启动，准备下载片段 72/245
2026-01-11 14:12:57 - app - INFO - [线程-72] 发起HTTP请求: https://ltshsy.gtimg.com/moviets.tc.qq.com/Z_SwcOPzz97fvEs5fodsPdduDdRUD-fDji4Z1Cjx_u04e3QQyYU5p3Hpd...
2026-01-11 14:12:57 - app - INFO - [线程-68] HTTP响应成功，开始写入文件
2026-01-11 14:12:57 - app - INFO - 片段 70/245 下载成功 (28.6%)
2026-01-11 14:12:57 - app - INFO - [线程-73] 线程已启动，准备下载片段 73/245
2026-01-11 14:12:57 - app - INFO - [线程-73] 发起HTTP请求: https://ltshsy.gtimg.com/moviets.tc.qq.com/Z_SwcOPzz97fvEs5fodsPdduDdRUD-fDji4Z1Cjx_u04e3QQyYU5p3Hpd...
2026-01-11 14:13:03 - app - INFO - [线程-72] HTTP响应成功，开始写入文件
2026-01-11 14:13:03 - app - INFO - 片段 71/245 下载成功 (29.0%)
2026-01-11 14:13:03 - app - INFO - [线程-74] 线程已启动，准备下载片段 74/245
2026-01-11 14:13:03 - app - INFO - [线程-74] 发起HTTP请求: https://ltshsy.gtimg.com/moviets.tc.qq.com/Z_SwcOPzz97fvEs5fodsPdduDdRUD-fDji4Z1Cjx_u04e3QQyYU5p3Hpd...
2026-01-11 14:13:03 - app - INFO - [线程-71] HTTP响应成功，开始写入文件
2026-01-11 14:13:03 - app - INFO - 片段 72/245 下载成功 (29.4%)
2026-01-11 14:13:03 - app - INFO - [线程-75] 线程已启动，准备下载片段 75/245
2026-01-11 14:13:03 - app - INFO - [线程-73] HTTP响应成功，开始写入文件
2026-01-11 14:13:03 - app - INFO - [线程-75] 发起HTTP请求: https://ltshsy.gtimg.com/moviets.tc.qq.com/Z_SwcOPzz97fvEs5fodsPdduDdRUD-fDji4Z1Cjx_u04e3QQyYU5p3Hpd...
2026-01-11 14:13:03 - app - INFO - 片段 73/245 下载成功 (29.8%)
2026-01-11 14:13:03 - app - INFO - [线程-76] 线程已启动，准备下载片段 76/245
2026-01-11 14:13:03 - app - INFO - [线程-76] 发起HTTP请求: https://ltshsy.gtimg.com/moviets.tc.qq.com/Z_SwcOPzz97fvEs5fodsPdduDdRUD-fDji4Z1Cjx_u04e3QQyYU5p3Hpd...
2026-01-11 14:13:04 - app - INFO - [线程-76] HTTP响应成功，开始写入文件
2026-01-11 14:13:04 - app - INFO - [线程-75] HTTP响应成功，开始写入文件
2026-01-11 14:13:04 - app - INFO - 片段 74/245 下载成功 (30.2%)
2026-01-11 14:13:04 - app - INFO - 片段 75/245 下载成功 (30.6%)
2026-01-11 14:13:04 - app - INFO - [线程-77] 线程已启动，准备下载片段 77/245
2026-01-11 14:13:04 - app - INFO - [线程-77] 发起HTTP请求: https://ltshsy.gtimg.com/moviets.tc.qq.com/Z_SwcOPzz97fvEs5fodsPdduDdRUD-fDji4Z1Cjx_u04e3QQyYU5p3Hpd...
2026-01-11 14:13:04 - app - INFO - [线程-78] 线程已启动，准备下载片段 78/245
2026-01-11 14:13:04 - app - INFO - [线程-78] 发起HTTP请求: https://ltshsy.gtimg.com/moviets.tc.qq.com/Z_SwcOPzz97fvEs5fodsPdduDdRUD-fDji4Z1Cjx_u04e3QQyYU5p3Hpd...
2026-01-11 14:13:05 - app - INFO - [线程-74] HTTP响应成功，开始写入文件
2026-01-11 14:13:05 - app - INFO - 片段 76/245 下载成功 (31.0%)
2026-01-11 14:13:05 - app - INFO - [线程-78] HTTP响应成功，开始写入文件
2026-01-11 14:13:05 - app - INFO - [线程-79] 线程已启动，准备下载片段 79/245
2026-01-11 14:13:05 - app - INFO - [线程-79] 发起HTTP请求: https://ltshsy.gtimg.com/moviets.tc.qq.com/Z_SwcOPzz97fvEs5fodsPdduDdRUD-fDji4Z1Cjx_u04e3QQyYU5p3Hpd...
2026-01-11 14:13:05 - app - INFO - 片段 77/245 下载成功 (31.4%)
2026-01-11 14:13:05 - app - INFO - [线程-80] 线程已启动，准备下载片段 80/245
2026-01-11 14:13:05 - app - INFO - [线程-77] HTTP响应成功，开始写入文件
2026-01-11 14:13:05 - app - INFO - [线程-80] 发起HTTP请求: https://ltshsy.gtimg.com/moviets.tc.qq.com/Z_SwcOPzz97fvEs5fodsPdduDdRUD-fDji4Z1Cjx_u04e3QQyYU5p3Hpd...
2026-01-11 14:13:05 - app - INFO - 片段 78/245 下载成功 (31.8%)
2026-01-11 14:13:05 - app - INFO - [线程-81] 线程已启动，准备下载片段 81/245
2026-01-11 14:13:05 - app - INFO - [线程-81] 发起HTTP请求: https://ltshsy.gtimg.com/moviets.tc.qq.com/Z_SwcOPzz97fvEs5fodsPdduDdRUD-fDji4Z1Cjx_u04e3QQyYU5p3Hpd...
2026-01-11 14:13:06 - app - INFO - [线程-79] HTTP响应成功，开始写入文件
2026-01-11 14:13:06 - app - INFO - 片段 79/245 下载成功 (32.2%)
2026-01-11 14:13:06 - app - INFO - [线程-82] 线程已启动，准备下载片段 82/245
2026-01-11 14:13:06 - app - INFO - [线程-82] 发起HTTP请求: https://ltshsy.gtimg.com/moviets.tc.qq.com/Z_SwcOPzz97fvEs5fodsPdduDdRUD-fDji4Z1Cjx_u04e3QQyYU5p3Hpd...
2026-01-11 14:13:06 - app - INFO - [线程-81] HTTP响应成功，开始写入文件
2026-01-11 14:13:06 - app - INFO - 片段 80/245 下载成功 (32.7%)
2026-01-11 14:13:06 - app - INFO - [线程-83] 线程已启动，准备下载片段 83/245
2026-01-11 14:13:06 - app - INFO - [线程-83] 发起HTTP请求: https://ltshsy.gtimg.com/moviets.tc.qq.com/Z_SwcOPzz97fvEs5fodsPdduDdRUD-fDji4Z1Cjx_u04e3QQyYU5p3Hpd...
2026-01-11 14:13:06 - app - INFO - [线程-82] HTTP响应成功，开始写入文件
2026-01-11 14:13:06 - app - INFO - 片段 81/245 下载成功 (33.1%)
2026-01-11 14:13:06 - app - INFO - [线程-84] 线程已启动，准备下载片段 84/245
2026-01-11 14:13:07 - app - INFO - [线程-84] 发起HTTP请求: https://ltshsy.gtimg.com/moviets.tc.qq.com/Z_SwcOPzz97fvEs5fodsPdduDdRUD-fDji4Z1Cjx_u04e3QQyYU5p3Hpd...
2026-01-11 14:13:07 - app - INFO - [线程-80] HTTP响应成功，开始写入文件
2026-01-11 14:13:07 - app - INFO - 片段 82/245 下载成功 (33.5%)
2026-01-11 14:13:07 - app - INFO - [线程-85] 线程已启动，准备下载片段 85/245
2026-01-11 14:13:07 - app - INFO - [线程-85] 发起HTTP请求: https://ltshsy.gtimg.com/moviets.tc.qq.com/Z_SwcOPzz97fvEs5fodsPdduDdRUD-fDji4Z1Cjx_u04e3QQyYU5p3Hpd...
2026-01-11 14:13:07 - app - INFO - [线程-83] HTTP响应成功，开始写入文件
2026-01-11 14:13:07 - app - INFO - 片段 83/245 下载成功 (33.9%)
2026-01-11 14:13:07 - app - INFO - [线程-86] 线程已启动，准备下载片段 86/245
2026-01-11 14:13:07 - app - INFO - [线程-86] 发起HTTP请求: https://ltshsy.gtimg.com/moviets.tc.qq.com/Z_SwcOPzz97fvEs5fodsPdduDdRUD-fDji4Z1Cjx_u04e3QQyYU5p3Hpd...
2026-01-11 14:13:07 - app - INFO - [线程-85] HTTP响应成功，开始写入文件
2026-01-11 14:13:07 - app - INFO - 片段 84/245 下载成功 (34.3%)
2026-01-11 14:13:07 - app - INFO - [线程-87] 线程已启动，准备下载片段 87/245
2026-01-11 14:13:07 - app - INFO - [线程-87] 发起HTTP请求: https://ltshsy.gtimg.com/moviets.tc.qq.com/Z_SwcOPzz97fvEs5fodsPdduDdRUD-fDji4Z1Cjx_u04e3QQyYU5p3Hpd...
2026-01-11 14:13:08 - app - INFO - [线程-84] HTTP响应成功，开始写入文件
2026-01-11 14:13:08 - app - INFO - 片段 85/245 下载成功 (34.7%)
2026-01-11 14:13:08 - app - INFO - [线程-88] 线程已启动，准备下载片段 88/245
2026-01-11 14:13:08 - app - INFO - [线程-88] 发起HTTP请求: https://ltshsy.gtimg.com/moviets.tc.qq.com/Z_SwcOPzz97fvEs5fodsPdduDdRUD-fDji4Z1Cjx_u04e3QQyYU5p3Hpd...
2026-01-11 14:13:14 - app - INFO - [线程-86] HTTP响应成功，开始写入文件
2026-01-11 14:13:14 - app - INFO - 片段 86/245 下载成功 (35.1%)
2026-01-11 14:13:14 - app - INFO - [线程-89] 线程已启动，准备下载片段 89/245
2026-01-11 14:13:14 - app - INFO - [线程-89] 发起HTTP请求: https://ltshsy.gtimg.com/moviets.tc.qq.com/Z_SwcOPzz97fvEs5fodsPdduDdRUD-fDji4Z1Cjx_u04e3QQyYU5p3Hpd...
2026-01-11 14:13:14 - app - INFO - [线程-87] HTTP响应成功，开始写入文件
2026-01-11 14:13:14 - app - INFO - 片段 87/245 下载成功 (35.5%)
2026-01-11 14:13:14 - app - INFO - [线程-90] 线程已启动，准备下载片段 90/245
2026-01-11 14:13:14 - app - INFO - [线程-90] 发起HTTP请求: https://ltshsy.gtimg.com/moviets.tc.qq.com/Z_SwcOPzz97fvEs5fodsPdduDdRUD-fDji4Z1Cjx_u04e3QQyYU5p3Hpd...
2026-01-11 14:13:14 - app - INFO - [线程-88] HTTP响应成功，开始写入文件
2026-01-11 14:13:14 - app - INFO - 片段 88/245 下载成功 (35.9%)
2026-01-11 14:13:14 - app - INFO - [线程-91] 线程已启动，准备下载片段 91/245
2026-01-11 14:13:15 - app - INFO - [线程-91] 发起HTTP请求: https://ltshsy.gtimg.com/moviets.tc.qq.com/Z_SwcOPzz97fvEs5fodsPdduDdRUD-fDji4Z1Cjx_u04e3QQyYU5p3Hpd...
2026-01-11 14:13:15 - app - INFO - [线程-89] HTTP响应成功，开始写入文件
2026-01-11 14:13:15 - app - INFO - 片段 89/245 下载成功 (36.3%)
2026-01-11 14:13:15 - app - INFO - [线程-92] 线程已启动，准备下载片段 92/245
2026-01-11 14:13:15 - app - INFO - [线程-92] 发起HTTP请求: https://ltshsy.gtimg.com/moviets.tc.qq.com/Z_SwcOPzz97fvEs5fodsPdduDdRUD-fDji4Z1Cjx_u04e3QQyYU5p3Hpd...
2026-01-11 14:13:15 - app - INFO - [线程-90] HTTP响应成功，开始写入文件
2026-01-11 14:13:15 - app - INFO - 片段 90/245 下载成功 (36.7%)
2026-01-11 14:13:15 - app - INFO - [线程-93] 线程已启动，准备下载片段 93/245
2026-01-11 14:13:15 - app - INFO - [线程-93] 发起HTTP请求: https://ltshsy.gtimg.com/moviets.tc.qq.com/Z_SwcOPzz97fvEs5fodsPdduDdRUD-fDji4Z1Cjx_u04e3QQyYU5p3Hpd...
2026-01-11 14:13:16 - app - INFO - [线程-91] HTTP响应成功，开始写入文件
2026-01-11 14:13:16 - app - INFO - 片段 91/245 下载成功 (37.1%)
2026-01-11 14:13:16 - app - INFO - [线程-94] 线程已启动，准备下载片段 94/245
2026-01-11 14:13:16 - app - INFO - [线程-94] 发起HTTP请求: https://ltshsy.gtimg.com/moviets.tc.qq.com/Z_SwcOPzz97fvEs5fodsPdduDdRUD-fDji4Z1Cjx_u04e3QQyYU5p3Hpd...
2026-01-11 14:13:16 - app - INFO - [线程-92] HTTP响应成功，开始写入文件
2026-01-11 14:13:16 - app - INFO - 片段 92/245 下载成功 (37.6%)
2026-01-11 14:13:16 - app - INFO - [线程-95] 线程已启动，准备下载片段 95/245
2026-01-11 14:13:16 - app - INFO - [线程-95] 发起HTTP请求: https://ltshsy.gtimg.com/moviets.tc.qq.com/Z_SwcOPzz97fvEs5fodsPdduDdRUD-fDji4Z1Cjx_u04e3QQyYU5p3Hpd...
2026-01-11 14:13:16 - app - INFO - [线程-94] HTTP响应成功，开始写入文件
2026-01-11 14:13:16 - app - INFO - 片段 93/245 下载成功 (38.0%)
2026-01-11 14:13:16 - app - INFO - [线程-96] 线程已启动，准备下载片段 96/245
2026-01-11 14:13:16 - app - INFO - [线程-96] 发起HTTP请求: https://ltshsy.gtimg.com/moviets.tc.qq.com/Z_SwcOPzz97fvEs5fodsPdduDdRUD-fDji4Z1Cjx_u04e3QQyYU5p3Hpd...
2026-01-11 14:13:18 - app - INFO - [线程-93] HTTP响应成功，开始写入文件
2026-01-11 14:13:18 - app - INFO - 片段 94/245 下载成功 (38.4%)
2026-01-11 14:13:18 - app - INFO - [线程-97] 线程已启动，准备下载片段 97/245
2026-01-11 14:13:18 - app - INFO - [线程-97] 发起HTTP请求: https://ltshsy.gtimg.com/moviets.tc.qq.com/Z_SwcOPzz97fvEs5fodsPdduDdRUD-fDji4Z1Cjx_u04e3QQyYU5p3Hpd...
2026-01-11 14:13:19 - app - INFO - [线程-96] HTTP响应成功，开始写入文件
2026-01-11 14:13:19 - app - INFO - 片段 95/245 下载成功 (38.8%)
2026-01-11 14:13:19 - app - INFO - [线程-98] 线程已启动，准备下载片段 98/245
2026-01-11 14:13:19 - app - INFO - [线程-98] 发起HTTP请求: https://ltshsy.gtimg.com/moviets.tc.qq.com/Z_SwcOPzz97fvEs5fodsPdduDdRUD-fDji4Z1Cjx_u04e3QQyYU5p3Hpd...
2026-01-11 14:13:19 - app - INFO - [线程-95] HTTP响应成功，开始写入文件
2026-01-11 14:13:19 - app - INFO - 片段 96/245 下载成功 (39.2%)
2026-01-11 14:13:19 - app - INFO - [线程-99] 线程已启动，准备下载片段 99/245
2026-01-11 14:13:19 - app - INFO - [线程-99] 发起HTTP请求: https://ltshsy.gtimg.com/moviets.tc.qq.com/Z_SwcOPzz97fvEs5fodsPdduDdRUD-fDji4Z1Cjx_u04e3QQyYU5p3Hpd...
2026-01-11 14:13:19 - app - INFO - [线程-97] HTTP响应成功，开始写入文件
2026-01-11 14:13:19 - app - INFO - 片段 97/245 下载成功 (39.6%)
2026-01-11 14:13:19 - app - INFO - [线程-100] 线程已启动，准备下载片段 100/245
2026-01-11 14:13:19 - app - INFO - [线程-100] 发起HTTP请求: https://ltshsy.gtimg.com/moviets.tc.qq.com/Z_SwcOPzz97fvEs5fodsPdduDdRUD-fDji4Z1Cjx_u04e3QQyYU5p3Hpd...
2026-01-11 14:13:25 - app - INFO - [线程-98] HTTP响应成功，开始写入文件
2026-01-11 14:13:25 - app - INFO - [线程-100] HTTP响应成功，开始写入文件
2026-01-11 14:13:25 - app - INFO - 片段 98/245 下载成功 (40.0%)
2026-01-11 14:13:25 - app - INFO - [线程-101] 线程已启动，准备下载片段 101/245
2026-01-11 14:13:25 - app - INFO - [线程-101] 发起HTTP请求: https://ltshsy.gtimg.com/moviets.tc.qq.com/Z_SwcOPzz97fvEs5fodsPdduDdRUD-fDji4Z1Cjx_u04e3QQyYU5p3Hpd...
2026-01-11 14:13:25 - app - INFO - 片段 99/245 下载成功 (40.4%)
2026-01-11 14:13:25 - app - INFO - [线程-102] 线程已启动，准备下载片段 102/245
2026-01-11 14:13:25 - app - INFO - [线程-102] 发起HTTP请求: https://ltshsy.gtimg.com/moviets.tc.qq.com/Z_SwcOPzz97fvEs5fodsPdduDdRUD-fDji4Z1Cjx_u04e3QQyYU5p3Hpd...
2026-01-11 14:13:25 - app - INFO - [线程-99] HTTP响应成功，开始写入文件
2026-01-11 14:13:25 - app - INFO - 片段 100/245 下载成功 (40.8%)
2026-01-11 14:13:25 - app - INFO - [线程-103] 线程已启动，准备下载片段 103/245
2026-01-11 14:13:25 - app - INFO - [线程-103] 发起HTTP请求: https://ltshsy.gtimg.com/moviets.tc.qq.com/Z_SwcOPzz97fvEs5fodsPdduDdRUD-fDji4Z1Cjx_u04e3QQyYU5p3Hpd...
2026-01-11 14:13:26 - app - INFO - [线程-101] HTTP响应成功，开始写入文件
2026-01-11 14:13:26 - app - INFO - 片段 101/245 下载成功 (41.2%)
2026-01-11 14:13:26 - app - INFO - [线程-104] 线程已启动，准备下载片段 104/245
2026-01-11 14:13:26 - app - INFO - [线程-104] 发起HTTP请求: https://ltshsy.gtimg.com/moviets.tc.qq.com/Z_SwcOPzz97fvEs5fodsPdduDdRUD-fDji4Z1Cjx_u04e3QQyYU5p3Hpd...
2026-01-11 14:13:26 - app - INFO - [线程-102] HTTP响应成功，开始写入文件
2026-01-11 14:13:26 - app - INFO - 片段 102/245 下载成功 (41.6%)
2026-01-11 14:13:26 - app - INFO - [线程-105] 线程已启动，准备下载片段 105/245
2026-01-11 14:13:26 - app - INFO - [线程-105] 发起HTTP请求: https://ltshsy.gtimg.com/moviets.tc.qq.com/Z_SwcOPzz97fvEs5fodsPdduDdRUD-fDji4Z1Cjx_u04e3QQyYU5p3Hpd...
2026-01-11 14:13:26 - app - INFO - [线程-103] HTTP响应成功，开始写入文件
2026-01-11 14:13:26 - app - INFO - 片段 103/245 下载成功 (42.0%)
2026-01-11 14:13:26 - app - INFO - [线程-106] 线程已启动，准备下载片段 106/245
2026-01-11 14:13:26 - app - INFO - [线程-106] 发起HTTP请求: https://ltshsy.gtimg.com/moviets.tc.qq.com/Z_SwcOPzz97fvEs5fodsPdduDdRUD-fDji4Z1Cjx_u04e3QQyYU5p3Hpd...
2026-01-11 14:13:27 - app - INFO - [线程-105] HTTP响应成功，开始写入文件
2026-01-11 14:13:27 - app - INFO - 片段 104/245 下载成功 (42.4%)
2026-01-11 14:13:27 - app - INFO - [线程-107] 线程已启动，准备下载片段 107/245
2026-01-11 14:13:27 - app - INFO - [线程-107] 发起HTTP请求: https://ltshsy.gtimg.com/moviets.tc.qq.com/Z_SwcOPzz97fvEs5fodsPdduDdRUD-fDji4Z1Cjx_u04e3QQyYU5p3Hpd...
2026-01-11 14:13:27 - app - INFO - [线程-104] HTTP响应成功，开始写入文件
2026-01-11 14:13:27 - app - INFO - 片段 105/245 下载成功 (42.9%)
2026-01-11 14:13:27 - app - INFO - [线程-108] 线程已启动，准备下载片段 108/245
2026-01-11 14:13:27 - app - INFO - [线程-108] 发起HTTP请求: https://ltshsy.gtimg.com/moviets.tc.qq.com/Z_SwcOPzz97fvEs5fodsPdduDdRUD-fDji4Z1Cjx_u04e3QQyYU5p3Hpd...
2026-01-11 14:13:27 - app - INFO - [线程-106] HTTP响应成功，开始写入文件
2026-01-11 14:13:27 - app - INFO - 片段 106/245 下载成功 (43.3%)
2026-01-11 14:13:27 - app - INFO - [线程-109] 线程已启动，准备下载片段 109/245
2026-01-11 14:13:27 - app - INFO - [线程-109] 发起HTTP请求: https://ltshsy.gtimg.com/moviets.tc.qq.com/Z_SwcOPzz97fvEs5fodsPdduDdRUD-fDji4Z1Cjx_u04e3QQyYU5p3Hpd...
2026-01-11 14:13:28 - app - INFO - [线程-108] HTTP响应成功，开始写入文件
2026-01-11 14:13:28 - app - INFO - 片段 107/245 下载成功 (43.7%)
2026-01-11 14:13:28 - app - INFO - [线程-110] 线程已启动，准备下载片段 110/245
2026-01-11 14:13:28 - app - INFO - [线程-110] 发起HTTP请求: https://ltshsy.gtimg.com/moviets.tc.qq.com/Z_SwcOPzz97fvEs5fodsPdduDdRUD-fDji4Z1Cjx_u04e3QQyYU5p3Hpd...
2026-01-11 14:13:29 - app - INFO - [线程-107] HTTP响应成功，开始写入文件
2026-01-11 14:13:29 - app - INFO - 片段 108/245 下载成功 (44.1%)
2026-01-11 14:13:29 - app - INFO - [线程-111] 线程已启动，准备下载片段 111/245
2026-01-11 14:13:29 - app - INFO - [线程-111] 发起HTTP请求: https://ltshsy.gtimg.com/moviets.tc.qq.com/Z_SwcOPzz97fvEs5fodsPdduDdRUD-fDji4Z1Cjx_u04e3QQyYU5p3Hpd...
2026-01-11 14:13:29 - app - INFO - [线程-110] HTTP响应成功，开始写入文件
2026-01-11 14:13:29 - app - INFO - 片段 109/245 下载成功 (44.5%)
2026-01-11 14:13:29 - app - INFO - [线程-112] 线程已启动，准备下载片段 112/245
2026-01-11 14:13:29 - app - INFO - [线程-112] 发起HTTP请求: https://ltshsy.gtimg.com/moviets.tc.qq.com/Z_SwcOPzz97fvEs5fodsPdduDdRUD-fDji4Z1Cjx_u04e3QQyYU5p3Hpd...
2026-01-11 14:13:29 - app - INFO - [线程-109] HTTP响应成功，开始写入文件
2026-01-11 14:13:29 - app - INFO - 片段 110/245 下载成功 (44.9%)
2026-01-11 14:13:29 - app - INFO - [线程-113] 线程已启动，准备下载片段 113/245
2026-01-11 14:13:29 - app - INFO - [线程-113] 发起HTTP请求: https://ltshsy.gtimg.com/moviets.tc.qq.com/Z_SwcOPzz97fvEs5fodsPdduDdRUD-fDji4Z1Cjx_u04e3QQyYU5p3Hpd...
2026-01-11 14:13:30 - app - INFO - [线程-111] HTTP响应成功，开始写入文件
2026-01-11 14:13:30 - app - INFO - 片段 111/245 下载成功 (45.3%)
2026-01-11 14:13:30 - app - INFO - [线程-114] 线程已启动，准备下载片段 114/245
2026-01-11 14:13:30 - app - INFO - [线程-114] 发起HTTP请求: https://ltshsy.gtimg.com/moviets.tc.qq.com/Z_SwcOPzz97fvEs5fodsPdduDdRUD-fDji4Z1Cjx_u04e3QQyYU5p3Hpd...
2026-01-11 14:13:30 - app - INFO - [线程-113] HTTP响应成功，开始写入文件
2026-01-11 14:13:30 - app - INFO - 片段 112/245 下载成功 (45.7%)
2026-01-11 14:13:30 - app - INFO - [线程-115] 线程已启动，准备下载片段 115/245
2026-01-11 14:13:30 - app - INFO - [线程-115] 发起HTTP请求: https://ltshsy.gtimg.com/moviets.tc.qq.com/Z_SwcOPzz97fvEs5fodsPdduDdRUD-fDji4Z1Cjx_u04e3QQyYU5p3Hpd...
2026-01-11 14:13:30 - app - INFO - [线程-112] HTTP响应成功，开始写入文件
2026-01-11 14:13:30 - app - INFO - 片段 113/245 下载成功 (46.1%)
2026-01-11 14:13:30 - app - INFO - [线程-116] 线程已启动，准备下载片段 116/245
2026-01-11 14:13:30 - app - INFO - [线程-116] 发起HTTP请求: https://ltshsy.gtimg.com/moviets.tc.qq.com/Z_SwcOPzz97fvEs5fodsPdduDdRUD-fDji4Z1Cjx_u04e3QQyYU5p3Hpd...
2026-01-11 14:13:37 - app - INFO - [线程-115] HTTP响应成功，开始写入文件
2026-01-11 14:13:37 - app - INFO - [线程-114] HTTP响应成功，开始写入文件
2026-01-11 14:13:37 - app - INFO - 片段 114/245 下载成功 (46.5%)
2026-01-11 14:13:37 - app - INFO - [线程-117] 线程已启动，准备下载片段 117/245
2026-01-11 14:13:37 - app - INFO - 片段 115/245 下载成功 (46.9%)
2026-01-11 14:13:37 - app - INFO - [线程-117] 发起HTTP请求: https://ltshsy.gtimg.com/moviets.tc.qq.com/Z_SwcOPzz97fvEs5fodsPdduDdRUD-fDji4Z1Cjx_u04e3QQyYU5p3Hpd...
2026-01-11 14:13:37 - app - INFO - [线程-118] 线程已启动，准备下载片段 118/245
2026-01-11 14:13:37 - app - INFO - [线程-118] 发起HTTP请求: https://ltshsy.gtimg.com/moviets.tc.qq.com/Z_SwcOPzz97fvEs5fodsPdduDdRUD-fDji4Z1Cjx_u04e3QQyYU5p3Hpd...
2026-01-11 14:13:38 - app - INFO - [线程-117] HTTP响应成功，开始写入文件
2026-01-11 14:13:38 - app - INFO - 片段 116/245 下载成功 (47.3%)
2026-01-11 14:13:38 - app - INFO - [线程-119] 线程已启动，准备下载片段 119/245
2026-01-11 14:13:38 - app - INFO - [线程-119] 发起HTTP请求: https://ltshsy.gtimg.com/moviets.tc.qq.com/Z_SwcOPzz97fvEs5fodsPdduDdRUD-fDji4Z1Cjx_u04e3QQyYU5p3Hpd...
2026-01-11 14:13:38 - app - INFO - [线程-118] HTTP响应成功，开始写入文件
2026-01-11 14:13:38 - app - INFO - 片段 117/245 下载成功 (47.8%)
2026-01-11 14:13:38 - app - INFO - [线程-120] 线程已启动，准备下载片段 120/245
2026-01-11 14:13:38 - app - INFO - [线程-120] 发起HTTP请求: https://ltshsy.gtimg.com/moviets.tc.qq.com/Z_SwcOPzz97fvEs5fodsPdduDdRUD-fDji4Z1Cjx_u04e3QQyYU5p3Hpd...
2026-01-11 14:13:38 - app - INFO - [线程-120] HTTP响应成功，开始写入文件
2026-01-11 14:13:39 - app - INFO - 片段 118/245 下载成功 (48.2%)
2026-01-11 14:13:39 - app - INFO - [线程-116] HTTP响应成功，开始写入文件
2026-01-11 14:13:39 - app - INFO - [线程-121] 线程已启动，准备下载片段 121/245
2026-01-11 14:13:39 - app - INFO - [线程-121] 发起HTTP请求: https://ltshsy.gtimg.com/moviets.tc.qq.com/Z_SwcOPzz97fvEs5fodsPdduDdRUD-fDji4Z1Cjx_u04e3QQyYU5p3Hpd...
2026-01-11 14:13:39 - app - INFO - 片段 119/245 下载成功 (48.6%)
2026-01-11 14:13:39 - app - INFO - [线程-122] 线程已启动，准备下载片段 122/245
2026-01-11 14:13:39 - app - INFO - [线程-122] 发起HTTP请求: https://ltshsy.gtimg.com/moviets.tc.qq.com/Z_SwcOPzz97fvEs5fodsPdduDdRUD-fDji4Z1Cjx_u04e3QQyYU5p3Hpd...
2026-01-11 14:13:39 - app - INFO - [线程-119] HTTP响应成功，开始写入文件
2026-01-11 14:13:39 - app - INFO - 片段 120/245 下载成功 (49.0%)
2026-01-11 14:13:39 - app - INFO - [线程-123] 线程已启动，准备下载片段 123/245
2026-01-11 14:13:39 - app - INFO - [线程-123] 发起HTTP请求: https://ltshsy.gtimg.com/moviets.tc.qq.com/Z_SwcOPzz97fvEs5fodsPdduDdRUD-fDji4Z1Cjx_u04e3QQyYU5p3Hpd...
2026-01-11 14:13:39 - app - INFO - [线程-123] HTTP响应成功，开始写入文件
2026-01-11 14:13:39 - app - INFO - 片段 121/245 下载成功 (49.4%)
2026-01-11 14:13:40 - app - INFO - [线程-124] 线程已启动，准备下载片段 124/245
2026-01-11 14:13:40 - app - INFO - [线程-121] HTTP响应成功，开始写入文件
2026-01-11 14:13:40 - app - INFO - [线程-124] 发起HTTP请求: https://ltshsy.gtimg.com/moviets.tc.qq.com/Z_SwcOPzz97fvEs5fodsPdduDdRUD-fDji4Z1Cjx_u04e3QQyYU5p3Hpd...
2026-01-11 14:13:40 - app - INFO - 片段 122/245 下载成功 (49.8%)
2026-01-11 14:13:40 - app - INFO - [线程-125] 线程已启动，准备下载片段 125/245
2026-01-11 14:13:40 - app - INFO - [线程-125] 发起HTTP请求: https://ltshsy.gtimg.com/moviets.tc.qq.com/Z_SwcOPzz97fvEs5fodsPdduDdRUD-fDji4Z1Cjx_u04e3QQyYU5p3Hpd...
2026-01-11 14:13:41 - app - INFO - [线程-122] HTTP响应成功，开始写入文件
2026-01-11 14:13:41 - app - INFO - 片段 123/245 下载成功 (50.2%)
2026-01-11 14:13:41 - app - INFO - [线程-126] 线程已启动，准备下载片段 126/245
2026-01-11 14:13:41 - app - INFO - [线程-126] 发起HTTP请求: https://ltshsy.gtimg.com/moviets.tc.qq.com/Z_SwcOPzz97fvEs5fodsPdduDdRUD-fDji4Z1Cjx_u04e3QQyYU5p3Hpd...
2026-01-11 14:13:41 - app - INFO - [线程-125] HTTP响应成功，开始写入文件
2026-01-11 14:13:41 - app - INFO - 片段 124/245 下载成功 (50.6%)
2026-01-11 14:13:41 - app - INFO - [线程-127] 线程已启动，准备下载片段 127/245
2026-01-11 14:13:41 - app - INFO - [线程-127] 发起HTTP请求: https://ltshsy.gtimg.com/moviets.tc.qq.com/Z_SwcOPzz97fvEs5fodsPdduDdRUD-fDji4Z1Cjx_u04e3QQyYU5p3Hpd...
2026-01-11 14:13:41 - app - INFO - [线程-124] HTTP响应成功，开始写入文件
2026-01-11 14:13:41 - app - INFO - 片段 125/245 下载成功 (51.0%)
2026-01-11 14:13:41 - app - INFO - [线程-128] 线程已启动，准备下载片段 128/245
2026-01-11 14:13:41 - app - INFO - [线程-128] 发起HTTP请求: https://ltshsy.gtimg.com/moviets.tc.qq.com/Z_SwcOPzz97fvEs5fodsPdduDdRUD-fDji4Z1Cjx_u04e3QQyYU5p3Hpd...
2026-01-11 14:13:47 - app - INFO - [线程-126] HTTP响应成功，开始写入文件
2026-01-11 14:13:47 - app - INFO - 片段 126/245 下载成功 (51.4%)
2026-01-11 14:13:47 - app - INFO - [线程-129] 线程已启动，准备下载片段 129/245
2026-01-11 14:13:47 - app - INFO - [线程-129] 发起HTTP请求: https://ltshsy.gtimg.com/moviets.tc.qq.com/Z_SwcOPzz97fvEs5fodsPdduDdRUD-fDji4Z1Cjx_u04e3QQyYU5p3Hpd...
2026-01-11 14:13:47 - app - INFO - [线程-128] HTTP响应成功，开始写入文件
2026-01-11 14:13:47 - app - INFO - 片段 127/245 下载成功 (51.8%)
2026-01-11 14:13:48 - app - INFO - [线程-130] 线程已启动，准备下载片段 130/245
2026-01-11 14:13:48 - app - INFO - [线程-130] 发起HTTP请求: https://ltshsy.gtimg.com/moviets.tc.qq.com/Z_SwcOPzz97fvEs5fodsPdduDdRUD-fDji4Z1Cjx_u04e3QQyYU5p3Hpd...
2026-01-11 14:13:48 - app - INFO - [线程-127] HTTP响应成功，开始写入文件
2026-01-11 14:13:48 - app - INFO - 片段 128/245 下载成功 (52.2%)
2026-01-11 14:13:48 - app - INFO - [线程-131] 线程已启动，准备下载片段 131/245
2026-01-11 14:13:48 - app - INFO - [线程-131] 发起HTTP请求: https://ltshsy.gtimg.com/moviets.tc.qq.com/Z_SwcOPzz97fvEs5fodsPdduDdRUD-fDji4Z1Cjx_u04e3QQyYU5p3Hpd...
2026-01-11 14:13:48 - app - INFO - [线程-129] HTTP响应成功，开始写入文件
2026-01-11 14:13:48 - app - INFO - 片段 129/245 下载成功 (52.7%)
2026-01-11 14:13:48 - app - INFO - [线程-130] HTTP响应成功，开始写入文件
2026-01-11 14:13:48 - app - INFO - [线程-132] 线程已启动，准备下载片段 132/245
2026-01-11 14:13:49 - app - INFO - 片段 130/245 下载成功 (53.1%)
2026-01-11 14:13:49 - app - INFO - [线程-133] 线程已启动，准备下载片段 133/245
2026-01-11 14:13:49 - app - INFO - [线程-133] 发起HTTP请求: https://ltshsy.gtimg.com/moviets.tc.qq.com/Z_SwcOPzz97fvEs5fodsPdduDdRUD-fDji4Z1Cjx_u04e3QQyYU5p3Hpd...
2026-01-11 14:13:49 - app - INFO - [线程-132] 发起HTTP请求: https://ltshsy.gtimg.com/moviets.tc.qq.com/Z_SwcOPzz97fvEs5fodsPdduDdRUD-fDji4Z1Cjx_u04e3QQyYU5p3Hpd...
2026-01-11 14:13:50 - app - INFO - [线程-132] HTTP响应成功，开始写入文件
2026-01-11 14:13:50 - app - INFO - 片段 131/245 下载成功 (53.5%)
2026-01-11 14:13:50 - app - INFO - [线程-134] 线程已启动，准备下载片段 134/245
2026-01-11 14:13:50 - app - INFO - [线程-134] 发起HTTP请求: https://ltshsy.gtimg.com/moviets.tc.qq.com/Z_SwcOPzz97fvEs5fodsPdduDdRUD-fDji4Z1Cjx_u04e3QQyYU5p3Hpd...
2026-01-11 14:13:50 - app - INFO - [线程-131] HTTP响应成功，开始写入文件
2026-01-11 14:13:50 - app - INFO - 片段 132/245 下载成功 (53.9%)
2026-01-11 14:13:50 - app - INFO - [线程-135] 线程已启动，准备下载片段 135/245
2026-01-11 14:13:50 - app - INFO - [线程-135] 发起HTTP请求: https://ltshsy.gtimg.com/moviets.tc.qq.com/Z_SwcOPzz97fvEs5fodsPdduDdRUD-fDji4Z1Cjx_u04e3QQyYU5p3Hpd...
2026-01-11 14:13:50 - app - INFO - [线程-133] HTTP响应成功，开始写入文件
2026-01-11 14:13:50 - app - INFO - 片段 133/245 下载成功 (54.3%)
2026-01-11 14:13:50 - app - INFO - [线程-136] 线程已启动，准备下载片段 136/245
2026-01-11 14:13:50 - app - INFO - [线程-136] 发起HTTP请求: https://ltshsy.gtimg.com/moviets.tc.qq.com/Z_SwcOPzz97fvEs5fodsPdduDdRUD-fDji4Z1Cjx_u04e3QQyYU5p3Hpd...
2026-01-11 14:13:51 - app - INFO - [线程-134] HTTP响应成功，开始写入文件
2026-01-11 14:13:51 - app - INFO - 片段 134/245 下载成功 (54.7%)
2026-01-11 14:13:51 - app - INFO - [线程-137] 线程已启动，准备下载片段 137/245
2026-01-11 14:13:51 - app - INFO - [线程-137] 发起HTTP请求: https://ltshsy.gtimg.com/moviets.tc.qq.com/Z_SwcOPzz97fvEs5fodsPdduDdRUD-fDji4Z1Cjx_u04e3QQyYU5p3Hpd...
2026-01-11 14:13:51 - app - INFO - [线程-135] HTTP响应成功，开始写入文件
2026-01-11 14:13:51 - app - INFO - 片段 135/245 下载成功 (55.1%)
2026-01-11 14:13:51 - app - INFO - [线程-138] 线程已启动，准备下载片段 138/245
2026-01-11 14:13:51 - app - INFO - [线程-138] 发起HTTP请求: https://ltshsy.gtimg.com/moviets.tc.qq.com/Z_SwcOPzz97fvEs5fodsPdduDdRUD-fDji4Z1Cjx_u04e3QQyYU5p3Hpd...
2026-01-11 14:13:51 - app - INFO - [线程-136] HTTP响应成功，开始写入文件
2026-01-11 14:13:51 - app - INFO - 片段 136/245 下载成功 (55.5%)
2026-01-11 14:13:51 - app - INFO - [线程-139] 线程已启动，准备下载片段 139/245
2026-01-11 14:13:51 - app - INFO - [线程-139] 发起HTTP请求: https://ltshsy.gtimg.com/moviets.tc.qq.com/Z_SwcOPzz97fvEs5fodsPdduDdRUD-fDji4Z1Cjx_u04e3QQyYU5p3Hpd...
2026-01-11 14:13:51 - app - INFO - [线程-137] HTTP响应成功，开始写入文件
2026-01-11 14:13:51 - app - INFO - 片段 137/245 下载成功 (55.9%)
2026-01-11 14:13:51 - app - INFO - [线程-140] 线程已启动，准备下载片段 140/245
2026-01-11 14:13:51 - app - INFO - [线程-140] 发起HTTP请求: https://ltshsy.gtimg.com/moviets.tc.qq.com/Z_SwcOPzz97fvEs5fodsPdduDdRUD-fDji4Z1Cjx_u04e3QQyYU5p3Hpd...
2026-01-11 14:13:52 - app - INFO - [线程-138] HTTP响应成功，开始写入文件
2026-01-11 14:13:52 - app - INFO - 片段 138/245 下载成功 (56.3%)
2026-01-11 14:13:52 - app - INFO - [线程-141] 线程已启动，准备下载片段 141/245
2026-01-11 14:13:52 - app - INFO - [线程-141] 发起HTTP请求: https://ltshsy.gtimg.com/moviets.tc.qq.com/Z_SwcOPzz97fvEs5fodsPdduDdRUD-fDji4Z1Cjx_u04e3QQyYU5p3Hpd...
2026-01-11 14:13:53 - app - INFO - [线程-139] HTTP响应成功，开始写入文件
2026-01-11 14:13:53 - app - INFO - 片段 139/245 下载成功 (56.7%)
2026-01-11 14:13:53 - app - INFO - [线程-142] 线程已启动，准备下载片段 142/245
2026-01-11 14:13:53 - app - INFO - [线程-142] 发起HTTP请求: https://ltshsy.gtimg.com/moviets.tc.qq.com/Z_SwcOPzz97fvEs5fodsPdduDdRUD-fDji4Z1Cjx_u04e3QQyYU5p3Hpd...
2026-01-11 14:13:58 - app - INFO - [线程-140] HTTP响应成功，开始写入文件
2026-01-11 14:13:58 - app - INFO - 片段 140/245 下载成功 (57.1%)
2026-01-11 14:13:58 - app - INFO - [线程-143] 线程已启动，准备下载片段 143/245
2026-01-11 14:13:58 - app - INFO - [线程-143] 发起HTTP请求: https://ltshsy.gtimg.com/moviets.tc.qq.com/Z_SwcOPzz97fvEs5fodsPdduDdRUD-fDji4Z1Cjx_u04e3QQyYU5p3Hpd...
2026-01-11 14:13:59 - app - INFO - [线程-141] HTTP响应成功，开始写入文件
2026-01-11 14:14:00 - app - INFO - [线程-143] HTTP响应成功，开始写入文件
2026-01-11 14:14:00 - app - INFO - 片段 141/245 下载成功 (57.6%)
2026-01-11 14:14:00 - app - INFO - 片段 142/245 下载成功 (58.0%)
2026-01-11 14:14:00 - app - INFO - [线程-144] 线程已启动，准备下载片段 144/245
2026-01-11 14:14:00 - app - INFO - [线程-144] 发起HTTP请求: https://ltshsy.gtimg.com/moviets.tc.qq.com/Z_SwcOPzz97fvEs5fodsPdduDdRUD-fDji4Z1Cjx_u04e3QQyYU5p3Hpd...
2026-01-11 14:14:00 - app - INFO - [线程-145] 线程已启动，准备下载片段 145/245
2026-01-11 14:14:00 - app - INFO - [线程-142] HTTP响应成功，开始写入文件
2026-01-11 14:14:00 - app - INFO - [线程-145] 发起HTTP请求: https://ltshsy.gtimg.com/moviets.tc.qq.com/Z_SwcOPzz97fvEs5fodsPdduDdRUD-fDji4Z1Cjx_u04e3QQyYU5p3Hpd...
2026-01-11 14:14:00 - app - INFO - 片段 143/245 下载成功 (58.4%)
2026-01-11 14:14:00 - app - INFO - [线程-146] 线程已启动，准备下载片段 146/245
2026-01-11 14:14:00 - app - INFO - [线程-146] 发起HTTP请求: https://ltshsy.gtimg.com/moviets.tc.qq.com/Z_SwcOPzz97fvEs5fodsPdduDdRUD-fDji4Z1Cjx_u04e3QQyYU5p3Hpd...
2026-01-11 14:14:00 - app - INFO - [线程-145] HTTP响应成功，开始写入文件
2026-01-11 14:14:00 - app - INFO - 片段 144/245 下载成功 (58.8%)
2026-01-11 14:14:00 - app - INFO - [线程-147] 线程已启动，准备下载片段 147/245
2026-01-11 14:14:00 - app - INFO - [线程-147] 发起HTTP请求: https://ltshsy.gtimg.com/moviets.tc.qq.com/Z_SwcOPzz97fvEs5fodsPdduDdRUD-fDji4Z1Cjx_u04e3QQyYU5p3Hpd...
2026-01-11 14:14:01 - app - INFO - [线程-146] HTTP响应成功，开始写入文件
2026-01-11 14:14:01 - app - INFO - 片段 145/245 下载成功 (59.2%)
2026-01-11 14:14:01 - app - INFO - [线程-148] 线程已启动，准备下载片段 148/245
2026-01-11 14:14:01 - app - INFO - [线程-148] 发起HTTP请求: https://ltshsy.gtimg.com/moviets.tc.qq.com/Z_SwcOPzz97fvEs5fodsPdduDdRUD-fDji4Z1Cjx_u04e3QQyYU5p3Hpd...
2026-01-11 14:14:01 - app - INFO - [线程-144] HTTP响应成功，开始写入文件
2026-01-11 14:14:01 - app - INFO - 片段 146/245 下载成功 (59.6%)
2026-01-11 14:14:01 - app - INFO - [线程-149] 线程已启动，准备下载片段 149/245
2026-01-11 14:14:01 - app - INFO - [线程-149] 发起HTTP请求: https://ltshsy.gtimg.com/moviets.tc.qq.com/Z_SwcOPzz97fvEs5fodsPdduDdRUD-fDji4Z1Cjx_u04e3QQyYU5p3Hpd...
2026-01-11 14:14:01 - app - INFO - [线程-147] HTTP响应成功，开始写入文件
2026-01-11 14:14:01 - app - INFO - 片段 147/245 下载成功 (60.0%)
2026-01-11 14:14:01 - app - INFO - [线程-150] 线程已启动，准备下载片段 150/245
2026-01-11 14:14:01 - app - INFO - [线程-150] 发起HTTP请求: https://ltshsy.gtimg.com/moviets.tc.qq.com/Z_SwcOPzz97fvEs5fodsPdduDdRUD-fDji4Z1Cjx_u04e3QQyYU5p3Hpd...
2026-01-11 14:14:02 - app - INFO - [线程-148] HTTP响应成功，开始写入文件
2026-01-11 14:14:02 - app - INFO - 片段 148/245 下载成功 (60.4%)
2026-01-11 14:14:02 - app - INFO - [线程-151] 线程已启动，准备下载片段 151/245
2026-01-11 14:14:02 - app - INFO - [线程-149] HTTP响应成功，开始写入文件
2026-01-11 14:14:02 - app - INFO - [线程-151] 发起HTTP请求: https://ltshsy.gtimg.com/moviets.tc.qq.com/Z_SwcOPzz97fvEs5fodsPdduDdRUD-fDji4Z1Cjx_u04e3QQyYU5p3Hpd...
2026-01-11 14:14:02 - app - INFO - 片段 149/245 下载成功 (60.8%)
2026-01-11 14:14:02 - app - INFO - [线程-152] 线程已启动，准备下载片段 152/245
2026-01-11 14:14:02 - app - INFO - [线程-152] 发起HTTP请求: https://ltshsy.gtimg.com/moviets.tc.qq.com/Z_SwcOPzz97fvEs5fodsPdduDdRUD-fDji4Z1Cjx_u04e3QQyYU5p3Hpd...
2026-01-11 14:14:03 - app - INFO - [线程-150] HTTP响应成功，开始写入文件
2026-01-11 14:14:03 - app - INFO - 片段 150/245 下载成功 (61.2%)
2026-01-11 14:14:03 - app - INFO - [线程-153] 线程已启动，准备下载片段 153/245
2026-01-11 14:14:03 - app - INFO - [线程-153] 发起HTTP请求: https://ltshsy.gtimg.com/moviets.tc.qq.com/Z_SwcOPzz97fvEs5fodsPdduDdRUD-fDji4Z1Cjx_u04e3QQyYU5p3Hpd...
2026-01-11 14:14:03 - app - INFO - [线程-151] HTTP响应成功，开始写入文件
2026-01-11 14:14:03 - app - INFO - 片段 151/245 下载成功 (61.6%)
2026-01-11 14:14:03 - app - INFO - [线程-154] 线程已启动，准备下载片段 154/245
2026-01-11 14:14:03 - app - INFO - [线程-154] 发起HTTP请求: https://ltshsy.gtimg.com/moviets.tc.qq.com/Z_SwcOPzz97fvEs5fodsPdduDdRUD-fDji4Z1Cjx_u04e3QQyYU5p3Hpd...
2026-01-11 14:14:03 - app - INFO - [线程-152] HTTP响应成功，开始写入文件
2026-01-11 14:14:03 - app - INFO - 片段 152/245 下载成功 (62.0%)
2026-01-11 14:14:03 - app - INFO - [线程-155] 线程已启动，准备下载片段 155/245
2026-01-11 14:14:03 - app - INFO - [线程-155] 发起HTTP请求: https://ltshsy.gtimg.com/moviets.tc.qq.com/Z_SwcOPzz97fvEs5fodsPdduDdRUD-fDji4Z1Cjx_u04e3QQyYU5p3Hpd...
2026-01-11 14:14:11 - app - INFO - [线程-153] HTTP响应成功，开始写入文件
2026-01-11 14:14:11 - app - INFO - 片段 153/245 下载成功 (62.4%)
2026-01-11 14:14:11 - app - INFO - [线程-156] 线程已启动，准备下载片段 156/245
2026-01-11 14:14:11 - app - INFO - [线程-156] 发起HTTP请求: https://ltshsy.gtimg.com/moviets.tc.qq.com/Z_SwcOPzz97fvEs5fodsPdduDdRUD-fDji4Z1Cjx_u04e3QQyYU5p3Hpd...
2026-01-11 14:14:12 - app - INFO - [线程-156] HTTP响应成功，开始写入文件
2026-01-11 14:14:12 - app - INFO - 片段 154/245 下载成功 (62.9%)
2026-01-11 14:14:12 - app - INFO - [线程-157] 线程已启动，准备下载片段 157/245
2026-01-11 14:14:12 - app - INFO - [线程-157] 发起HTTP请求: https://ltshsy.gtimg.com/moviets.tc.qq.com/Z_SwcOPzz97fvEs5fodsPdduDdRUD-fDji4Z1Cjx_u04e3QQyYU5p3Hpd...
2026-01-11 14:14:12 - app - INFO - [线程-155] HTTP响应成功，开始写入文件
2026-01-11 14:14:12 - app - INFO - 片段 155/245 下载成功 (63.3%)
2026-01-11 14:14:12 - app - INFO - [线程-158] 线程已启动，准备下载片段 158/245
2026-01-11 14:14:12 - app - INFO - [线程-158] 发起HTTP请求: https://ltshsy.gtimg.com/moviets.tc.qq.com/Z_SwcOPzz97fvEs5fodsPdduDdRUD-fDji4Z1Cjx_u04e3QQyYU5p3Hpd...
2026-01-11 14:14:12 - app - INFO - [线程-154] HTTP响应成功，开始写入文件
2026-01-11 14:14:12 - app - INFO - 片段 156/245 下载成功 (63.7%)
2026-01-11 14:14:12 - app - INFO - [线程-159] 线程已启动，准备下载片段 159/245
2026-01-11 14:14:12 - app - INFO - [线程-159] 发起HTTP请求: https://ltshsy.gtimg.com/moviets.tc.qq.com/Z_SwcOPzz97fvEs5fodsPdduDdRUD-fDji4Z1Cjx_u04e3QQyYU5p3Hpd...
2026-01-11 14:14:13 - app - INFO - [线程-158] HTTP响应成功，开始写入文件
2026-01-11 14:14:13 - app - INFO - 片段 157/245 下载成功 (64.1%)
2026-01-11 14:14:13 - app - INFO - [线程-160] 线程已启动，准备下载片段 160/245
2026-01-11 14:14:13 - app - INFO - [线程-160] 发起HTTP请求: https://ltshsy.gtimg.com/moviets.tc.qq.com/Z_SwcOPzz97fvEs5fodsPdduDdRUD-fDji4Z1Cjx_u04e3QQyYU5p3Hpd...
2026-01-11 14:14:13 - app - INFO - [线程-159] HTTP响应成功，开始写入文件
2026-01-11 14:14:13 - app - INFO - 片段 158/245 下载成功 (64.5%)
2026-01-11 14:14:13 - app - INFO - [线程-161] 线程已启动，准备下载片段 161/245
2026-01-11 14:14:13 - app - INFO - [线程-161] 发起HTTP请求: https://ltshsy.gtimg.com/moviets.tc.qq.com/Z_SwcOPzz97fvEs5fodsPdduDdRUD-fDji4Z1Cjx_u04e3QQyYU5p3Hpd...
2026-01-11 14:14:14 - app - INFO - [线程-160] HTTP响应成功，开始写入文件
2026-01-11 14:14:14 - app - INFO - 片段 159/245 下载成功 (64.9%)
2026-01-11 14:14:14 - app - INFO - [线程-162] 线程已启动，准备下载片段 162/245
2026-01-11 14:14:14 - app - INFO - [线程-162] 发起HTTP请求: https://ltshsy.gtimg.com/moviets.tc.qq.com/Z_SwcOPzz97fvEs5fodsPdduDdRUD-fDji4Z1Cjx_u04e3QQyYU5p3Hpd...
2026-01-11 14:14:14 - app - INFO - [线程-157] HTTP响应成功，开始写入文件
2026-01-11 14:14:14 - app - INFO - 片段 160/245 下载成功 (65.3%)
2026-01-11 14:14:14 - app - INFO - [线程-163] 线程已启动，准备下载片段 163/245
2026-01-11 14:14:14 - app - INFO - [线程-163] 发起HTTP请求: https://ltshsy.gtimg.com/moviets.tc.qq.com/Z_SwcOPzz97fvEs5fodsPdduDdRUD-fDji4Z1Cjx_u04e3QQyYU5p3Hpd...
2026-01-11 14:14:15 - app - INFO - [线程-161] HTTP响应成功，开始写入文件
2026-01-11 14:14:15 - app - INFO - 片段 161/245 下载成功 (65.7%)
2026-01-11 14:14:15 - app - INFO - [线程-164] 线程已启动，准备下载片段 164/245
2026-01-11 14:14:15 - app - INFO - [线程-164] 发起HTTP请求: https://ltshsy.gtimg.com/moviets.tc.qq.com/Z_SwcOPzz97fvEs5fodsPdduDdRUD-fDji4Z1Cjx_u04e3QQyYU5p3Hpd...
2026-01-11 14:14:21 - app - INFO - [线程-162] HTTP响应成功，开始写入文件
2026-01-11 14:14:21 - app - INFO - 片段 162/245 下载成功 (66.1%)
2026-01-11 14:14:21 - app - INFO - [线程-165] 线程已启动，准备下载片段 165/245
2026-01-11 14:14:21 - app - INFO - [线程-165] 发起HTTP请求: https://ltshsy.gtimg.com/moviets.tc.qq.com/Z_SwcOPzz97fvEs5fodsPdduDdRUD-fDji4Z1Cjx_u04e3QQyYU5p3Hpd...
2026-01-11 14:14:23 - app - INFO - [线程-165] HTTP响应成功，开始写入文件
2026-01-11 14:14:23 - app - INFO - 片段 163/245 下载成功 (66.5%)
2026-01-11 14:14:23 - app - INFO - [线程-163] HTTP响应成功，开始写入文件
2026-01-11 14:14:23 - app - INFO - [线程-166] 线程已启动，准备下载片段 166/245
2026-01-11 14:14:23 - app - INFO - [线程-166] 发起HTTP请求: https://ltshsy.gtimg.com/moviets.tc.qq.com/Z_SwcOPzz97fvEs5fodsPdduDdRUD-fDji4Z1Cjx_u04e3QQyYU5p3Hpd...
2026-01-11 14:14:23 - app - INFO - 片段 164/245 下载成功 (66.9%)
2026-01-11 14:14:23 - app - INFO - [线程-167] 线程已启动，准备下载片段 167/245
2026-01-11 14:14:23 - app - INFO - [线程-167] 发起HTTP请求: https://ltshsy.gtimg.com/moviets.tc.qq.com/Z_SwcOPzz97fvEs5fodsPdduDdRUD-fDji4Z1Cjx_u04e3QQyYU5p3Hpd...
2026-01-11 14:14:23 - app - INFO - [线程-164] HTTP响应成功，开始写入文件
2026-01-11 14:14:23 - app - INFO - 片段 165/245 下载成功 (67.3%)
2026-01-11 14:14:23 - app - INFO - [线程-168] 线程已启动，准备下载片段 168/245
2026-01-11 14:14:23 - app - INFO - [线程-168] 发起HTTP请求: https://ltshsy.gtimg.com/moviets.tc.qq.com/Z_SwcOPzz97fvEs5fodsPdduDdRUD-fDji4Z1Cjx_u04e3QQyYU5p3Hpd...
2026-01-11 14:14:24 - app - INFO - [线程-166] HTTP响应成功，开始写入文件
2026-01-11 14:14:24 - app - INFO - 片段 166/245 下载成功 (67.8%)
2026-01-11 14:14:24 - app - INFO - [线程-169] 线程已启动，准备下载片段 169/245
2026-01-11 14:14:24 - app - INFO - [线程-169] 发起HTTP请求: https://ltshsy.gtimg.com/moviets.tc.qq.com/Z_SwcOPzz97fvEs5fodsPdduDdRUD-fDji4Z1Cjx_u04e3QQyYU5p3Hpd...
2026-01-11 14:14:24 - app - INFO - [线程-167] HTTP响应成功，开始写入文件
2026-01-11 14:14:24 - app - INFO - 片段 167/245 下载成功 (68.2%)
2026-01-11 14:14:24 - app - INFO - [线程-170] 线程已启动，准备下载片段 170/245
2026-01-11 14:14:24 - app - INFO - [线程-170] 发起HTTP请求: https://ltshsy.gtimg.com/moviets.tc.qq.com/Z_SwcOPzz97fvEs5fodsPdduDdRUD-fDji4Z1Cjx_u04e3QQyYU5p3Hpd...
2026-01-11 14:14:24 - app - INFO - [线程-168] HTTP响应成功，开始写入文件
2026-01-11 14:14:24 - app - INFO - 片段 168/245 下载成功 (68.6%)
2026-01-11 14:14:24 - app - INFO - [线程-171] 线程已启动，准备下载片段 171/245
2026-01-11 14:14:24 - app - INFO - [线程-171] 发起HTTP请求: https://ltshsy.gtimg.com/moviets.tc.qq.com/Z_SwcOPzz97fvEs5fodsPdduDdRUD-fDji4Z1Cjx_u04e3QQyYU5p3Hpd...
2026-01-11 14:14:25 - app - INFO - [线程-169] HTTP响应成功，开始写入文件
2026-01-11 14:14:25 - app - INFO - 片段 169/245 下载成功 (69.0%)
2026-01-11 14:14:25 - app - INFO - [线程-172] 线程已启动，准备下载片段 172/245
2026-01-11 14:14:25 - app - INFO - [线程-172] 发起HTTP请求: https://ltshsy.gtimg.com/moviets.tc.qq.com/Z_SwcOPzz97fvEs5fodsPdduDdRUD-fDji4Z1Cjx_u04e3QQyYU5p3Hpd...
2026-01-11 14:14:25 - app - INFO - [线程-170] HTTP响应成功，开始写入文件
2026-01-11 14:14:25 - app - INFO - 片段 170/245 下载成功 (69.4%)
2026-01-11 14:14:25 - app - INFO - [线程-173] 线程已启动，准备下载片段 173/245
2026-01-11 14:14:25 - app - INFO - [线程-173] 发起HTTP请求: https://ltshsy.gtimg.com/moviets.tc.qq.com/Z_SwcOPzz97fvEs5fodsPdduDdRUD-fDji4Z1Cjx_u04e3QQyYU5p3Hpd...
2026-01-11 14:14:26 - app - INFO - [线程-171] HTTP响应成功，开始写入文件
2026-01-11 14:14:26 - app - INFO - 片段 171/245 下载成功 (69.8%)
2026-01-11 14:14:26 - app - INFO - [线程-174] 线程已启动，准备下载片段 174/245
2026-01-11 14:14:26 - app - INFO - [线程-174] 发起HTTP请求: https://ltshsy.gtimg.com/moviets.tc.qq.com/Z_SwcOPzz97fvEs5fodsPdduDdRUD-fDji4Z1Cjx_u04e3QQyYU5p3Hpd...
2026-01-11 14:14:31 - app - INFO - [线程-173] HTTP响应成功，开始写入文件
2026-01-11 14:14:31 - app - INFO - 片段 172/245 下载成功 (70.2%)
2026-01-11 14:14:31 - app - INFO - [线程-175] 线程已启动，准备下载片段 175/245
2026-01-11 14:14:31 - app - INFO - [线程-175] 发起HTTP请求: https://ltshsy.gtimg.com/moviets.tc.qq.com/Z_SwcOPzz97fvEs5fodsPdduDdRUD-fDji4Z1Cjx_u04e3QQyYU5p3Hpd...
2026-01-11 14:14:32 - app - INFO - [线程-172] HTTP响应成功，开始写入文件
2026-01-11 14:14:32 - app - INFO - [线程-174] HTTP响应成功，开始写入文件
2026-01-11 14:14:32 - app - INFO - 片段 173/245 下载成功 (70.6%)
2026-01-11 14:14:32 - app - INFO - 片段 174/245 下载成功 (71.0%)
2026-01-11 14:14:32 - app - INFO - [线程-176] 线程已启动，准备下载片段 176/245
2026-01-11 14:14:32 - app - INFO - [线程-177] 线程已启动，准备下载片段 177/245
2026-01-11 14:14:32 - app - INFO - [线程-176] 发起HTTP请求: https://ltshsy.gtimg.com/moviets.tc.qq.com/Z_SwcOPzz97fvEs5fodsPdduDdRUD-fDji4Z1Cjx_u04e3QQyYU5p3Hpd...
2026-01-11 14:14:32 - app - INFO - [线程-177] 发起HTTP请求: https://ltshsy.gtimg.com/moviets.tc.qq.com/Z_SwcOPzz97fvEs5fodsPdduDdRUD-fDji4Z1Cjx_u04e3QQyYU5p3Hpd...
2026-01-11 14:14:32 - app - INFO - [线程-175] HTTP响应成功，开始写入文件
2026-01-11 14:14:32 - app - INFO - 片段 175/245 下载成功 (71.4%)
2026-01-11 14:14:32 - app - INFO - [线程-178] 线程已启动，准备下载片段 178/245
2026-01-11 14:14:32 - app - INFO - [线程-178] 发起HTTP请求: https://ltshsy.gtimg.com/moviets.tc.qq.com/Z_SwcOPzz97fvEs5fodsPdduDdRUD-fDji4Z1Cjx_u04e3QQyYU5p3Hpd...
2026-01-11 14:14:32 - app - INFO - [线程-176] HTTP响应成功，开始写入文件
2026-01-11 14:14:32 - app - INFO - 片段 176/245 下载成功 (71.8%)
2026-01-11 14:14:32 - app - INFO - [线程-179] 线程已启动，准备下载片段 179/245
2026-01-11 14:14:32 - app - INFO - [线程-179] 发起HTTP请求: https://ltshsy.gtimg.com/moviets.tc.qq.com/Z_SwcOPzz97fvEs5fodsPdduDdRUD-fDji4Z1Cjx_u04e3QQyYU5p3Hpd...
2026-01-11 14:14:33 - app - INFO - [线程-177] HTTP响应成功，开始写入文件
2026-01-11 14:14:33 - app - INFO - 片段 177/245 下载成功 (72.2%)
2026-01-11 14:14:33 - app - INFO - [线程-180] 线程已启动，准备下载片段 180/245
2026-01-11 14:14:33 - app - INFO - [线程-180] 发起HTTP请求: https://ltshsy.gtimg.com/moviets.tc.qq.com/Z_SwcOPzz97fvEs5fodsPdduDdRUD-fDji4Z1Cjx_u04e3QQyYU5p3Hpd...
2026-01-11 14:14:33 - app - INFO - [线程-178] HTTP响应成功，开始写入文件
2026-01-11 14:14:33 - app - INFO - 片段 178/245 下载成功 (72.7%)
2026-01-11 14:14:33 - app - INFO - [线程-181] 线程已启动，准备下载片段 181/245
2026-01-11 14:14:33 - app - INFO - [线程-181] 发起HTTP请求: https://ltshsy.gtimg.com/moviets.tc.qq.com/Z_SwcOPzz97fvEs5fodsPdduDdRUD-fDji4Z1Cjx_u04e3QQyYU5p3Hpd...
2026-01-11 14:14:33 - app - INFO - [线程-179] HTTP响应成功，开始写入文件
2026-01-11 14:14:33 - app - INFO - 片段 179/245 下载成功 (73.1%)
2026-01-11 14:14:33 - app - INFO - [线程-182] 线程已启动，准备下载片段 182/245
2026-01-11 14:14:33 - app - INFO - [线程-182] 发起HTTP请求: https://ltshsy.gtimg.com/moviets.tc.qq.com/Z_SwcOPzz97fvEs5fodsPdduDdRUD-fDji4Z1Cjx_u04e3QQyYU5p3Hpd...
2026-01-11 14:14:33 - app - INFO - [线程-180] HTTP响应成功，开始写入文件
2026-01-11 14:14:33 - app - INFO - 片段 180/245 下载成功 (73.5%)
2026-01-11 14:14:33 - app - INFO - [线程-183] 线程已启动，准备下载片段 183/245
2026-01-11 14:14:33 - app - INFO - [线程-183] 发起HTTP请求: https://ltshsy.gtimg.com/moviets.tc.qq.com/Z_SwcOPzz97fvEs5fodsPdduDdRUD-fDji4Z1Cjx_u04e3QQyYU5p3Hpd...
2026-01-11 14:14:34 - app - INFO - [线程-183] HTTP响应成功，开始写入文件
2026-01-11 14:14:34 - app - INFO - 片段 181/245 下载成功 (73.9%)
2026-01-11 14:14:35 - app - INFO - [线程-184] 线程已启动，准备下载片段 184/245
2026-01-11 14:14:35 - app - INFO - [线程-184] 发起HTTP请求: https://ltshsy.gtimg.com/moviets.tc.qq.com/Z_SwcOPzz97fvEs5fodsPdduDdRUD-fDji4Z1Cjx_u04e3QQyYU5p3Hpd...
2026-01-11 14:14:35 - app - INFO - [线程-181] HTTP响应成功，开始写入文件
2026-01-11 14:14:35 - app - INFO - 片段 182/245 下载成功 (74.3%)
2026-01-11 14:14:35 - app - INFO - [线程-185] 线程已启动，准备下载片段 185/245
2026-01-11 14:14:35 - app - INFO - [线程-182] HTTP响应成功，开始写入文件
2026-01-11 14:14:35 - app - INFO - [线程-185] 发起HTTP请求: https://ltshsy.gtimg.com/moviets.tc.qq.com/Z_SwcOPzz97fvEs5fodsPdduDdRUD-fDji4Z1Cjx_u04e3QQyYU5p3Hpd...
2026-01-11 14:14:35 - app - INFO - 片段 183/245 下载成功 (74.7%)
2026-01-11 14:14:35 - app - INFO - [线程-186] 线程已启动，准备下载片段 186/245
2026-01-11 14:14:35 - app - INFO - [线程-186] 发起HTTP请求: https://ltshsy.gtimg.com/moviets.tc.qq.com/Z_SwcOPzz97fvEs5fodsPdduDdRUD-fDji4Z1Cjx_u04e3QQyYU5p3Hpd...
2026-01-11 14:14:36 - app - INFO - [线程-184] HTTP响应成功，开始写入文件
2026-01-11 14:14:36 - app - INFO - 片段 184/245 下载成功 (75.1%)
2026-01-11 14:14:36 - app - INFO - [线程-187] 线程已启动，准备下载片段 187/245
2026-01-11 14:14:36 - app - INFO - [线程-187] 发起HTTP请求: https://ltshsy.gtimg.com/moviets.tc.qq.com/Z_SwcOPzz97fvEs5fodsPdduDdRUD-fDji4Z1Cjx_u04e3QQyYU5p3Hpd...
2026-01-11 14:14:36 - app - INFO - [线程-186] HTTP响应成功，开始写入文件
2026-01-11 14:14:36 - app - INFO - 片段 185/245 下载成功 (75.5%)
2026-01-11 14:14:36 - app - INFO - [线程-188] 线程已启动，准备下载片段 188/245
2026-01-11 14:14:36 - app - INFO - [线程-188] 发起HTTP请求: https://ltshsy.gtimg.com/moviets.tc.qq.com/Z_SwcOPzz97fvEs5fodsPdduDdRUD-fDji4Z1Cjx_u04e3QQyYU5p3Hpd...
2026-01-11 14:14:36 - app - INFO - [线程-185] HTTP响应成功，开始写入文件
2026-01-11 14:14:36 - app - INFO - 片段 186/245 下载成功 (75.9%)
2026-01-11 14:14:36 - app - INFO - [线程-189] 线程已启动，准备下载片段 189/245
2026-01-11 14:14:36 - app - INFO - [线程-189] 发起HTTP请求: https://ltshsy.gtimg.com/moviets.tc.qq.com/Z_SwcOPzz97fvEs5fodsPdduDdRUD-fDji4Z1Cjx_u04e3QQyYU5p3Hpd...
2026-01-11 14:14:42 - app - INFO - [线程-187] HTTP响应成功，开始写入文件
2026-01-11 14:14:42 - app - INFO - 片段 187/245 下载成功 (76.3%)
2026-01-11 14:14:42 - app - INFO - [线程-190] 线程已启动，准备下载片段 190/245
2026-01-11 14:14:42 - app - INFO - [线程-190] 发起HTTP请求: https://ltshsy.gtimg.com/moviets.tc.qq.com/Z_SwcOPzz97fvEs5fodsPdduDdRUD-fDji4Z1Cjx_u04e3QQyYU5p3Hpd...
2026-01-11 14:14:42 - app - INFO - [线程-189] HTTP响应成功，开始写入文件
2026-01-11 14:14:43 - app - INFO - 片段 188/245 下载成功 (76.7%)
2026-01-11 14:14:43 - app - INFO - [线程-191] 线程已启动，准备下载片段 191/245
2026-01-11 14:14:43 - app - INFO - [线程-191] 发起HTTP请求: https://ltshsy.gtimg.com/moviets.tc.qq.com/Z_SwcOPzz97fvEs5fodsPdduDdRUD-fDji4Z1Cjx_u04e3QQyYU5p3Hpd...
2026-01-11 14:14:43 - app - INFO - [线程-188] HTTP响应成功，开始写入文件
2026-01-11 14:14:43 - app - INFO - 片段 189/245 下载成功 (77.1%)
2026-01-11 14:14:43 - app - INFO - [线程-192] 线程已启动，准备下载片段 192/245
2026-01-11 14:14:43 - app - INFO - [线程-192] 发起HTTP请求: https://ltshsy.gtimg.com/moviets.tc.qq.com/Z_SwcOPzz97fvEs5fodsPdduDdRUD-fDji4Z1Cjx_u04e3QQyYU5p3Hpd...
2026-01-11 14:14:43 - app - INFO - [线程-190] HTTP响应成功，开始写入文件
2026-01-11 14:14:43 - app - INFO - 片段 190/245 下载成功 (77.6%)
2026-01-11 14:14:43 - app - INFO - [线程-193] 线程已启动，准备下载片段 193/245
2026-01-11 14:14:43 - app - INFO - [线程-193] 发起HTTP请求: https://ltshsy.gtimg.com/moviets.tc.qq.com/Z_SwcOPzz97fvEs5fodsPdduDdRUD-fDji4Z1Cjx_u04e3QQyYU5p3Hpd...
2026-01-11 14:14:43 - app - INFO - [线程-191] HTTP响应成功，开始写入文件
2026-01-11 14:14:43 - app - INFO - 片段 191/245 下载成功 (78.0%)
2026-01-11 14:14:43 - app - INFO - [线程-194] 线程已启动，准备下载片段 194/245
2026-01-11 14:14:43 - app - INFO - [线程-194] 发起HTTP请求: https://ltshsy.gtimg.com/moviets.tc.qq.com/Z_SwcOPzz97fvEs5fodsPdduDdRUD-fDji4Z1Cjx_u04e3QQyYU5p3Hpd...
2026-01-11 14:14:44 - app - INFO - [线程-192] HTTP响应成功，开始写入文件
2026-01-11 14:14:44 - app - INFO - 片段 192/245 下载成功 (78.4%)
2026-01-11 14:14:44 - app - INFO - [线程-195] 线程已启动，准备下载片段 195/245
2026-01-11 14:14:44 - app - INFO - [线程-195] 发起HTTP请求: https://ltshsy.gtimg.com/moviets.tc.qq.com/Z_SwcOPzz97fvEs5fodsPdduDdRUD-fDji4Z1Cjx_u04e3QQyYU5p3Hpd...
2026-01-11 14:14:44 - app - INFO - [线程-193] HTTP响应成功，开始写入文件
2026-01-11 14:14:44 - app - INFO - 片段 193/245 下载成功 (78.8%)
2026-01-11 14:14:44 - app - INFO - [线程-196] 线程已启动，准备下载片段 196/245
2026-01-11 14:14:44 - app - INFO - [线程-196] 发起HTTP请求: https://ltshsy.gtimg.com/moviets.tc.qq.com/Z_SwcOPzz97fvEs5fodsPdduDdRUD-fDji4Z1Cjx_u04e3QQyYU5p3Hpd...
2026-01-11 14:14:45 - app - INFO - [线程-195] HTTP响应成功，开始写入文件
2026-01-11 14:14:45 - app - INFO - 片段 194/245 下载成功 (79.2%)
2026-01-11 14:14:45 - app - INFO - [线程-197] 线程已启动，准备下载片段 197/245
2026-01-11 14:14:45 - app - INFO - [线程-194] HTTP响应成功，开始写入文件
2026-01-11 14:14:45 - app - INFO - [线程-197] 发起HTTP请求: https://ltshsy.gtimg.com/moviets.tc.qq.com/Z_SwcOPzz97fvEs5fodsPdduDdRUD-fDji4Z1Cjx_u04e3QQyYU5p3Hpd...
2026-01-11 14:14:45 - app - INFO - 片段 195/245 下载成功 (79.6%)
2026-01-11 14:14:45 - app - INFO - [线程-198] 线程已启动，准备下载片段 198/245
2026-01-11 14:14:45 - app - INFO - [线程-198] 发起HTTP请求: https://ltshsy.gtimg.com/moviets.tc.qq.com/Z_SwcOPzz97fvEs5fodsPdduDdRUD-fDji4Z1Cjx_u04e3QQyYU5p3Hpd...
2026-01-11 14:14:45 - app - INFO - [线程-196] HTTP响应成功，开始写入文件
2026-01-11 14:14:45 - app - INFO - 片段 196/245 下载成功 (80.0%)
2026-01-11 14:14:45 - app - INFO - [线程-199] 线程已启动，准备下载片段 199/245
2026-01-11 14:14:45 - app - INFO - [线程-199] 发起HTTP请求: https://ltshsy.gtimg.com/moviets.tc.qq.com/Z_SwcOPzz97fvEs5fodsPdduDdRUD-fDji4Z1Cjx_u04e3QQyYU5p3Hpd...
2026-01-11 14:14:46 - app - INFO - [线程-197] HTTP响应成功，开始写入文件
2026-01-11 14:14:46 - app - INFO - 片段 197/245 下载成功 (80.4%)
2026-01-11 14:14:46 - app - INFO - [线程-200] 线程已启动，准备下载片段 200/245
2026-01-11 14:14:46 - app - INFO - [线程-200] 发起HTTP请求: https://ltshsy.gtimg.com/moviets.tc.qq.com/Z_SwcOPzz97fvEs5fodsPdduDdRUD-fDji4Z1Cjx_u04e3QQyYU5p3Hpd...
2026-01-11 14:14:46 - app - INFO - [线程-198] HTTP响应成功，开始写入文件
2026-01-11 14:14:46 - app - INFO - 片段 198/245 下载成功 (80.8%)
2026-01-11 14:14:46 - app - INFO - [线程-201] 线程已启动，准备下载片段 201/245
2026-01-11 14:14:46 - app - INFO - [线程-201] 发起HTTP请求: https://ltshsy.gtimg.com/moviets.tc.qq.com/Z_SwcOPzz97fvEs5fodsPdduDdRUD-fDji4Z1Cjx_u04e3QQyYU5p3Hpd...
2026-01-11 14:14:46 - app - INFO - [线程-199] HTTP响应成功，开始写入文件
2026-01-11 14:14:46 - app - INFO - 片段 199/245 下载成功 (81.2%)
2026-01-11 14:14:46 - app - INFO - [线程-202] 线程已启动，准备下载片段 202/245
2026-01-11 14:14:46 - app - INFO - [线程-202] 发起HTTP请求: https://ltshsy.gtimg.com/moviets.tc.qq.com/Z_SwcOPzz97fvEs5fodsPdduDdRUD-fDji4Z1Cjx_u04e3QQyYU5p3Hpd...
2026-01-11 14:14:46 - app - INFO - [线程-200] HTTP响应成功，开始写入文件
2026-01-11 14:14:47 - app - INFO - 片段 200/245 下载成功 (81.6%)
2026-01-11 14:14:47 - app - INFO - [线程-203] 线程已启动，准备下载片段 203/245
2026-01-11 14:14:47 - app - INFO - [线程-203] 发起HTTP请求: https://ltshsy.gtimg.com/moviets.tc.qq.com/Z_SwcOPzz97fvEs5fodsPdduDdRUD-fDji4Z1Cjx_u04e3QQyYU5p3Hpd...
2026-01-11 14:14:47 - app - INFO - [线程-201] HTTP响应成功，开始写入文件
2026-01-11 14:14:47 - app - INFO - 片段 201/245 下载成功 (82.0%)
2026-01-11 14:14:47 - app - INFO - [线程-204] 线程已启动，准备下载片段 204/245
2026-01-11 14:14:47 - app - INFO - [线程-204] 发起HTTP请求: https://ltshsy.gtimg.com/moviets.tc.qq.com/Z_SwcOPzz97fvEs5fodsPdduDdRUD-fDji4Z1Cjx_u04e3QQyYU5p3Hpd...
2026-01-11 14:14:47 - app - INFO - [线程-202] HTTP响应成功，开始写入文件
2026-01-11 14:14:47 - app - INFO - 片段 202/245 下载成功 (82.4%)
2026-01-11 14:14:47 - app - INFO - [线程-205] 线程已启动，准备下载片段 205/245
2026-01-11 14:14:47 - app - INFO - [线程-205] 发起HTTP请求: https://ltshsy.gtimg.com/moviets.tc.qq.com/Z_SwcOPzz97fvEs5fodsPdduDdRUD-fDji4Z1Cjx_u04e3QQyYU5p3Hpd...
2026-01-11 14:14:47 - app - INFO - [线程-203] HTTP响应成功，开始写入文件
2026-01-11 14:14:47 - app - INFO - 片段 203/245 下载成功 (82.9%)
2026-01-11 14:14:47 - app - INFO - [线程-206] 线程已启动，准备下载片段 206/245
2026-01-11 14:14:47 - app - INFO - [线程-206] 发起HTTP请求: https://ltshsy.gtimg.com/moviets.tc.qq.com/Z_SwcOPzz97fvEs5fodsPdduDdRUD-fDji4Z1Cjx_u04e3QQyYU5p3Hpd...
2026-01-11 14:14:53 - app - INFO - [线程-205] HTTP响应成功，开始写入文件
2026-01-11 14:14:53 - app - INFO - 片段 204/245 下载成功 (83.3%)
2026-01-11 14:14:53 - app - INFO - [线程-207] 线程已启动，准备下载片段 207/245
2026-01-11 14:14:54 - app - INFO - [线程-207] 发起HTTP请求: https://ltshsy.gtimg.com/moviets.tc.qq.com/Z_SwcOPzz97fvEs5fodsPdduDdRUD-fDji4Z1Cjx_u04e3QQyYU5p3Hpd...
2026-01-11 14:14:54 - app - INFO - [线程-206] HTTP响应成功，开始写入文件
2026-01-11 14:14:54 - app - INFO - 片段 205/245 下载成功 (83.7%)
2026-01-11 14:14:54 - app - INFO - [线程-208] 线程已启动，准备下载片段 208/245
2026-01-11 14:14:54 - app - INFO - [线程-208] 发起HTTP请求: https://ltshsy.gtimg.com/moviets.tc.qq.com/Z_SwcOPzz97fvEs5fodsPdduDdRUD-fDji4Z1Cjx_u04e3QQyYU5p3Hpd...
2026-01-11 14:14:54 - app - INFO - [线程-207] HTTP响应成功，开始写入文件
2026-01-11 14:14:54 - app - INFO - 片段 206/245 下载成功 (84.1%)
2026-01-11 14:14:54 - app - INFO - [线程-209] 线程已启动，准备下载片段 209/245
2026-01-11 14:14:54 - app - INFO - [线程-209] 发起HTTP请求: https://ltshsy.gtimg.com/moviets.tc.qq.com/Z_SwcOPzz97fvEs5fodsPdduDdRUD-fDji4Z1Cjx_u04e3QQyYU5p3Hpd...
2026-01-11 14:14:54 - app - INFO - [线程-204] HTTP响应成功，开始写入文件
2026-01-11 14:14:54 - app - INFO - 片段 207/245 下载成功 (84.5%)
2026-01-11 14:14:55 - app - INFO - [线程-210] 线程已启动，准备下载片段 210/245
2026-01-11 14:14:55 - app - INFO - [线程-210] 发起HTTP请求: https://ltshsy.gtimg.com/moviets.tc.qq.com/Z_SwcOPzz97fvEs5fodsPdduDdRUD-fDji4Z1Cjx_u04e3QQyYU5p3Hpd...
2026-01-11 14:14:55 - app - INFO - [线程-208] HTTP响应成功，开始写入文件
2026-01-11 14:14:55 - app - INFO - 片段 208/245 下载成功 (84.9%)
2026-01-11 14:14:55 - app - INFO - [线程-211] 线程已启动，准备下载片段 211/245
2026-01-11 14:14:55 - app - INFO - [线程-211] 发起HTTP请求: https://ltshsy.gtimg.com/moviets.tc.qq.com/Z_SwcOPzz97fvEs5fodsPdduDdRUD-fDji4Z1Cjx_u04e3QQyYU5p3Hpd...
2026-01-11 14:14:55 - app - INFO - [线程-209] HTTP响应成功，开始写入文件
2026-01-11 14:14:55 - app - INFO - 片段 209/245 下载成功 (85.3%)
2026-01-11 14:14:55 - app - INFO - [线程-212] 线程已启动，准备下载片段 212/245
2026-01-11 14:14:55 - app - INFO - [线程-212] 发起HTTP请求: https://ltshsy.gtimg.com/moviets.tc.qq.com/Z_SwcOPzz97fvEs5fodsPdduDdRUD-fDji4Z1Cjx_u04e3QQyYU5p3Hpd...
2026-01-11 14:14:55 - app - INFO - [线程-211] HTTP响应成功，开始写入文件
2026-01-11 14:14:55 - app - INFO - 片段 210/245 下载成功 (85.7%)
2026-01-11 14:14:55 - app - INFO - [线程-213] 线程已启动，准备下载片段 213/245
2026-01-11 14:14:55 - app - INFO - [线程-213] 发起HTTP请求: https://ltshsy.gtimg.com/moviets.tc.qq.com/Z_SwcOPzz97fvEs5fodsPdduDdRUD-fDji4Z1Cjx_u04e3QQyYU5p3Hpd...
2026-01-11 14:14:56 - app - INFO - [线程-210] HTTP响应成功，开始写入文件
2026-01-11 14:14:56 - app - INFO - 片段 211/245 下载成功 (86.1%)
2026-01-11 14:14:56 - app - INFO - [线程-212] HTTP响应成功，开始写入文件
2026-01-11 14:14:56 - app - INFO - [线程-214] 线程已启动，准备下载片段 214/245
2026-01-11 14:14:56 - app - INFO - 片段 212/245 下载成功 (86.5%)
2026-01-11 14:14:56 - app - INFO - [线程-214] 发起HTTP请求: https://ltshsy.gtimg.com/moviets.tc.qq.com/Z_SwcOPzz97fvEs5fodsPdduDdRUD-fDji4Z1Cjx_u04e3QQyYU5p3Hpd...
2026-01-11 14:14:56 - app - INFO - [线程-215] 线程已启动，准备下载片段 215/245
2026-01-11 14:14:56 - app - INFO - [线程-215] 发起HTTP请求: https://ltshsy.gtimg.com/moviets.tc.qq.com/Z_SwcOPzz97fvEs5fodsPdduDdRUD-fDji4Z1Cjx_u04e3QQyYU5p3Hpd...
2026-01-11 14:14:56 - app - INFO - [线程-213] HTTP响应成功，开始写入文件
2026-01-11 14:14:56 - app - INFO - 片段 213/245 下载成功 (86.9%)
2026-01-11 14:14:56 - app - INFO - [线程-216] 线程已启动，准备下载片段 216/245
2026-01-11 14:14:57 - app - INFO - [线程-216] 发起HTTP请求: https://ltshsy.gtimg.com/moviets.tc.qq.com/Z_SwcOPzz97fvEs5fodsPdduDdRUD-fDji4Z1Cjx_u04e3QQyYU5p3Hpd...
2026-01-11 14:14:58 - app - INFO - [线程-216] HTTP响应成功，开始写入文件
2026-01-11 14:14:58 - app - INFO - 片段 214/245 下载成功 (87.3%)
2026-01-11 14:14:58 - app - INFO - [线程-217] 线程已启动，准备下载片段 217/245
2026-01-11 14:14:58 - app - INFO - [线程-217] 发起HTTP请求: https://ltshsy.gtimg.com/moviets.tc.qq.com/Z_SwcOPzz97fvEs5fodsPdduDdRUD-fDji4Z1Cjx_u04e3QQyYU5p3Hpd...
2026-01-11 14:14:59 - app - INFO - [线程-214] HTTP响应成功，开始写入文件
2026-01-11 14:14:59 - app - INFO - 片段 215/245 下载成功 (87.8%)
2026-01-11 14:14:59 - app - INFO - [线程-218] 线程已启动，准备下载片段 218/245
2026-01-11 14:14:59 - app - INFO - [线程-218] 发起HTTP请求: https://ltshsy.gtimg.com/moviets.tc.qq.com/Z_SwcOPzz97fvEs5fodsPdduDdRUD-fDji4Z1Cjx_u04e3QQyYU5p3Hpd...
2026-01-11 14:15:00 - app - INFO - [线程-215] HTTP响应成功，开始写入文件
2026-01-11 14:15:00 - app - INFO - 片段 216/245 下载成功 (88.2%)
2026-01-11 14:15:00 - app - INFO - [线程-219] 线程已启动，准备下载片段 219/245
2026-01-11 14:15:00 - app - INFO - [线程-219] 发起HTTP请求: https://ltshsy.gtimg.com/moviets.tc.qq.com/Z_SwcOPzz97fvEs5fodsPdduDdRUD-fDji4Z1Cjx_u04e3QQyYU5p3Hpd...
2026-01-11 14:15:04 - app - INFO - [线程-218] HTTP响应成功，开始写入文件
2026-01-11 14:15:05 - app - INFO - 片段 217/245 下载成功 (88.6%)
2026-01-11 14:15:05 - app - INFO - [线程-220] 线程已启动，准备下载片段 220/245
2026-01-11 14:15:05 - app - INFO - [线程-220] 发起HTTP请求: https://ltshsy.gtimg.com/moviets.tc.qq.com/Z_SwcOPzz97fvEs5fodsPdduDdRUD-fDji4Z1Cjx_u04e3QQyYU5p3Hpd...
2026-01-11 14:15:05 - app - INFO - [线程-219] HTTP响应成功，开始写入文件
2026-01-11 14:15:05 - app - INFO - 片段 218/245 下载成功 (89.0%)
2026-01-11 14:15:05 - app - INFO - [线程-221] 线程已启动，准备下载片段 221/245
2026-01-11 14:15:05 - app - INFO - [线程-221] 发起HTTP请求: https://ltshsy.gtimg.com/moviets.tc.qq.com/Z_SwcOPzz97fvEs5fodsPdduDdRUD-fDji4Z1Cjx_u04e3QQyYU5p3Hpd...
2026-01-11 14:15:05 - app - INFO - [线程-217] HTTP响应成功，开始写入文件
2026-01-11 14:15:05 - app - INFO - 片段 219/245 下载成功 (89.4%)
2026-01-11 14:15:05 - app - INFO - [线程-222] 线程已启动，准备下载片段 222/245
2026-01-11 14:15:05 - app - INFO - [线程-222] 发起HTTP请求: https://ltshsy.gtimg.com/moviets.tc.qq.com/Z_SwcOPzz97fvEs5fodsPdduDdRUD-fDji4Z1Cjx_u04e3QQyYU5p3Hpd...
2026-01-11 14:15:06 - app - INFO - [线程-220] HTTP响应成功，开始写入文件
2026-01-11 14:15:06 - app - INFO - 片段 220/245 下载成功 (89.8%)
2026-01-11 14:15:06 - app - INFO - [线程-223] 线程已启动，准备下载片段 223/245
2026-01-11 14:15:06 - app - INFO - [线程-223] 发起HTTP请求: https://ltshsy.gtimg.com/moviets.tc.qq.com/Z_SwcOPzz97fvEs5fodsPdduDdRUD-fDji4Z1Cjx_u04e3QQyYU5p3Hpd...
2026-01-11 14:15:06 - app - INFO - [线程-221] HTTP响应成功，开始写入文件
2026-01-11 14:15:06 - app - INFO - 片段 221/245 下载成功 (90.2%)
2026-01-11 14:15:06 - app - INFO - [线程-224] 线程已启动，准备下载片段 224/245
2026-01-11 14:15:06 - app - INFO - [线程-224] 发起HTTP请求: https://ltshsy.gtimg.com/moviets.tc.qq.com/Z_SwcOPzz97fvEs5fodsPdduDdRUD-fDji4Z1Cjx_u04e3QQyYU5p3Hpd...
2026-01-11 14:15:07 - app - INFO - [线程-222] HTTP响应成功，开始写入文件
2026-01-11 14:15:07 - app - INFO - 片段 222/245 下载成功 (90.6%)
2026-01-11 14:15:07 - app - INFO - [线程-225] 线程已启动，准备下载片段 225/245
2026-01-11 14:15:07 - app - INFO - [线程-225] 发起HTTP请求: https://ltshsy.gtimg.com/moviets.tc.qq.com/Z_SwcOPzz97fvEs5fodsPdduDdRUD-fDji4Z1Cjx_u04e3QQyYU5p3Hpd...
2026-01-11 14:15:07 - app - INFO - [线程-224] HTTP响应成功，开始写入文件
2026-01-11 14:15:07 - app - INFO - 片段 223/245 下载成功 (91.0%)
2026-01-11 14:15:07 - app - INFO - [线程-226] 线程已启动，准备下载片段 226/245
2026-01-11 14:15:07 - app - INFO - [线程-226] 发起HTTP请求: https://ltshsy.gtimg.com/moviets.tc.qq.com/Z_SwcOPzz97fvEs5fodsPdduDdRUD-fDji4Z1Cjx_u04e3QQyYU5p3Hpd...
2026-01-11 14:15:08 - app - INFO - [线程-223] HTTP响应成功，开始写入文件
2026-01-11 14:15:08 - app - INFO - 片段 224/245 下载成功 (91.4%)
2026-01-11 14:15:08 - app - INFO - [线程-227] 线程已启动，准备下载片段 227/245
2026-01-11 14:15:08 - app - INFO - [线程-227] 发起HTTP请求: https://ltshsy.gtimg.com/moviets.tc.qq.com/Z_SwcOPzz97fvEs5fodsPdduDdRUD-fDji4Z1Cjx_u04e3QQyYU5p3Hpd...
2026-01-11 14:15:08 - app - INFO - [线程-226] HTTP响应成功，开始写入文件
2026-01-11 14:15:08 - app - INFO - 片段 225/245 下载成功 (91.8%)
2026-01-11 14:15:08 - app - INFO - [线程-228] 线程已启动，准备下载片段 228/245
2026-01-11 14:15:08 - app - INFO - [线程-228] 发起HTTP请求: https://ltshsy.gtimg.com/moviets.tc.qq.com/Z_SwcOPzz97fvEs5fodsPdduDdRUD-fDji4Z1Cjx_u04e3QQyYU5p3Hpd...
2026-01-11 14:15:08 - app - INFO - [线程-225] HTTP响应成功，开始写入文件
2026-01-11 14:15:08 - app - INFO - 片段 226/245 下载成功 (92.2%)
2026-01-11 14:15:08 - app - INFO - [线程-229] 线程已启动，准备下载片段 229/245
2026-01-11 14:15:08 - app - INFO - [线程-229] 发起HTTP请求: https://ltshsy.gtimg.com/moviets.tc.qq.com/Z_SwcOPzz97fvEs5fodsPdduDdRUD-fDji4Z1Cjx_u04e3QQyYU5p3Hpd...
2026-01-11 14:15:08 - app - INFO - [线程-227] HTTP响应成功，开始写入文件
2026-01-11 14:15:08 - app - INFO - 片段 227/245 下载成功 (92.7%)
2026-01-11 14:15:08 - app - INFO - [线程-230] 线程已启动，准备下载片段 230/245
2026-01-11 14:15:08 - app - INFO - [线程-230] 发起HTTP请求: https://ltshsy.gtimg.com/moviets.tc.qq.com/Z_SwcOPzz97fvEs5fodsPdduDdRUD-fDji4Z1Cjx_u04e3QQyYU5p3Hpd...
2026-01-11 14:15:08 - app - INFO - [线程-228] HTTP响应成功，开始写入文件
2026-01-11 14:15:08 - app - INFO - 片段 228/245 下载成功 (93.1%)
2026-01-11 14:15:08 - app - INFO - [线程-231] 线程已启动，准备下载片段 231/245
2026-01-11 14:15:08 - app - INFO - [线程-231] 发起HTTP请求: https://ltshsy.gtimg.com/moviets.tc.qq.com/Z_SwcOPzz97fvEs5fodsPdduDdRUD-fDji4Z1Cjx_u04e3QQyYU5p3Hpd...
2026-01-11 14:15:09 - app - INFO - [线程-230] HTTP响应成功，开始写入文件
2026-01-11 14:15:09 - app - INFO - 片段 229/245 下载成功 (93.5%)
2026-01-11 14:15:09 - app - INFO - [线程-232] 线程已启动，准备下载片段 232/245
2026-01-11 14:15:09 - app - INFO - [线程-232] 发起HTTP请求: https://ltshsy.gtimg.com/moviets.tc.qq.com/Z_SwcOPzz97fvEs5fodsPdduDdRUD-fDji4Z1Cjx_u04e3QQyYU5p3Hpd...
2026-01-11 14:15:09 - app - INFO - [线程-231] HTTP响应成功，开始写入文件
2026-01-11 14:15:09 - app - INFO - 片段 230/245 下载成功 (93.9%)
2026-01-11 14:15:09 - app - INFO - [线程-233] 线程已启动，准备下载片段 233/245
2026-01-11 14:15:09 - app - INFO - [线程-233] 发起HTTP请求: https://ltshsy.gtimg.com/moviets.tc.qq.com/Z_SwcOPzz97fvEs5fodsPdduDdRUD-fDji4Z1Cjx_u04e3QQyYU5p3Hpd...
2026-01-11 14:15:10 - app - INFO - [线程-229] HTTP响应成功，开始写入文件
2026-01-11 14:15:10 - app - INFO - 片段 231/245 下载成功 (94.3%)
2026-01-11 14:15:10 - app - INFO - [线程-234] 线程已启动，准备下载片段 234/245
2026-01-11 14:15:10 - app - INFO - [线程-234] 发起HTTP请求: https://ltshsy.gtimg.com/moviets.tc.qq.com/Z_SwcOPzz97fvEs5fodsPdduDdRUD-fDji4Z1Cjx_u04e3QQyYU5p3Hpd...
2026-01-11 14:15:16 - app - INFO - [线程-232] HTTP响应成功，开始写入文件
2026-01-11 14:15:16 - app - INFO - 片段 232/245 下载成功 (94.7%)
2026-01-11 14:15:16 - app - INFO - [线程-235] 线程已启动，准备下载片段 235/245
2026-01-11 14:15:16 - app - INFO - [线程-235] 发起HTTP请求: https://ltshsy.gtimg.com/moviets.tc.qq.com/Z_SwcOPzz97fvEs5fodsPdduDdRUD-fDji4Z1Cjx_u04e3QQyYU5p3Hpd...
2026-01-11 14:15:16 - app - INFO - [线程-233] HTTP响应成功，开始写入文件
2026-01-11 14:15:16 - app - INFO - [线程-234] HTTP响应成功，开始写入文件
2026-01-11 14:15:16 - app - INFO - 片段 233/245 下载成功 (95.1%)
2026-01-11 14:15:16 - app - INFO - [线程-236] 线程已启动，准备下载片段 236/245
2026-01-11 14:15:16 - app - INFO - [线程-236] 发起HTTP请求: https://ltshsy.gtimg.com/moviets.tc.qq.com/Z_SwcOPzz97fvEs5fodsPdduDdRUD-fDji4Z1Cjx_u04e3QQyYU5p3Hpd...
2026-01-11 14:15:16 - app - INFO - 片段 234/245 下载成功 (95.5%)
2026-01-11 14:15:16 - app - INFO - [线程-237] 线程已启动，准备下载片段 237/245
2026-01-11 14:15:16 - app - INFO - [线程-237] 发起HTTP请求: https://ltshsy.gtimg.com/moviets.tc.qq.com/Z_SwcOPzz97fvEs5fodsPdduDdRUD-fDji4Z1Cjx_u04e3QQyYU5p3Hpd...
2026-01-11 14:15:17 - app - INFO - [线程-237] HTTP响应成功，开始写入文件
2026-01-11 14:15:17 - app - INFO - 片段 235/245 下载成功 (95.9%)
2026-01-11 14:15:17 - app - INFO - [线程-238] 线程已启动，准备下载片段 238/245
2026-01-11 14:15:17 - app - INFO - [线程-238] 发起HTTP请求: https://ltshsy.gtimg.com/moviets.tc.qq.com/Z_SwcOPzz97fvEs5fodsPdduDdRUD-fDji4Z1Cjx_u04e3QQyYU5p3Hpd...
2026-01-11 14:15:17 - app - INFO - [线程-235] HTTP响应成功，开始写入文件
2026-01-11 14:15:17 - app - INFO - 片段 236/245 下载成功 (96.3%)
2026-01-11 14:15:17 - app - INFO - [线程-239] 线程已启动，准备下载片段 239/245
2026-01-11 14:15:17 - app - INFO - [线程-239] 发起HTTP请求: https://ltshsy.gtimg.com/moviets.tc.qq.com/Z_SwcOPzz97fvEs5fodsPdduDdRUD-fDji4Z1Cjx_u04e3QQyYU5p3Hpd...
2026-01-11 14:15:18 - app - INFO - [线程-238] HTTP响应成功，开始写入文件
2026-01-11 14:15:18 - app - INFO - 片段 237/245 下载成功 (96.7%)
2026-01-11 14:15:18 - app - INFO - [线程-240] 线程已启动，准备下载片段 240/245
2026-01-11 14:15:18 - app - INFO - [线程-240] 发起HTTP请求: https://ltshsy.gtimg.com/moviets.tc.qq.com/Z_SwcOPzz97fvEs5fodsPdduDdRUD-fDji4Z1Cjx_u04e3QQyYU5p3Hpd...
2026-01-11 14:15:18 - app - INFO - [线程-239] HTTP响应成功，开始写入文件
2026-01-11 14:15:18 - app - INFO - 片段 238/245 下载成功 (97.1%)
2026-01-11 14:15:18 - app - INFO - [线程-241] 线程已启动，准备下载片段 241/245
2026-01-11 14:15:18 - app - INFO - [线程-241] 发起HTTP请求: https://ltshsy.gtimg.com/moviets.tc.qq.com/Z_SwcOPzz97fvEs5fodsPdduDdRUD-fDji4Z1Cjx_u04e3QQyYU5p3Hpd...
2026-01-11 14:15:19 - app - INFO - [线程-236] HTTP响应成功，开始写入文件
2026-01-11 14:15:19 - app - INFO - 片段 239/245 下载成功 (97.6%)
2026-01-11 14:15:19 - app - INFO - [线程-242] 线程已启动，准备下载片段 242/245
2026-01-11 14:15:19 - app - INFO - [线程-242] 发起HTTP请求: https://ltshsy.gtimg.com/moviets.tc.qq.com/Z_SwcOPzz97fvEs5fodsPdduDdRUD-fDji4Z1Cjx_u04e3QQyYU5p3Hpd...
2026-01-11 14:15:19 - app - INFO - [线程-241] HTTP响应成功，开始写入文件
2026-01-11 14:15:19 - app - INFO - 片段 240/245 下载成功 (98.0%)
2026-01-11 14:15:19 - app - INFO - [线程-243] 线程已启动，准备下载片段 243/245
2026-01-11 14:15:19 - app - INFO - [线程-243] 发起HTTP请求: https://ltshsy.gtimg.com/moviets.tc.qq.com/Z_SwcOPzz97fvEs5fodsPdduDdRUD-fDji4Z1Cjx_u04e3QQyYU5p3Hpd...
2026-01-11 14:15:19 - app - INFO - [线程-240] HTTP响应成功，开始写入文件
2026-01-11 14:15:19 - app - INFO - 片段 241/245 下载成功 (98.4%)
2026-01-11 14:15:19 - app - INFO - [线程-244] 线程已启动，准备下载片段 244/245
2026-01-11 14:15:19 - app - INFO - [线程-244] 发起HTTP请求: https://ltshsy.gtimg.com/moviets.tc.qq.com/Z_SwcOPzz97fvEs5fodsPdduDdRUD-fDji4Z1Cjx_u04e3QQyYU5p3Hpd...
2026-01-11 14:15:19 - app - INFO - [线程-242] HTTP响应成功，开始写入文件
2026-01-11 14:15:19 - app - INFO - 片段 242/245 下载成功 (98.8%)
2026-01-11 14:15:19 - app - INFO - [线程-245] 线程已启动，准备下载片段 245/245
2026-01-11 14:15:19 - app - INFO - [线程-245] 发起HTTP请求: https://ltshsy.gtimg.com/moviets.tc.qq.com/Z_SwcOPzz97fvEs5fodsPdduDdRUD-fDji4Z1Cjx_u04e3QQyYU5p3Hpd...
2026-01-11 14:15:20 - app - INFO - [线程-243] HTTP响应成功，开始写入文件
2026-01-11 14:15:20 - app - INFO - 片段 243/245 下载成功 (99.2%)
2026-01-11 14:15:20 - app - INFO - [线程-245] HTTP响应成功，开始写入文件
2026-01-11 14:15:20 - app - INFO - 片段 244/245 下载成功 (99.6%)
2026-01-11 14:15:20 - app - INFO - [线程-244] HTTP响应成功，开始写入文件
2026-01-11 14:15:20 - app - INFO - 片段 245/245 下载成功 (100.0%)
2026-01-11 14:15:20 - app - INFO - 所有下载任务已完成
2026-01-11 14:15:20 - app - INFO - 开始合并 245 个视频片段
2026-01-11 14:15:20 - app - INFO - 尝试合并策略: TS-copy - 直接复制流
2026-01-11 14:15:49 - app - INFO - 合并成功: TS-copy, 文件大小: 1254953437 bytes
2026-01-11 14:15:49 - app - INFO - 临时文件清理完成
2026-01-11 14:15:49 - app - INFO - 视频下载完成: 第01集 - 火力开年！赵丽颖黄晓明热血群像造城筑梦, 大小: 1254953437 bytes
2026-01-11 14:15:49 - app - INFO - 正则替换: 第01集 - 火力开年！赵丽颖黄晓明热血群像造城筑梦 -> 小城大事.2026.S01E1
2026-01-11 14:15:49 - app - INFO - 文件已移动到正式目录: C:\Data\下载\电视剧\小城大事\小城大事.2026.S01E1.mp4
2026-01-11 14:15:49 - app - INFO - 开始解析剧集: 第02集 - 李秋萍郑德诚竞选，书记花落谁家？, URL: https://v.qq.com/x/cover/mzc00200o3jp0vf/s41015h5udp.html
2026-01-11 14:15:49 - app - INFO - 解析剧集: 第02集 - 李秋萍郑德诚竞选，书记花落谁家？ - https://v.qq.com/x/cover/mzc00200o3jp0vf/s41015h5udp.html
2026-01-11 14:15:49 - app - INFO - 已加载默认解析接口
2026-01-11 14:15:49 - app - INFO - 开始解析影视地址: https://v.qq.com/x/cover/mzc00200o3jp0vf/s41015h5udp.html, 共有 1 个接口可用
2026-01-11 14:15:49 - app - INFO - 尝试接口 #1: 默认接口
2026-01-11 14:15:49 - app - INFO - 配置 - 下载地址路径: final_url, 状态码路径: code, 成功状态码: 200
2026-01-11 14:15:52 - app - INFO - 接口 #1 响应: {'code': 200, 'msg': '获取跳转地址成功（已缓存）', 'initial_url': 'https://v.qq.com/x/cover/mzc00200o3jp0vf/s41015h5udp.html', 'final_url': 'https://ltshsy.gtimg.com/vipts.tc.qq.com/Z_jNehLafagn-akjQo1h6HGsaZudQ9--1noVFYBFkScX63QQyYU5p3HpdXnG9MYnEqgz1VroONbig1R7_WJTMSKQA8C6Lp1Oc5DOSM8bHRpWU3o9KhbECvHjLd7xeNqXBPeufCaHRLCjbq7IdiWZOmDULK_ebBObvkYd39aTFeWtaiRq197Hv1bukNpmuInWcnBBLar3w64jWR04KcJL8rwg==/B_EidIw_w5nnOTTl2xLIvg5osk84gk-t34sJVwmtVCID7Ptza7DflId-6VrNk1Cjezk-1GNg3JowgmpNXOdEGAqiuIQwW1OzIsSoALySZATw2_ifgfIQ2zNA938ojN4IGWOg5DAtQ6SK7CJM005M8ieA/svp_50112/f_Ew2-s4hJ5pgjBmwKXlV58ArxAAH53aFat5BSy9sh9KGpBTAELF4MCSBd8V0Nx03fpruPcpBoMLMwbNYwEDK2snGM-N5YRDC0_TPOX3AYJYCsXu8nCdkf_kpAnDqg7tcqXTMDrVDoYhdeUxjUkN8wQJUFYDICYXyaZq5g8iVA6B536Dub4TI0Dztv_9wVoenD8tkQFFNPU/gzc_1000102_0b53iuanaaaauaaajmta45u4arod2beqbvca.f322016.ts.m3u8?ver=4'}
2026-01-11 14:15:52 - app - INFO - ✓ 接口 #1 解析成功: https://v.qq.com/x/cover/mzc00200o3jp0vf/s41015h5udp.html -> https://ltshsy.gtimg.com/vipts.tc.qq.com/Z_jNehLafagn-akjQo1h6HGsaZudQ9--1noVFYBFkScX63QQyYU5p3HpdXnG9MYnEqgz1VroONbig1R7_WJTMSKQA8C6Lp1Oc5DOSM8bHRpWU3o9KhbECvHjLd7xeNqXBPeufCaHRLCjbq7IdiWZOmDULK_ebBObvkYd39aTFeWtaiRq197Hv1bukNpmuInWcnBBLar3w64jWR04KcJL8rwg==/B_EidIw_w5nnOTTl2xLIvg5osk84gk-t34sJVwmtVCID7Ptza7DflId-6VrNk1Cjezk-1GNg3JowgmpNXOdEGAqiuIQwW1OzIsSoALySZATw2_ifgfIQ2zNA938ojN4IGWOg5DAtQ6SK7CJM005M8ieA/svp_50112/f_Ew2-s4hJ5pgjBmwKXlV58ArxAAH53aFat5BSy9sh9KGpBTAELF4MCSBd8V0Nx03fpruPcpBoMLMwbNYwEDK2snGM-N5YRDC0_TPOX3AYJYCsXu8nCdkf_kpAnDqg7tcqXTMDrVDoYhdeUxjUkN8wQJUFYDICYXyaZq5g8iVA6B536Dub4TI0Dztv_9wVoenD8tkQFFNPU/gzc_1000102_0b53iuanaaaauaaajmta45u4arod2beqbvca.f322016.ts.m3u8?ver=4
2026-01-11 14:15:52 - app - INFO - 解析成功，开始下载: 第02集 - 李秋萍郑德诚竞选，书记花落谁家？ -> https://ltshsy.gtimg.com/vipts.tc.qq.com/Z_jNehLafagn-akjQo1h6HGsaZudQ9--1noVFYBFkScX63QQyYU5p3HpdXnG9MYnEqgz1VroONbig1R7_WJTMSKQA8C6Lp1Oc5DOSM8bHRpWU3o9KhbECvHjLd7xeNqXBPeufCaHRLCjbq7IdiWZOmDULK_ebBObvkYd39aTFeWtaiRq197Hv1bukNpmuInWcnBBLar3w64jWR04KcJL8rwg==/B_EidIw_w5nnOTTl2xLIvg5osk84gk-t34sJVwmtVCID7Ptza7DflId-6VrNk1Cjezk-1GNg3JowgmpNXOdEGAqiuIQwW1OzIsSoALySZATw2_ifgfIQ2zNA938ojN4IGWOg5DAtQ6SK7CJM005M8ieA/svp_50112/f_Ew2-s4hJ5pgjBmwKXlV58ArxAAH53aFat5BSy9sh9KGpBTAELF4MCSBd8V0Nx03fpruPcpBoMLMwbNYwEDK2snGM-N5YRDC0_TPOX3AYJYCsXu8nCdkf_kpAnDqg7tcqXTMDrVDoYhdeUxjUkN8wQJUFYDICYXyaZq5g8iVA6B536Dub4TI0Dztv_9wVoenD8tkQFFNPU/gzc_1000102_0b53iuanaaaauaaajmta45u4arod2beqbvca.f322016.ts.m3u8?ver=4
2026-01-11 14:15:52 - app - INFO - 检测到m3u8格式，使用HLS下载器: 第02集 - 李秋萍郑德诚竞选，书记花落谁家？
2026-01-11 14:15:52 - app - INFO - 开始下载m3u8视频: 第02集 - 李秋萍郑德诚竞选，书记花落谁家？
2026-01-11 14:16:04 - app - INFO - m3u8文件下载成功，开始解析
2026-01-11 14:16:04 - app - INFO - 解析到 244 个视频片段
2026-01-11 14:16:04 - app - INFO - 开始下载 244 个视频片段（共 244 个）
2026-01-11 14:16:04 - app - INFO - 使用配置的线程数: 3
2026-01-11 14:16:04 - app - INFO - 启动 3 个线程开始并发下载...
2026-01-11 14:16:04 - app - INFO - [线程-1] 线程已启动，准备下载片段 1/244
2026-01-11 14:16:04 - app - INFO - [线程-2] 线程已启动，准备下载片段 2/244
2026-01-11 14:16:04 - app - INFO - [线程-3] 线程已启动，准备下载片段 3/244
2026-01-11 14:16:04 - app - INFO - 已提交 244 个下载任务到线程池
2026-01-11 14:16:04 - app - INFO - [线程-1] 发起HTTP请求: https://ltshsy.gtimg.com/vipts.tc.qq.com/Z_jNehLafagn-akjQo1h6HGsaZudQ9--1noVFYBFkScX63QQyYU5p3HpdXn...
2026-01-11 14:16:04 - app - INFO - [线程-3] 发起HTTP请求: https://ltshsy.gtimg.com/vipts.tc.qq.com/Z_jNehLafagn-akjQo1h6HGsaZudQ9--1noVFYBFkScX63QQyYU5p3HpdXn...
2026-01-11 14:16:04 - app - INFO - [线程-2] 发起HTTP请求: https://ltshsy.gtimg.com/vipts.tc.qq.com/Z_jNehLafagn-akjQo1h6HGsaZudQ9--1noVFYBFkScX63QQyYU5p3HpdXn...
2026-01-11 14:16:05 - app - INFO - [线程-1] HTTP响应成功，开始写入文件
2026-01-11 14:16:05 - app - INFO - 片段 1/244 下载成功 (0.4%)
2026-01-11 14:16:05 - app - INFO - [线程-4] 线程已启动，准备下载片段 4/244
2026-01-11 14:16:05 - app - INFO - [线程-4] 发起HTTP请求: https://ltshsy.gtimg.com/vipts.tc.qq.com/Z_jNehLafagn-akjQo1h6HGsaZudQ9--1noVFYBFkScX63QQyYU5p3HpdXn...
2026-01-11 14:16:05 - app - INFO - [线程-2] HTTP响应成功，开始写入文件
2026-01-11 14:16:05 - app - INFO - 片段 2/244 下载成功 (0.8%)
2026-01-11 14:16:05 - app - INFO - [线程-5] 线程已启动，准备下载片段 5/244
2026-01-11 14:16:05 - app - INFO - [线程-5] 发起HTTP请求: https://ltshsy.gtimg.com/vipts.tc.qq.com/Z_jNehLafagn-akjQo1h6HGsaZudQ9--1noVFYBFkScX63QQyYU5p3HpdXn...
2026-01-11 14:16:05 - app - INFO - [线程-3] HTTP响应成功，开始写入文件
2026-01-11 14:16:05 - app - INFO - 片段 3/244 下载成功 (1.2%)
2026-01-11 14:16:05 - app - INFO - [线程-6] 线程已启动，准备下载片段 6/244
2026-01-11 14:16:05 - app - INFO - [线程-6] 发起HTTP请求: https://ltshsy.gtimg.com/vipts.tc.qq.com/Z_jNehLafagn-akjQo1h6HGsaZudQ9--1noVFYBFkScX63QQyYU5p3HpdXn...
2026-01-11 14:16:06 - app - INFO - [线程-4] HTTP响应成功，开始写入文件
2026-01-11 14:16:06 - app - INFO - 片段 4/244 下载成功 (1.6%)
2026-01-11 14:16:06 - app - INFO - [线程-7] 线程已启动，准备下载片段 7/244
2026-01-11 14:16:06 - app - INFO - [线程-7] 发起HTTP请求: https://ltshsy.gtimg.com/vipts.tc.qq.com/Z_jNehLafagn-akjQo1h6HGsaZudQ9--1noVFYBFkScX63QQyYU5p3HpdXn...
2026-01-11 14:16:07 - app - INFO - [线程-5] HTTP响应成功，开始写入文件
2026-01-11 14:16:07 - app - INFO - 片段 5/244 下载成功 (2.0%)
2026-01-11 14:16:07 - app - INFO - [线程-8] 线程已启动，准备下载片段 8/244
2026-01-11 14:16:07 - app - INFO - [线程-8] 发起HTTP请求: https://ltshsy.gtimg.com/vipts.tc.qq.com/Z_jNehLafagn-akjQo1h6HGsaZudQ9--1noVFYBFkScX63QQyYU5p3HpdXn...
2026-01-11 14:16:08 - app - INFO - [线程-7] HTTP响应成功，开始写入文件
2026-01-11 14:16:08 - app - INFO - 片段 6/244 下载成功 (2.5%)
2026-01-11 14:16:08 - app - INFO - [线程-9] 线程已启动，准备下载片段 9/244
2026-01-11 14:16:08 - app - INFO - [线程-9] 发起HTTP请求: https://ltshsy.gtimg.com/vipts.tc.qq.com/Z_jNehLafagn-akjQo1h6HGsaZudQ9--1noVFYBFkScX63QQyYU5p3HpdXn...
2026-01-11 14:16:09 - app - INFO - [线程-6] HTTP响应成功，开始写入文件
2026-01-11 14:16:09 - app - INFO - 片段 7/244 下载成功 (2.9%)
2026-01-11 14:16:09 - app - INFO - [线程-10] 线程已启动，准备下载片段 10/244
2026-01-11 14:16:09 - app - INFO - [线程-10] 发起HTTP请求: https://ltshsy.gtimg.com/vipts.tc.qq.com/Z_jNehLafagn-akjQo1h6HGsaZudQ9--1noVFYBFkScX63QQyYU5p3HpdXn...
2026-01-11 14:16:10 - app - INFO - [线程-9] HTTP响应成功，开始写入文件
2026-01-11 14:16:10 - app - INFO - 片段 8/244 下载成功 (3.3%)
2026-01-11 14:16:10 - app - INFO - [线程-11] 线程已启动，准备下载片段 11/244
2026-01-11 14:16:10 - app - INFO - [线程-11] 发起HTTP请求: https://ltshsy.gtimg.com/vipts.tc.qq.com/Z_jNehLafagn-akjQo1h6HGsaZudQ9--1noVFYBFkScX63QQyYU5p3HpdXn...
2026-01-11 14:16:11 - app - INFO - [线程-8] HTTP响应成功，开始写入文件
2026-01-11 14:16:11 - app - INFO - 片段 9/244 下载成功 (3.7%)
2026-01-11 14:16:11 - app - INFO - [线程-12] 线程已启动，准备下载片段 12/244
2026-01-11 14:16:11 - app - INFO - [线程-12] 发起HTTP请求: https://ltshsy.gtimg.com/vipts.tc.qq.com/Z_jNehLafagn-akjQo1h6HGsaZudQ9--1noVFYBFkScX63QQyYU5p3HpdXn...
2026-01-11 14:16:15 - app - INFO - [线程-10] HTTP响应成功，开始写入文件
2026-01-11 14:16:16 - app - INFO - 片段 10/244 下载成功 (4.1%)
2026-01-11 14:16:16 - app - INFO - [线程-13] 线程已启动，准备下载片段 13/244
2026-01-11 14:16:16 - app - INFO - [线程-13] 发起HTTP请求: https://ltshsy.gtimg.com/vipts.tc.qq.com/Z_jNehLafagn-akjQo1h6HGsaZudQ9--1noVFYBFkScX63QQyYU5p3HpdXn...
2026-01-11 14:16:16 - app - INFO - [线程-11] HTTP响应成功，开始写入文件
2026-01-11 14:16:16 - app - INFO - 片段 11/244 下载成功 (4.5%)
2026-01-11 14:16:16 - app - INFO - [线程-14] 线程已启动，准备下载片段 14/244
2026-01-11 14:16:16 - app - INFO - [线程-14] 发起HTTP请求: https://ltshsy.gtimg.com/vipts.tc.qq.com/Z_jNehLafagn-akjQo1h6HGsaZudQ9--1noVFYBFkScX63QQyYU5p3HpdXn...
2026-01-11 14:16:17 - app - INFO - [线程-13] HTTP响应成功，开始写入文件
2026-01-11 14:16:17 - app - INFO - 片段 12/244 下载成功 (4.9%)
2026-01-11 14:16:17 - app - INFO - [线程-15] 线程已启动，准备下载片段 15/244
2026-01-11 14:16:17 - app - INFO - [线程-15] 发起HTTP请求: https://ltshsy.gtimg.com/vipts.tc.qq.com/Z_jNehLafagn-akjQo1h6HGsaZudQ9--1noVFYBFkScX63QQyYU5p3HpdXn...
2026-01-11 14:16:17 - app - INFO - [线程-12] HTTP响应成功，开始写入文件
2026-01-11 14:16:17 - app - INFO - 片段 13/244 下载成功 (5.3%)
2026-01-11 14:16:17 - app - INFO - [线程-16] 线程已启动，准备下载片段 16/244
2026-01-11 14:16:17 - app - INFO - [线程-16] 发起HTTP请求: https://ltshsy.gtimg.com/vipts.tc.qq.com/Z_jNehLafagn-akjQo1h6HGsaZudQ9--1noVFYBFkScX63QQyYU5p3HpdXn...
2026-01-11 14:16:17 - app - INFO - [线程-14] HTTP响应成功，开始写入文件
2026-01-11 14:16:17 - app - INFO - 片段 14/244 下载成功 (5.7%)
2026-01-11 14:16:17 - app - INFO - [线程-17] 线程已启动，准备下载片段 17/244
2026-01-11 14:16:17 - app - INFO - [线程-17] 发起HTTP请求: https://ltshsy.gtimg.com/vipts.tc.qq.com/Z_jNehLafagn-akjQo1h6HGsaZudQ9--1noVFYBFkScX63QQyYU5p3HpdXn...
2026-01-11 14:16:17 - app - INFO - [线程-15] HTTP响应成功，开始写入文件
2026-01-11 14:16:17 - app - INFO - 片段 15/244 下载成功 (6.1%)
2026-01-11 14:16:17 - app - INFO - [线程-18] 线程已启动，准备下载片段 18/244
2026-01-11 14:16:17 - app - INFO - [线程-18] 发起HTTP请求: https://ltshsy.gtimg.com/vipts.tc.qq.com/Z_jNehLafagn-akjQo1h6HGsaZudQ9--1noVFYBFkScX63QQyYU5p3HpdXn...
2026-01-11 14:16:18 - app - INFO - [线程-17] HTTP响应成功，开始写入文件
2026-01-11 14:16:18 - app - INFO - 片段 16/244 下载成功 (6.6%)
2026-01-11 14:16:18 - app - INFO - [线程-19] 线程已启动，准备下载片段 19/244
2026-01-11 14:16:18 - app - INFO - [线程-19] 发起HTTP请求: https://ltshsy.gtimg.com/vipts.tc.qq.com/Z_jNehLafagn-akjQo1h6HGsaZudQ9--1noVFYBFkScX63QQyYU5p3HpdXn...
2026-01-11 14:16:18 - app - INFO - [线程-18] HTTP响应成功，开始写入文件
2026-01-11 14:16:18 - app - INFO - 片段 17/244 下载成功 (7.0%)
2026-01-11 14:16:18 - app - INFO - [线程-20] 线程已启动，准备下载片段 20/244
2026-01-11 14:16:18 - app - INFO - [线程-20] 发起HTTP请求: https://ltshsy.gtimg.com/vipts.tc.qq.com/Z_jNehLafagn-akjQo1h6HGsaZudQ9--1noVFYBFkScX63QQyYU5p3HpdXn...
2026-01-11 14:16:19 - app - INFO - [线程-20] HTTP响应成功，开始写入文件
2026-01-11 14:16:19 - app - INFO - [线程-16] HTTP响应成功，开始写入文件
2026-01-11 14:16:19 - app - INFO - 片段 18/244 下载成功 (7.4%)
2026-01-11 14:16:19 - app - INFO - [线程-21] 线程已启动，准备下载片段 21/244
2026-01-11 14:16:19 - app - INFO - [线程-21] 发起HTTP请求: https://ltshsy.gtimg.com/vipts.tc.qq.com/Z_jNehLafagn-akjQo1h6HGsaZudQ9--1noVFYBFkScX63QQyYU5p3HpdXn...
2026-01-11 14:16:19 - app - INFO - 片段 19/244 下载成功 (7.8%)
2026-01-11 14:16:19 - app - INFO - [线程-22] 线程已启动，准备下载片段 22/244
2026-01-11 14:16:19 - app - INFO - [线程-22] 发起HTTP请求: https://ltshsy.gtimg.com/vipts.tc.qq.com/Z_jNehLafagn-akjQo1h6HGsaZudQ9--1noVFYBFkScX63QQyYU5p3HpdXn...
2026-01-11 14:16:20 - app - INFO - [线程-21] HTTP响应成功，开始写入文件
2026-01-11 14:16:20 - app - INFO - 片段 20/244 下载成功 (8.2%)
2026-01-11 14:16:20 - app - INFO - [线程-23] 线程已启动，准备下载片段 23/244
2026-01-11 14:16:20 - app - INFO - [线程-23] 发起HTTP请求: https://ltshsy.gtimg.com/vipts.tc.qq.com/Z_jNehLafagn-akjQo1h6HGsaZudQ9--1noVFYBFkScX63QQyYU5p3HpdXn...
2026-01-11 14:16:21 - app - INFO - [线程-19] HTTP响应成功，开始写入文件
2026-01-11 14:16:21 - app - INFO - 片段 21/244 下载成功 (8.6%)
2026-01-11 14:16:21 - app - INFO - [线程-24] 线程已启动，准备下载片段 24/244
2026-01-11 14:16:21 - app - INFO - [线程-24] 发起HTTP请求: https://ltshsy.gtimg.com/vipts.tc.qq.com/Z_jNehLafagn-akjQo1h6HGsaZudQ9--1noVFYBFkScX63QQyYU5p3HpdXn...
2026-01-11 14:16:21 - app - INFO - [线程-22] HTTP响应成功，开始写入文件
2026-01-11 14:16:21 - app - INFO - 片段 22/244 下载成功 (9.0%)
2026-01-11 14:16:21 - app - INFO - [线程-25] 线程已启动，准备下载片段 25/244
2026-01-11 14:16:21 - app - INFO - [线程-25] 发起HTTP请求: https://ltshsy.gtimg.com/vipts.tc.qq.com/Z_jNehLafagn-akjQo1h6HGsaZudQ9--1noVFYBFkScX63QQyYU5p3HpdXn...
2026-01-11 14:16:29 - app - INFO - [线程-23] HTTP响应成功，开始写入文件
2026-01-11 14:16:29 - app - INFO - 片段 23/244 下载成功 (9.4%)
2026-01-11 14:16:29 - app - INFO - [线程-26] 线程已启动，准备下载片段 26/244
2026-01-11 14:16:29 - app - INFO - [线程-26] 发起HTTP请求: https://ltshsy.gtimg.com/vipts.tc.qq.com/Z_jNehLafagn-akjQo1h6HGsaZudQ9--1noVFYBFkScX63QQyYU5p3HpdXn...
2026-01-11 14:16:29 - app - INFO - [线程-26] HTTP响应成功，开始写入文件
2026-01-11 14:16:29 - app - INFO - 片段 24/244 下载成功 (9.8%)
2026-01-11 14:16:29 - app - INFO - [线程-27] 线程已启动，准备下载片段 27/244
2026-01-11 14:16:29 - app - INFO - [线程-27] 发起HTTP请求: https://ltshsy.gtimg.com/vipts.tc.qq.com/Z_jNehLafagn-akjQo1h6HGsaZudQ9--1noVFYBFkScX63QQyYU5p3HpdXn...
2026-01-11 14:16:30 - app - INFO - [线程-25] HTTP响应成功，开始写入文件
2026-01-11 14:16:30 - app - INFO - 片段 25/244 下载成功 (10.2%)
2026-01-11 14:16:30 - app - INFO - [线程-28] 线程已启动，准备下载片段 28/244
2026-01-11 14:16:30 - app - INFO - [线程-28] 发起HTTP请求: https://ltshsy.gtimg.com/vipts.tc.qq.com/Z_jNehLafagn-akjQo1h6HGsaZudQ9--1noVFYBFkScX63QQyYU5p3HpdXn...
2026-01-11 14:16:30 - app - INFO - [线程-24] HTTP响应成功，开始写入文件
2026-01-11 14:16:30 - app - INFO - 片段 26/244 下载成功 (10.7%)
2026-01-11 14:16:30 - app - INFO - [线程-29] 线程已启动，准备下载片段 29/244
2026-01-11 14:16:30 - app - INFO - [线程-29] 发起HTTP请求: https://ltshsy.gtimg.com/vipts.tc.qq.com/Z_jNehLafagn-akjQo1h6HGsaZudQ9--1noVFYBFkScX63QQyYU5p3HpdXn...
2026-01-11 14:16:31 - app - INFO - [线程-27] HTTP响应成功，开始写入文件
2026-01-11 14:16:31 - app - INFO - 片段 27/244 下载成功 (11.1%)
2026-01-11 14:16:31 - app - INFO - [线程-30] 线程已启动，准备下载片段 30/244
2026-01-11 14:16:31 - app - INFO - [线程-28] HTTP响应成功，开始写入文件
2026-01-11 14:16:31 - app - INFO - [线程-30] 发起HTTP请求: https://ltshsy.gtimg.com/vipts.tc.qq.com/Z_jNehLafagn-akjQo1h6HGsaZudQ9--1noVFYBFkScX63QQyYU5p3HpdXn...
2026-01-11 14:16:31 - app - INFO - 片段 28/244 下载成功 (11.5%)
2026-01-11 14:16:31 - app - INFO - [线程-31] 线程已启动，准备下载片段 31/244
2026-01-11 14:16:31 - app - INFO - [线程-31] 发起HTTP请求: https://ltshsy.gtimg.com/vipts.tc.qq.com/Z_jNehLafagn-akjQo1h6HGsaZudQ9--1noVFYBFkScX63QQyYU5p3HpdXn...
2026-01-11 14:16:32 - app - INFO - [线程-29] HTTP响应成功，开始写入文件
2026-01-11 14:16:32 - app - INFO - 片段 29/244 下载成功 (11.9%)
2026-01-11 14:16:32 - app - INFO - [线程-32] 线程已启动，准备下载片段 32/244
2026-01-11 14:16:32 - app - INFO - [线程-32] 发起HTTP请求: https://ltshsy.gtimg.com/vipts.tc.qq.com/Z_jNehLafagn-akjQo1h6HGsaZudQ9--1noVFYBFkScX63QQyYU5p3HpdXn...
2026-01-11 14:16:38 - app - INFO - [线程-31] HTTP响应成功，开始写入文件
2026-01-11 14:16:38 - app - INFO - 片段 30/244 下载成功 (12.3%)
2026-01-11 14:16:38 - app - INFO - [线程-33] 线程已启动，准备下载片段 33/244
2026-01-11 14:16:38 - app - INFO - [线程-33] 发起HTTP请求: https://ltshsy.gtimg.com/vipts.tc.qq.com/Z_jNehLafagn-akjQo1h6HGsaZudQ9--1noVFYBFkScX63QQyYU5p3HpdXn...
2026-01-11 14:16:38 - app - INFO - [线程-30] HTTP响应成功，开始写入文件
2026-01-11 14:16:38 - app - INFO - 片段 31/244 下载成功 (12.7%)
2026-01-11 14:16:38 - app - INFO - [线程-34] 线程已启动，准备下载片段 34/244
2026-01-11 14:16:38 - app - INFO - [线程-34] 发起HTTP请求: https://ltshsy.gtimg.com/vipts.tc.qq.com/Z_jNehLafagn-akjQo1h6HGsaZudQ9--1noVFYBFkScX63QQyYU5p3HpdXn...
2026-01-11 14:16:38 - app - INFO - [线程-33] HTTP响应成功，开始写入文件
2026-01-11 14:16:38 - app - INFO - 片段 32/244 下载成功 (13.1%)
2026-01-11 14:16:38 - app - INFO - [线程-35] 线程已启动，准备下载片段 35/244
2026-01-11 14:16:38 - app - INFO - [线程-35] 发起HTTP请求: https://ltshsy.gtimg.com/vipts.tc.qq.com/Z_jNehLafagn-akjQo1h6HGsaZudQ9--1noVFYBFkScX63QQyYU5p3HpdXn...
2026-01-11 14:16:38 - app - INFO - [线程-32] HTTP响应成功，开始写入文件
2026-01-11 14:16:38 - app - INFO - 片段 33/244 下载成功 (13.5%)
2026-01-11 14:16:38 - app - INFO - [线程-36] 线程已启动，准备下载片段 36/244
2026-01-11 14:16:38 - app - INFO - [线程-36] 发起HTTP请求: https://ltshsy.gtimg.com/vipts.tc.qq.com/Z_jNehLafagn-akjQo1h6HGsaZudQ9--1noVFYBFkScX63QQyYU5p3HpdXn...
2026-01-11 14:16:39 - app - INFO - [线程-35] HTTP响应成功，开始写入文件
2026-01-11 14:16:39 - app - INFO - 片段 34/244 下载成功 (13.9%)
2026-01-11 14:16:39 - app - INFO - [线程-37] 线程已启动，准备下载片段 37/244
2026-01-11 14:16:39 - app - INFO - [线程-37] 发起HTTP请求: https://ltshsy.gtimg.com/vipts.tc.qq.com/Z_jNehLafagn-akjQo1h6HGsaZudQ9--1noVFYBFkScX63QQyYU5p3HpdXn...
2026-01-11 14:16:39 - app - INFO - [线程-36] HTTP响应成功，开始写入文件
2026-01-11 14:16:39 - app - INFO - 片段 35/244 下载成功 (14.3%)
2026-01-11 14:16:40 - app - INFO - [线程-38] 线程已启动，准备下载片段 38/244
2026-01-11 14:16:40 - app - INFO - [线程-38] 发起HTTP请求: https://ltshsy.gtimg.com/vipts.tc.qq.com/Z_jNehLafagn-akjQo1h6HGsaZudQ9--1noVFYBFkScX63QQyYU5p3HpdXn...
2026-01-11 14:16:40 - app - INFO - [线程-34] HTTP响应成功，开始写入文件
2026-01-11 14:16:40 - app - INFO - 片段 36/244 下载成功 (14.8%)
2026-01-11 14:16:40 - app - INFO - [线程-39] 线程已启动，准备下载片段 39/244
2026-01-11 14:16:40 - app - INFO - [线程-39] 发起HTTP请求: https://ltshsy.gtimg.com/vipts.tc.qq.com/Z_jNehLafagn-akjQo1h6HGsaZudQ9--1noVFYBFkScX63QQyYU5p3HpdXn...
2026-01-11 14:16:40 - app - INFO - [线程-37] HTTP响应成功，开始写入文件
2026-01-11 14:16:40 - app - INFO - 片段 37/244 下载成功 (15.2%)
2026-01-11 14:16:40 - app - INFO - [线程-40] 线程已启动，准备下载片段 40/244
2026-01-11 14:16:40 - app - INFO - [线程-40] 发起HTTP请求: https://ltshsy.gtimg.com/vipts.tc.qq.com/Z_jNehLafagn-akjQo1h6HGsaZudQ9--1noVFYBFkScX63QQyYU5p3HpdXn...
2026-01-11 14:16:41 - app - INFO - [线程-40] HTTP响应成功，开始写入文件
2026-01-11 14:16:41 - app - INFO - 片段 38/244 下载成功 (15.6%)
2026-01-11 14:16:41 - app - INFO - [线程-39] HTTP响应成功，开始写入文件
2026-01-11 14:16:41 - app - INFO - [线程-41] 线程已启动，准备下载片段 41/244
2026-01-11 14:16:41 - app - INFO - [线程-41] 发起HTTP请求: https://ltshsy.gtimg.com/vipts.tc.qq.com/Z_jNehLafagn-akjQo1h6HGsaZudQ9--1noVFYBFkScX63QQyYU5p3HpdXn...
2026-01-11 14:16:41 - app - INFO - 片段 39/244 下载成功 (16.0%)
2026-01-11 14:16:41 - app - INFO - [线程-42] 线程已启动，准备下载片段 42/244
2026-01-11 14:16:41 - app - INFO - [线程-42] 发起HTTP请求: https://ltshsy.gtimg.com/vipts.tc.qq.com/Z_jNehLafagn-akjQo1h6HGsaZudQ9--1noVFYBFkScX63QQyYU5p3HpdXn...
2026-01-11 14:16:41 - app - INFO - [线程-38] HTTP响应成功，开始写入文件
2026-01-11 14:16:41 - app - INFO - 片段 40/244 下载成功 (16.4%)
2026-01-11 14:16:41 - app - INFO - [线程-43] 线程已启动，准备下载片段 43/244
2026-01-11 14:16:41 - app - INFO - [线程-43] 发起HTTP请求: https://ltshsy.gtimg.com/vipts.tc.qq.com/Z_jNehLafagn-akjQo1h6HGsaZudQ9--1noVFYBFkScX63QQyYU5p3HpdXn...
2026-01-11 14:16:42 - app - INFO - [线程-41] HTTP响应成功，开始写入文件
2026-01-11 14:16:42 - app - INFO - 片段 41/244 下载成功 (16.8%)
2026-01-11 14:16:42 - app - INFO - [线程-44] 线程已启动，准备下载片段 44/244
2026-01-11 14:16:42 - app - INFO - [线程-44] 发起HTTP请求: https://ltshsy.gtimg.com/vipts.tc.qq.com/Z_jNehLafagn-akjQo1h6HGsaZudQ9--1noVFYBFkScX63QQyYU5p3HpdXn...
2026-01-11 14:16:42 - app - INFO - [线程-43] HTTP响应成功，开始写入文件
2026-01-11 14:16:42 - app - INFO - 片段 42/244 下载成功 (17.2%)
2026-01-11 14:16:42 - app - INFO - [线程-45] 线程已启动，准备下载片段 45/244
2026-01-11 14:16:42 - app - INFO - [线程-45] 发起HTTP请求: https://ltshsy.gtimg.com/vipts.tc.qq.com/Z_jNehLafagn-akjQo1h6HGsaZudQ9--1noVFYBFkScX63QQyYU5p3HpdXn...
2026-01-11 14:16:43 - app - INFO - [线程-42] HTTP响应成功，开始写入文件
2026-01-11 14:16:43 - app - INFO - 片段 43/244 下载成功 (17.6%)
2026-01-11 14:16:43 - app - INFO - [线程-46] 线程已启动，准备下载片段 46/244
2026-01-11 14:16:43 - app - INFO - [线程-46] 发起HTTP请求: https://ltshsy.gtimg.com/vipts.tc.qq.com/Z_jNehLafagn-akjQo1h6HGsaZudQ9--1noVFYBFkScX63QQyYU5p3HpdXn...
2026-01-11 14:16:43 - app - INFO - [线程-44] HTTP响应成功，开始写入文件
2026-01-11 14:16:43 - app - INFO - 片段 44/244 下载成功 (18.0%)
2026-01-11 14:16:43 - app - INFO - [线程-47] 线程已启动，准备下载片段 47/244
2026-01-11 14:16:43 - app - INFO - [线程-47] 发起HTTP请求: https://ltshsy.gtimg.com/vipts.tc.qq.com/Z_jNehLafagn-akjQo1h6HGsaZudQ9--1noVFYBFkScX63QQyYU5p3HpdXn...
2026-01-11 14:16:48 - app - INFO - [线程-46] HTTP响应成功，开始写入文件
2026-01-11 14:16:49 - app - INFO - [线程-47] HTTP响应成功，开始写入文件
2026-01-11 14:16:49 - app - INFO - 片段 45/244 下载成功 (18.4%)
2026-01-11 14:16:49 - app - INFO - 片段 46/244 下载成功 (18.9%)
2026-01-11 14:16:49 - app - INFO - [线程-48] 线程已启动，准备下载片段 48/244
2026-01-11 14:16:49 - app - INFO - [线程-49] 线程已启动，准备下载片段 49/244
2026-01-11 14:16:49 - app - INFO - [线程-48] 发起HTTP请求: https://ltshsy.gtimg.com/vipts.tc.qq.com/Z_jNehLafagn-akjQo1h6HGsaZudQ9--1noVFYBFkScX63QQyYU5p3HpdXn...
2026-01-11 14:16:49 - app - INFO - [线程-49] 发起HTTP请求: https://ltshsy.gtimg.com/vipts.tc.qq.com/Z_jNehLafagn-akjQo1h6HGsaZudQ9--1noVFYBFkScX63QQyYU5p3HpdXn...
2026-01-11 14:16:49 - app - INFO - [线程-45] HTTP响应成功，开始写入文件
2026-01-11 14:16:49 - app - INFO - 片段 47/244 下载成功 (19.3%)
2026-01-11 14:16:49 - app - INFO - [线程-50] 线程已启动，准备下载片段 50/244
2026-01-11 14:16:49 - app - INFO - [线程-50] 发起HTTP请求: https://ltshsy.gtimg.com/vipts.tc.qq.com/Z_jNehLafagn-akjQo1h6HGsaZudQ9--1noVFYBFkScX63QQyYU5p3HpdXn...
2026-01-11 14:16:49 - app - INFO - [线程-48] HTTP响应成功，开始写入文件
2026-01-11 14:16:49 - app - INFO - [线程-49] HTTP响应成功，开始写入文件
2026-01-11 14:16:49 - app - INFO - 片段 48/244 下载成功 (19.7%)
2026-01-11 14:16:49 - app - INFO - [线程-51] 线程已启动，准备下载片段 51/244
2026-01-11 14:16:50 - app - INFO - [线程-51] 发起HTTP请求: https://ltshsy.gtimg.com/vipts.tc.qq.com/Z_jNehLafagn-akjQo1h6HGsaZudQ9--1noVFYBFkScX63QQyYU5p3HpdXn...
2026-01-11 14:16:50 - app - INFO - 片段 49/244 下载成功 (20.1%)
2026-01-11 14:16:50 - app - INFO - [线程-52] 线程已启动，准备下载片段 52/244
2026-01-11 14:16:50 - app - INFO - [线程-52] 发起HTTP请求: https://ltshsy.gtimg.com/vipts.tc.qq.com/Z_jNehLafagn-akjQo1h6HGsaZudQ9--1noVFYBFkScX63QQyYU5p3HpdXn...
2026-01-11 14:16:50 - app - INFO - [线程-50] HTTP响应成功，开始写入文件
2026-01-11 14:16:50 - app - INFO - 片段 50/244 下载成功 (20.5%)
2026-01-11 14:16:50 - app - INFO - [线程-53] 线程已启动，准备下载片段 53/244
2026-01-11 14:16:50 - app - INFO - [线程-53] 发起HTTP请求: https://ltshsy.gtimg.com/vipts.tc.qq.com/Z_jNehLafagn-akjQo1h6HGsaZudQ9--1noVFYBFkScX63QQyYU5p3HpdXn...
2026-01-11 14:16:50 - app - INFO - [线程-53] HTTP响应成功，开始写入文件
2026-01-11 14:16:51 - app - INFO - 片段 51/244 下载成功 (20.9%)
2026-01-11 14:16:51 - app - INFO - [线程-54] 线程已启动，准备下载片段 54/244
2026-01-11 14:16:51 - app - INFO - [线程-54] 发起HTTP请求: https://ltshsy.gtimg.com/vipts.tc.qq.com/Z_jNehLafagn-akjQo1h6HGsaZudQ9--1noVFYBFkScX63QQyYU5p3HpdXn...
2026-01-11 14:16:51 - app - INFO - [线程-54] HTTP响应成功，开始写入文件
2026-01-11 14:16:51 - app - INFO - 片段 52/244 下载成功 (21.3%)
2026-01-11 14:16:51 - app - INFO - [线程-55] 线程已启动，准备下载片段 55/244
2026-01-11 14:16:51 - app - INFO - [线程-55] 发起HTTP请求: https://ltshsy.gtimg.com/vipts.tc.qq.com/Z_jNehLafagn-akjQo1h6HGsaZudQ9--1noVFYBFkScX63QQyYU5p3HpdXn...
2026-01-11 14:16:51 - app - INFO - [线程-51] HTTP响应成功，开始写入文件
2026-01-11 14:16:51 - app - INFO - 片段 53/244 下载成功 (21.7%)
2026-01-11 14:16:51 - app - INFO - [线程-56] 线程已启动，准备下载片段 56/244
2026-01-11 14:16:51 - app - INFO - [线程-56] 发起HTTP请求: https://ltshsy.gtimg.com/vipts.tc.qq.com/Z_jNehLafagn-akjQo1h6HGsaZudQ9--1noVFYBFkScX63QQyYU5p3HpdXn...
2026-01-11 14:16:51 - app - INFO - [线程-52] HTTP响应成功，开始写入文件
2026-01-11 14:16:51 - app - INFO - 片段 54/244 下载成功 (22.1%)
2026-01-11 14:16:51 - app - INFO - [线程-57] 线程已启动，准备下载片段 57/244
2026-01-11 14:16:51 - app - INFO - [线程-57] 发起HTTP请求: https://ltshsy.gtimg.com/vipts.tc.qq.com/Z_jNehLafagn-akjQo1h6HGsaZudQ9--1noVFYBFkScX63QQyYU5p3HpdXn...
2026-01-11 14:16:52 - app - INFO - [线程-55] HTTP响应成功，开始写入文件
2026-01-11 14:16:52 - app - INFO - 片段 55/244 下载成功 (22.5%)
2026-01-11 14:16:52 - app - INFO - [线程-58] 线程已启动，准备下载片段 58/244
2026-01-11 14:16:52 - app - INFO - [线程-58] 发起HTTP请求: https://ltshsy.gtimg.com/vipts.tc.qq.com/Z_jNehLafagn-akjQo1h6HGsaZudQ9--1noVFYBFkScX63QQyYU5p3HpdXn...
2026-01-11 14:16:52 - app - INFO - [线程-56] HTTP响应成功，开始写入文件
2026-01-11 14:16:52 - app - INFO - 片段 56/244 下载成功 (23.0%)
2026-01-11 14:16:52 - app - INFO - [线程-59] 线程已启动，准备下载片段 59/244
2026-01-11 14:16:52 - app - INFO - [线程-59] 发起HTTP请求: https://ltshsy.gtimg.com/vipts.tc.qq.com/Z_jNehLafagn-akjQo1h6HGsaZudQ9--1noVFYBFkScX63QQyYU5p3HpdXn...
2026-01-11 14:16:53 - app - INFO - [线程-57] HTTP响应成功，开始写入文件
2026-01-11 14:16:53 - app - INFO - [线程-59] HTTP响应成功，开始写入文件
2026-01-11 14:16:53 - app - INFO - 片段 57/244 下载成功 (23.4%)
2026-01-11 14:16:53 - app - INFO - [线程-60] 线程已启动，准备下载片段 60/244
2026-01-11 14:16:53 - app - INFO - [线程-60] 发起HTTP请求: https://ltshsy.gtimg.com/vipts.tc.qq.com/Z_jNehLafagn-akjQo1h6HGsaZudQ9--1noVFYBFkScX63QQyYU5p3HpdXn...
2026-01-11 14:16:53 - app - INFO - 片段 58/244 下载成功 (23.8%)
2026-01-11 14:16:53 - app - INFO - [线程-61] 线程已启动，准备下载片段 61/244
2026-01-11 14:16:53 - app - INFO - [线程-61] 发起HTTP请求: https://ltshsy.gtimg.com/vipts.tc.qq.com/Z_jNehLafagn-akjQo1h6HGsaZudQ9--1noVFYBFkScX63QQyYU5p3HpdXn...
2026-01-11 14:16:54 - app - INFO - [线程-58] HTTP响应成功，开始写入文件
2026-01-11 14:16:54 - app - INFO - 片段 59/244 下载成功 (24.2%)
2026-01-11 14:16:54 - app - INFO - [线程-62] 线程已启动，准备下载片段 62/244
2026-01-11 14:16:54 - app - INFO - [线程-62] 发起HTTP请求: https://ltshsy.gtimg.com/vipts.tc.qq.com/Z_jNehLafagn-akjQo1h6HGsaZudQ9--1noVFYBFkScX63QQyYU5p3HpdXn...
2026-01-11 14:17:00 - app - INFO - [线程-61] HTTP响应成功，开始写入文件
2026-01-11 14:17:00 - app - INFO - 片段 60/244 下载成功 (24.6%)
2026-01-11 14:17:00 - app - INFO - [线程-63] 线程已启动，准备下载片段 63/244
2026-01-11 14:17:00 - app - INFO - [线程-63] 发起HTTP请求: https://ltshsy.gtimg.com/vipts.tc.qq.com/Z_jNehLafagn-akjQo1h6HGsaZudQ9--1noVFYBFkScX63QQyYU5p3HpdXn...
2026-01-11 14:17:02 - app - INFO - [线程-60] HTTP响应成功，开始写入文件
2026-01-11 14:17:02 - app - INFO - 片段 61/244 下载成功 (25.0%)
2026-01-11 14:17:02 - app - INFO - [线程-64] 线程已启动，准备下载片段 64/244
2026-01-11 14:17:02 - app - INFO - [线程-64] 发起HTTP请求: https://ltshsy.gtimg.com/vipts.tc.qq.com/Z_jNehLafagn-akjQo1h6HGsaZudQ9--1noVFYBFkScX63QQyYU5p3HpdXn...
2026-01-11 14:17:02 - app - INFO - [线程-62] HTTP响应成功，开始写入文件
2026-01-11 14:17:02 - app - INFO - 片段 62/244 下载成功 (25.4%)
2026-01-11 14:17:02 - app - INFO - [线程-65] 线程已启动，准备下载片段 65/244
2026-01-11 14:17:02 - app - INFO - [线程-65] 发起HTTP请求: https://ltshsy.gtimg.com/vipts.tc.qq.com/Z_jNehLafagn-akjQo1h6HGsaZudQ9--1noVFYBFkScX63QQyYU5p3HpdXn...
2026-01-11 14:17:02 - app - INFO - [线程-63] HTTP响应成功，开始写入文件
2026-01-11 14:17:03 - app - INFO - 片段 63/244 下载成功 (25.8%)
2026-01-11 14:17:03 - app - INFO - [线程-66] 线程已启动，准备下载片段 66/244
2026-01-11 14:17:03 - app - INFO - [线程-66] 发起HTTP请求: https://ltshsy.gtimg.com/vipts.tc.qq.com/Z_jNehLafagn-akjQo1h6HGsaZudQ9--1noVFYBFkScX63QQyYU5p3HpdXn...
2026-01-11 14:17:04 - app - INFO - [线程-66] HTTP响应成功，开始写入文件
2026-01-11 14:17:04 - app - INFO - 片段 64/244 下载成功 (26.2%)
2026-01-11 14:17:04 - app - INFO - [线程-67] 线程已启动，准备下载片段 67/244
2026-01-11 14:17:04 - app - INFO - [线程-67] 发起HTTP请求: https://ltshsy.gtimg.com/vipts.tc.qq.com/Z_jNehLafagn-akjQo1h6HGsaZudQ9--1noVFYBFkScX63QQyYU5p3HpdXn...
2026-01-11 14:17:04 - app - INFO - [线程-65] HTTP响应成功，开始写入文件
2026-01-11 14:17:04 - app - INFO - 片段 65/244 下载成功 (26.6%)
2026-01-11 14:17:04 - app - INFO - [线程-68] 线程已启动，准备下载片段 68/244
2026-01-11 14:17:04 - app - INFO - [线程-68] 发起HTTP请求: https://ltshsy.gtimg.com/vipts.tc.qq.com/Z_jNehLafagn-akjQo1h6HGsaZudQ9--1noVFYBFkScX63QQyYU5p3HpdXn...
2026-01-11 14:17:05 - app - INFO - [线程-64] HTTP响应成功，开始写入文件
2026-01-11 14:17:05 - app - INFO - 片段 66/244 下载成功 (27.0%)
2026-01-11 14:17:05 - app - INFO - [线程-69] 线程已启动，准备下载片段 69/244
2026-01-11 14:17:05 - app - INFO - [线程-69] 发起HTTP请求: https://ltshsy.gtimg.com/vipts.tc.qq.com/Z_jNehLafagn-akjQo1h6HGsaZudQ9--1noVFYBFkScX63QQyYU5p3HpdXn...
2026-01-11 14:17:11 - app - INFO - [线程-69] HTTP响应成功，开始写入文件
2026-01-11 14:17:11 - app - INFO - 片段 67/244 下载成功 (27.5%)
2026-01-11 14:17:11 - app - INFO - [线程-70] 线程已启动，准备下载片段 70/244
2026-01-11 14:17:11 - app - INFO - [线程-70] 发起HTTP请求: https://ltshsy.gtimg.com/vipts.tc.qq.com/Z_jNehLafagn-akjQo1h6HGsaZudQ9--1noVFYBFkScX63QQyYU5p3HpdXn...
2026-01-11 14:17:11 - app - INFO - [线程-68] HTTP响应成功，开始写入文件
2026-01-11 14:17:11 - app - INFO - [线程-67] HTTP响应成功，开始写入文件
2026-01-11 14:17:11 - app - INFO - 片段 68/244 下载成功 (27.9%)
2026-01-11 14:17:11 - app - INFO - 片段 69/244 下载成功 (28.3%)
2026-01-11 14:17:11 - app - INFO - [线程-71] 线程已启动，准备下载片段 71/244
2026-01-11 14:17:11 - app - INFO - [线程-71] 发起HTTP请求: https://ltshsy.gtimg.com/vipts.tc.qq.com/Z_jNehLafagn-akjQo1h6HGsaZudQ9--1noVFYBFkScX63QQyYU5p3HpdXn...
2026-01-11 14:17:11 - app - INFO - [线程-72] 线程已启动，准备下载片段 72/244
2026-01-11 14:17:11 - app - INFO - [线程-72] 发起HTTP请求: https://ltshsy.gtimg.com/vipts.tc.qq.com/Z_jNehLafagn-akjQo1h6HGsaZudQ9--1noVFYBFkScX63QQyYU5p3HpdXn...
2026-01-11 14:17:12 - app - INFO - [线程-72] HTTP响应成功，开始写入文件
2026-01-11 14:17:12 - app - INFO - 片段 70/244 下载成功 (28.7%)
2026-01-11 14:17:12 - app - INFO - [线程-73] 线程已启动，准备下载片段 73/244
2026-01-11 14:17:12 - app - INFO - [线程-73] 发起HTTP请求: https://ltshsy.gtimg.com/vipts.tc.qq.com/Z_jNehLafagn-akjQo1h6HGsaZudQ9--1noVFYBFkScX63QQyYU5p3HpdXn...
2026-01-11 14:17:13 - app - INFO - [线程-70] HTTP响应成功，开始写入文件
2026-01-11 14:17:13 - app - INFO - 片段 71/244 下载成功 (29.1%)
2026-01-11 14:17:13 - app - INFO - [线程-74] 线程已启动，准备下载片段 74/244
2026-01-11 14:17:13 - app - INFO - [线程-74] 发起HTTP请求: https://ltshsy.gtimg.com/vipts.tc.qq.com/Z_jNehLafagn-akjQo1h6HGsaZudQ9--1noVFYBFkScX63QQyYU5p3HpdXn...
2026-01-11 14:17:13 - app - INFO - [线程-71] HTTP响应成功，开始写入文件
2026-01-11 14:17:13 - app - INFO - 片段 72/244 下载成功 (29.5%)
2026-01-11 14:17:13 - app - INFO - [线程-75] 线程已启动，准备下载片段 75/244
2026-01-11 14:17:13 - app - INFO - [线程-75] 发起HTTP请求: https://ltshsy.gtimg.com/vipts.tc.qq.com/Z_jNehLafagn-akjQo1h6HGsaZudQ9--1noVFYBFkScX63QQyYU5p3HpdXn...
2026-01-11 14:17:14 - app - INFO - [线程-74] HTTP响应成功，开始写入文件
2026-01-11 14:17:14 - app - INFO - 片段 73/244 下载成功 (29.9%)
2026-01-11 14:17:14 - app - INFO - [线程-76] 线程已启动，准备下载片段 76/244
2026-01-11 14:17:14 - app - INFO - [线程-76] 发起HTTP请求: https://ltshsy.gtimg.com/vipts.tc.qq.com/Z_jNehLafagn-akjQo1h6HGsaZudQ9--1noVFYBFkScX63QQyYU5p3HpdXn...
2026-01-11 14:17:14 - app - INFO - [线程-73] HTTP响应成功，开始写入文件
2026-01-11 14:17:14 - app - INFO - 片段 74/244 下载成功 (30.3%)
2026-01-11 14:17:14 - app - INFO - [线程-77] 线程已启动，准备下载片段 77/244
2026-01-11 14:17:14 - app - INFO - [线程-77] 发起HTTP请求: https://ltshsy.gtimg.com/vipts.tc.qq.com/Z_jNehLafagn-akjQo1h6HGsaZudQ9--1noVFYBFkScX63QQyYU5p3HpdXn...
2026-01-11 14:17:15 - app - INFO - [线程-76] HTTP响应成功，开始写入文件
2026-01-11 14:17:15 - app - INFO - 片段 75/244 下载成功 (30.7%)
2026-01-11 14:17:15 - app - INFO - [线程-78] 线程已启动，准备下载片段 78/244
2026-01-11 14:17:15 - app - INFO - [线程-78] 发起HTTP请求: https://ltshsy.gtimg.com/vipts.tc.qq.com/Z_jNehLafagn-akjQo1h6HGsaZudQ9--1noVFYBFkScX63QQyYU5p3HpdXn...
2026-01-11 14:17:15 - app - INFO - [线程-77] HTTP响应成功，开始写入文件
2026-01-11 14:17:15 - app - INFO - 片段 76/244 下载成功 (31.1%)
2026-01-11 14:17:15 - app - INFO - [线程-79] 线程已启动，准备下载片段 79/244
2026-01-11 14:17:15 - app - INFO - [线程-79] 发起HTTP请求: https://ltshsy.gtimg.com/vipts.tc.qq.com/Z_jNehLafagn-akjQo1h6HGsaZudQ9--1noVFYBFkScX63QQyYU5p3HpdXn...
2026-01-11 14:17:16 - app - INFO - [线程-75] HTTP响应成功，开始写入文件
2026-01-11 14:17:16 - app - INFO - 片段 77/244 下载成功 (31.6%)
2026-01-11 14:17:16 - app - INFO - [线程-80] 线程已启动，准备下载片段 80/244
2026-01-11 14:17:16 - app - INFO - [线程-80] 发起HTTP请求: https://ltshsy.gtimg.com/vipts.tc.qq.com/Z_jNehLafagn-akjQo1h6HGsaZudQ9--1noVFYBFkScX63QQyYU5p3HpdXn...
2026-01-11 14:17:24 - app - INFO - [线程-78] HTTP响应成功，开始写入文件
2026-01-11 14:17:24 - app - INFO - 片段 78/244 下载成功 (32.0%)
2026-01-11 14:17:24 - app - INFO - [线程-81] 线程已启动，准备下载片段 81/244
2026-01-11 14:17:24 - app - INFO - [线程-81] 发起HTTP请求: https://ltshsy.gtimg.com/vipts.tc.qq.com/Z_jNehLafagn-akjQo1h6HGsaZudQ9--1noVFYBFkScX63QQyYU5p3HpdXn...
2026-01-11 14:17:25 - app - INFO - [线程-81] HTTP响应成功，开始写入文件
2026-01-11 14:17:25 - app - INFO - 片段 79/244 下载成功 (32.4%)
2026-01-11 14:17:25 - app - INFO - [线程-82] 线程已启动，准备下载片段 82/244
2026-01-11 14:17:25 - app - INFO - [线程-82] 发起HTTP请求: https://ltshsy.gtimg.com/vipts.tc.qq.com/Z_jNehLafagn-akjQo1h6HGsaZudQ9--1noVFYBFkScX63QQyYU5p3HpdXn...
2026-01-11 14:17:25 - app - INFO - [线程-80] HTTP响应成功，开始写入文件
2026-01-11 14:17:25 - app - INFO - 片段 80/244 下载成功 (32.8%)
2026-01-11 14:17:25 - app - INFO - [线程-83] 线程已启动，准备下载片段 83/244
2026-01-11 14:17:25 - app - INFO - [线程-83] 发起HTTP请求: https://ltshsy.gtimg.com/vipts.tc.qq.com/Z_jNehLafagn-akjQo1h6HGsaZudQ9--1noVFYBFkScX63QQyYU5p3HpdXn...
2026-01-11 14:17:25 - app - INFO - [线程-79] HTTP响应成功，开始写入文件
2026-01-11 14:17:25 - app - INFO - 片段 81/244 下载成功 (33.2%)
2026-01-11 14:17:25 - app - INFO - [线程-84] 线程已启动，准备下载片段 84/244
2026-01-11 14:17:25 - app - INFO - [线程-84] 发起HTTP请求: https://ltshsy.gtimg.com/vipts.tc.qq.com/Z_jNehLafagn-akjQo1h6HGsaZudQ9--1noVFYBFkScX63QQyYU5p3HpdXn...
2026-01-11 14:17:26 - app - INFO - [线程-83] HTTP响应成功，开始写入文件
2026-01-11 14:17:26 - app - INFO - 片段 82/244 下载成功 (33.6%)
2026-01-11 14:17:26 - app - INFO - [线程-85] 线程已启动，准备下载片段 85/244
2026-01-11 14:17:26 - app - INFO - [线程-85] 发起HTTP请求: https://ltshsy.gtimg.com/vipts.tc.qq.com/Z_jNehLafagn-akjQo1h6HGsaZudQ9--1noVFYBFkScX63QQyYU5p3HpdXn...
2026-01-11 14:17:26 - app - INFO - [线程-82] HTTP响应成功，开始写入文件
2026-01-11 14:17:26 - app - INFO - 片段 83/244 下载成功 (34.0%)
2026-01-11 14:17:26 - app - INFO - [线程-86] 线程已启动，准备下载片段 86/244
2026-01-11 14:17:26 - app - INFO - [线程-86] 发起HTTP请求: https://ltshsy.gtimg.com/vipts.tc.qq.com/Z_jNehLafagn-akjQo1h6HGsaZudQ9--1noVFYBFkScX63QQyYU5p3HpdXn...
2026-01-11 14:17:27 - app - INFO - [线程-84] HTTP响应成功，开始写入文件
2026-01-11 14:17:27 - app - INFO - 片段 84/244 下载成功 (34.4%)
2026-01-11 14:17:27 - app - INFO - [线程-87] 线程已启动，准备下载片段 87/244
2026-01-11 14:17:27 - app - INFO - [线程-87] 发起HTTP请求: https://ltshsy.gtimg.com/vipts.tc.qq.com/Z_jNehLafagn-akjQo1h6HGsaZudQ9--1noVFYBFkScX63QQyYU5p3HpdXn...
2026-01-11 14:17:28 - app - INFO - [线程-86] HTTP响应成功，开始写入文件
2026-01-11 14:17:28 - app - INFO - 片段 85/244 下载成功 (34.8%)
2026-01-11 14:17:28 - app - INFO - [线程-88] 线程已启动，准备下载片段 88/244
2026-01-11 14:17:28 - app - INFO - [线程-88] 发起HTTP请求: https://ltshsy.gtimg.com/vipts.tc.qq.com/Z_jNehLafagn-akjQo1h6HGsaZudQ9--1noVFYBFkScX63QQyYU5p3HpdXn...
2026-01-11 14:17:28 - app - INFO - [线程-85] HTTP响应成功，开始写入文件
2026-01-11 14:17:28 - app - INFO - 片段 86/244 下载成功 (35.2%)
2026-01-11 14:17:28 - app - INFO - [线程-89] 线程已启动，准备下载片段 89/244
2026-01-11 14:17:28 - app - INFO - [线程-89] 发起HTTP请求: https://ltshsy.gtimg.com/vipts.tc.qq.com/Z_jNehLafagn-akjQo1h6HGsaZudQ9--1noVFYBFkScX63QQyYU5p3HpdXn...
2026-01-11 14:17:33 - app - INFO - [线程-87] HTTP响应成功，开始写入文件
2026-01-11 14:17:33 - app - INFO - 片段 87/244 下载成功 (35.7%)
2026-01-11 14:17:33 - app - INFO - [线程-90] 线程已启动，准备下载片段 90/244
2026-01-11 14:17:33 - app - INFO - [线程-90] 发起HTTP请求: https://ltshsy.gtimg.com/vipts.tc.qq.com/Z_jNehLafagn-akjQo1h6HGsaZudQ9--1noVFYBFkScX63QQyYU5p3HpdXn...
2026-01-11 14:17:34 - app - INFO - [线程-89] HTTP响应成功，开始写入文件
2026-01-11 14:17:34 - app - INFO - [线程-88] HTTP响应成功，开始写入文件
2026-01-11 14:17:34 - app - INFO - 片段 88/244 下载成功 (36.1%)
2026-01-11 14:17:34 - app - INFO - 片段 89/244 下载成功 (36.5%)
2026-01-11 14:17:34 - app - INFO - [线程-91] 线程已启动，准备下载片段 91/244
2026-01-11 14:17:34 - app - INFO - [线程-92] 线程已启动，准备下载片段 92/244
2026-01-11 14:17:34 - app - INFO - [线程-92] 发起HTTP请求: https://ltshsy.gtimg.com/vipts.tc.qq.com/Z_jNehLafagn-akjQo1h6HGsaZudQ9--1noVFYBFkScX63QQyYU5p3HpdXn...
2026-01-11 14:17:34 - app - INFO - [线程-91] 发起HTTP请求: https://ltshsy.gtimg.com/vipts.tc.qq.com/Z_jNehLafagn-akjQo1h6HGsaZudQ9--1noVFYBFkScX63QQyYU5p3HpdXn...
2026-01-11 14:17:35 - app - INFO - [线程-90] HTTP响应成功，开始写入文件
2026-01-11 14:17:35 - app - INFO - 片段 90/244 下载成功 (36.9%)
2026-01-11 14:17:35 - app - INFO - [线程-93] 线程已启动，准备下载片段 93/244
2026-01-11 14:17:35 - app - INFO - [线程-93] 发起HTTP请求: https://ltshsy.gtimg.com/vipts.tc.qq.com/Z_jNehLafagn-akjQo1h6HGsaZudQ9--1noVFYBFkScX63QQyYU5p3HpdXn...
2026-01-11 14:17:35 - app - INFO - [线程-92] HTTP响应成功，开始写入文件
2026-01-11 14:17:35 - app - INFO - 片段 91/244 下载成功 (37.3%)
2026-01-11 14:17:35 - app - INFO - [线程-94] 线程已启动，准备下载片段 94/244
2026-01-11 14:17:35 - app - INFO - [线程-94] 发起HTTP请求: https://ltshsy.gtimg.com/vipts.tc.qq.com/Z_jNehLafagn-akjQo1h6HGsaZudQ9--1noVFYBFkScX63QQyYU5p3HpdXn...
2026-01-11 14:17:36 - app - INFO - [线程-91] HTTP响应成功，开始写入文件
2026-01-11 14:17:36 - app - INFO - 片段 92/244 下载成功 (37.7%)
2026-01-11 14:17:36 - app - INFO - [线程-95] 线程已启动，准备下载片段 95/244
2026-01-11 14:17:36 - app - INFO - [线程-95] 发起HTTP请求: https://ltshsy.gtimg.com/vipts.tc.qq.com/Z_jNehLafagn-akjQo1h6HGsaZudQ9--1noVFYBFkScX63QQyYU5p3HpdXn...
2026-01-11 14:17:36 - app - INFO - [线程-93] HTTP响应成功，开始写入文件
2026-01-11 14:17:36 - app - INFO - 片段 93/244 下载成功 (38.1%)
2026-01-11 14:17:36 - app - INFO - [线程-96] 线程已启动，准备下载片段 96/244
2026-01-11 14:17:36 - app - INFO - [线程-96] 发起HTTP请求: https://ltshsy.gtimg.com/vipts.tc.qq.com/Z_jNehLafagn-akjQo1h6HGsaZudQ9--1noVFYBFkScX63QQyYU5p3HpdXn...
2026-01-11 14:17:36 - app - INFO - [线程-94] HTTP响应成功，开始写入文件
2026-01-11 14:17:36 - app - INFO - 片段 94/244 下载成功 (38.5%)
2026-01-11 14:17:36 - app - INFO - [线程-97] 线程已启动，准备下载片段 97/244
2026-01-11 14:17:36 - app - INFO - [线程-97] 发起HTTP请求: https://ltshsy.gtimg.com/vipts.tc.qq.com/Z_jNehLafagn-akjQo1h6HGsaZudQ9--1noVFYBFkScX63QQyYU5p3HpdXn...
2026-01-11 14:17:37 - app - INFO - [线程-95] HTTP响应成功，开始写入文件
2026-01-11 14:17:37 - app - INFO - 片段 95/244 下载成功 (38.9%)
2026-01-11 14:17:37 - app - INFO - [线程-98] 线程已启动，准备下载片段 98/244
2026-01-11 14:17:37 - app - INFO - [线程-98] 发起HTTP请求: https://ltshsy.gtimg.com/vipts.tc.qq.com/Z_jNehLafagn-akjQo1h6HGsaZudQ9--1noVFYBFkScX63QQyYU5p3HpdXn...
2026-01-11 14:17:37 - app - INFO - [线程-96] HTTP响应成功，开始写入文件
2026-01-11 14:17:37 - app - INFO - 片段 96/244 下载成功 (39.3%)
2026-01-11 14:17:37 - app - INFO - [线程-97] HTTP响应成功，开始写入文件
2026-01-11 14:17:37 - app - INFO - [线程-99] 线程已启动，准备下载片段 99/244
2026-01-11 14:17:37 - app - INFO - 片段 97/244 下载成功 (39.8%)
2026-01-11 14:17:37 - app - INFO - [线程-100] 线程已启动，准备下载片段 100/244
2026-01-11 14:17:37 - app - INFO - [线程-99] 发起HTTP请求: https://ltshsy.gtimg.com/vipts.tc.qq.com/Z_jNehLafagn-akjQo1h6HGsaZudQ9--1noVFYBFkScX63QQyYU5p3HpdXn...
2026-01-11 14:17:37 - app - INFO - [线程-100] 发起HTTP请求: https://ltshsy.gtimg.com/vipts.tc.qq.com/Z_jNehLafagn-akjQo1h6HGsaZudQ9--1noVFYBFkScX63QQyYU5p3HpdXn...
2026-01-11 14:17:45 - app - INFO - [线程-99] HTTP响应成功，开始写入文件
2026-01-11 14:17:45 - app - INFO - 片段 98/244 下载成功 (40.2%)
2026-01-11 14:17:45 - app - INFO - [线程-101] 线程已启动，准备下载片段 101/244
2026-01-11 14:17:45 - app - INFO - [线程-101] 发起HTTP请求: https://ltshsy.gtimg.com/vipts.tc.qq.com/Z_jNehLafagn-akjQo1h6HGsaZudQ9--1noVFYBFkScX63QQyYU5p3HpdXn...
2026-01-11 14:17:45 - app - INFO - [线程-100] HTTP响应成功，开始写入文件
2026-01-11 14:17:45 - app - INFO - 片段 99/244 下载成功 (40.6%)
2026-01-11 14:17:45 - app - INFO - [线程-102] 线程已启动，准备下载片段 102/244
2026-01-11 14:17:45 - app - INFO - [线程-102] 发起HTTP请求: https://ltshsy.gtimg.com/vipts.tc.qq.com/Z_jNehLafagn-akjQo1h6HGsaZudQ9--1noVFYBFkScX63QQyYU5p3HpdXn...
2026-01-11 14:17:47 - app - INFO - [线程-102] HTTP响应成功，开始写入文件
2026-01-11 14:17:47 - app - INFO - 片段 100/244 下载成功 (41.0%)
2026-01-11 14:17:47 - app - INFO - [线程-103] 线程已启动，准备下载片段 103/244
2026-01-11 14:17:47 - app - INFO - [线程-103] 发起HTTP请求: https://ltshsy.gtimg.com/vipts.tc.qq.com/Z_jNehLafagn-akjQo1h6HGsaZudQ9--1noVFYBFkScX63QQyYU5p3HpdXn...
2026-01-11 14:17:48 - app - INFO - [线程-98] HTTP响应成功，开始写入文件
2026-01-11 14:17:48 - app - INFO - 片段 101/244 下载成功 (41.4%)
2026-01-11 14:17:48 - app - INFO - [线程-104] 线程已启动，准备下载片段 104/244
2026-01-11 14:17:48 - app - INFO - [线程-104] 发起HTTP请求: https://ltshsy.gtimg.com/vipts.tc.qq.com/Z_jNehLafagn-akjQo1h6HGsaZudQ9--1noVFYBFkScX63QQyYU5p3HpdXn...
2026-01-11 14:17:49 - app - INFO - [线程-103] HTTP响应成功，开始写入文件
2026-01-11 14:17:49 - app - INFO - 片段 102/244 下载成功 (41.8%)
2026-01-11 14:17:49 - app - INFO - [线程-105] 线程已启动，准备下载片段 105/244
2026-01-11 14:17:49 - app - INFO - [线程-105] 发起HTTP请求: https://ltshsy.gtimg.com/vipts.tc.qq.com/Z_jNehLafagn-akjQo1h6HGsaZudQ9--1noVFYBFkScX63QQyYU5p3HpdXn...
2026-01-11 14:17:50 - app - INFO - [线程-101] HTTP响应成功，开始写入文件
2026-01-11 14:17:50 - app - INFO - 片段 103/244 下载成功 (42.2%)
2026-01-11 14:17:50 - app - INFO - [线程-106] 线程已启动，准备下载片段 106/244
2026-01-11 14:17:50 - app - INFO - [线程-106] 发起HTTP请求: https://ltshsy.gtimg.com/vipts.tc.qq.com/Z_jNehLafagn-akjQo1h6HGsaZudQ9--1noVFYBFkScX63QQyYU5p3HpdXn...
2026-01-11 14:17:50 - app - INFO - [线程-104] HTTP响应成功，开始写入文件
2026-01-11 14:17:50 - app - INFO - 片段 104/244 下载成功 (42.6%)
2026-01-11 14:17:50 - app - INFO - [线程-107] 线程已启动，准备下载片段 107/244
2026-01-11 14:17:50 - app - INFO - [线程-107] 发起HTTP请求: https://ltshsy.gtimg.com/vipts.tc.qq.com/Z_jNehLafagn-akjQo1h6HGsaZudQ9--1noVFYBFkScX63QQyYU5p3HpdXn...
2026-01-11 14:17:56 - app - INFO - [线程-105] HTTP响应成功，开始写入文件
2026-01-11 14:17:56 - app - INFO - 片段 105/244 下载成功 (43.0%)
2026-01-11 14:17:56 - app - INFO - [线程-108] 线程已启动，准备下载片段 108/244
2026-01-11 14:17:56 - app - INFO - [线程-108] 发起HTTP请求: https://ltshsy.gtimg.com/vipts.tc.qq.com/Z_jNehLafagn-akjQo1h6HGsaZudQ9--1noVFYBFkScX63QQyYU5p3HpdXn...
2026-01-11 14:17:56 - app - INFO - [线程-106] HTTP响应成功，开始写入文件
2026-01-11 14:17:56 - app - INFO - 片段 106/244 下载成功 (43.4%)
2026-01-11 14:17:56 - app - INFO - [线程-109] 线程已启动，准备下载片段 109/244
2026-01-11 14:17:56 - app - INFO - [线程-109] 发起HTTP请求: https://ltshsy.gtimg.com/vipts.tc.qq.com/Z_jNehLafagn-akjQo1h6HGsaZudQ9--1noVFYBFkScX63QQyYU5p3HpdXn...
2026-01-11 14:17:56 - app - INFO - [线程-107] HTTP响应成功，开始写入文件
2026-01-11 14:17:56 - app - INFO - 片段 107/244 下载成功 (43.9%)
2026-01-11 14:17:56 - app - INFO - [线程-110] 线程已启动，准备下载片段 110/244
2026-01-11 14:17:56 - app - INFO - [线程-110] 发起HTTP请求: https://ltshsy.gtimg.com/vipts.tc.qq.com/Z_jNehLafagn-akjQo1h6HGsaZudQ9--1noVFYBFkScX63QQyYU5p3HpdXn...
2026-01-11 14:17:58 - app - INFO - [线程-108] HTTP响应成功，开始写入文件
2026-01-11 14:17:58 - app - INFO - 片段 108/244 下载成功 (44.3%)
2026-01-11 14:17:58 - app - INFO - [线程-111] 线程已启动，准备下载片段 111/244
2026-01-11 14:17:58 - app - INFO - [线程-111] 发起HTTP请求: https://ltshsy.gtimg.com/vipts.tc.qq.com/Z_jNehLafagn-akjQo1h6HGsaZudQ9--1noVFYBFkScX63QQyYU5p3HpdXn...
2026-01-11 14:17:58 - app - INFO - [线程-109] HTTP响应成功，开始写入文件
2026-01-11 14:17:58 - app - INFO - 片段 109/244 下载成功 (44.7%)
2026-01-11 14:17:58 - app - INFO - [线程-112] 线程已启动，准备下载片段 112/244
2026-01-11 14:17:58 - app - INFO - [线程-112] 发起HTTP请求: https://ltshsy.gtimg.com/vipts.tc.qq.com/Z_jNehLafagn-akjQo1h6HGsaZudQ9--1noVFYBFkScX63QQyYU5p3HpdXn...
2026-01-11 14:18:00 - app - INFO - [线程-110] HTTP响应成功，开始写入文件
2026-01-11 14:18:00 - app - INFO - 片段 110/244 下载成功 (45.1%)
2026-01-11 14:18:00 - app - INFO - [线程-113] 线程已启动，准备下载片段 113/244
2026-01-11 14:18:00 - app - INFO - [线程-113] 发起HTTP请求: https://ltshsy.gtimg.com/vipts.tc.qq.com/Z_jNehLafagn-akjQo1h6HGsaZudQ9--1noVFYBFkScX63QQyYU5p3HpdXn...
2026-01-11 14:18:00 - app - INFO - [线程-111] HTTP响应成功，开始写入文件
2026-01-11 14:18:00 - app - INFO - 片段 111/244 下载成功 (45.5%)
2026-01-11 14:18:00 - app - INFO - [线程-114] 线程已启动，准备下载片段 114/244
2026-01-11 14:18:01 - app - INFO - [线程-114] 发起HTTP请求: https://ltshsy.gtimg.com/vipts.tc.qq.com/Z_jNehLafagn-akjQo1h6HGsaZudQ9--1noVFYBFkScX63QQyYU5p3HpdXn...
2026-01-11 14:18:02 - app - INFO - [线程-112] HTTP响应成功，开始写入文件
2026-01-11 14:18:02 - app - INFO - 片段 112/244 下载成功 (45.9%)
2026-01-11 14:18:02 - app - INFO - [线程-115] 线程已启动，准备下载片段 115/244
2026-01-11 14:18:02 - app - INFO - [线程-115] 发起HTTP请求: https://ltshsy.gtimg.com/vipts.tc.qq.com/Z_jNehLafagn-akjQo1h6HGsaZudQ9--1noVFYBFkScX63QQyYU5p3HpdXn...
2026-01-11 14:18:08 - app - INFO - [线程-113] HTTP响应成功，开始写入文件
2026-01-11 14:18:08 - app - INFO - 片段 113/244 下载成功 (46.3%)
2026-01-11 14:18:08 - app - INFO - [线程-116] 线程已启动，准备下载片段 116/244
2026-01-11 14:18:08 - app - INFO - [线程-116] 发起HTTP请求: https://ltshsy.gtimg.com/vipts.tc.qq.com/Z_jNehLafagn-akjQo1h6HGsaZudQ9--1noVFYBFkScX63QQyYU5p3HpdXn...
2026-01-11 14:18:10 - app - INFO - [线程-115] HTTP响应成功，开始写入文件
2026-01-11 14:18:10 - app - INFO - [线程-114] HTTP响应成功，开始写入文件
2026-01-11 14:18:10 - app - INFO - 片段 114/244 下载成功 (46.7%)
2026-01-11 14:18:10 - app - INFO - 片段 115/244 下载成功 (47.1%)
2026-01-11 14:18:11 - app - INFO - [线程-117] 线程已启动，准备下载片段 117/244
2026-01-11 14:18:11 - app - INFO - [线程-118] 线程已启动，准备下载片段 118/244
2026-01-11 14:18:11 - app - INFO - [线程-117] 发起HTTP请求: https://ltshsy.gtimg.com/vipts.tc.qq.com/Z_jNehLafagn-akjQo1h6HGsaZudQ9--1noVFYBFkScX63QQyYU5p3HpdXn...
2026-01-11 14:18:11 - app - INFO - [线程-118] 发起HTTP请求: https://ltshsy.gtimg.com/vipts.tc.qq.com/Z_jNehLafagn-akjQo1h6HGsaZudQ9--1noVFYBFkScX63QQyYU5p3HpdXn...
2026-01-11 14:18:15 - app - INFO - [线程-116] HTTP响应成功，开始写入文件
2026-01-11 14:18:15 - app - INFO - 片段 116/244 下载成功 (47.5%)
2026-01-11 14:18:15 - app - INFO - [线程-119] 线程已启动，准备下载片段 119/244
2026-01-11 14:18:15 - app - INFO - [线程-119] 发起HTTP请求: https://ltshsy.gtimg.com/vipts.tc.qq.com/Z_jNehLafagn-akjQo1h6HGsaZudQ9--1noVFYBFkScX63QQyYU5p3HpdXn...
2026-01-11 14:18:18 - app - INFO - [线程-119] HTTP响应成功，开始写入文件
2026-01-11 14:18:18 - app - INFO - 片段 117/244 下载成功 (48.0%)
2026-01-11 14:18:18 - app - INFO - [线程-120] 线程已启动，准备下载片段 120/244
2026-01-11 14:18:18 - app - INFO - [线程-120] 发起HTTP请求: https://ltshsy.gtimg.com/vipts.tc.qq.com/Z_jNehLafagn-akjQo1h6HGsaZudQ9--1noVFYBFkScX63QQyYU5p3HpdXn...
2026-01-11 14:18:19 - app - INFO - [线程-118] HTTP响应成功，开始写入文件
2026-01-11 14:18:19 - app - INFO - 片段 118/244 下载成功 (48.4%)
2026-01-11 14:18:19 - app - INFO - [线程-121] 线程已启动，准备下载片段 121/244
2026-01-11 14:18:19 - app - INFO - [线程-121] 发起HTTP请求: https://ltshsy.gtimg.com/vipts.tc.qq.com/Z_jNehLafagn-akjQo1h6HGsaZudQ9--1noVFYBFkScX63QQyYU5p3HpdXn...
2026-01-11 14:18:20 - app - INFO - [线程-117] HTTP响应成功，开始写入文件
2026-01-11 14:18:20 - app - INFO - 片段 119/244 下载成功 (48.8%)
2026-01-11 14:18:20 - app - INFO - [线程-122] 线程已启动，准备下载片段 122/244
2026-01-11 14:18:20 - app - INFO - [线程-122] 发起HTTP请求: https://ltshsy.gtimg.com/vipts.tc.qq.com/Z_jNehLafagn-akjQo1h6HGsaZudQ9--1noVFYBFkScX63QQyYU5p3HpdXn...
2026-01-11 14:18:22 - app - INFO - [线程-120] HTTP响应成功，开始写入文件
2026-01-11 14:18:22 - app - INFO - 片段 120/244 下载成功 (49.2%)
2026-01-11 14:18:22 - app - INFO - [线程-123] 线程已启动，准备下载片段 123/244
2026-01-11 14:18:22 - app - INFO - [线程-123] 发起HTTP请求: https://ltshsy.gtimg.com/vipts.tc.qq.com/Z_jNehLafagn-akjQo1h6HGsaZudQ9--1noVFYBFkScX63QQyYU5p3HpdXn...
2026-01-11 14:18:24 - app - INFO - [线程-121] HTTP响应成功，开始写入文件
2026-01-11 14:18:24 - app - INFO - 片段 121/244 下载成功 (49.6%)
2026-01-11 14:18:24 - app - INFO - [线程-124] 线程已启动，准备下载片段 124/244
2026-01-11 14:18:24 - app - INFO - [线程-124] 发起HTTP请求: https://ltshsy.gtimg.com/vipts.tc.qq.com/Z_jNehLafagn-akjQo1h6HGsaZudQ9--1noVFYBFkScX63QQyYU5p3HpdXn...
2026-01-11 14:18:26 - app - INFO - [线程-122] HTTP响应成功，开始写入文件
2026-01-11 14:18:26 - app - INFO - 片段 122/244 下载成功 (50.0%)
2026-01-11 14:18:26 - app - INFO - [线程-125] 线程已启动，准备下载片段 125/244
2026-01-11 14:18:26 - app - INFO - [线程-125] 发起HTTP请求: https://ltshsy.gtimg.com/vipts.tc.qq.com/Z_jNehLafagn-akjQo1h6HGsaZudQ9--1noVFYBFkScX63QQyYU5p3HpdXn...
2026-01-11 14:18:29 - app - INFO - [线程-125] HTTP响应成功，开始写入文件
2026-01-11 14:18:29 - app - INFO - 片段 123/244 下载成功 (50.4%)
2026-01-11 14:18:29 - app - INFO - [线程-126] 线程已启动，准备下载片段 126/244
2026-01-11 14:18:29 - app - INFO - [线程-126] 发起HTTP请求: https://ltshsy.gtimg.com/vipts.tc.qq.com/Z_jNehLafagn-akjQo1h6HGsaZudQ9--1noVFYBFkScX63QQyYU5p3HpdXn...
2026-01-11 14:18:30 - app - INFO - [线程-124] HTTP响应成功，开始写入文件
2026-01-11 14:18:30 - app - INFO - 片段 124/244 下载成功 (50.8%)
2026-01-11 14:18:30 - app - INFO - [线程-127] 线程已启动，准备下载片段 127/244
2026-01-11 14:18:30 - app - INFO - [线程-127] 发起HTTP请求: https://ltshsy.gtimg.com/vipts.tc.qq.com/Z_jNehLafagn-akjQo1h6HGsaZudQ9--1noVFYBFkScX63QQyYU5p3HpdXn...
2026-01-11 14:18:30 - app - INFO - [线程-123] HTTP响应成功，开始写入文件
2026-01-11 14:18:30 - app - INFO - 片段 125/244 下载成功 (51.2%)
2026-01-11 14:18:30 - app - INFO - [线程-128] 线程已启动，准备下载片段 128/244
2026-01-11 14:18:30 - app - INFO - [线程-128] 发起HTTP请求: https://ltshsy.gtimg.com/vipts.tc.qq.com/Z_jNehLafagn-akjQo1h6HGsaZudQ9--1noVFYBFkScX63QQyYU5p3HpdXn...
2026-01-11 14:18:32 - app - INFO - [线程-127] HTTP响应成功，开始写入文件
2026-01-11 14:18:32 - app - INFO - 片段 126/244 下载成功 (51.6%)
2026-01-11 14:18:32 - app - INFO - [线程-129] 线程已启动，准备下载片段 129/244
2026-01-11 14:18:32 - app - INFO - [线程-129] 发起HTTP请求: https://ltshsy.gtimg.com/vipts.tc.qq.com/Z_jNehLafagn-akjQo1h6HGsaZudQ9--1noVFYBFkScX63QQyYU5p3HpdXn...
2026-01-11 14:18:33 - app - INFO - [线程-128] HTTP响应成功，开始写入文件
2026-01-11 14:18:33 - app - INFO - 片段 127/244 下载成功 (52.0%)
2026-01-11 14:18:33 - app - INFO - [线程-130] 线程已启动，准备下载片段 130/244
2026-01-11 14:18:33 - app - INFO - [线程-130] 发起HTTP请求: https://ltshsy.gtimg.com/vipts.tc.qq.com/Z_jNehLafagn-akjQo1h6HGsaZudQ9--1noVFYBFkScX63QQyYU5p3HpdXn...
2026-01-11 14:18:33 - app - INFO - [线程-126] HTTP响应成功，开始写入文件
2026-01-11 14:18:33 - app - INFO - 片段 128/244 下载成功 (52.5%)
2026-01-11 14:18:33 - app - INFO - [线程-131] 线程已启动，准备下载片段 131/244
2026-01-11 14:18:33 - app - INFO - [线程-131] 发起HTTP请求: https://ltshsy.gtimg.com/vipts.tc.qq.com/Z_jNehLafagn-akjQo1h6HGsaZudQ9--1noVFYBFkScX63QQyYU5p3HpdXn...
2026-01-11 14:18:34 - app - INFO - [线程-129] HTTP响应成功，开始写入文件
2026-01-11 14:18:34 - app - INFO - 片段 129/244 下载成功 (52.9%)
2026-01-11 14:18:34 - app - INFO - [线程-132] 线程已启动，准备下载片段 132/244
2026-01-11 14:18:34 - app - INFO - [线程-132] 发起HTTP请求: https://ltshsy.gtimg.com/vipts.tc.qq.com/Z_jNehLafagn-akjQo1h6HGsaZudQ9--1noVFYBFkScX63QQyYU5p3HpdXn...
2026-01-11 14:18:40 - app - INFO - [线程-130] HTTP响应成功，开始写入文件
2026-01-11 14:18:40 - app - INFO - 片段 130/244 下载成功 (53.3%)
2026-01-11 14:18:40 - app - INFO - [线程-133] 线程已启动，准备下载片段 133/244
2026-01-11 14:18:40 - app - INFO - [线程-133] 发起HTTP请求: https://ltshsy.gtimg.com/vipts.tc.qq.com/Z_jNehLafagn-akjQo1h6HGsaZudQ9--1noVFYBFkScX63QQyYU5p3HpdXn...
2026-01-11 14:18:40 - app - INFO - [线程-132] HTTP响应成功，开始写入文件
2026-01-11 14:18:40 - app - INFO - 片段 131/244 下载成功 (53.7%)
2026-01-11 14:18:40 - app - INFO - [线程-134] 线程已启动，准备下载片段 134/244
2026-01-11 14:18:40 - app - INFO - [线程-134] 发起HTTP请求: https://ltshsy.gtimg.com/vipts.tc.qq.com/Z_jNehLafagn-akjQo1h6HGsaZudQ9--1noVFYBFkScX63QQyYU5p3HpdXn...
2026-01-11 14:18:40 - app - INFO - [线程-131] HTTP响应成功，开始写入文件
2026-01-11 14:18:40 - app - INFO - 片段 132/244 下载成功 (54.1%)
2026-01-11 14:18:40 - app - INFO - [线程-135] 线程已启动，准备下载片段 135/244
2026-01-11 14:18:40 - app - INFO - [线程-135] 发起HTTP请求: https://ltshsy.gtimg.com/vipts.tc.qq.com/Z_jNehLafagn-akjQo1h6HGsaZudQ9--1noVFYBFkScX63QQyYU5p3HpdXn...
2026-01-11 14:18:41 - app - INFO - [线程-133] HTTP响应成功，开始写入文件
2026-01-11 14:18:41 - app - INFO - 片段 133/244 下载成功 (54.5%)
2026-01-11 14:18:41 - app - INFO - [线程-136] 线程已启动，准备下载片段 136/244
2026-01-11 14:18:41 - app - INFO - [线程-136] 发起HTTP请求: https://ltshsy.gtimg.com/vipts.tc.qq.com/Z_jNehLafagn-akjQo1h6HGsaZudQ9--1noVFYBFkScX63QQyYU5p3HpdXn...
2026-01-11 14:18:42 - app - INFO - [线程-135] HTTP响应成功，开始写入文件
2026-01-11 14:18:42 - app - INFO - 片段 134/244 下载成功 (54.9%)
2026-01-11 14:18:42 - app - INFO - [线程-137] 线程已启动，准备下载片段 137/244
2026-01-11 14:18:42 - app - INFO - [线程-137] 发起HTTP请求: https://ltshsy.gtimg.com/vipts.tc.qq.com/Z_jNehLafagn-akjQo1h6HGsaZudQ9--1noVFYBFkScX63QQyYU5p3HpdXn...
2026-01-11 14:18:42 - app - INFO - [线程-136] HTTP响应成功，开始写入文件
2026-01-11 14:18:42 - app - INFO - 片段 135/244 下载成功 (55.3%)
2026-01-11 14:18:42 - app - INFO - [线程-138] 线程已启动，准备下载片段 138/244
2026-01-11 14:18:42 - app - INFO - [线程-138] 发起HTTP请求: https://ltshsy.gtimg.com/vipts.tc.qq.com/Z_jNehLafagn-akjQo1h6HGsaZudQ9--1noVFYBFkScX63QQyYU5p3HpdXn...
2026-01-11 14:18:42 - app - INFO - [线程-134] HTTP响应成功，开始写入文件
2026-01-11 14:18:42 - app - INFO - 片段 136/244 下载成功 (55.7%)
2026-01-11 14:18:42 - app - INFO - [线程-139] 线程已启动，准备下载片段 139/244
2026-01-11 14:18:42 - app - INFO - [线程-139] 发起HTTP请求: https://ltshsy.gtimg.com/vipts.tc.qq.com/Z_jNehLafagn-akjQo1h6HGsaZudQ9--1noVFYBFkScX63QQyYU5p3HpdXn...
2026-01-11 14:18:43 - app - INFO - [线程-137] HTTP响应成功，开始写入文件
2026-01-11 14:18:43 - app - INFO - 片段 137/244 下载成功 (56.1%)
2026-01-11 14:18:43 - app - INFO - [线程-140] 线程已启动，准备下载片段 140/244
2026-01-11 14:18:43 - app - INFO - [线程-140] 发起HTTP请求: https://ltshsy.gtimg.com/vipts.tc.qq.com/Z_jNehLafagn-akjQo1h6HGsaZudQ9--1noVFYBFkScX63QQyYU5p3HpdXn...
2026-01-11 14:18:43 - app - INFO - [线程-139] HTTP响应成功，开始写入文件
2026-01-11 14:18:43 - app - INFO - 片段 138/244 下载成功 (56.6%)
2026-01-11 14:18:43 - app - INFO - [线程-141] 线程已启动，准备下载片段 141/244
2026-01-11 14:18:43 - app - INFO - [线程-141] 发起HTTP请求: https://ltshsy.gtimg.com/vipts.tc.qq.com/Z_jNehLafagn-akjQo1h6HGsaZudQ9--1noVFYBFkScX63QQyYU5p3HpdXn...
2026-01-11 14:18:43 - app - INFO - [线程-138] HTTP响应成功，开始写入文件
2026-01-11 14:18:44 - app - INFO - 片段 139/244 下载成功 (57.0%)
2026-01-11 14:18:44 - app - INFO - [线程-142] 线程已启动，准备下载片段 142/244
2026-01-11 14:18:44 - app - INFO - [线程-142] 发起HTTP请求: https://ltshsy.gtimg.com/vipts.tc.qq.com/Z_jNehLafagn-akjQo1h6HGsaZudQ9--1noVFYBFkScX63QQyYU5p3HpdXn...
2026-01-11 14:18:44 - app - INFO - [线程-141] HTTP响应成功，开始写入文件
2026-01-11 14:18:44 - app - INFO - 片段 140/244 下载成功 (57.4%)
2026-01-11 14:18:44 - app - INFO - [线程-143] 线程已启动，准备下载片段 143/244
2026-01-11 14:18:44 - app - INFO - [线程-143] 发起HTTP请求: https://ltshsy.gtimg.com/vipts.tc.qq.com/Z_jNehLafagn-akjQo1h6HGsaZudQ9--1noVFYBFkScX63QQyYU5p3HpdXn...
2026-01-11 14:18:47 - app - INFO - [线程-140] HTTP响应成功，开始写入文件
2026-01-11 14:18:47 - app - INFO - 片段 141/244 下载成功 (57.8%)
2026-01-11 14:18:47 - app - INFO - [线程-144] 线程已启动，准备下载片段 144/244
2026-01-11 14:18:47 - app - INFO - [线程-144] 发起HTTP请求: https://ltshsy.gtimg.com/vipts.tc.qq.com/Z_jNehLafagn-akjQo1h6HGsaZudQ9--1noVFYBFkScX63QQyYU5p3HpdXn...
2026-01-11 14:18:51 - app - INFO - [线程-143] HTTP响应成功，开始写入文件
2026-01-11 14:18:51 - app - INFO - [线程-144] HTTP响应成功，开始写入文件
2026-01-11 14:18:51 - app - INFO - 片段 142/244 下载成功 (58.2%)
2026-01-11 14:18:51 - app - INFO - 片段 143/244 下载成功 (58.6%)
2026-01-11 14:18:51 - app - INFO - [线程-145] 线程已启动，准备下载片段 145/244
2026-01-11 14:18:51 - app - INFO - [线程-142] HTTP响应成功，开始写入文件
2026-01-11 14:18:51 - app - INFO - [线程-145] 发起HTTP请求: https://ltshsy.gtimg.com/vipts.tc.qq.com/Z_jNehLafagn-akjQo1h6HGsaZudQ9--1noVFYBFkScX63QQyYU5p3HpdXn...
2026-01-11 14:18:51 - app - INFO - [线程-146] 线程已启动，准备下载片段 146/244
2026-01-11 14:18:51 - app - INFO - [线程-146] 发起HTTP请求: https://ltshsy.gtimg.com/vipts.tc.qq.com/Z_jNehLafagn-akjQo1h6HGsaZudQ9--1noVFYBFkScX63QQyYU5p3HpdXn...
2026-01-11 14:18:51 - app - INFO - 片段 144/244 下载成功 (59.0%)
2026-01-11 14:18:51 - app - INFO - [线程-147] 线程已启动，准备下载片段 147/244
2026-01-11 14:18:51 - app - INFO - [线程-147] 发起HTTP请求: https://ltshsy.gtimg.com/vipts.tc.qq.com/Z_jNehLafagn-akjQo1h6HGsaZudQ9--1noVFYBFkScX63QQyYU5p3HpdXn...
2026-01-11 14:18:51 - app - INFO - [线程-145] HTTP响应成功，开始写入文件
2026-01-11 14:18:51 - app - INFO - 片段 145/244 下载成功 (59.4%)
2026-01-11 14:18:51 - app - INFO - [线程-148] 线程已启动，准备下载片段 148/244
2026-01-11 14:18:51 - app - INFO - [线程-148] 发起HTTP请求: https://ltshsy.gtimg.com/vipts.tc.qq.com/Z_jNehLafagn-akjQo1h6HGsaZudQ9--1noVFYBFkScX63QQyYU5p3HpdXn...
2026-01-11 14:18:52 - app - INFO - [线程-147] HTTP响应成功，开始写入文件
2026-01-11 14:18:52 - app - INFO - 片段 146/244 下载成功 (59.8%)
2026-01-11 14:18:52 - app - INFO - [线程-146] HTTP响应成功，开始写入文件
2026-01-11 14:18:52 - app - INFO - [线程-149] 线程已启动，准备下载片段 149/244
2026-01-11 14:18:52 - app - INFO - 片段 147/244 下载成功 (60.2%)
2026-01-11 14:18:52 - app - INFO - [线程-149] 发起HTTP请求: https://ltshsy.gtimg.com/vipts.tc.qq.com/Z_jNehLafagn-akjQo1h6HGsaZudQ9--1noVFYBFkScX63QQyYU5p3HpdXn...
2026-01-11 14:18:52 - app - INFO - [线程-150] 线程已启动，准备下载片段 150/244
2026-01-11 14:18:52 - app - INFO - [线程-150] 发起HTTP请求: https://ltshsy.gtimg.com/vipts.tc.qq.com/Z_jNehLafagn-akjQo1h6HGsaZudQ9--1noVFYBFkScX63QQyYU5p3HpdXn...
2026-01-11 14:18:53 - app - INFO - [线程-148] HTTP响应成功，开始写入文件
2026-01-11 14:18:53 - app - INFO - 片段 148/244 下载成功 (60.7%)
2026-01-11 14:18:53 - app - INFO - [线程-151] 线程已启动，准备下载片段 151/244
2026-01-11 14:18:53 - app - INFO - [线程-151] 发起HTTP请求: https://ltshsy.gtimg.com/vipts.tc.qq.com/Z_jNehLafagn-akjQo1h6HGsaZudQ9--1noVFYBFkScX63QQyYU5p3HpdXn...
2026-01-11 14:18:55 - app - INFO - [线程-150] HTTP响应成功，开始写入文件
2026-01-11 14:18:55 - app - INFO - [线程-149] HTTP响应成功，开始写入文件
2026-01-11 14:18:55 - app - INFO - 片段 149/244 下载成功 (61.1%)
2026-01-11 14:18:55 - app - INFO - [线程-152] 线程已启动，准备下载片段 152/244
2026-01-11 14:18:55 - app - INFO - 片段 150/244 下载成功 (61.5%)
2026-01-11 14:18:55 - app - INFO - [线程-153] 线程已启动，准备下载片段 153/244
2026-01-11 14:18:55 - app - INFO - [线程-153] 发起HTTP请求: https://ltshsy.gtimg.com/vipts.tc.qq.com/Z_jNehLafagn-akjQo1h6HGsaZudQ9--1noVFYBFkScX63QQyYU5p3HpdXn...
2026-01-11 14:18:55 - app - INFO - [线程-152] 发起HTTP请求: https://ltshsy.gtimg.com/vipts.tc.qq.com/Z_jNehLafagn-akjQo1h6HGsaZudQ9--1noVFYBFkScX63QQyYU5p3HpdXn...
2026-01-11 14:18:56 - app - INFO - [线程-151] HTTP响应成功，开始写入文件
2026-01-11 14:18:56 - app - INFO - 片段 151/244 下载成功 (61.9%)
2026-01-11 14:18:56 - app - INFO - [线程-154] 线程已启动，准备下载片段 154/244
2026-01-11 14:18:56 - app - INFO - [线程-154] 发起HTTP请求: https://ltshsy.gtimg.com/vipts.tc.qq.com/Z_jNehLafagn-akjQo1h6HGsaZudQ9--1noVFYBFkScX63QQyYU5p3HpdXn...
2026-01-11 14:19:04 - app - INFO - [线程-154] HTTP响应成功，开始写入文件
2026-01-11 14:19:04 - app - INFO - 片段 152/244 下载成功 (62.3%)
2026-01-11 14:19:04 - app - INFO - [线程-155] 线程已启动，准备下载片段 155/244
2026-01-11 14:19:04 - app - INFO - [线程-155] 发起HTTP请求: https://ltshsy.gtimg.com/vipts.tc.qq.com/Z_jNehLafagn-akjQo1h6HGsaZudQ9--1noVFYBFkScX63QQyYU5p3HpdXn...
2026-01-11 14:19:04 - app - INFO - [线程-153] HTTP响应成功，开始写入文件
2026-01-11 14:19:04 - app - INFO - 片段 153/244 下载成功 (62.7%)
2026-01-11 14:19:04 - app - INFO - [线程-156] 线程已启动，准备下载片段 156/244
2026-01-11 14:19:04 - app - INFO - [线程-156] 发起HTTP请求: https://ltshsy.gtimg.com/vipts.tc.qq.com/Z_jNehLafagn-akjQo1h6HGsaZudQ9--1noVFYBFkScX63QQyYU5p3HpdXn...
2026-01-11 14:19:06 - app - INFO - [线程-152] HTTP响应成功，开始写入文件
2026-01-11 14:19:06 - app - INFO - 片段 154/244 下载成功 (63.1%)
2026-01-11 14:19:06 - app - INFO - [线程-157] 线程已启动，准备下载片段 157/244
2026-01-11 14:19:06 - app - INFO - [线程-157] 发起HTTP请求: https://ltshsy.gtimg.com/vipts.tc.qq.com/Z_jNehLafagn-akjQo1h6HGsaZudQ9--1noVFYBFkScX63QQyYU5p3HpdXn...
2026-01-11 14:19:08 - app - INFO - [线程-156] HTTP响应成功，开始写入文件
2026-01-11 14:19:08 - app - INFO - 片段 155/244 下载成功 (63.5%)
2026-01-11 14:19:08 - app - INFO - [线程-158] 线程已启动，准备下载片段 158/244
2026-01-11 14:19:08 - app - INFO - [线程-158] 发起HTTP请求: https://ltshsy.gtimg.com/vipts.tc.qq.com/Z_jNehLafagn-akjQo1h6HGsaZudQ9--1noVFYBFkScX63QQyYU5p3HpdXn...
2026-01-11 14:19:09 - app - INFO - [线程-155] HTTP响应成功，开始写入文件
2026-01-11 14:19:09 - app - INFO - 片段 156/244 下载成功 (63.9%)
2026-01-11 14:19:09 - app - INFO - [线程-159] 线程已启动，准备下载片段 159/244
2026-01-11 14:19:09 - app - INFO - [线程-159] 发起HTTP请求: https://ltshsy.gtimg.com/vipts.tc.qq.com/Z_jNehLafagn-akjQo1h6HGsaZudQ9--1noVFYBFkScX63QQyYU5p3HpdXn...
2026-01-11 14:19:16 - app - INFO - [线程-158] HTTP响应成功，开始写入文件
2026-01-11 14:19:16 - app - INFO - 片段 157/244 下载成功 (64.3%)
2026-01-11 14:19:16 - app - INFO - [线程-160] 线程已启动，准备下载片段 160/244
2026-01-11 14:19:16 - app - INFO - [线程-160] 发起HTTP请求: https://ltshsy.gtimg.com/vipts.tc.qq.com/Z_jNehLafagn-akjQo1h6HGsaZudQ9--1noVFYBFkScX63QQyYU5p3HpdXn...
2026-01-11 14:19:16 - app - INFO - [线程-159] HTTP响应成功，开始写入文件
2026-01-11 14:19:16 - app - INFO - 片段 158/244 下载成功 (64.8%)
2026-01-11 14:19:16 - app - INFO - [线程-161] 线程已启动，准备下载片段 161/244
2026-01-11 14:19:16 - app - INFO - [线程-161] 发起HTTP请求: https://ltshsy.gtimg.com/vipts.tc.qq.com/Z_jNehLafagn-akjQo1h6HGsaZudQ9--1noVFYBFkScX63QQyYU5p3HpdXn...
2026-01-11 14:19:16 - app - INFO - [线程-157] HTTP响应成功，开始写入文件
2026-01-11 14:19:16 - app - INFO - 片段 159/244 下载成功 (65.2%)
2026-01-11 14:19:16 - app - INFO - [线程-162] 线程已启动，准备下载片段 162/244
2026-01-11 14:19:16 - app - INFO - [线程-162] 发起HTTP请求: https://ltshsy.gtimg.com/vipts.tc.qq.com/Z_jNehLafagn-akjQo1h6HGsaZudQ9--1noVFYBFkScX63QQyYU5p3HpdXn...
2026-01-11 14:19:17 - app - INFO - [线程-160] HTTP响应成功，开始写入文件
2026-01-11 14:19:17 - app - INFO - 片段 160/244 下载成功 (65.6%)
2026-01-11 14:19:17 - app - INFO - [线程-163] 线程已启动，准备下载片段 163/244
2026-01-11 14:19:17 - app - INFO - [线程-163] 发起HTTP请求: https://ltshsy.gtimg.com/vipts.tc.qq.com/Z_jNehLafagn-akjQo1h6HGsaZudQ9--1noVFYBFkScX63QQyYU5p3HpdXn...
2026-01-11 14:19:19 - app - INFO - [线程-162] HTTP响应成功，开始写入文件
2026-01-11 14:19:19 - app - INFO - 片段 161/244 下载成功 (66.0%)
2026-01-11 14:19:19 - app - INFO - [线程-164] 线程已启动，准备下载片段 164/244
2026-01-11 14:19:19 - app - INFO - [线程-164] 发起HTTP请求: https://ltshsy.gtimg.com/vipts.tc.qq.com/Z_jNehLafagn-akjQo1h6HGsaZudQ9--1noVFYBFkScX63QQyYU5p3HpdXn...
2026-01-11 14:19:22 - app - INFO - [线程-161] HTTP响应成功，开始写入文件
2026-01-11 14:19:22 - app - INFO - 片段 162/244 下载成功 (66.4%)
2026-01-11 14:19:22 - app - INFO - [线程-165] 线程已启动，准备下载片段 165/244
2026-01-11 14:19:22 - app - INFO - [线程-165] 发起HTTP请求: https://ltshsy.gtimg.com/vipts.tc.qq.com/Z_jNehLafagn-akjQo1h6HGsaZudQ9--1noVFYBFkScX63QQyYU5p3HpdXn...
2026-01-11 14:19:24 - app - INFO - [线程-163] HTTP响应成功，开始写入文件
2026-01-11 14:19:24 - app - INFO - 片段 163/244 下载成功 (66.8%)
2026-01-11 14:19:24 - app - INFO - [线程-166] 线程已启动，准备下载片段 166/244
2026-01-11 14:19:24 - app - INFO - [线程-164] HTTP响应成功，开始写入文件
2026-01-11 14:19:24 - app - INFO - [线程-166] 发起HTTP请求: https://ltshsy.gtimg.com/vipts.tc.qq.com/Z_jNehLafagn-akjQo1h6HGsaZudQ9--1noVFYBFkScX63QQyYU5p3HpdXn...
2026-01-11 14:19:24 - app - INFO - 片段 164/244 下载成功 (67.2%)
2026-01-11 14:19:24 - app - INFO - [线程-167] 线程已启动，准备下载片段 167/244
2026-01-11 14:19:24 - app - INFO - [线程-167] 发起HTTP请求: https://ltshsy.gtimg.com/vipts.tc.qq.com/Z_jNehLafagn-akjQo1h6HGsaZudQ9--1noVFYBFkScX63QQyYU5p3HpdXn...
2026-01-11 14:19:25 - app - INFO - [线程-165] HTTP响应成功，开始写入文件
2026-01-11 14:19:25 - app - INFO - 片段 165/244 下载成功 (67.6%)
2026-01-11 14:19:25 - app - INFO - [线程-168] 线程已启动，准备下载片段 168/244
2026-01-11 14:19:25 - app - INFO - [线程-168] 发起HTTP请求: https://ltshsy.gtimg.com/vipts.tc.qq.com/Z_jNehLafagn-akjQo1h6HGsaZudQ9--1noVFYBFkScX63QQyYU5p3HpdXn...
2026-01-11 14:19:25 - app - INFO - [线程-167] HTTP响应成功，开始写入文件
2026-01-11 14:19:25 - app - INFO - 片段 166/244 下载成功 (68.0%)
2026-01-11 14:19:25 - app - INFO - [线程-169] 线程已启动，准备下载片段 169/244
2026-01-11 14:19:25 - app - INFO - [线程-169] 发起HTTP请求: https://ltshsy.gtimg.com/vipts.tc.qq.com/Z_jNehLafagn-akjQo1h6HGsaZudQ9--1noVFYBFkScX63QQyYU5p3HpdXn...
2026-01-11 14:19:26 - app - INFO - [线程-168] HTTP响应成功，开始写入文件
2026-01-11 14:19:26 - app - INFO - 片段 167/244 下载成功 (68.4%)
2026-01-11 14:19:26 - app - INFO - [线程-170] 线程已启动，准备下载片段 170/244
2026-01-11 14:19:26 - app - INFO - [线程-170] 发起HTTP请求: https://ltshsy.gtimg.com/vipts.tc.qq.com/Z_jNehLafagn-akjQo1h6HGsaZudQ9--1noVFYBFkScX63QQyYU5p3HpdXn...
2026-01-11 14:19:26 - app - INFO - [线程-166] HTTP响应成功，开始写入文件
2026-01-11 14:19:26 - app - INFO - 片段 168/244 下载成功 (68.9%)
2026-01-11 14:19:26 - app - INFO - [线程-171] 线程已启动，准备下载片段 171/244
2026-01-11 14:19:26 - app - INFO - [线程-171] 发起HTTP请求: https://ltshsy.gtimg.com/vipts.tc.qq.com/Z_jNehLafagn-akjQo1h6HGsaZudQ9--1noVFYBFkScX63QQyYU5p3HpdXn...
2026-01-11 14:19:26 - app - INFO - [线程-169] HTTP响应成功，开始写入文件
2026-01-11 14:19:27 - app - INFO - 片段 169/244 下载成功 (69.3%)
2026-01-11 14:19:27 - app - INFO - [线程-172] 线程已启动，准备下载片段 172/244
2026-01-11 14:19:27 - app - INFO - [线程-172] 发起HTTP请求: https://ltshsy.gtimg.com/vipts.tc.qq.com/Z_jNehLafagn-akjQo1h6HGsaZudQ9--1noVFYBFkScX63QQyYU5p3HpdXn...
2026-01-11 14:19:27 - app - INFO - [线程-170] HTTP响应成功，开始写入文件
2026-01-11 14:19:27 - app - INFO - 片段 170/244 下载成功 (69.7%)
2026-01-11 14:19:27 - app - INFO - [线程-173] 线程已启动，准备下载片段 173/244
2026-01-11 14:19:27 - app - INFO - [线程-173] 发起HTTP请求: https://ltshsy.gtimg.com/vipts.tc.qq.com/Z_jNehLafagn-akjQo1h6HGsaZudQ9--1noVFYBFkScX63QQyYU5p3HpdXn...
2026-01-11 14:19:27 - app - INFO - [线程-171] HTTP响应成功，开始写入文件
2026-01-11 14:19:27 - app - INFO - 片段 171/244 下载成功 (70.1%)
2026-01-11 14:19:27 - app - INFO - [线程-174] 线程已启动，准备下载片段 174/244
2026-01-11 14:19:27 - app - INFO - [线程-174] 发起HTTP请求: https://ltshsy.gtimg.com/vipts.tc.qq.com/Z_jNehLafagn-akjQo1h6HGsaZudQ9--1noVFYBFkScX63QQyYU5p3HpdXn...
2026-01-11 14:19:28 - app - INFO - [线程-172] HTTP响应成功，开始写入文件
2026-01-11 14:19:28 - app - INFO - 片段 172/244 下载成功 (70.5%)
2026-01-11 14:19:28 - app - INFO - [线程-175] 线程已启动，准备下载片段 175/244
2026-01-11 14:19:28 - app - INFO - [线程-175] 发起HTTP请求: https://ltshsy.gtimg.com/vipts.tc.qq.com/Z_jNehLafagn-akjQo1h6HGsaZudQ9--1noVFYBFkScX63QQyYU5p3HpdXn...
2026-01-11 14:19:29 - app - INFO - [线程-173] HTTP响应成功，开始写入文件
2026-01-11 14:19:29 - app - INFO - 片段 173/244 下载成功 (70.9%)
2026-01-11 14:19:29 - app - INFO - [线程-176] 线程已启动，准备下载片段 176/244
2026-01-11 14:19:29 - app - INFO - [线程-176] 发起HTTP请求: https://ltshsy.gtimg.com/vipts.tc.qq.com/Z_jNehLafagn-akjQo1h6HGsaZudQ9--1noVFYBFkScX63QQyYU5p3HpdXn...
2026-01-11 14:19:30 - app - INFO - [线程-174] HTTP响应成功，开始写入文件
2026-01-11 14:19:30 - app - INFO - 片段 174/244 下载成功 (71.3%)
2026-01-11 14:19:30 - app - INFO - [线程-177] 线程已启动，准备下载片段 177/244
2026-01-11 14:19:30 - app - INFO - [线程-177] 发起HTTP请求: https://ltshsy.gtimg.com/vipts.tc.qq.com/Z_jNehLafagn-akjQo1h6HGsaZudQ9--1noVFYBFkScX63QQyYU5p3HpdXn...
2026-01-11 14:19:35 - app - INFO - [线程-177] HTTP响应成功，开始写入文件
2026-01-11 14:19:35 - app - INFO - 片段 175/244 下载成功 (71.7%)
2026-01-11 14:19:35 - app - INFO - [线程-178] 线程已启动，准备下载片段 178/244
2026-01-11 14:19:35 - app - INFO - [线程-178] 发起HTTP请求: https://ltshsy.gtimg.com/vipts.tc.qq.com/Z_jNehLafagn-akjQo1h6HGsaZudQ9--1noVFYBFkScX63QQyYU5p3HpdXn...
2026-01-11 14:19:36 - app - INFO - [线程-175] HTTP响应成功，开始写入文件
2026-01-11 14:19:36 - app - INFO - 片段 176/244 下载成功 (72.1%)
2026-01-11 14:19:36 - app - INFO - [线程-179] 线程已启动，准备下载片段 179/244
2026-01-11 14:19:36 - app - INFO - [线程-179] 发起HTTP请求: https://ltshsy.gtimg.com/vipts.tc.qq.com/Z_jNehLafagn-akjQo1h6HGsaZudQ9--1noVFYBFkScX63QQyYU5p3HpdXn...
2026-01-11 14:19:36 - app - INFO - [线程-176] HTTP响应成功，开始写入文件
2026-01-11 14:19:36 - app - INFO - 片段 177/244 下载成功 (72.5%)
2026-01-11 14:19:36 - app - INFO - [线程-180] 线程已启动，准备下载片段 180/244
2026-01-11 14:19:36 - app - INFO - [线程-180] 发起HTTP请求: https://ltshsy.gtimg.com/vipts.tc.qq.com/Z_jNehLafagn-akjQo1h6HGsaZudQ9--1noVFYBFkScX63QQyYU5p3HpdXn...
2026-01-11 14:19:36 - app - INFO - [线程-178] HTTP响应成功，开始写入文件
2026-01-11 14:19:36 - app - INFO - 片段 178/244 下载成功 (73.0%)
2026-01-11 14:19:36 - app - INFO - [线程-181] 线程已启动，准备下载片段 181/244
2026-01-11 14:19:36 - app - INFO - [线程-181] 发起HTTP请求: https://ltshsy.gtimg.com/vipts.tc.qq.com/Z_jNehLafagn-akjQo1h6HGsaZudQ9--1noVFYBFkScX63QQyYU5p3HpdXn...
2026-01-11 14:19:37 - app - INFO - [线程-179] HTTP响应成功，开始写入文件
2026-01-11 14:19:37 - app - INFO - 片段 179/244 下载成功 (73.4%)
2026-01-11 14:19:37 - app - INFO - [线程-182] 线程已启动，准备下载片段 182/244
2026-01-11 14:19:37 - app - INFO - [线程-182] 发起HTTP请求: https://ltshsy.gtimg.com/vipts.tc.qq.com/Z_jNehLafagn-akjQo1h6HGsaZudQ9--1noVFYBFkScX63QQyYU5p3HpdXn...
2026-01-11 14:19:37 - app - INFO - [线程-180] HTTP响应成功，开始写入文件
2026-01-11 14:19:37 - app - INFO - 片段 180/244 下载成功 (73.8%)
2026-01-11 14:19:37 - app - INFO - [线程-183] 线程已启动，准备下载片段 183/244
2026-01-11 14:19:37 - app - INFO - [线程-183] 发起HTTP请求: https://ltshsy.gtimg.com/vipts.tc.qq.com/Z_jNehLafagn-akjQo1h6HGsaZudQ9--1noVFYBFkScX63QQyYU5p3HpdXn...
2026-01-11 14:19:38 - app - INFO - [线程-182] HTTP响应成功，开始写入文件
2026-01-11 14:19:38 - app - INFO - 片段 181/244 下载成功 (74.2%)
2026-01-11 14:19:38 - app - INFO - [线程-184] 线程已启动，准备下载片段 184/244
2026-01-11 14:19:38 - app - INFO - [线程-184] 发起HTTP请求: https://ltshsy.gtimg.com/vipts.tc.qq.com/Z_jNehLafagn-akjQo1h6HGsaZudQ9--1noVFYBFkScX63QQyYU5p3HpdXn...
2026-01-11 14:19:38 - app - INFO - [线程-181] HTTP响应成功，开始写入文件
2026-01-11 14:19:38 - app - INFO - 片段 182/244 下载成功 (74.6%)
2026-01-11 14:19:38 - app - INFO - [线程-185] 线程已启动，准备下载片段 185/244
2026-01-11 14:19:38 - app - INFO - [线程-185] 发起HTTP请求: https://ltshsy.gtimg.com/vipts.tc.qq.com/Z_jNehLafagn-akjQo1h6HGsaZudQ9--1noVFYBFkScX63QQyYU5p3HpdXn...
2026-01-11 14:19:39 - app - INFO - [线程-185] HTTP响应成功，开始写入文件
2026-01-11 14:19:39 - app - INFO - 片段 183/244 下载成功 (75.0%)
2026-01-11 14:19:40 - app - INFO - [线程-186] 线程已启动，准备下载片段 186/244
2026-01-11 14:19:40 - app - INFO - [线程-186] 发起HTTP请求: https://ltshsy.gtimg.com/vipts.tc.qq.com/Z_jNehLafagn-akjQo1h6HGsaZudQ9--1noVFYBFkScX63QQyYU5p3HpdXn...
2026-01-11 14:19:40 - app - INFO - [线程-184] HTTP响应成功，开始写入文件
2026-01-11 14:19:40 - app - INFO - 片段 184/244 下载成功 (75.4%)
2026-01-11 14:19:40 - app - INFO - [线程-187] 线程已启动，准备下载片段 187/244
2026-01-11 14:19:40 - app - INFO - [线程-187] 发起HTTP请求: https://ltshsy.gtimg.com/vipts.tc.qq.com/Z_jNehLafagn-akjQo1h6HGsaZudQ9--1noVFYBFkScX63QQyYU5p3HpdXn...
2026-01-11 14:19:42 - app - INFO - [线程-183] HTTP响应成功，开始写入文件
2026-01-11 14:19:42 - app - INFO - 片段 185/244 下载成功 (75.8%)
2026-01-11 14:19:42 - app - INFO - [线程-188] 线程已启动，准备下载片段 188/244
2026-01-11 14:19:42 - app - INFO - [线程-188] 发起HTTP请求: https://ltshsy.gtimg.com/vipts.tc.qq.com/Z_jNehLafagn-akjQo1h6HGsaZudQ9--1noVFYBFkScX63QQyYU5p3HpdXn...
2026-01-11 14:19:45 - app - INFO - [线程-188] HTTP响应成功，开始写入文件
2026-01-11 14:19:45 - app - INFO - 片段 186/244 下载成功 (76.2%)
2026-01-11 14:19:45 - app - INFO - [线程-189] 线程已启动，准备下载片段 189/244
2026-01-11 14:19:45 - app - INFO - [线程-189] 发起HTTP请求: https://ltshsy.gtimg.com/vipts.tc.qq.com/Z_jNehLafagn-akjQo1h6HGsaZudQ9--1noVFYBFkScX63QQyYU5p3HpdXn...
2026-01-11 14:19:46 - app - INFO - [线程-187] HTTP响应成功，开始写入文件
2026-01-11 14:19:46 - app - INFO - 片段 187/244 下载成功 (76.6%)
2026-01-11 14:19:46 - app - INFO - [线程-190] 线程已启动，准备下载片段 190/244
2026-01-11 14:19:46 - app - INFO - [线程-190] 发起HTTP请求: https://ltshsy.gtimg.com/vipts.tc.qq.com/Z_jNehLafagn-akjQo1h6HGsaZudQ9--1noVFYBFkScX63QQyYU5p3HpdXn...
2026-01-11 14:19:46 - app - INFO - [线程-186] HTTP响应成功，开始写入文件
2026-01-11 14:19:46 - app - INFO - 片段 188/244 下载成功 (77.0%)
2026-01-11 14:19:46 - app - INFO - [线程-191] 线程已启动，准备下载片段 191/244
2026-01-11 14:19:46 - app - INFO - [线程-191] 发起HTTP请求: https://ltshsy.gtimg.com/vipts.tc.qq.com/Z_jNehLafagn-akjQo1h6HGsaZudQ9--1noVFYBFkScX63QQyYU5p3HpdXn...
2026-01-11 14:19:46 - app - INFO - [线程-190] HTTP响应成功，开始写入文件
2026-01-11 14:19:46 - app - INFO - 片段 189/244 下载成功 (77.5%)
2026-01-11 14:19:46 - app - INFO - [线程-192] 线程已启动，准备下载片段 192/244
2026-01-11 14:19:46 - app - INFO - [线程-192] 发起HTTP请求: https://ltshsy.gtimg.com/vipts.tc.qq.com/Z_jNehLafagn-akjQo1h6HGsaZudQ9--1noVFYBFkScX63QQyYU5p3HpdXn...
2026-01-11 14:19:46 - app - INFO - [线程-189] HTTP响应成功，开始写入文件
2026-01-11 14:19:46 - app - INFO - 片段 190/244 下载成功 (77.9%)
2026-01-11 14:19:46 - app - INFO - [线程-193] 线程已启动，准备下载片段 193/244
2026-01-11 14:19:46 - app - INFO - [线程-193] 发起HTTP请求: https://ltshsy.gtimg.com/vipts.tc.qq.com/Z_jNehLafagn-akjQo1h6HGsaZudQ9--1noVFYBFkScX63QQyYU5p3HpdXn...
2026-01-11 14:19:47 - app - INFO - [线程-191] HTTP响应成功，开始写入文件
2026-01-11 14:19:47 - app - INFO - 片段 191/244 下载成功 (78.3%)
2026-01-11 14:19:47 - app - INFO - [线程-194] 线程已启动，准备下载片段 194/244
2026-01-11 14:19:47 - app - INFO - [线程-194] 发起HTTP请求: https://ltshsy.gtimg.com/vipts.tc.qq.com/Z_jNehLafagn-akjQo1h6HGsaZudQ9--1noVFYBFkScX63QQyYU5p3HpdXn...
2026-01-11 14:19:47 - app - INFO - [线程-192] HTTP响应成功，开始写入文件
2026-01-11 14:19:47 - app - INFO - 片段 192/244 下载成功 (78.7%)
2026-01-11 14:19:47 - app - INFO - [线程-195] 线程已启动，准备下载片段 195/244
2026-01-11 14:19:47 - app - INFO - [线程-195] 发起HTTP请求: https://ltshsy.gtimg.com/vipts.tc.qq.com/Z_jNehLafagn-akjQo1h6HGsaZudQ9--1noVFYBFkScX63QQyYU5p3HpdXn...
2026-01-11 14:19:48 - app - INFO - [线程-194] HTTP响应成功，开始写入文件
2026-01-11 14:19:48 - app - INFO - 片段 193/244 下载成功 (79.1%)
2026-01-11 14:19:48 - app - INFO - [线程-196] 线程已启动，准备下载片段 196/244
2026-01-11 14:19:48 - app - INFO - [线程-196] 发起HTTP请求: https://ltshsy.gtimg.com/vipts.tc.qq.com/Z_jNehLafagn-akjQo1h6HGsaZudQ9--1noVFYBFkScX63QQyYU5p3HpdXn...
2026-01-11 14:19:48 - app - INFO - [线程-195] HTTP响应成功，开始写入文件
2026-01-11 14:19:48 - app - INFO - 片段 194/244 下载成功 (79.5%)
2026-01-11 14:19:48 - app - INFO - [线程-197] 线程已启动，准备下载片段 197/244
2026-01-11 14:19:48 - app - INFO - [线程-197] 发起HTTP请求: https://ltshsy.gtimg.com/vipts.tc.qq.com/Z_jNehLafagn-akjQo1h6HGsaZudQ9--1noVFYBFkScX63QQyYU5p3HpdXn...
2026-01-11 14:19:48 - app - INFO - [线程-196] HTTP响应成功，开始写入文件
2026-01-11 14:19:48 - app - INFO - 片段 195/244 下载成功 (79.9%)
2026-01-11 14:19:49 - app - INFO - [线程-198] 线程已启动，准备下载片段 198/244
2026-01-11 14:19:49 - app - INFO - [线程-198] 发起HTTP请求: https://ltshsy.gtimg.com/vipts.tc.qq.com/Z_jNehLafagn-akjQo1h6HGsaZudQ9--1noVFYBFkScX63QQyYU5p3HpdXn...
2026-01-11 14:19:49 - app - INFO - [线程-197] HTTP响应成功，开始写入文件
2026-01-11 14:19:49 - app - INFO - 片段 196/244 下载成功 (80.3%)
2026-01-11 14:19:49 - app - INFO - [线程-199] 线程已启动，准备下载片段 199/244
2026-01-11 14:19:49 - app - INFO - [线程-199] 发起HTTP请求: https://ltshsy.gtimg.com/vipts.tc.qq.com/Z_jNehLafagn-akjQo1h6HGsaZudQ9--1noVFYBFkScX63QQyYU5p3HpdXn...
2026-01-11 14:19:49 - app - INFO - [线程-198] HTTP响应成功，开始写入文件
2026-01-11 14:19:49 - app - INFO - 片段 197/244 下载成功 (80.7%)
2026-01-11 14:19:49 - app - INFO - [线程-200] 线程已启动，准备下载片段 200/244
2026-01-11 14:19:49 - app - INFO - [线程-200] 发起HTTP请求: https://ltshsy.gtimg.com/vipts.tc.qq.com/Z_jNehLafagn-akjQo1h6HGsaZudQ9--1noVFYBFkScX63QQyYU5p3HpdXn...
2026-01-11 14:19:50 - app - INFO - [线程-199] HTTP响应成功，开始写入文件
2026-01-11 14:19:50 - app - INFO - 片段 198/244 下载成功 (81.1%)
2026-01-11 14:19:50 - app - INFO - [线程-201] 线程已启动，准备下载片段 201/244
2026-01-11 14:19:50 - app - INFO - [线程-201] 发起HTTP请求: https://ltshsy.gtimg.com/vipts.tc.qq.com/Z_jNehLafagn-akjQo1h6HGsaZudQ9--1noVFYBFkScX63QQyYU5p3HpdXn...
2026-01-11 14:19:50 - app - INFO - [线程-200] HTTP响应成功，开始写入文件
2026-01-11 14:19:50 - app - INFO - 片段 199/244 下载成功 (81.6%)
2026-01-11 14:19:50 - app - INFO - [线程-202] 线程已启动，准备下载片段 202/244
2026-01-11 14:19:50 - app - INFO - [线程-202] 发起HTTP请求: https://ltshsy.gtimg.com/vipts.tc.qq.com/Z_jNehLafagn-akjQo1h6HGsaZudQ9--1noVFYBFkScX63QQyYU5p3HpdXn...
2026-01-11 14:19:51 - app - INFO - [线程-201] HTTP响应成功，开始写入文件
2026-01-11 14:19:51 - app - INFO - 片段 200/244 下载成功 (82.0%)
2026-01-11 14:19:51 - app - INFO - [线程-203] 线程已启动，准备下载片段 203/244
2026-01-11 14:19:51 - app - INFO - [线程-203] 发起HTTP请求: https://ltshsy.gtimg.com/vipts.tc.qq.com/Z_jNehLafagn-akjQo1h6HGsaZudQ9--1noVFYBFkScX63QQyYU5p3HpdXn...
2026-01-11 14:19:51 - app - WARNING - [线程-193] 片段 193 下载失败（重试 1/3）: ('Connection aborted.', ConnectionResetError(10054, '远程主机强迫关闭了一个现有的连接。', None, 10054, None))
2026-01-11 14:19:51 - app - INFO - [线程-193] 发起HTTP请求: https://ltshsy.gtimg.com/vipts.tc.qq.com/Z_jNehLafagn-akjQo1h6HGsaZudQ9--1noVFYBFkScX63QQyYU5p3HpdXn...
2026-01-11 14:19:56 - app - INFO - [线程-193] HTTP响应成功，开始写入文件
2026-01-11 14:19:57 - app - INFO - 片段 201/244 下载成功 (82.4%)
2026-01-11 14:19:57 - app - INFO - [线程-204] 线程已启动，准备下载片段 204/244
2026-01-11 14:19:57 - app - INFO - [线程-204] 发起HTTP请求: https://ltshsy.gtimg.com/vipts.tc.qq.com/Z_jNehLafagn-akjQo1h6HGsaZudQ9--1noVFYBFkScX63QQyYU5p3HpdXn...
2026-01-11 14:19:57 - app - INFO - [线程-202] HTTP响应成功，开始写入文件
2026-01-11 14:19:57 - app - INFO - 片段 202/244 下载成功 (82.8%)
2026-01-11 14:19:57 - app - INFO - [线程-205] 线程已启动，准备下载片段 205/244
2026-01-11 14:19:57 - app - INFO - [线程-205] 发起HTTP请求: https://ltshsy.gtimg.com/vipts.tc.qq.com/Z_jNehLafagn-akjQo1h6HGsaZudQ9--1noVFYBFkScX63QQyYU5p3HpdXn...
2026-01-11 14:19:57 - app - INFO - [线程-203] HTTP响应成功，开始写入文件
2026-01-11 14:19:58 - app - INFO - 片段 203/244 下载成功 (83.2%)
2026-01-11 14:19:58 - app - INFO - [线程-206] 线程已启动，准备下载片段 206/244
2026-01-11 14:19:58 - app - INFO - [线程-206] 发起HTTP请求: https://ltshsy.gtimg.com/vipts.tc.qq.com/Z_jNehLafagn-akjQo1h6HGsaZudQ9--1noVFYBFkScX63QQyYU5p3HpdXn...
2026-01-11 14:19:58 - app - INFO - [线程-204] HTTP响应成功，开始写入文件
2026-01-11 14:19:58 - app - INFO - 片段 204/244 下载成功 (83.6%)
2026-01-11 14:19:58 - app - INFO - [线程-207] 线程已启动，准备下载片段 207/244
2026-01-11 14:19:58 - app - INFO - [线程-207] 发起HTTP请求: https://ltshsy.gtimg.com/vipts.tc.qq.com/Z_jNehLafagn-akjQo1h6HGsaZudQ9--1noVFYBFkScX63QQyYU5p3HpdXn...
2026-01-11 14:19:58 - app - INFO - [线程-205] HTTP响应成功，开始写入文件
2026-01-11 14:19:58 - app - INFO - 片段 205/244 下载成功 (84.0%)
2026-01-11 14:19:58 - app - INFO - [线程-208] 线程已启动，准备下载片段 208/244
2026-01-11 14:19:58 - app - INFO - [线程-208] 发起HTTP请求: https://ltshsy.gtimg.com/vipts.tc.qq.com/Z_jNehLafagn-akjQo1h6HGsaZudQ9--1noVFYBFkScX63QQyYU5p3HpdXn...
2026-01-11 14:19:58 - app - INFO - [线程-206] HTTP响应成功，开始写入文件
2026-01-11 14:19:58 - app - INFO - 片段 206/244 下载成功 (84.4%)
2026-01-11 14:19:58 - app - INFO - [线程-209] 线程已启动，准备下载片段 209/244
2026-01-11 14:19:58 - app - INFO - [线程-209] 发起HTTP请求: https://ltshsy.gtimg.com/vipts.tc.qq.com/Z_jNehLafagn-akjQo1h6HGsaZudQ9--1noVFYBFkScX63QQyYU5p3HpdXn...
2026-01-11 14:19:59 - app - INFO - [线程-207] HTTP响应成功，开始写入文件
2026-01-11 14:19:59 - app - INFO - 片段 207/244 下载成功 (84.8%)
2026-01-11 14:19:59 - app - INFO - [线程-210] 线程已启动，准备下载片段 210/244
2026-01-11 14:19:59 - app - INFO - [线程-210] 发起HTTP请求: https://ltshsy.gtimg.com/vipts.tc.qq.com/Z_jNehLafagn-akjQo1h6HGsaZudQ9--1noVFYBFkScX63QQyYU5p3HpdXn...
2026-01-11 14:20:00 - app - INFO - [线程-208] HTTP响应成功，开始写入文件
2026-01-11 14:20:00 - app - INFO - 片段 208/244 下载成功 (85.2%)
2026-01-11 14:20:00 - app - INFO - [线程-211] 线程已启动，准备下载片段 211/244
2026-01-11 14:20:00 - app - INFO - [线程-211] 发起HTTP请求: https://ltshsy.gtimg.com/vipts.tc.qq.com/Z_jNehLafagn-akjQo1h6HGsaZudQ9--1noVFYBFkScX63QQyYU5p3HpdXn...
2026-01-11 14:20:00 - app - INFO - [线程-209] HTTP响应成功，开始写入文件
2026-01-11 14:20:00 - app - INFO - [线程-210] HTTP响应成功，开始写入文件
2026-01-11 14:20:00 - app - INFO - 片段 209/244 下载成功 (85.7%)
2026-01-11 14:20:00 - app - INFO - [线程-212] 线程已启动，准备下载片段 212/244
2026-01-11 14:20:00 - app - INFO - 片段 210/244 下载成功 (86.1%)
2026-01-11 14:20:00 - app - INFO - [线程-213] 线程已启动，准备下载片段 213/244
2026-01-11 14:20:00 - app - INFO - [线程-212] 发起HTTP请求: https://ltshsy.gtimg.com/vipts.tc.qq.com/Z_jNehLafagn-akjQo1h6HGsaZudQ9--1noVFYBFkScX63QQyYU5p3HpdXn...
2026-01-11 14:20:00 - app - INFO - [线程-213] 发起HTTP请求: https://ltshsy.gtimg.com/vipts.tc.qq.com/Z_jNehLafagn-akjQo1h6HGsaZudQ9--1noVFYBFkScX63QQyYU5p3HpdXn...
2026-01-11 14:20:01 - app - INFO - [线程-211] HTTP响应成功，开始写入文件
2026-01-11 14:20:01 - app - INFO - 片段 211/244 下载成功 (86.5%)
2026-01-11 14:20:01 - app - INFO - [线程-214] 线程已启动，准备下载片段 214/244
2026-01-11 14:20:01 - app - INFO - [线程-214] 发起HTTP请求: https://ltshsy.gtimg.com/vipts.tc.qq.com/Z_jNehLafagn-akjQo1h6HGsaZudQ9--1noVFYBFkScX63QQyYU5p3HpdXn...
2026-01-11 14:20:01 - app - INFO - [线程-213] HTTP响应成功，开始写入文件
2026-01-11 14:20:01 - app - INFO - 片段 212/244 下载成功 (86.9%)
2026-01-11 14:20:01 - app - INFO - [线程-215] 线程已启动，准备下载片段 215/244
2026-01-11 14:20:01 - app - INFO - [线程-215] 发起HTTP请求: https://ltshsy.gtimg.com/vipts.tc.qq.com/Z_jNehLafagn-akjQo1h6HGsaZudQ9--1noVFYBFkScX63QQyYU5p3HpdXn...
2026-01-11 14:20:02 - app - INFO - [线程-212] HTTP响应成功，开始写入文件
2026-01-11 14:20:02 - app - INFO - 片段 213/244 下载成功 (87.3%)
2026-01-11 14:20:02 - app - INFO - [线程-216] 线程已启动，准备下载片段 216/244
2026-01-11 14:20:02 - app - INFO - [线程-216] 发起HTTP请求: https://ltshsy.gtimg.com/vipts.tc.qq.com/Z_jNehLafagn-akjQo1h6HGsaZudQ9--1noVFYBFkScX63QQyYU5p3HpdXn...
2026-01-11 14:20:02 - app - INFO - [线程-214] HTTP响应成功，开始写入文件
2026-01-11 14:20:02 - app - INFO - 片段 214/244 下载成功 (87.7%)
2026-01-11 14:20:03 - app - INFO - [线程-217] 线程已启动，准备下载片段 217/244
2026-01-11 14:20:03 - app - INFO - [线程-217] 发起HTTP请求: https://ltshsy.gtimg.com/vipts.tc.qq.com/Z_jNehLafagn-akjQo1h6HGsaZudQ9--1noVFYBFkScX63QQyYU5p3HpdXn...
2026-01-11 14:20:08 - app - INFO - [线程-215] HTTP响应成功，开始写入文件
2026-01-11 14:20:08 - app - INFO - 片段 215/244 下载成功 (88.1%)
2026-01-11 14:20:08 - app - INFO - [线程-218] 线程已启动，准备下载片段 218/244
2026-01-11 14:20:08 - app - INFO - [线程-218] 发起HTTP请求: https://ltshsy.gtimg.com/vipts.tc.qq.com/Z_jNehLafagn-akjQo1h6HGsaZudQ9--1noVFYBFkScX63QQyYU5p3HpdXn...
2026-01-11 14:20:09 - app - INFO - [线程-217] HTTP响应成功，开始写入文件
2026-01-11 14:20:09 - app - INFO - 片段 216/244 下载成功 (88.5%)
2026-01-11 14:20:09 - app - INFO - [线程-219] 线程已启动，准备下载片段 219/244
2026-01-11 14:20:09 - app - INFO - [线程-219] 发起HTTP请求: https://ltshsy.gtimg.com/vipts.tc.qq.com/Z_jNehLafagn-akjQo1h6HGsaZudQ9--1noVFYBFkScX63QQyYU5p3HpdXn...
2026-01-11 14:20:09 - app - INFO - [线程-216] HTTP响应成功，开始写入文件
2026-01-11 14:20:09 - app - INFO - [线程-218] HTTP响应成功，开始写入文件
2026-01-11 14:20:09 - app - INFO - 片段 217/244 下载成功 (88.9%)
2026-01-11 14:20:09 - app - INFO - [线程-220] 线程已启动，准备下载片段 220/244
2026-01-11 14:20:09 - app - INFO - 片段 218/244 下载成功 (89.3%)
2026-01-11 14:20:09 - app - INFO - [线程-221] 线程已启动，准备下载片段 221/244
2026-01-11 14:20:09 - app - INFO - [线程-220] 发起HTTP请求: https://ltshsy.gtimg.com/vipts.tc.qq.com/Z_jNehLafagn-akjQo1h6HGsaZudQ9--1noVFYBFkScX63QQyYU5p3HpdXn...
2026-01-11 14:20:09 - app - INFO - [线程-221] 发起HTTP请求: https://ltshsy.gtimg.com/vipts.tc.qq.com/Z_jNehLafagn-akjQo1h6HGsaZudQ9--1noVFYBFkScX63QQyYU5p3HpdXn...
2026-01-11 14:20:10 - app - INFO - [线程-219] HTTP响应成功，开始写入文件
2026-01-11 14:20:10 - app - INFO - 片段 219/244 下载成功 (89.8%)
2026-01-11 14:20:10 - app - INFO - [线程-222] 线程已启动，准备下载片段 222/244
2026-01-11 14:20:10 - app - INFO - [线程-222] 发起HTTP请求: https://ltshsy.gtimg.com/vipts.tc.qq.com/Z_jNehLafagn-akjQo1h6HGsaZudQ9--1noVFYBFkScX63QQyYU5p3HpdXn...
2026-01-11 14:20:11 - app - INFO - [线程-221] HTTP响应成功，开始写入文件
2026-01-11 14:20:11 - app - INFO - 片段 220/244 下载成功 (90.2%)
2026-01-11 14:20:11 - app - INFO - [线程-223] 线程已启动，准备下载片段 223/244
2026-01-11 14:20:11 - app - INFO - [线程-223] 发起HTTP请求: https://ltshsy.gtimg.com/vipts.tc.qq.com/Z_jNehLafagn-akjQo1h6HGsaZudQ9--1noVFYBFkScX63QQyYU5p3HpdXn...
2026-01-11 14:20:11 - app - INFO - [线程-222] HTTP响应成功，开始写入文件
2026-01-11 14:20:11 - app - INFO - 片段 221/244 下载成功 (90.6%)
2026-01-11 14:20:11 - app - INFO - [线程-224] 线程已启动，准备下载片段 224/244
2026-01-11 14:20:11 - app - INFO - [线程-224] 发起HTTP请求: https://ltshsy.gtimg.com/vipts.tc.qq.com/Z_jNehLafagn-akjQo1h6HGsaZudQ9--1noVFYBFkScX63QQyYU5p3HpdXn...
2026-01-11 14:20:11 - app - INFO - [线程-223] HTTP响应成功，开始写入文件
2026-01-11 14:20:11 - app - INFO - 片段 222/244 下载成功 (91.0%)
2026-01-11 14:20:11 - app - INFO - [线程-225] 线程已启动，准备下载片段 225/244
2026-01-11 14:20:11 - app - INFO - [线程-225] 发起HTTP请求: https://ltshsy.gtimg.com/vipts.tc.qq.com/Z_jNehLafagn-akjQo1h6HGsaZudQ9--1noVFYBFkScX63QQyYU5p3HpdXn...
2026-01-11 14:20:12 - app - INFO - [线程-224] HTTP响应成功，开始写入文件
2026-01-11 14:20:12 - app - INFO - 片段 223/244 下载成功 (91.4%)
2026-01-11 14:20:12 - app - INFO - [线程-226] 线程已启动，准备下载片段 226/244
2026-01-11 14:20:12 - app - INFO - [线程-226] 发起HTTP请求: https://ltshsy.gtimg.com/vipts.tc.qq.com/Z_jNehLafagn-akjQo1h6HGsaZudQ9--1noVFYBFkScX63QQyYU5p3HpdXn...
2026-01-11 14:20:12 - app - INFO - [线程-220] HTTP响应成功，开始写入文件
2026-01-11 14:20:12 - app - INFO - 片段 224/244 下载成功 (91.8%)
2026-01-11 14:20:12 - app - INFO - [线程-227] 线程已启动，准备下载片段 227/244
2026-01-11 14:20:12 - app - INFO - [线程-227] 发起HTTP请求: https://ltshsy.gtimg.com/vipts.tc.qq.com/Z_jNehLafagn-akjQo1h6HGsaZudQ9--1noVFYBFkScX63QQyYU5p3HpdXn...
2026-01-11 14:20:12 - app - INFO - [线程-225] HTTP响应成功，开始写入文件
2026-01-11 14:20:12 - app - INFO - 片段 225/244 下载成功 (92.2%)
2026-01-11 14:20:12 - app - INFO - [线程-228] 线程已启动，准备下载片段 228/244
2026-01-11 14:20:12 - app - INFO - [线程-228] 发起HTTP请求: https://ltshsy.gtimg.com/vipts.tc.qq.com/Z_jNehLafagn-akjQo1h6HGsaZudQ9--1noVFYBFkScX63QQyYU5p3HpdXn...
2026-01-11 14:20:13 - app - INFO - [线程-226] HTTP响应成功，开始写入文件
2026-01-11 14:20:13 - app - INFO - 片段 226/244 下载成功 (92.6%)
2026-01-11 14:20:13 - app - INFO - [线程-229] 线程已启动，准备下载片段 229/244
2026-01-11 14:20:13 - app - INFO - [线程-229] 发起HTTP请求: https://ltshsy.gtimg.com/vipts.tc.qq.com/Z_jNehLafagn-akjQo1h6HGsaZudQ9--1noVFYBFkScX63QQyYU5p3HpdXn...
2026-01-11 14:20:19 - app - INFO - [线程-229] HTTP响应成功，开始写入文件
2026-01-11 14:20:19 - app - INFO - 片段 227/244 下载成功 (93.0%)
2026-01-11 14:20:19 - app - INFO - [线程-230] 线程已启动，准备下载片段 230/244
2026-01-11 14:20:19 - app - INFO - [线程-230] 发起HTTP请求: https://ltshsy.gtimg.com/vipts.tc.qq.com/Z_jNehLafagn-akjQo1h6HGsaZudQ9--1noVFYBFkScX63QQyYU5p3HpdXn...
2026-01-11 14:20:19 - app - INFO - [线程-227] HTTP响应成功，开始写入文件
2026-01-11 14:20:19 - app - INFO - 片段 228/244 下载成功 (93.4%)
2026-01-11 14:20:19 - app - INFO - [线程-231] 线程已启动，准备下载片段 231/244
2026-01-11 14:20:19 - app - INFO - [线程-231] 发起HTTP请求: https://ltshsy.gtimg.com/vipts.tc.qq.com/Z_jNehLafagn-akjQo1h6HGsaZudQ9--1noVFYBFkScX63QQyYU5p3HpdXn...
2026-01-11 14:20:19 - app - INFO - [线程-228] HTTP响应成功，开始写入文件
2026-01-11 14:20:19 - app - INFO - 片段 229/244 下载成功 (93.9%)
2026-01-11 14:20:19 - app - INFO - [线程-232] 线程已启动，准备下载片段 232/244
2026-01-11 14:20:19 - app - INFO - [线程-232] 发起HTTP请求: https://ltshsy.gtimg.com/vipts.tc.qq.com/Z_jNehLafagn-akjQo1h6HGsaZudQ9--1noVFYBFkScX63QQyYU5p3HpdXn...
2026-01-11 14:20:20 - app - INFO - [线程-230] HTTP响应成功，开始写入文件
2026-01-11 14:20:20 - app - INFO - 片段 230/244 下载成功 (94.3%)
2026-01-11 14:20:20 - app - INFO - [线程-233] 线程已启动，准备下载片段 233/244
2026-01-11 14:20:20 - app - INFO - [线程-233] 发起HTTP请求: https://ltshsy.gtimg.com/vipts.tc.qq.com/Z_jNehLafagn-akjQo1h6HGsaZudQ9--1noVFYBFkScX63QQyYU5p3HpdXn...
2026-01-11 14:20:20 - app - INFO - [线程-231] HTTP响应成功，开始写入文件
2026-01-11 14:20:20 - app - INFO - 片段 231/244 下载成功 (94.7%)
2026-01-11 14:20:20 - app - INFO - [线程-234] 线程已启动，准备下载片段 234/244
2026-01-11 14:20:20 - app - INFO - [线程-234] 发起HTTP请求: https://ltshsy.gtimg.com/vipts.tc.qq.com/Z_jNehLafagn-akjQo1h6HGsaZudQ9--1noVFYBFkScX63QQyYU5p3HpdXn...
2026-01-11 14:20:21 - app - INFO - [线程-232] HTTP响应成功，开始写入文件
2026-01-11 14:20:21 - app - INFO - 片段 232/244 下载成功 (95.1%)
2026-01-11 14:20:21 - app - INFO - [线程-235] 线程已启动，准备下载片段 235/244
2026-01-11 14:20:21 - app - INFO - [线程-233] HTTP响应成功，开始写入文件
2026-01-11 14:20:21 - app - INFO - [线程-235] 发起HTTP请求: https://ltshsy.gtimg.com/vipts.tc.qq.com/Z_jNehLafagn-akjQo1h6HGsaZudQ9--1noVFYBFkScX63QQyYU5p3HpdXn...
2026-01-11 14:20:21 - app - INFO - 片段 233/244 下载成功 (95.5%)
2026-01-11 14:20:21 - app - INFO - [线程-236] 线程已启动，准备下载片段 236/244
2026-01-11 14:20:21 - app - INFO - [线程-236] 发起HTTP请求: https://ltshsy.gtimg.com/vipts.tc.qq.com/Z_jNehLafagn-akjQo1h6HGsaZudQ9--1noVFYBFkScX63QQyYU5p3HpdXn...
2026-01-11 14:20:21 - app - INFO - [线程-234] HTTP响应成功，开始写入文件
2026-01-11 14:20:21 - app - INFO - 片段 234/244 下载成功 (95.9%)
2026-01-11 14:20:21 - app - INFO - [线程-237] 线程已启动，准备下载片段 237/244
2026-01-11 14:20:21 - app - INFO - [线程-237] 发起HTTP请求: https://ltshsy.gtimg.com/vipts.tc.qq.com/Z_jNehLafagn-akjQo1h6HGsaZudQ9--1noVFYBFkScX63QQyYU5p3HpdXn...
2026-01-11 14:20:22 - app - INFO - [线程-235] HTTP响应成功，开始写入文件
2026-01-11 14:20:22 - app - INFO - 片段 235/244 下载成功 (96.3%)
2026-01-11 14:20:22 - app - INFO - [线程-238] 线程已启动，准备下载片段 238/244
2026-01-11 14:20:22 - app - INFO - [线程-238] 发起HTTP请求: https://ltshsy.gtimg.com/vipts.tc.qq.com/Z_jNehLafagn-akjQo1h6HGsaZudQ9--1noVFYBFkScX63QQyYU5p3HpdXn...
2026-01-11 14:20:22 - app - INFO - [线程-236] HTTP响应成功，开始写入文件
2026-01-11 14:20:22 - app - INFO - 片段 236/244 下载成功 (96.7%)
2026-01-11 14:20:22 - app - INFO - [线程-239] 线程已启动，准备下载片段 239/244
2026-01-11 14:20:22 - app - INFO - [线程-239] 发起HTTP请求: https://ltshsy.gtimg.com/vipts.tc.qq.com/Z_jNehLafagn-akjQo1h6HGsaZudQ9--1noVFYBFkScX63QQyYU5p3HpdXn...
2026-01-11 14:20:22 - app - INFO - [线程-237] HTTP响应成功，开始写入文件
2026-01-11 14:20:22 - app - INFO - 片段 237/244 下载成功 (97.1%)
2026-01-11 14:20:22 - app - INFO - [线程-240] 线程已启动，准备下载片段 240/244
2026-01-11 14:20:22 - app - INFO - [线程-240] 发起HTTP请求: https://ltshsy.gtimg.com/vipts.tc.qq.com/Z_jNehLafagn-akjQo1h6HGsaZudQ9--1noVFYBFkScX63QQyYU5p3HpdXn...
2026-01-11 14:20:23 - app - INFO - [线程-238] HTTP响应成功，开始写入文件
2026-01-11 14:20:23 - app - INFO - 片段 238/244 下载成功 (97.5%)
2026-01-11 14:20:23 - app - INFO - [线程-241] 线程已启动，准备下载片段 241/244
2026-01-11 14:20:23 - app - INFO - [线程-239] HTTP响应成功，开始写入文件
2026-01-11 14:20:23 - app - INFO - 片段 239/244 下载成功 (98.0%)
2026-01-11 14:20:23 - app - INFO - [线程-241] 发起HTTP请求: https://ltshsy.gtimg.com/vipts.tc.qq.com/Z_jNehLafagn-akjQo1h6HGsaZudQ9--1noVFYBFkScX63QQyYU5p3HpdXn...
2026-01-11 14:20:23 - app - INFO - [线程-242] 线程已启动，准备下载片段 242/244
2026-01-11 14:20:23 - app - INFO - [线程-242] 发起HTTP请求: https://ltshsy.gtimg.com/vipts.tc.qq.com/Z_jNehLafagn-akjQo1h6HGsaZudQ9--1noVFYBFkScX63QQyYU5p3HpdXn...
2026-01-11 14:20:24 - app - INFO - [线程-240] HTTP响应成功，开始写入文件
2026-01-11 14:20:24 - app - INFO - 片段 240/244 下载成功 (98.4%)
2026-01-11 14:20:24 - app - INFO - [线程-243] 线程已启动，准备下载片段 243/244
2026-01-11 14:20:24 - app - INFO - [线程-243] 发起HTTP请求: https://ltshsy.gtimg.com/vipts.tc.qq.com/Z_jNehLafagn-akjQo1h6HGsaZudQ9--1noVFYBFkScX63QQyYU5p3HpdXn...
2026-01-11 14:20:30 - app - INFO - [线程-241] HTTP响应成功，开始写入文件
2026-01-11 14:20:30 - app - INFO - 片段 241/244 下载成功 (98.8%)
2026-01-11 14:20:30 - app - INFO - [线程-244] 线程已启动，准备下载片段 244/244
2026-01-11 14:20:30 - app - INFO - [线程-244] 发起HTTP请求: https://ltshsy.gtimg.com/vipts.tc.qq.com/Z_jNehLafagn-akjQo1h6HGsaZudQ9--1noVFYBFkScX63QQyYU5p3HpdXn...
2026-01-11 14:20:30 - app - INFO - [线程-242] HTTP响应成功，开始写入文件
2026-01-11 14:20:30 - app - INFO - 片段 242/244 下载成功 (99.2%)
2026-01-11 14:20:31 - app - INFO - [线程-244] HTTP响应成功，开始写入文件
2026-01-11 14:20:31 - app - INFO - 片段 243/244 下载成功 (99.6%)
2026-01-11 14:20:31 - app - INFO - [线程-243] HTTP响应成功，开始写入文件
2026-01-11 14:20:31 - app - INFO - 片段 244/244 下载成功 (100.0%)
2026-01-11 14:20:31 - app - INFO - 所有下载任务已完成
2026-01-11 14:20:31 - app - INFO - 开始合并 244 个视频片段
2026-01-11 14:20:31 - app - INFO - 尝试合并策略: TS-copy - 直接复制流
2026-01-11 14:20:56 - app - INFO - 合并成功: TS-copy, 文件大小: 1490926857 bytes
2026-01-11 14:20:57 - app - INFO - 临时文件清理完成
2026-01-11 14:20:57 - app - INFO - 视频下载完成: 第02集 - 李秋萍郑德诚竞选，书记花落谁家？, 大小: 1490926857 bytes
2026-01-11 14:20:57 - app - INFO - 正则替换: 第02集 - 李秋萍郑德诚竞选，书记花落谁家？ -> 小城大事.2026.S01E2
2026-01-11 14:20:57 - app - INFO - 文件已移动到正式目录: C:\Data\下载\电视剧\小城大事\小城大事.2026.S01E2.mp4
2026-01-11 14:20:57 - app - INFO - 开始解析剧集: 第03集 - 全员合照！月海养「城」团集结登场, URL: https://v.qq.com/x/cover/mzc00200o3jp0vf/e4101s2omeq.html
2026-01-11 14:20:57 - app - INFO - 解析剧集: 第03集 - 全员合照！月海养「城」团集结登场 - https://v.qq.com/x/cover/mzc00200o3jp0vf/e4101s2omeq.html
2026-01-11 14:20:57 - app - INFO - 已加载默认解析接口
2026-01-11 14:20:57 - app - INFO - 开始解析影视地址: https://v.qq.com/x/cover/mzc00200o3jp0vf/e4101s2omeq.html, 共有 1 个接口可用
2026-01-11 14:20:57 - app - INFO - 尝试接口 #1: 默认接口
2026-01-11 14:20:57 - app - INFO - 配置 - 下载地址路径: final_url, 状态码路径: code, 成功状态码: 200
2026-01-11 14:21:13 - app - INFO - 接口 #1 响应: {'code': 200, 'msg': '获取跳转地址成功（已缓存）', 'initial_url': 'https://v.qq.com/x/cover/mzc00200o3jp0vf/e4101s2omeq.html', 'final_url': 'https://ltshsy.gtimg.com/vipts.tc.qq.com/Z_jNehLafagn-akjQo1h6HGibV3GPT4XD5Vcm86O3sFcK3QQyYU5p3HpdXnG9MYnEqgz1VroONbig1R7_WJTMSKQA8C6Lp1Oc5DOSM8bHRpWU3o9KhbECvHjLd7xeNqXBP71Exw73FatXNgWGjPJQ-kQoVMcxlhBNSuwxtu8Il-VFgAXKn2t-5u7AizABExgE5lnLWE6BkC0HGe6_LJQc5Sw==/B_EidIw_w5nnOTTl2xLIvg5urcJKBCbdHy-S3Ow2CkzNoI5g3ThbTHyNVuGxRCkvfCEjY13p-6PBCf4iB-GF9NJy9PJpLZoRBwPY4AH_TDZlW_ifgfIQ2zNA938ojN4IGWOg5DAtQ6SK7CJM005M8ieA/svp_50112/EmRh7NXLb-mbriLLwshcHh6MVozvcYxjhJUwSoil52yNFSdj1dlxzdOUs2RZkA8ad0grZ-S1CBCKonQWpPZelfryrUuKFLUgsFgCi1wZX1XDDYYWPKWKJvF3riUADDacyc5lK0F8MPSb-Kf53UKc2LsYEOSdopFtVIz4KoL_C3A30UY7DZJslLSTvoKeubkLyLayFYBcRKI/gzc_1000102_0b53zqanuaaar4anw2dbcbu4btgd3laabxsa.f322016.ts.m3u8?ver=4'}
2026-01-11 14:21:13 - app - INFO - ✓ 接口 #1 解析成功: https://v.qq.com/x/cover/mzc00200o3jp0vf/e4101s2omeq.html -> https://ltshsy.gtimg.com/vipts.tc.qq.com/Z_jNehLafagn-akjQo1h6HGibV3GPT4XD5Vcm86O3sFcK3QQyYU5p3HpdXnG9MYnEqgz1VroONbig1R7_WJTMSKQA8C6Lp1Oc5DOSM8bHRpWU3o9KhbECvHjLd7xeNqXBP71Exw73FatXNgWGjPJQ-kQoVMcxlhBNSuwxtu8Il-VFgAXKn2t-5u7AizABExgE5lnLWE6BkC0HGe6_LJQc5Sw==/B_EidIw_w5nnOTTl2xLIvg5urcJKBCbdHy-S3Ow2CkzNoI5g3ThbTHyNVuGxRCkvfCEjY13p-6PBCf4iB-GF9NJy9PJpLZoRBwPY4AH_TDZlW_ifgfIQ2zNA938ojN4IGWOg5DAtQ6SK7CJM005M8ieA/svp_50112/EmRh7NXLb-mbriLLwshcHh6MVozvcYxjhJUwSoil52yNFSdj1dlxzdOUs2RZkA8ad0grZ-S1CBCKonQWpPZelfryrUuKFLUgsFgCi1wZX1XDDYYWPKWKJvF3riUADDacyc5lK0F8MPSb-Kf53UKc2LsYEOSdopFtVIz4KoL_C3A30UY7DZJslLSTvoKeubkLyLayFYBcRKI/gzc_1000102_0b53zqanuaaar4anw2dbcbu4btgd3laabxsa.f322016.ts.m3u8?ver=4
2026-01-11 14:21:13 - app - INFO - 解析成功，开始下载: 第03集 - 全员合照！月海养「城」团集结登场 -> https://ltshsy.gtimg.com/vipts.tc.qq.com/Z_jNehLafagn-akjQo1h6HGibV3GPT4XD5Vcm86O3sFcK3QQyYU5p3HpdXnG9MYnEqgz1VroONbig1R7_WJTMSKQA8C6Lp1Oc5DOSM8bHRpWU3o9KhbECvHjLd7xeNqXBP71Exw73FatXNgWGjPJQ-kQoVMcxlhBNSuwxtu8Il-VFgAXKn2t-5u7AizABExgE5lnLWE6BkC0HGe6_LJQc5Sw==/B_EidIw_w5nnOTTl2xLIvg5urcJKBCbdHy-S3Ow2CkzNoI5g3ThbTHyNVuGxRCkvfCEjY13p-6PBCf4iB-GF9NJy9PJpLZoRBwPY4AH_TDZlW_ifgfIQ2zNA938ojN4IGWOg5DAtQ6SK7CJM005M8ieA/svp_50112/EmRh7NXLb-mbriLLwshcHh6MVozvcYxjhJUwSoil52yNFSdj1dlxzdOUs2RZkA8ad0grZ-S1CBCKonQWpPZelfryrUuKFLUgsFgCi1wZX1XDDYYWPKWKJvF3riUADDacyc5lK0F8MPSb-Kf53UKc2LsYEOSdopFtVIz4KoL_C3A30UY7DZJslLSTvoKeubkLyLayFYBcRKI/gzc_1000102_0b53zqanuaaar4anw2dbcbu4btgd3laabxsa.f322016.ts.m3u8?ver=4
2026-01-11 14:21:13 - app - INFO - 检测到m3u8格式，使用HLS下载器: 第03集 - 全员合照！月海养「城」团集结登场
2026-01-11 14:21:13 - app - INFO - 开始下载m3u8视频: 第03集 - 全员合照！月海养「城」团集结登场
2026-01-11 14:21:25 - app - INFO - m3u8文件下载成功，开始解析
2026-01-11 14:21:25 - app - INFO - 解析到 242 个视频片段
2026-01-11 14:21:25 - app - INFO - 开始下载 242 个视频片段（共 242 个）
2026-01-11 14:21:25 - app - INFO - 使用配置的线程数: 3
2026-01-11 14:21:25 - app - INFO - 启动 3 个线程开始并发下载...
2026-01-11 14:21:25 - app - INFO - [线程-1] 线程已启动，准备下载片段 1/242
2026-01-11 14:21:25 - app - INFO - [线程-2] 线程已启动，准备下载片段 2/242
2026-01-11 14:21:25 - app - INFO - [线程-3] 线程已启动，准备下载片段 3/242
2026-01-11 14:21:25 - app - INFO - 已提交 242 个下载任务到线程池
2026-01-11 14:21:25 - app - INFO - [线程-1] 发起HTTP请求: https://ltshsy.gtimg.com/vipts.tc.qq.com/Z_jNehLafagn-akjQo1h6HGibV3GPT4XD5Vcm86O3sFcK3QQyYU5p3HpdXn...
2026-01-11 14:21:25 - app - INFO - [线程-2] 发起HTTP请求: https://ltshsy.gtimg.com/vipts.tc.qq.com/Z_jNehLafagn-akjQo1h6HGibV3GPT4XD5Vcm86O3sFcK3QQyYU5p3HpdXn...
2026-01-11 14:21:25 - app - INFO - [线程-3] 发起HTTP请求: https://ltshsy.gtimg.com/vipts.tc.qq.com/Z_jNehLafagn-akjQo1h6HGibV3GPT4XD5Vcm86O3sFcK3QQyYU5p3HpdXn...
2026-01-11 14:21:25 - app - INFO - [线程-1] HTTP响应成功，开始写入文件
2026-01-11 14:21:25 - app - INFO - 片段 1/242 下载成功 (0.4%)
2026-01-11 14:21:26 - app - INFO - [线程-4] 线程已启动，准备下载片段 4/242
2026-01-11 14:21:26 - app - INFO - [线程-4] 发起HTTP请求: https://ltshsy.gtimg.com/vipts.tc.qq.com/Z_jNehLafagn-akjQo1h6HGibV3GPT4XD5Vcm86O3sFcK3QQyYU5p3HpdXn...
2026-01-11 14:21:26 - app - INFO - [线程-2] HTTP响应成功，开始写入文件
2026-01-11 14:21:26 - app - INFO - 片段 2/242 下载成功 (0.8%)
2026-01-11 14:21:26 - app - INFO - [线程-5] 线程已启动，准备下载片段 5/242
2026-01-11 14:21:26 - app - INFO - [线程-5] 发起HTTP请求: https://ltshsy.gtimg.com/vipts.tc.qq.com/Z_jNehLafagn-akjQo1h6HGibV3GPT4XD5Vcm86O3sFcK3QQyYU5p3HpdXn...
2026-01-11 14:21:27 - app - INFO - [线程-3] HTTP响应成功，开始写入文件
2026-01-11 14:21:27 - app - INFO - 片段 3/242 下载成功 (1.2%)
2026-01-11 14:21:27 - app - INFO - [线程-6] 线程已启动，准备下载片段 6/242
2026-01-11 14:21:27 - app - INFO - [线程-6] 发起HTTP请求: https://ltshsy.gtimg.com/vipts.tc.qq.com/Z_jNehLafagn-akjQo1h6HGibV3GPT4XD5Vcm86O3sFcK3QQyYU5p3HpdXn...
2026-01-11 14:21:27 - app - INFO - [线程-4] HTTP响应成功，开始写入文件
2026-01-11 14:21:27 - app - INFO - 片段 4/242 下载成功 (1.7%)
2026-01-11 14:21:27 - app - INFO - [线程-7] 线程已启动，准备下载片段 7/242
2026-01-11 14:21:27 - app - INFO - [线程-7] 发起HTTP请求: https://ltshsy.gtimg.com/vipts.tc.qq.com/Z_jNehLafagn-akjQo1h6HGibV3GPT4XD5Vcm86O3sFcK3QQyYU5p3HpdXn...
2026-01-11 14:21:28 - app - INFO - [线程-6] HTTP响应成功，开始写入文件
2026-01-11 14:21:28 - app - INFO - 片段 5/242 下载成功 (2.1%)
2026-01-11 14:21:28 - app - INFO - [线程-8] 线程已启动，准备下载片段 8/242
2026-01-11 14:21:29 - app - INFO - [线程-8] 发起HTTP请求: https://ltshsy.gtimg.com/vipts.tc.qq.com/Z_jNehLafagn-akjQo1h6HGibV3GPT4XD5Vcm86O3sFcK3QQyYU5p3HpdXn...
2026-01-11 14:21:29 - app - INFO - [线程-7] HTTP响应成功，开始写入文件
2026-01-11 14:21:29 - app - INFO - 片段 6/242 下载成功 (2.5%)
2026-01-11 14:21:29 - app - INFO - [线程-9] 线程已启动，准备下载片段 9/242
2026-01-11 14:21:29 - app - INFO - [线程-9] 发起HTTP请求: https://ltshsy.gtimg.com/vipts.tc.qq.com/Z_jNehLafagn-akjQo1h6HGibV3GPT4XD5Vcm86O3sFcK3QQyYU5p3HpdXn...
2026-01-11 14:21:29 - app - INFO - [线程-5] HTTP响应成功，开始写入文件
2026-01-11 14:21:29 - app - INFO - 片段 7/242 下载成功 (2.9%)
2026-01-11 14:21:29 - app - INFO - [线程-10] 线程已启动，准备下载片段 10/242
2026-01-11 14:21:29 - app - INFO - [线程-10] 发起HTTP请求: https://ltshsy.gtimg.com/vipts.tc.qq.com/Z_jNehLafagn-akjQo1h6HGibV3GPT4XD5Vcm86O3sFcK3QQyYU5p3HpdXn...
2026-01-11 14:21:30 - app - INFO - [线程-8] HTTP响应成功，开始写入文件
2026-01-11 14:21:30 - app - INFO - 片段 8/242 下载成功 (3.3%)
2026-01-11 14:21:30 - app - INFO - [线程-11] 线程已启动，准备下载片段 11/242
2026-01-11 14:21:30 - app - INFO - [线程-11] 发起HTTP请求: https://ltshsy.gtimg.com/vipts.tc.qq.com/Z_jNehLafagn-akjQo1h6HGibV3GPT4XD5Vcm86O3sFcK3QQyYU5p3HpdXn...
2026-01-11 14:21:30 - app - INFO - [线程-10] HTTP响应成功，开始写入文件
2026-01-11 14:21:30 - app - INFO - 片段 9/242 下载成功 (3.7%)
2026-01-11 14:21:30 - app - INFO - [线程-12] 线程已启动，准备下载片段 12/242
2026-01-11 14:21:30 - app - INFO - [线程-12] 发起HTTP请求: https://ltshsy.gtimg.com/vipts.tc.qq.com/Z_jNehLafagn-akjQo1h6HGibV3GPT4XD5Vcm86O3sFcK3QQyYU5p3HpdXn...
2026-01-11 14:21:31 - app - INFO - [线程-9] HTTP响应成功，开始写入文件
2026-01-11 14:21:31 - app - INFO - 片段 10/242 下载成功 (4.1%)
2026-01-11 14:21:31 - app - INFO - [线程-13] 线程已启动，准备下载片段 13/242
2026-01-11 14:21:31 - app - INFO - [线程-13] 发起HTTP请求: https://ltshsy.gtimg.com/vipts.tc.qq.com/Z_jNehLafagn-akjQo1h6HGibV3GPT4XD5Vcm86O3sFcK3QQyYU5p3HpdXn...
2026-01-11 14:21:36 - app - INFO - [线程-11] HTTP响应成功，开始写入文件
2026-01-11 14:21:36 - app - INFO - 片段 11/242 下载成功 (4.5%)
2026-01-11 14:21:36 - app - INFO - [线程-14] 线程已启动，准备下载片段 14/242
2026-01-11 14:21:37 - app - INFO - [线程-14] 发起HTTP请求: https://ltshsy.gtimg.com/vipts.tc.qq.com/Z_jNehLafagn-akjQo1h6HGibV3GPT4XD5Vcm86O3sFcK3QQyYU5p3HpdXn...
2026-01-11 14:21:37 - app - INFO - [线程-13] HTTP响应成功，开始写入文件
2026-01-11 14:21:37 - app - INFO - 片段 12/242 下载成功 (5.0%)
2026-01-11 14:21:37 - app - INFO - [线程-15] 线程已启动，准备下载片段 15/242
2026-01-11 14:21:37 - app - INFO - [线程-15] 发起HTTP请求: https://ltshsy.gtimg.com/vipts.tc.qq.com/Z_jNehLafagn-akjQo1h6HGibV3GPT4XD5Vcm86O3sFcK3QQyYU5p3HpdXn...
2026-01-11 14:21:37 - app - INFO - [线程-14] HTTP响应成功，开始写入文件
2026-01-11 14:21:37 - app - INFO - 片段 13/242 下载成功 (5.4%)
2026-01-11 14:21:37 - app - INFO - [线程-16] 线程已启动，准备下载片段 16/242
2026-01-11 14:21:37 - app - INFO - [线程-16] 发起HTTP请求: https://ltshsy.gtimg.com/vipts.tc.qq.com/Z_jNehLafagn-akjQo1h6HGibV3GPT4XD5Vcm86O3sFcK3QQyYU5p3HpdXn...
2026-01-11 14:21:37 - app - INFO - [线程-12] HTTP响应成功，开始写入文件
2026-01-11 14:21:37 - app - INFO - 片段 14/242 下载成功 (5.8%)
2026-01-11 14:21:37 - app - INFO - [线程-17] 线程已启动，准备下载片段 17/242
2026-01-11 14:21:37 - app - INFO - [线程-17] 发起HTTP请求: https://ltshsy.gtimg.com/vipts.tc.qq.com/Z_jNehLafagn-akjQo1h6HGibV3GPT4XD5Vcm86O3sFcK3QQyYU5p3HpdXn...
2026-01-11 14:21:38 - app - INFO - [线程-15] HTTP响应成功，开始写入文件
2026-01-11 14:21:38 - app - INFO - 片段 15/242 下载成功 (6.2%)
2026-01-11 14:21:38 - app - INFO - [线程-18] 线程已启动，准备下载片段 18/242
2026-01-11 14:21:38 - app - INFO - [线程-18] 发起HTTP请求: https://ltshsy.gtimg.com/vipts.tc.qq.com/Z_jNehLafagn-akjQo1h6HGibV3GPT4XD5Vcm86O3sFcK3QQyYU5p3HpdXn...
2026-01-11 14:21:38 - app - INFO - [线程-16] HTTP响应成功，开始写入文件
2026-01-11 14:21:38 - app - INFO - 片段 16/242 下载成功 (6.6%)
2026-01-11 14:21:38 - app - INFO - [线程-19] 线程已启动，准备下载片段 19/242
2026-01-11 14:21:38 - app - INFO - [线程-19] 发起HTTP请求: https://ltshsy.gtimg.com/vipts.tc.qq.com/Z_jNehLafagn-akjQo1h6HGibV3GPT4XD5Vcm86O3sFcK3QQyYU5p3HpdXn...
2026-01-11 14:21:39 - app - INFO - [线程-17] HTTP响应成功，开始写入文件
2026-01-11 14:21:39 - app - INFO - 片段 17/242 下载成功 (7.0%)
2026-01-11 14:21:39 - app - INFO - [线程-20] 线程已启动，准备下载片段 20/242
2026-01-11 14:21:39 - app - INFO - [线程-19] HTTP响应成功，开始写入文件
2026-01-11 14:21:39 - app - INFO - [线程-18] HTTP响应成功，开始写入文件
2026-01-11 14:21:39 - app - INFO - [线程-20] 发起HTTP请求: https://ltshsy.gtimg.com/vipts.tc.qq.com/Z_jNehLafagn-akjQo1h6HGibV3GPT4XD5Vcm86O3sFcK3QQyYU5p3HpdXn...
2026-01-11 14:21:39 - app - INFO - 片段 19/242 下载成功 (7.9%)
2026-01-11 14:21:39 - app - INFO - 片段 18/242 下载成功 (7.4%)
2026-01-11 14:21:39 - app - INFO - [线程-21] 线程已启动，准备下载片段 21/242
2026-01-11 14:21:39 - app - INFO - [线程-21] 发起HTTP请求: https://ltshsy.gtimg.com/vipts.tc.qq.com/Z_jNehLafagn-akjQo1h6HGibV3GPT4XD5Vcm86O3sFcK3QQyYU5p3HpdXn...
2026-01-11 14:21:39 - app - INFO - [线程-22] 线程已启动，准备下载片段 22/242
2026-01-11 14:21:39 - app - INFO - [线程-22] 发起HTTP请求: https://ltshsy.gtimg.com/vipts.tc.qq.com/Z_jNehLafagn-akjQo1h6HGibV3GPT4XD5Vcm86O3sFcK3QQyYU5p3HpdXn...
2026-01-11 14:21:40 - app - INFO - [线程-21] HTTP响应成功，开始写入文件
2026-01-11 14:21:40 - app - INFO - 片段 20/242 下载成功 (8.3%)
2026-01-11 14:21:40 - app - INFO - [线程-23] 线程已启动，准备下载片段 23/242
2026-01-11 14:21:40 - app - INFO - [线程-23] 发起HTTP请求: https://ltshsy.gtimg.com/vipts.tc.qq.com/Z_jNehLafagn-akjQo1h6HGibV3GPT4XD5Vcm86O3sFcK3QQyYU5p3HpdXn...
2026-01-11 14:21:40 - app - INFO - [线程-22] HTTP响应成功，开始写入文件
2026-01-11 14:21:40 - app - INFO - 片段 21/242 下载成功 (8.7%)
2026-01-11 14:21:40 - app - INFO - [线程-24] 线程已启动，准备下载片段 24/242
2026-01-11 14:21:40 - app - INFO - [线程-24] 发起HTTP请求: https://ltshsy.gtimg.com/vipts.tc.qq.com/Z_jNehLafagn-akjQo1h6HGibV3GPT4XD5Vcm86O3sFcK3QQyYU5p3HpdXn...
2026-01-11 14:21:41 - app - INFO - [线程-24] HTTP响应成功，开始写入文件
2026-01-11 14:21:41 - app - INFO - 片段 22/242 下载成功 (9.1%)
2026-01-11 14:21:41 - app - INFO - [线程-25] 线程已启动，准备下载片段 25/242
2026-01-11 14:21:41 - app - INFO - [线程-25] 发起HTTP请求: https://ltshsy.gtimg.com/vipts.tc.qq.com/Z_jNehLafagn-akjQo1h6HGibV3GPT4XD5Vcm86O3sFcK3QQyYU5p3HpdXn...
2026-01-11 14:21:41 - app - INFO - [线程-20] HTTP响应成功，开始写入文件
2026-01-11 14:21:41 - app - INFO - 片段 23/242 下载成功 (9.5%)
2026-01-11 14:21:41 - app - INFO - [线程-26] 线程已启动，准备下载片段 26/242
2026-01-11 14:21:41 - app - INFO - [线程-26] 发起HTTP请求: https://ltshsy.gtimg.com/vipts.tc.qq.com/Z_jNehLafagn-akjQo1h6HGibV3GPT4XD5Vcm86O3sFcK3QQyYU5p3HpdXn...
2026-01-11 14:21:41 - app - INFO - [线程-23] HTTP响应成功，开始写入文件
2026-01-11 14:21:41 - app - INFO - 片段 24/242 下载成功 (9.9%)
2026-01-11 14:21:41 - app - INFO - [线程-27] 线程已启动，准备下载片段 27/242
2026-01-11 14:21:41 - app - INFO - [线程-27] 发起HTTP请求: https://ltshsy.gtimg.com/vipts.tc.qq.com/Z_jNehLafagn-akjQo1h6HGibV3GPT4XD5Vcm86O3sFcK3QQyYU5p3HpdXn...
2026-01-11 14:21:41 - app - INFO - [线程-25] HTTP响应成功，开始写入文件
2026-01-11 14:21:41 - app - INFO - 片段 25/242 下载成功 (10.3%)
2026-01-11 14:21:41 - app - INFO - [线程-28] 线程已启动，准备下载片段 28/242
2026-01-11 14:21:41 - app - INFO - [线程-28] 发起HTTP请求: https://ltshsy.gtimg.com/vipts.tc.qq.com/Z_jNehLafagn-akjQo1h6HGibV3GPT4XD5Vcm86O3sFcK3QQyYU5p3HpdXn...
2026-01-11 14:21:42 - app - INFO - [线程-26] HTTP响应成功，开始写入文件
2026-01-11 14:21:42 - app - INFO - 片段 26/242 下载成功 (10.7%)
2026-01-11 14:21:42 - app - INFO - [线程-29] 线程已启动，准备下载片段 29/242
2026-01-11 14:21:42 - app - INFO - [线程-29] 发起HTTP请求: https://ltshsy.gtimg.com/vipts.tc.qq.com/Z_jNehLafagn-akjQo1h6HGibV3GPT4XD5Vcm86O3sFcK3QQyYU5p3HpdXn...
2026-01-11 14:21:48 - app - INFO - [线程-27] HTTP响应成功，开始写入文件
2026-01-11 14:21:48 - app - INFO - 片段 27/242 下载成功 (11.2%)
2026-01-11 14:21:48 - app - INFO - [线程-30] 线程已启动，准备下载片段 30/242
2026-01-11 14:21:48 - app - INFO - [线程-28] HTTP响应成功，开始写入文件
2026-01-11 14:21:48 - app - INFO - [线程-30] 发起HTTP请求: https://ltshsy.gtimg.com/vipts.tc.qq.com/Z_jNehLafagn-akjQo1h6HGibV3GPT4XD5Vcm86O3sFcK3QQyYU5p3HpdXn...
2026-01-11 14:21:48 - app - INFO - 片段 28/242 下载成功 (11.6%)
2026-01-11 14:21:48 - app - INFO - [线程-31] 线程已启动，准备下载片段 31/242
2026-01-11 14:21:48 - app - INFO - [线程-31] 发起HTTP请求: https://ltshsy.gtimg.com/vipts.tc.qq.com/Z_jNehLafagn-akjQo1h6HGibV3GPT4XD5Vcm86O3sFcK3QQyYU5p3HpdXn...
2026-01-11 14:21:49 - app - INFO - [线程-30] HTTP响应成功，开始写入文件
2026-01-11 14:21:49 - app - INFO - 片段 29/242 下载成功 (12.0%)
2026-01-11 14:21:49 - app - INFO - [线程-32] 线程已启动，准备下载片段 32/242
2026-01-11 14:21:49 - app - INFO - [线程-32] 发起HTTP请求: https://ltshsy.gtimg.com/vipts.tc.qq.com/Z_jNehLafagn-akjQo1h6HGibV3GPT4XD5Vcm86O3sFcK3QQyYU5p3HpdXn...
2026-01-11 14:21:49 - app - INFO - [线程-29] HTTP响应成功，开始写入文件
2026-01-11 14:21:49 - app - INFO - 片段 30/242 下载成功 (12.4%)
2026-01-11 14:21:49 - app - INFO - [线程-31] HTTP响应成功，开始写入文件
2026-01-11 14:21:49 - app - INFO - [线程-33] 线程已启动，准备下载片段 33/242
2026-01-11 14:21:49 - app - INFO - [线程-33] 发起HTTP请求: https://ltshsy.gtimg.com/vipts.tc.qq.com/Z_jNehLafagn-akjQo1h6HGibV3GPT4XD5Vcm86O3sFcK3QQyYU5p3HpdXn...
2026-01-11 14:21:49 - app - INFO - 片段 31/242 下载成功 (12.8%)
2026-01-11 14:21:49 - app - INFO - [线程-34] 线程已启动，准备下载片段 34/242
2026-01-11 14:21:49 - app - INFO - [线程-34] 发起HTTP请求: https://ltshsy.gtimg.com/vipts.tc.qq.com/Z_jNehLafagn-akjQo1h6HGibV3GPT4XD5Vcm86O3sFcK3QQyYU5p3HpdXn...
2026-01-11 14:21:50 - app - INFO - [线程-33] HTTP响应成功，开始写入文件
2026-01-11 14:21:50 - app - INFO - 片段 32/242 下载成功 (13.2%)
2026-01-11 14:21:50 - app - INFO - [线程-35] 线程已启动，准备下载片段 35/242
2026-01-11 14:21:50 - app - INFO - [线程-34] HTTP响应成功，开始写入文件
2026-01-11 14:21:50 - app - INFO - [线程-35] 发起HTTP请求: https://ltshsy.gtimg.com/vipts.tc.qq.com/Z_jNehLafagn-akjQo1h6HGibV3GPT4XD5Vcm86O3sFcK3QQyYU5p3HpdXn...
2026-01-11 14:21:50 - app - INFO - 片段 33/242 下载成功 (13.6%)
2026-01-11 14:21:50 - app - INFO - [线程-36] 线程已启动，准备下载片段 36/242
2026-01-11 14:21:50 - app - INFO - [线程-36] 发起HTTP请求: https://ltshsy.gtimg.com/vipts.tc.qq.com/Z_jNehLafagn-akjQo1h6HGibV3GPT4XD5Vcm86O3sFcK3QQyYU5p3HpdXn...
2026-01-11 14:21:51 - app - INFO - [线程-32] HTTP响应成功，开始写入文件
2026-01-11 14:21:51 - app - INFO - 片段 34/242 下载成功 (14.0%)
2026-01-11 14:21:51 - app - INFO - [线程-37] 线程已启动，准备下载片段 37/242
2026-01-11 14:21:51 - app - INFO - [线程-35] HTTP响应成功，开始写入文件
2026-01-11 14:21:51 - app - INFO - [线程-37] 发起HTTP请求: https://ltshsy.gtimg.com/vipts.tc.qq.com/Z_jNehLafagn-akjQo1h6HGibV3GPT4XD5Vcm86O3sFcK3QQyYU5p3HpdXn...
2026-01-11 14:21:51 - app - INFO - 片段 35/242 下载成功 (14.5%)
2026-01-11 14:21:51 - app - INFO - [线程-38] 线程已启动，准备下载片段 38/242
2026-01-11 14:21:51 - app - INFO - [线程-38] 发起HTTP请求: https://ltshsy.gtimg.com/vipts.tc.qq.com/Z_jNehLafagn-akjQo1h6HGibV3GPT4XD5Vcm86O3sFcK3QQyYU5p3HpdXn...
2026-01-11 14:21:51 - app - INFO - [线程-36] HTTP响应成功，开始写入文件
2026-01-11 14:21:51 - app - INFO - 片段 36/242 下载成功 (14.9%)
2026-01-11 14:21:51 - app - INFO - [线程-39] 线程已启动，准备下载片段 39/242
2026-01-11 14:21:51 - app - INFO - [线程-39] 发起HTTP请求: https://ltshsy.gtimg.com/vipts.tc.qq.com/Z_jNehLafagn-akjQo1h6HGibV3GPT4XD5Vcm86O3sFcK3QQyYU5p3HpdXn...
2026-01-11 14:21:52 - app - INFO - [线程-38] HTTP响应成功，开始写入文件
2026-01-11 14:21:52 - app - INFO - 片段 37/242 下载成功 (15.3%)
2026-01-11 14:21:52 - app - INFO - [线程-40] 线程已启动，准备下载片段 40/242
2026-01-11 14:21:52 - app - INFO - [线程-40] 发起HTTP请求: https://ltshsy.gtimg.com/vipts.tc.qq.com/Z_jNehLafagn-akjQo1h6HGibV3GPT4XD5Vcm86O3sFcK3QQyYU5p3HpdXn...
2026-01-11 14:21:52 - app - INFO - [线程-37] HTTP响应成功，开始写入文件
2026-01-11 14:21:52 - app - INFO - 片段 38/242 下载成功 (15.7%)
2026-01-11 14:21:52 - app - INFO - [线程-41] 线程已启动，准备下载片段 41/242
2026-01-11 14:21:52 - app - INFO - [线程-41] 发起HTTP请求: https://ltshsy.gtimg.com/vipts.tc.qq.com/Z_jNehLafagn-akjQo1h6HGibV3GPT4XD5Vcm86O3sFcK3QQyYU5p3HpdXn...
2026-01-11 14:21:53 - app - INFO - [线程-40] HTTP响应成功，开始写入文件
2026-01-11 14:21:53 - app - INFO - 片段 39/242 下载成功 (16.1%)
2026-01-11 14:21:53 - app - INFO - [线程-42] 线程已启动，准备下载片段 42/242
2026-01-11 14:21:53 - app - INFO - [线程-42] 发起HTTP请求: https://ltshsy.gtimg.com/vipts.tc.qq.com/Z_jNehLafagn-akjQo1h6HGibV3GPT4XD5Vcm86O3sFcK3QQyYU5p3HpdXn...
2026-01-11 14:21:53 - app - INFO - [线程-39] HTTP响应成功，开始写入文件
2026-01-11 14:21:53 - app - INFO - 片段 40/242 下载成功 (16.5%)
2026-01-11 14:21:53 - app - INFO - [线程-43] 线程已启动，准备下载片段 43/242
2026-01-11 14:21:53 - app - INFO - [线程-43] 发起HTTP请求: https://ltshsy.gtimg.com/vipts.tc.qq.com/Z_jNehLafagn-akjQo1h6HGibV3GPT4XD5Vcm86O3sFcK3QQyYU5p3HpdXn...
2026-01-11 14:21:59 - app - INFO - [线程-43] HTTP响应成功，开始写入文件
2026-01-11 14:21:59 - app - INFO - 片段 41/242 下载成功 (16.9%)
2026-01-11 14:21:59 - app - INFO - [线程-44] 线程已启动，准备下载片段 44/242
2026-01-11 14:21:59 - app - INFO - [线程-44] 发起HTTP请求: https://ltshsy.gtimg.com/vipts.tc.qq.com/Z_jNehLafagn-akjQo1h6HGibV3GPT4XD5Vcm86O3sFcK3QQyYU5p3HpdXn...
2026-01-11 14:21:59 - app - INFO - [线程-41] HTTP响应成功，开始写入文件
2026-01-11 14:21:59 - app - INFO - 片段 42/242 下载成功 (17.4%)
2026-01-11 14:21:59 - app - INFO - [线程-45] 线程已启动，准备下载片段 45/242
2026-01-11 14:21:59 - app - INFO - [线程-45] 发起HTTP请求: https://ltshsy.gtimg.com/vipts.tc.qq.com/Z_jNehLafagn-akjQo1h6HGibV3GPT4XD5Vcm86O3sFcK3QQyYU5p3HpdXn...
2026-01-11 14:21:59 - app - INFO - [线程-42] HTTP响应成功，开始写入文件
2026-01-11 14:21:59 - app - INFO - 片段 43/242 下载成功 (17.8%)
2026-01-11 14:21:59 - app - INFO - [线程-46] 线程已启动，准备下载片段 46/242
2026-01-11 14:21:59 - app - INFO - [线程-46] 发起HTTP请求: https://ltshsy.gtimg.com/vipts.tc.qq.com/Z_jNehLafagn-akjQo1h6HGibV3GPT4XD5Vcm86O3sFcK3QQyYU5p3HpdXn...
2026-01-11 14:22:00 - app - INFO - [线程-44] HTTP响应成功，开始写入文件
2026-01-11 14:22:00 - app - INFO - 片段 44/242 下载成功 (18.2%)
2026-01-11 14:22:00 - app - INFO - [线程-47] 线程已启动，准备下载片段 47/242
2026-01-11 14:22:00 - app - INFO - [线程-47] 发起HTTP请求: https://ltshsy.gtimg.com/vipts.tc.qq.com/Z_jNehLafagn-akjQo1h6HGibV3GPT4XD5Vcm86O3sFcK3QQyYU5p3HpdXn...
2026-01-11 14:22:00 - app - INFO - [线程-46] HTTP响应成功，开始写入文件
2026-01-11 14:22:00 - app - INFO - 片段 45/242 下载成功 (18.6%)
2026-01-11 14:22:00 - app - INFO - [线程-48] 线程已启动，准备下载片段 48/242
2026-01-11 14:22:00 - app - INFO - [线程-48] 发起HTTP请求: https://ltshsy.gtimg.com/vipts.tc.qq.com/Z_jNehLafagn-akjQo1h6HGibV3GPT4XD5Vcm86O3sFcK3QQyYU5p3HpdXn...
2026-01-11 14:22:01 - app - INFO - [线程-47] HTTP响应成功，开始写入文件
2026-01-11 14:22:01 - app - INFO - 片段 46/242 下载成功 (19.0%)
2026-01-11 14:22:01 - app - INFO - [线程-49] 线程已启动，准备下载片段 49/242
2026-01-11 14:22:01 - app - INFO - [线程-49] 发起HTTP请求: https://ltshsy.gtimg.com/vipts.tc.qq.com/Z_jNehLafagn-akjQo1h6HGibV3GPT4XD5Vcm86O3sFcK3QQyYU5p3HpdXn...
2026-01-11 14:22:02 - app - INFO - [线程-45] HTTP响应成功，开始写入文件
2026-01-11 14:22:02 - app - INFO - 片段 47/242 下载成功 (19.4%)
2026-01-11 14:22:02 - app - INFO - [线程-48] HTTP响应成功，开始写入文件
2026-01-11 14:22:02 - app - INFO - [线程-50] 线程已启动，准备下载片段 50/242
2026-01-11 14:22:02 - app - INFO - [线程-50] 发起HTTP请求: https://ltshsy.gtimg.com/vipts.tc.qq.com/Z_jNehLafagn-akjQo1h6HGibV3GPT4XD5Vcm86O3sFcK3QQyYU5p3HpdXn...
2026-01-11 14:22:02 - app - INFO - 片段 48/242 下载成功 (19.8%)
2026-01-11 14:22:02 - app - INFO - [线程-51] 线程已启动，准备下载片段 51/242
2026-01-11 14:22:02 - app - INFO - [线程-51] 发起HTTP请求: https://ltshsy.gtimg.com/vipts.tc.qq.com/Z_jNehLafagn-akjQo1h6HGibV3GPT4XD5Vcm86O3sFcK3QQyYU5p3HpdXn...
2026-01-11 14:22:03 - app - INFO - [线程-50] HTTP响应成功，开始写入文件
2026-01-11 14:22:03 - app - INFO - 片段 49/242 下载成功 (20.2%)
2026-01-11 14:22:03 - app - INFO - [线程-52] 线程已启动，准备下载片段 52/242
2026-01-11 14:22:03 - app - INFO - [线程-52] 发起HTTP请求: https://ltshsy.gtimg.com/vipts.tc.qq.com/Z_jNehLafagn-akjQo1h6HGibV3GPT4XD5Vcm86O3sFcK3QQyYU5p3HpdXn...
2026-01-11 14:22:03 - app - INFO - [线程-51] HTTP响应成功，开始写入文件
2026-01-11 14:22:03 - app - INFO - 片段 50/242 下载成功 (20.7%)
2026-01-11 14:22:03 - app - INFO - [线程-53] 线程已启动，准备下载片段 53/242
2026-01-11 14:22:03 - app - INFO - [线程-53] 发起HTTP请求: https://ltshsy.gtimg.com/vipts.tc.qq.com/Z_jNehLafagn-akjQo1h6HGibV3GPT4XD5Vcm86O3sFcK3QQyYU5p3HpdXn...
2026-01-11 14:22:03 - app - INFO - [线程-49] HTTP响应成功，开始写入文件
2026-01-11 14:22:03 - app - INFO - 片段 51/242 下载成功 (21.1%)
2026-01-11 14:22:03 - app - INFO - [线程-54] 线程已启动，准备下载片段 54/242
2026-01-11 14:22:03 - app - INFO - [线程-54] 发起HTTP请求: https://ltshsy.gtimg.com/vipts.tc.qq.com/Z_jNehLafagn-akjQo1h6HGibV3GPT4XD5Vcm86O3sFcK3QQyYU5p3HpdXn...
2026-01-11 14:22:04 - app - INFO - [线程-52] HTTP响应成功，开始写入文件
2026-01-11 14:22:04 - app - INFO - 片段 52/242 下载成功 (21.5%)
2026-01-11 14:22:04 - app - INFO - [线程-55] 线程已启动，准备下载片段 55/242
2026-01-11 14:22:04 - app - INFO - [线程-55] 发起HTTP请求: https://ltshsy.gtimg.com/vipts.tc.qq.com/Z_jNehLafagn-akjQo1h6HGibV3GPT4XD5Vcm86O3sFcK3QQyYU5p3HpdXn...
2026-01-11 14:22:10 - app - INFO - [线程-55] HTTP响应成功，开始写入文件
2026-01-11 14:22:10 - app - INFO - 片段 53/242 下载成功 (21.9%)
2026-01-11 14:22:10 - app - INFO - [线程-56] 线程已启动，准备下载片段 56/242
2026-01-11 14:22:10 - app - INFO - [线程-56] 发起HTTP请求: https://ltshsy.gtimg.com/vipts.tc.qq.com/Z_jNehLafagn-akjQo1h6HGibV3GPT4XD5Vcm86O3sFcK3QQyYU5p3HpdXn...
2026-01-11 14:22:10 - app - INFO - [线程-54] HTTP响应成功，开始写入文件
2026-01-11 14:22:10 - app - INFO - 片段 54/242 下载成功 (22.3%)
2026-01-11 14:22:10 - app - INFO - [线程-57] 线程已启动，准备下载片段 57/242
2026-01-11 14:22:10 - app - INFO - [线程-57] 发起HTTP请求: https://ltshsy.gtimg.com/vipts.tc.qq.com/Z_jNehLafagn-akjQo1h6HGibV3GPT4XD5Vcm86O3sFcK3QQyYU5p3HpdXn...
2026-01-11 14:22:10 - app - INFO - [线程-53] HTTP响应成功，开始写入文件
2026-01-11 14:22:10 - app - INFO - 片段 55/242 下载成功 (22.7%)
2026-01-11 14:22:10 - app - INFO - [线程-58] 线程已启动，准备下载片段 58/242
2026-01-11 14:22:10 - app - INFO - [线程-58] 发起HTTP请求: https://ltshsy.gtimg.com/vipts.tc.qq.com/Z_jNehLafagn-akjQo1h6HGibV3GPT4XD5Vcm86O3sFcK3QQyYU5p3HpdXn...
2026-01-11 14:22:11 - app - INFO - [线程-56] HTTP响应成功，开始写入文件
2026-01-11 14:22:11 - app - INFO - 片段 56/242 下载成功 (23.1%)
2026-01-11 14:22:11 - app - INFO - [线程-59] 线程已启动，准备下载片段 59/242
2026-01-11 14:22:11 - app - INFO - [线程-59] 发起HTTP请求: https://ltshsy.gtimg.com/vipts.tc.qq.com/Z_jNehLafagn-akjQo1h6HGibV3GPT4XD5Vcm86O3sFcK3QQyYU5p3HpdXn...
2026-01-11 14:22:11 - app - INFO - [线程-57] HTTP响应成功，开始写入文件
2026-01-11 14:22:11 - app - INFO - 片段 57/242 下载成功 (23.6%)
2026-01-11 14:22:11 - app - INFO - [线程-60] 线程已启动，准备下载片段 60/242
2026-01-11 14:22:11 - app - INFO - [线程-60] 发起HTTP请求: https://ltshsy.gtimg.com/vipts.tc.qq.com/Z_jNehLafagn-akjQo1h6HGibV3GPT4XD5Vcm86O3sFcK3QQyYU5p3HpdXn...
2026-01-11 14:22:11 - app - INFO - [线程-58] HTTP响应成功，开始写入文件
2026-01-11 14:22:11 - app - INFO - 片段 58/242 下载成功 (24.0%)
2026-01-11 14:22:11 - app - INFO - [线程-61] 线程已启动，准备下载片段 61/242
2026-01-11 14:22:11 - app - INFO - [线程-61] 发起HTTP请求: https://ltshsy.gtimg.com/vipts.tc.qq.com/Z_jNehLafagn-akjQo1h6HGibV3GPT4XD5Vcm86O3sFcK3QQyYU5p3HpdXn...
2026-01-11 14:22:12 - app - INFO - [线程-59] HTTP响应成功，开始写入文件
2026-01-11 14:22:12 - app - INFO - 片段 59/242 下载成功 (24.4%)
2026-01-11 14:22:12 - app - INFO - [线程-62] 线程已启动，准备下载片段 62/242
2026-01-11 14:22:12 - app - INFO - [线程-62] 发起HTTP请求: https://ltshsy.gtimg.com/vipts.tc.qq.com/Z_jNehLafagn-akjQo1h6HGibV3GPT4XD5Vcm86O3sFcK3QQyYU5p3HpdXn...
2026-01-11 14:22:12 - app - INFO - [线程-61] HTTP响应成功，开始写入文件
2026-01-11 14:22:12 - app - INFO - 片段 60/242 下载成功 (24.8%)
2026-01-11 14:22:12 - app - INFO - [线程-63] 线程已启动，准备下载片段 63/242
2026-01-11 14:22:12 - app - INFO - [线程-63] 发起HTTP请求: https://ltshsy.gtimg.com/vipts.tc.qq.com/Z_jNehLafagn-akjQo1h6HGibV3GPT4XD5Vcm86O3sFcK3QQyYU5p3HpdXn...
2026-01-11 14:22:12 - app - INFO - [线程-60] HTTP响应成功，开始写入文件
2026-01-11 14:22:13 - app - INFO - 片段 61/242 下载成功 (25.2%)
2026-01-11 14:22:13 - app - INFO - [线程-64] 线程已启动，准备下载片段 64/242
2026-01-11 14:22:13 - app - INFO - [线程-64] 发起HTTP请求: https://ltshsy.gtimg.com/vipts.tc.qq.com/Z_jNehLafagn-akjQo1h6HGibV3GPT4XD5Vcm86O3sFcK3QQyYU5p3HpdXn...
2026-01-11 14:22:13 - app - INFO - [线程-62] HTTP响应成功，开始写入文件
2026-01-11 14:22:13 - app - INFO - 片段 62/242 下载成功 (25.6%)
2026-01-11 14:22:13 - app - INFO - [线程-63] HTTP响应成功，开始写入文件
2026-01-11 14:22:13 - app - INFO - [线程-64] HTTP响应成功，开始写入文件
2026-01-11 14:22:13 - app - INFO - [线程-65] 线程已启动，准备下载片段 65/242
2026-01-11 14:22:13 - app - INFO - 片段 63/242 下载成功 (26.0%)
2026-01-11 14:22:13 - app - INFO - [线程-66] 线程已启动，准备下载片段 66/242
2026-01-11 14:22:13 - app - INFO - [线程-66] 发起HTTP请求: https://ltshsy.gtimg.com/vipts.tc.qq.com/Z_jNehLafagn-akjQo1h6HGibV3GPT4XD5Vcm86O3sFcK3QQyYU5p3HpdXn...
2026-01-11 14:22:13 - app - INFO - 片段 64/242 下载成功 (26.4%)
2026-01-11 14:22:13 - app - INFO - [线程-67] 线程已启动，准备下载片段 67/242
2026-01-11 14:22:14 - app - INFO - [线程-67] 发起HTTP请求: https://ltshsy.gtimg.com/vipts.tc.qq.com/Z_jNehLafagn-akjQo1h6HGibV3GPT4XD5Vcm86O3sFcK3QQyYU5p3HpdXn...
2026-01-11 14:22:14 - app - INFO - [线程-65] 发起HTTP请求: https://ltshsy.gtimg.com/vipts.tc.qq.com/Z_jNehLafagn-akjQo1h6HGibV3GPT4XD5Vcm86O3sFcK3QQyYU5p3HpdXn...
2026-01-11 14:22:14 - app - INFO - [线程-65] HTTP响应成功，开始写入文件
2026-01-11 14:22:14 - app - INFO - 片段 65/242 下载成功 (26.9%)
2026-01-11 14:22:14 - app - INFO - [线程-68] 线程已启动，准备下载片段 68/242
2026-01-11 14:22:14 - app - INFO - [线程-68] 发起HTTP请求: https://ltshsy.gtimg.com/vipts.tc.qq.com/Z_jNehLafagn-akjQo1h6HGibV3GPT4XD5Vcm86O3sFcK3QQyYU5p3HpdXn...
2026-01-11 14:22:14 - app - INFO - [线程-66] HTTP响应成功，开始写入文件
2026-01-11 14:22:14 - app - INFO - 片段 66/242 下载成功 (27.3%)
2026-01-11 14:22:14 - app - INFO - [线程-69] 线程已启动，准备下载片段 69/242
2026-01-11 14:22:14 - app - INFO - [线程-69] 发起HTTP请求: https://ltshsy.gtimg.com/vipts.tc.qq.com/Z_jNehLafagn-akjQo1h6HGibV3GPT4XD5Vcm86O3sFcK3QQyYU5p3HpdXn...
2026-01-11 14:22:15 - app - INFO - [线程-67] HTTP响应成功，开始写入文件
2026-01-11 14:22:15 - app - INFO - 片段 67/242 下载成功 (27.7%)
2026-01-11 14:22:15 - app - INFO - [线程-70] 线程已启动，准备下载片段 70/242
2026-01-11 14:22:15 - app - INFO - [线程-70] 发起HTTP请求: https://ltshsy.gtimg.com/vipts.tc.qq.com/Z_jNehLafagn-akjQo1h6HGibV3GPT4XD5Vcm86O3sFcK3QQyYU5p3HpdXn...
2026-01-11 14:22:21 - app - INFO - [线程-68] HTTP响应成功，开始写入文件
2026-01-11 14:22:21 - app - INFO - 片段 68/242 下载成功 (28.1%)
2026-01-11 14:22:21 - app - INFO - [线程-71] 线程已启动，准备下载片段 71/242
2026-01-11 14:22:21 - app - INFO - [线程-71] 发起HTTP请求: https://ltshsy.gtimg.com/vipts.tc.qq.com/Z_jNehLafagn-akjQo1h6HGibV3GPT4XD5Vcm86O3sFcK3QQyYU5p3HpdXn...
2026-01-11 14:22:21 - app - INFO - [线程-70] HTTP响应成功，开始写入文件
2026-01-11 14:22:21 - app - INFO - 片段 69/242 下载成功 (28.5%)
2026-01-11 14:22:21 - app - INFO - [线程-72] 线程已启动，准备下载片段 72/242
2026-01-11 14:22:21 - app - INFO - [线程-69] HTTP响应成功，开始写入文件
2026-01-11 14:22:21 - app - INFO - [线程-72] 发起HTTP请求: https://ltshsy.gtimg.com/vipts.tc.qq.com/Z_jNehLafagn-akjQo1h6HGibV3GPT4XD5Vcm86O3sFcK3QQyYU5p3HpdXn...
2026-01-11 14:22:21 - app - INFO - 片段 70/242 下载成功 (28.9%)
2026-01-11 14:22:21 - app - INFO - [线程-73] 线程已启动，准备下载片段 73/242
2026-01-11 14:22:21 - app - INFO - [线程-73] 发起HTTP请求: https://ltshsy.gtimg.com/vipts.tc.qq.com/Z_jNehLafagn-akjQo1h6HGibV3GPT4XD5Vcm86O3sFcK3QQyYU5p3HpdXn...
2026-01-11 14:22:22 - app - INFO - [线程-71] HTTP响应成功，开始写入文件
2026-01-11 14:22:22 - app - INFO - 片段 71/242 下载成功 (29.3%)
2026-01-11 14:22:22 - app - INFO - [线程-74] 线程已启动，准备下载片段 74/242
2026-01-11 14:22:22 - app - INFO - [线程-74] 发起HTTP请求: https://ltshsy.gtimg.com/vipts.tc.qq.com/Z_jNehLafagn-akjQo1h6HGibV3GPT4XD5Vcm86O3sFcK3QQyYU5p3HpdXn...
2026-01-11 14:22:22 - app - INFO - [线程-73] HTTP响应成功，开始写入文件
2026-01-11 14:22:22 - app - INFO - 片段 72/242 下载成功 (29.8%)
2026-01-11 14:22:22 - app - INFO - [线程-75] 线程已启动，准备下载片段 75/242
2026-01-11 14:22:22 - app - INFO - [线程-75] 发起HTTP请求: https://ltshsy.gtimg.com/vipts.tc.qq.com/Z_jNehLafagn-akjQo1h6HGibV3GPT4XD5Vcm86O3sFcK3QQyYU5p3HpdXn...
2026-01-11 14:22:23 - app - INFO - [线程-72] HTTP响应成功，开始写入文件
2026-01-11 14:22:23 - app - INFO - 片段 73/242 下载成功 (30.2%)
2026-01-11 14:22:23 - app - INFO - [线程-76] 线程已启动，准备下载片段 76/242
2026-01-11 14:22:23 - app - INFO - [线程-76] 发起HTTP请求: https://ltshsy.gtimg.com/vipts.tc.qq.com/Z_jNehLafagn-akjQo1h6HGibV3GPT4XD5Vcm86O3sFcK3QQyYU5p3HpdXn...
2026-01-11 14:22:23 - app - INFO - [线程-74] HTTP响应成功，开始写入文件
2026-01-11 14:22:23 - app - INFO - 片段 74/242 下载成功 (30.6%)
2026-01-11 14:22:23 - app - INFO - [线程-77] 线程已启动，准备下载片段 77/242
2026-01-11 14:22:23 - app - INFO - [线程-77] 发起HTTP请求: https://ltshsy.gtimg.com/vipts.tc.qq.com/Z_jNehLafagn-akjQo1h6HGibV3GPT4XD5Vcm86O3sFcK3QQyYU5p3HpdXn...
2026-01-11 14:22:23 - app - INFO - [线程-75] HTTP响应成功，开始写入文件
2026-01-11 14:22:23 - app - INFO - 片段 75/242 下载成功 (31.0%)
2026-01-11 14:22:23 - app - INFO - [线程-78] 线程已启动，准备下载片段 78/242
2026-01-11 14:22:24 - app - INFO - [线程-78] 发起HTTP请求: https://ltshsy.gtimg.com/vipts.tc.qq.com/Z_jNehLafagn-akjQo1h6HGibV3GPT4XD5Vcm86O3sFcK3QQyYU5p3HpdXn...
2026-01-11 14:22:24 - app - INFO - [线程-76] HTTP响应成功，开始写入文件
2026-01-11 14:22:24 - app - INFO - 片段 76/242 下载成功 (31.4%)
2026-01-11 14:22:24 - app - INFO - [线程-79] 线程已启动，准备下载片段 79/242
2026-01-11 14:22:24 - app - INFO - [线程-77] HTTP响应成功，开始写入文件
2026-01-11 14:22:24 - app - INFO - [线程-79] 发起HTTP请求: https://ltshsy.gtimg.com/vipts.tc.qq.com/Z_jNehLafagn-akjQo1h6HGibV3GPT4XD5Vcm86O3sFcK3QQyYU5p3HpdXn...
2026-01-11 14:22:24 - app - INFO - 片段 77/242 下载成功 (31.8%)
2026-01-11 14:22:24 - app - INFO - [线程-80] 线程已启动，准备下载片段 80/242
2026-01-11 14:22:24 - app - INFO - [线程-80] 发起HTTP请求: https://ltshsy.gtimg.com/vipts.tc.qq.com/Z_jNehLafagn-akjQo1h6HGibV3GPT4XD5Vcm86O3sFcK3QQyYU5p3HpdXn...
2026-01-11 14:22:24 - app - INFO - [线程-78] HTTP响应成功，开始写入文件
2026-01-11 14:22:24 - app - INFO - 片段 78/242 下载成功 (32.2%)
2026-01-11 14:22:24 - app - INFO - [线程-81] 线程已启动，准备下载片段 81/242
2026-01-11 14:22:24 - app - INFO - [线程-81] 发起HTTP请求: https://ltshsy.gtimg.com/vipts.tc.qq.com/Z_jNehLafagn-akjQo1h6HGibV3GPT4XD5Vcm86O3sFcK3QQyYU5p3HpdXn...
2026-01-11 14:22:25 - app - INFO - [线程-80] HTTP响应成功，开始写入文件
2026-01-11 14:22:25 - app - INFO - 片段 79/242 下载成功 (32.6%)
2026-01-11 14:22:25 - app - INFO - [线程-82] 线程已启动，准备下载片段 82/242
2026-01-11 14:22:25 - app - INFO - [线程-82] 发起HTTP请求: https://ltshsy.gtimg.com/vipts.tc.qq.com/Z_jNehLafagn-akjQo1h6HGibV3GPT4XD5Vcm86O3sFcK3QQyYU5p3HpdXn...
2026-01-11 14:22:26 - app - INFO - [线程-82] HTTP响应成功，开始写入文件
2026-01-11 14:22:26 - app - INFO - [线程-81] HTTP响应成功，开始写入文件
2026-01-11 14:22:26 - app - INFO - 片段 80/242 下载成功 (33.1%)
2026-01-11 14:22:26 - app - INFO - [线程-83] 线程已启动，准备下载片段 83/242
2026-01-11 14:22:26 - app - INFO - [线程-83] 发起HTTP请求: https://ltshsy.gtimg.com/vipts.tc.qq.com/Z_jNehLafagn-akjQo1h6HGibV3GPT4XD5Vcm86O3sFcK3QQyYU5p3HpdXn...
2026-01-11 14:22:26 - app - INFO - 片段 81/242 下载成功 (33.5%)
2026-01-11 14:22:26 - app - INFO - [线程-84] 线程已启动，准备下载片段 84/242
2026-01-11 14:22:26 - app - INFO - [线程-84] 发起HTTP请求: https://ltshsy.gtimg.com/vipts.tc.qq.com/Z_jNehLafagn-akjQo1h6HGibV3GPT4XD5Vcm86O3sFcK3QQyYU5p3HpdXn...
2026-01-11 14:22:26 - app - INFO - [线程-79] HTTP响应成功，开始写入文件
2026-01-11 14:22:26 - app - INFO - 片段 82/242 下载成功 (33.9%)
2026-01-11 14:22:26 - app - INFO - [线程-85] 线程已启动，准备下载片段 85/242
2026-01-11 14:22:26 - app - INFO - [线程-85] 发起HTTP请求: https://ltshsy.gtimg.com/vipts.tc.qq.com/Z_jNehLafagn-akjQo1h6HGibV3GPT4XD5Vcm86O3sFcK3QQyYU5p3HpdXn...
2026-01-11 14:22:32 - app - INFO - [线程-83] HTTP响应成功，开始写入文件
2026-01-11 14:22:32 - app - INFO - 片段 83/242 下载成功 (34.3%)
2026-01-11 14:22:32 - app - INFO - [线程-86] 线程已启动，准备下载片段 86/242
2026-01-11 14:22:32 - app - INFO - [线程-86] 发起HTTP请求: https://ltshsy.gtimg.com/vipts.tc.qq.com/Z_jNehLafagn-akjQo1h6HGibV3GPT4XD5Vcm86O3sFcK3QQyYU5p3HpdXn...
2026-01-11 14:22:32 - app - INFO - [线程-84] HTTP响应成功，开始写入文件
2026-01-11 14:22:32 - app - INFO - 片段 84/242 下载成功 (34.7%)
2026-01-11 14:22:32 - app - INFO - [线程-87] 线程已启动，准备下载片段 87/242
2026-01-11 14:22:32 - app - INFO - [线程-87] 发起HTTP请求: https://ltshsy.gtimg.com/vipts.tc.qq.com/Z_jNehLafagn-akjQo1h6HGibV3GPT4XD5Vcm86O3sFcK3QQyYU5p3HpdXn...
2026-01-11 14:22:32 - app - INFO - [线程-85] HTTP响应成功，开始写入文件
2026-01-11 14:22:32 - app - INFO - 片段 85/242 下载成功 (35.1%)
2026-01-11 14:22:33 - app - INFO - [线程-88] 线程已启动，准备下载片段 88/242
2026-01-11 14:22:33 - app - INFO - [线程-88] 发起HTTP请求: https://ltshsy.gtimg.com/vipts.tc.qq.com/Z_jNehLafagn-akjQo1h6HGibV3GPT4XD5Vcm86O3sFcK3QQyYU5p3HpdXn...
2026-01-11 14:22:33 - app - INFO - [线程-86] HTTP响应成功，开始写入文件
2026-01-11 14:22:33 - app - INFO - 片段 86/242 下载成功 (35.5%)
2026-01-11 14:22:33 - app - INFO - [线程-88] HTTP响应成功，开始写入文件
2026-01-11 14:22:33 - app - INFO - [线程-89] 线程已启动，准备下载片段 89/242
2026-01-11 14:22:33 - app - INFO - [线程-89] 发起HTTP请求: https://ltshsy.gtimg.com/vipts.tc.qq.com/Z_jNehLafagn-akjQo1h6HGibV3GPT4XD5Vcm86O3sFcK3QQyYU5p3HpdXn...
2026-01-11 14:22:33 - app - INFO - 片段 87/242 下载成功 (36.0%)
2026-01-11 14:22:33 - app - INFO - [线程-87] HTTP响应成功，开始写入文件
2026-01-11 14:22:33 - app - INFO - [线程-90] 线程已启动，准备下载片段 90/242
2026-01-11 14:22:33 - app - INFO - [线程-90] 发起HTTP请求: https://ltshsy.gtimg.com/vipts.tc.qq.com/Z_jNehLafagn-akjQo1h6HGibV3GPT4XD5Vcm86O3sFcK3QQyYU5p3HpdXn...
2026-01-11 14:22:33 - app - INFO - 片段 88/242 下载成功 (36.4%)
2026-01-11 14:22:33 - app - INFO - [线程-91] 线程已启动，准备下载片段 91/242
2026-01-11 14:22:33 - app - INFO - [线程-91] 发起HTTP请求: https://ltshsy.gtimg.com/vipts.tc.qq.com/Z_jNehLafagn-akjQo1h6HGibV3GPT4XD5Vcm86O3sFcK3QQyYU5p3HpdXn...
2026-01-11 14:22:34 - app - INFO - [线程-89] HTTP响应成功，开始写入文件
2026-01-11 14:22:34 - app - INFO - 片段 89/242 下载成功 (36.8%)
2026-01-11 14:22:34 - app - INFO - [线程-92] 线程已启动，准备下载片段 92/242
2026-01-11 14:22:34 - app - INFO - [线程-92] 发起HTTP请求: https://ltshsy.gtimg.com/vipts.tc.qq.com/Z_jNehLafagn-akjQo1h6HGibV3GPT4XD5Vcm86O3sFcK3QQyYU5p3HpdXn...
2026-01-11 14:22:34 - app - INFO - [线程-90] HTTP响应成功，开始写入文件
2026-01-11 14:22:34 - app - INFO - [线程-91] HTTP响应成功，开始写入文件
2026-01-11 14:22:34 - app - INFO - 片段 90/242 下载成功 (37.2%)
2026-01-11 14:22:34 - app - INFO - 片段 91/242 下载成功 (37.6%)
2026-01-11 14:22:35 - app - INFO - [线程-93] 线程已启动，准备下载片段 93/242
2026-01-11 14:22:35 - app - INFO - [线程-93] 发起HTTP请求: https://ltshsy.gtimg.com/vipts.tc.qq.com/Z_jNehLafagn-akjQo1h6HGibV3GPT4XD5Vcm86O3sFcK3QQyYU5p3HpdXn...
2026-01-11 14:22:35 - app - INFO - [线程-94] 线程已启动，准备下载片段 94/242
2026-01-11 14:22:35 - app - INFO - [线程-94] 发起HTTP请求: https://ltshsy.gtimg.com/vipts.tc.qq.com/Z_jNehLafagn-akjQo1h6HGibV3GPT4XD5Vcm86O3sFcK3QQyYU5p3HpdXn...
2026-01-11 14:22:35 - app - INFO - [线程-92] HTTP响应成功，开始写入文件
2026-01-11 14:22:35 - app - INFO - 片段 92/242 下载成功 (38.0%)
2026-01-11 14:22:36 - app - INFO - [线程-95] 线程已启动，准备下载片段 95/242
2026-01-11 14:22:36 - app - INFO - [线程-95] 发起HTTP请求: https://ltshsy.gtimg.com/vipts.tc.qq.com/Z_jNehLafagn-akjQo1h6HGibV3GPT4XD5Vcm86O3sFcK3QQyYU5p3HpdXn...
2026-01-11 14:22:36 - app - INFO - [线程-93] HTTP响应成功，开始写入文件
2026-01-11 14:22:36 - app - INFO - 片段 93/242 下载成功 (38.4%)
2026-01-11 14:22:36 - app - INFO - [线程-96] 线程已启动，准备下载片段 96/242
2026-01-11 14:22:36 - app - INFO - [线程-96] 发起HTTP请求: https://ltshsy.gtimg.com/vipts.tc.qq.com/Z_jNehLafagn-akjQo1h6HGibV3GPT4XD5Vcm86O3sFcK3QQyYU5p3HpdXn...
2026-01-11 14:22:36 - app - INFO - [线程-94] HTTP响应成功，开始写入文件
2026-01-11 14:22:36 - app - INFO - 片段 94/242 下载成功 (38.8%)
2026-01-11 14:22:36 - app - INFO - [线程-97] 线程已启动，准备下载片段 97/242
2026-01-11 14:22:36 - app - INFO - [线程-97] 发起HTTP请求: https://ltshsy.gtimg.com/vipts.tc.qq.com/Z_jNehLafagn-akjQo1h6HGibV3GPT4XD5Vcm86O3sFcK3QQyYU5p3HpdXn...
2026-01-11 14:22:37 - app - INFO - [线程-95] HTTP响应成功，开始写入文件
2026-01-11 14:22:37 - app - INFO - 片段 95/242 下载成功 (39.3%)
2026-01-11 14:22:37 - app - INFO - [线程-98] 线程已启动，准备下载片段 98/242
2026-01-11 14:22:37 - app - INFO - [线程-98] 发起HTTP请求: https://ltshsy.gtimg.com/vipts.tc.qq.com/Z_jNehLafagn-akjQo1h6HGibV3GPT4XD5Vcm86O3sFcK3QQyYU5p3HpdXn...
2026-01-11 14:22:37 - app - INFO - [线程-97] HTTP响应成功，开始写入文件
2026-01-11 14:22:37 - app - INFO - 片段 96/242 下载成功 (39.7%)
2026-01-11 14:22:37 - app - INFO - [线程-99] 线程已启动，准备下载片段 99/242
2026-01-11 14:22:37 - app - INFO - [线程-99] 发起HTTP请求: https://ltshsy.gtimg.com/vipts.tc.qq.com/Z_jNehLafagn-akjQo1h6HGibV3GPT4XD5Vcm86O3sFcK3QQyYU5p3HpdXn...
2026-01-11 14:22:39 - app - INFO - [线程-96] HTTP响应成功，开始写入文件
2026-01-11 14:22:39 - app - INFO - 片段 97/242 下载成功 (40.1%)
2026-01-11 14:22:39 - app - INFO - [线程-100] 线程已启动，准备下载片段 100/242
2026-01-11 14:22:39 - app - INFO - [线程-100] 发起HTTP请求: https://ltshsy.gtimg.com/vipts.tc.qq.com/Z_jNehLafagn-akjQo1h6HGibV3GPT4XD5Vcm86O3sFcK3QQyYU5p3HpdXn...
2026-01-11 14:22:44 - app - INFO - [线程-100] HTTP响应成功，开始写入文件
2026-01-11 14:22:44 - app - INFO - 片段 98/242 下载成功 (40.5%)
2026-01-11 14:22:44 - app - INFO - [线程-101] 线程已启动，准备下载片段 101/242
2026-01-11 14:22:44 - app - INFO - [线程-101] 发起HTTP请求: https://ltshsy.gtimg.com/vipts.tc.qq.com/Z_jNehLafagn-akjQo1h6HGibV3GPT4XD5Vcm86O3sFcK3QQyYU5p3HpdXn...
2026-01-11 14:22:44 - app - INFO - [线程-99] HTTP响应成功，开始写入文件
2026-01-11 14:22:44 - app - INFO - 片段 99/242 下载成功 (40.9%)
2026-01-11 14:22:44 - app - INFO - [线程-102] 线程已启动，准备下载片段 102/242
2026-01-11 14:22:44 - app - INFO - [线程-102] 发起HTTP请求: https://ltshsy.gtimg.com/vipts.tc.qq.com/Z_jNehLafagn-akjQo1h6HGibV3GPT4XD5Vcm86O3sFcK3QQyYU5p3HpdXn...
2026-01-11 14:22:44 - app - INFO - [线程-101] HTTP响应成功，开始写入文件
2026-01-11 14:22:44 - app - INFO - 片段 100/242 下载成功 (41.3%)
2026-01-11 14:22:44 - app - INFO - [线程-103] 线程已启动，准备下载片段 103/242
2026-01-11 14:22:45 - app - INFO - [线程-103] 发起HTTP请求: https://ltshsy.gtimg.com/vipts.tc.qq.com/Z_jNehLafagn-akjQo1h6HGibV3GPT4XD5Vcm86O3sFcK3QQyYU5p3HpdXn...
2026-01-11 14:22:45 - app - INFO - [线程-98] HTTP响应成功，开始写入文件
2026-01-11 14:22:45 - app - INFO - 片段 101/242 下载成功 (41.7%)
2026-01-11 14:22:45 - app - INFO - [线程-104] 线程已启动，准备下载片段 104/242
2026-01-11 14:22:45 - app - INFO - [线程-104] 发起HTTP请求: https://ltshsy.gtimg.com/vipts.tc.qq.com/Z_jNehLafagn-akjQo1h6HGibV3GPT4XD5Vcm86O3sFcK3QQyYU5p3HpdXn...
2026-01-11 14:22:45 - app - INFO - [线程-102] HTTP响应成功，开始写入文件
2026-01-11 14:22:45 - app - INFO - 片段 102/242 下载成功 (42.1%)
2026-01-11 14:22:45 - app - INFO - [线程-105] 线程已启动，准备下载片段 105/242
2026-01-11 14:22:45 - app - INFO - [线程-105] 发起HTTP请求: https://ltshsy.gtimg.com/vipts.tc.qq.com/Z_jNehLafagn-akjQo1h6HGibV3GPT4XD5Vcm86O3sFcK3QQyYU5p3HpdXn...
2026-01-11 14:22:46 - app - INFO - [线程-103] HTTP响应成功，开始写入文件
2026-01-11 14:22:46 - app - INFO - 片段 103/242 下载成功 (42.6%)
2026-01-11 14:22:46 - app - INFO - [线程-106] 线程已启动，准备下载片段 106/242
2026-01-11 14:22:46 - app - INFO - [线程-106] 发起HTTP请求: https://ltshsy.gtimg.com/vipts.tc.qq.com/Z_jNehLafagn-akjQo1h6HGibV3GPT4XD5Vcm86O3sFcK3QQyYU5p3HpdXn...
2026-01-11 14:22:46 - app - INFO - [线程-104] HTTP响应成功，开始写入文件
2026-01-11 14:22:46 - app - INFO - 片段 104/242 下载成功 (43.0%)
2026-01-11 14:22:46 - app - INFO - [线程-107] 线程已启动，准备下载片段 107/242
2026-01-11 14:22:46 - app - INFO - [线程-107] 发起HTTP请求: https://ltshsy.gtimg.com/vipts.tc.qq.com/Z_jNehLafagn-akjQo1h6HGibV3GPT4XD5Vcm86O3sFcK3QQyYU5p3HpdXn...
2026-01-11 14:22:46 - app - INFO - [线程-105] HTTP响应成功，开始写入文件
2026-01-11 14:22:46 - app - INFO - 片段 105/242 下载成功 (43.4%)
2026-01-11 14:22:46 - app - INFO - [线程-108] 线程已启动，准备下载片段 108/242
2026-01-11 14:22:46 - app - INFO - [线程-108] 发起HTTP请求: https://ltshsy.gtimg.com/vipts.tc.qq.com/Z_jNehLafagn-akjQo1h6HGibV3GPT4XD5Vcm86O3sFcK3QQyYU5p3HpdXn...
2026-01-11 14:22:47 - app - INFO - [线程-107] HTTP响应成功，开始写入文件
2026-01-11 14:22:47 - app - INFO - 片段 106/242 下载成功 (43.8%)
2026-01-11 14:22:47 - app - INFO - [线程-109] 线程已启动，准备下载片段 109/242
2026-01-11 14:22:47 - app - INFO - [线程-109] 发起HTTP请求: https://ltshsy.gtimg.com/vipts.tc.qq.com/Z_jNehLafagn-akjQo1h6HGibV3GPT4XD5Vcm86O3sFcK3QQyYU5p3HpdXn...
2026-01-11 14:22:47 - app - INFO - [线程-106] HTTP响应成功，开始写入文件
2026-01-11 14:22:47 - app - INFO - 片段 107/242 下载成功 (44.2%)
2026-01-11 14:22:47 - app - INFO - [线程-110] 线程已启动，准备下载片段 110/242
2026-01-11 14:22:47 - app - INFO - [线程-110] 发起HTTP请求: https://ltshsy.gtimg.com/vipts.tc.qq.com/Z_jNehLafagn-akjQo1h6HGibV3GPT4XD5Vcm86O3sFcK3QQyYU5p3HpdXn...
2026-01-11 14:22:47 - app - INFO - [线程-108] HTTP响应成功，开始写入文件
2026-01-11 14:22:47 - app - INFO - 片段 108/242 下载成功 (44.6%)
2026-01-11 14:22:47 - app - INFO - [线程-111] 线程已启动，准备下载片段 111/242
2026-01-11 14:22:47 - app - INFO - [线程-111] 发起HTTP请求: https://ltshsy.gtimg.com/vipts.tc.qq.com/Z_jNehLafagn-akjQo1h6HGibV3GPT4XD5Vcm86O3sFcK3QQyYU5p3HpdXn...
2026-01-11 14:22:48 - app - INFO - [线程-111] HTTP响应成功，开始写入文件
2026-01-11 14:22:48 - app - INFO - 片段 109/242 下载成功 (45.0%)
2026-01-11 14:22:48 - app - INFO - [线程-112] 线程已启动，准备下载片段 112/242
2026-01-11 14:22:48 - app - INFO - [线程-112] 发起HTTP请求: https://ltshsy.gtimg.com/vipts.tc.qq.com/Z_jNehLafagn-akjQo1h6HGibV3GPT4XD5Vcm86O3sFcK3QQyYU5p3HpdXn...
2026-01-11 14:22:48 - app - INFO - [线程-110] HTTP响应成功，开始写入文件
2026-01-11 14:22:48 - app - INFO - 片段 110/242 下载成功 (45.5%)
2026-01-11 14:22:48 - app - INFO - [线程-113] 线程已启动，准备下载片段 113/242
2026-01-11 14:22:48 - app - INFO - [线程-113] 发起HTTP请求: https://ltshsy.gtimg.com/vipts.tc.qq.com/Z_jNehLafagn-akjQo1h6HGibV3GPT4XD5Vcm86O3sFcK3QQyYU5p3HpdXn...
2026-01-11 14:22:48 - app - INFO - [线程-109] HTTP响应成功，开始写入文件
2026-01-11 14:22:48 - app - INFO - 片段 111/242 下载成功 (45.9%)
2026-01-11 14:22:48 - app - INFO - [线程-114] 线程已启动，准备下载片段 114/242
2026-01-11 14:22:48 - app - INFO - [线程-114] 发起HTTP请求: https://ltshsy.gtimg.com/vipts.tc.qq.com/Z_jNehLafagn-akjQo1h6HGibV3GPT4XD5Vcm86O3sFcK3QQyYU5p3HpdXn...
2026-01-11 14:22:55 - app - INFO - [线程-112] HTTP响应成功，开始写入文件
2026-01-11 14:22:55 - app - INFO - 片段 112/242 下载成功 (46.3%)
2026-01-11 14:22:55 - app - INFO - [线程-115] 线程已启动，准备下载片段 115/242
2026-01-11 14:22:55 - app - INFO - [线程-115] 发起HTTP请求: https://ltshsy.gtimg.com/vipts.tc.qq.com/Z_jNehLafagn-akjQo1h6HGibV3GPT4XD5Vcm86O3sFcK3QQyYU5p3HpdXn...
2026-01-11 14:22:55 - app - INFO - [线程-113] HTTP响应成功，开始写入文件
2026-01-11 14:22:55 - app - INFO - 片段 113/242 下载成功 (46.7%)
2026-01-11 14:22:55 - app - INFO - [线程-116] 线程已启动，准备下载片段 116/242
2026-01-11 14:22:55 - app - INFO - [线程-116] 发起HTTP请求: https://ltshsy.gtimg.com/vipts.tc.qq.com/Z_jNehLafagn-akjQo1h6HGibV3GPT4XD5Vcm86O3sFcK3QQyYU5p3HpdXn...
2026-01-11 14:22:55 - app - INFO - [线程-114] HTTP响应成功，开始写入文件
2026-01-11 14:22:55 - app - INFO - 片段 114/242 下载成功 (47.1%)
2026-01-11 14:22:55 - app - INFO - [线程-117] 线程已启动，准备下载片段 117/242
2026-01-11 14:22:55 - app - INFO - [线程-117] 发起HTTP请求: https://ltshsy.gtimg.com/vipts.tc.qq.com/Z_jNehLafagn-akjQo1h6HGibV3GPT4XD5Vcm86O3sFcK3QQyYU5p3HpdXn...
2026-01-11 14:22:56 - app - INFO - [线程-117] HTTP响应成功，开始写入文件
2026-01-11 14:22:56 - app - INFO - 片段 115/242 下载成功 (47.5%)
2026-01-11 14:22:56 - app - INFO - [线程-118] 线程已启动，准备下载片段 118/242
2026-01-11 14:22:56 - app - INFO - [线程-118] 发起HTTP请求: https://ltshsy.gtimg.com/vipts.tc.qq.com/Z_jNehLafagn-akjQo1h6HGibV3GPT4XD5Vcm86O3sFcK3QQyYU5p3HpdXn...
2026-01-11 14:22:57 - app - INFO - [线程-116] HTTP响应成功，开始写入文件
2026-01-11 14:22:57 - app - INFO - 片段 116/242 下载成功 (47.9%)
2026-01-11 14:22:57 - app - INFO - [线程-119] 线程已启动，准备下载片段 119/242
2026-01-11 14:22:57 - app - INFO - [线程-119] 发起HTTP请求: https://ltshsy.gtimg.com/vipts.tc.qq.com/Z_jNehLafagn-akjQo1h6HGibV3GPT4XD5Vcm86O3sFcK3QQyYU5p3HpdXn...
2026-01-11 14:22:57 - app - INFO - [线程-115] HTTP响应成功，开始写入文件
2026-01-11 14:22:57 - app - INFO - 片段 117/242 下载成功 (48.3%)
2026-01-11 14:22:57 - app - INFO - [线程-120] 线程已启动，准备下载片段 120/242
2026-01-11 14:22:57 - app - INFO - [线程-120] 发起HTTP请求: https://ltshsy.gtimg.com/vipts.tc.qq.com/Z_jNehLafagn-akjQo1h6HGibV3GPT4XD5Vcm86O3sFcK3QQyYU5p3HpdXn...
2026-01-11 14:22:57 - app - INFO - [线程-118] HTTP响应成功，开始写入文件
2026-01-11 14:22:57 - app - INFO - 片段 118/242 下载成功 (48.8%)
2026-01-11 14:22:57 - app - INFO - [线程-121] 线程已启动，准备下载片段 121/242
2026-01-11 14:22:57 - app - INFO - [线程-121] 发起HTTP请求: https://ltshsy.gtimg.com/vipts.tc.qq.com/Z_jNehLafagn-akjQo1h6HGibV3GPT4XD5Vcm86O3sFcK3QQyYU5p3HpdXn...
2026-01-11 14:22:59 - app - INFO - [线程-121] HTTP响应成功，开始写入文件
2026-01-11 14:22:59 - app - INFO - 片段 119/242 下载成功 (49.2%)
2026-01-11 14:22:59 - app - INFO - [线程-122] 线程已启动，准备下载片段 122/242
2026-01-11 14:22:59 - app - INFO - [线程-122] 发起HTTP请求: https://ltshsy.gtimg.com/vipts.tc.qq.com/Z_jNehLafagn-akjQo1h6HGibV3GPT4XD5Vcm86O3sFcK3QQyYU5p3HpdXn...
2026-01-11 14:22:59 - app - INFO - [线程-119] HTTP响应成功，开始写入文件
2026-01-11 14:22:59 - app - INFO - 片段 120/242 下载成功 (49.6%)
2026-01-11 14:22:59 - app - INFO - [线程-123] 线程已启动，准备下载片段 123/242
2026-01-11 14:22:59 - app - INFO - [线程-123] 发起HTTP请求: https://ltshsy.gtimg.com/vipts.tc.qq.com/Z_jNehLafagn-akjQo1h6HGibV3GPT4XD5Vcm86O3sFcK3QQyYU5p3HpdXn...
2026-01-11 14:22:59 - app - INFO - [线程-120] HTTP响应成功，开始写入文件
2026-01-11 14:22:59 - app - INFO - 片段 121/242 下载成功 (50.0%)
2026-01-11 14:22:59 - app - INFO - [线程-124] 线程已启动，准备下载片段 124/242
2026-01-11 14:22:59 - app - INFO - [线程-124] 发起HTTP请求: https://ltshsy.gtimg.com/vipts.tc.qq.com/Z_jNehLafagn-akjQo1h6HGibV3GPT4XD5Vcm86O3sFcK3QQyYU5p3HpdXn...
2026-01-11 14:23:08 - app - INFO - [线程-122] HTTP响应成功，开始写入文件
2026-01-11 14:23:08 - app - INFO - 片段 122/242 下载成功 (50.4%)
2026-01-11 14:23:08 - app - INFO - [线程-125] 线程已启动，准备下载片段 125/242
2026-01-11 14:23:08 - app - INFO - [线程-125] 发起HTTP请求: https://ltshsy.gtimg.com/vipts.tc.qq.com/Z_jNehLafagn-akjQo1h6HGibV3GPT4XD5Vcm86O3sFcK3QQyYU5p3HpdXn...
2026-01-11 14:23:09 - app - INFO - [线程-124] HTTP响应成功，开始写入文件
2026-01-11 14:23:09 - app - INFO - 片段 123/242 下载成功 (50.8%)
2026-01-11 14:23:09 - app - INFO - [线程-126] 线程已启动，准备下载片段 126/242
2026-01-11 14:23:09 - app - INFO - [线程-126] 发起HTTP请求: https://ltshsy.gtimg.com/vipts.tc.qq.com/Z_jNehLafagn-akjQo1h6HGibV3GPT4XD5Vcm86O3sFcK3QQyYU5p3HpdXn...
2026-01-11 14:23:09 - app - INFO - [线程-123] HTTP响应成功，开始写入文件
2026-01-11 14:23:09 - app - INFO - 片段 124/242 下载成功 (51.2%)
2026-01-11 14:23:09 - app - INFO - [线程-125] HTTP响应成功，开始写入文件
2026-01-11 14:23:09 - app - INFO - [线程-127] 线程已启动，准备下载片段 127/242
2026-01-11 14:23:09 - app - INFO - 片段 125/242 下载成功 (51.7%)
2026-01-11 14:23:09 - app - INFO - [线程-127] 发起HTTP请求: https://ltshsy.gtimg.com/vipts.tc.qq.com/Z_jNehLafagn-akjQo1h6HGibV3GPT4XD5Vcm86O3sFcK3QQyYU5p3HpdXn...
2026-01-11 14:23:09 - app - INFO - [线程-128] 线程已启动，准备下载片段 128/242
2026-01-11 14:23:09 - app - INFO - [线程-128] 发起HTTP请求: https://ltshsy.gtimg.com/vipts.tc.qq.com/Z_jNehLafagn-akjQo1h6HGibV3GPT4XD5Vcm86O3sFcK3QQyYU5p3HpdXn...
2026-01-11 14:23:10 - app - INFO - [线程-126] HTTP响应成功，开始写入文件
2026-01-11 14:23:10 - app - INFO - 片段 126/242 下载成功 (52.1%)
2026-01-11 14:23:10 - app - INFO - [线程-129] 线程已启动，准备下载片段 129/242
2026-01-11 14:23:10 - app - INFO - [线程-129] 发起HTTP请求: https://ltshsy.gtimg.com/vipts.tc.qq.com/Z_jNehLafagn-akjQo1h6HGibV3GPT4XD5Vcm86O3sFcK3QQyYU5p3HpdXn...
2026-01-11 14:23:10 - app - INFO - [线程-128] HTTP响应成功，开始写入文件
2026-01-11 14:23:10 - app - INFO - 片段 127/242 下载成功 (52.5%)
2026-01-11 14:23:10 - app - INFO - [线程-130] 线程已启动，准备下载片段 130/242
2026-01-11 14:23:10 - app - INFO - [线程-130] 发起HTTP请求: https://ltshsy.gtimg.com/vipts.tc.qq.com/Z_jNehLafagn-akjQo1h6HGibV3GPT4XD5Vcm86O3sFcK3QQyYU5p3HpdXn...
2026-01-11 14:23:11 - app - INFO - [线程-127] HTTP响应成功，开始写入文件
2026-01-11 14:23:11 - app - INFO - 片段 128/242 下载成功 (52.9%)
2026-01-11 14:23:11 - app - INFO - [线程-131] 线程已启动，准备下载片段 131/242
2026-01-11 14:23:11 - app - INFO - [线程-131] 发起HTTP请求: https://ltshsy.gtimg.com/vipts.tc.qq.com/Z_jNehLafagn-akjQo1h6HGibV3GPT4XD5Vcm86O3sFcK3QQyYU5p3HpdXn...
2026-01-11 14:23:17 - app - INFO - [线程-131] HTTP响应成功，开始写入文件
2026-01-11 14:23:17 - app - INFO - 片段 129/242 下载成功 (53.3%)
2026-01-11 14:23:17 - app - INFO - [线程-132] 线程已启动，准备下载片段 132/242
2026-01-11 14:23:17 - app - INFO - [线程-132] 发起HTTP请求: https://ltshsy.gtimg.com/vipts.tc.qq.com/Z_jNehLafagn-akjQo1h6HGibV3GPT4XD5Vcm86O3sFcK3QQyYU5p3HpdXn...
2026-01-11 14:23:17 - app - INFO - [线程-129] HTTP响应成功，开始写入文件
2026-01-11 14:23:17 - app - INFO - 片段 130/242 下载成功 (53.7%)
2026-01-11 14:23:17 - app - INFO - [线程-133] 线程已启动，准备下载片段 133/242
2026-01-11 14:23:17 - app - INFO - [线程-133] 发起HTTP请求: https://ltshsy.gtimg.com/vipts.tc.qq.com/Z_jNehLafagn-akjQo1h6HGibV3GPT4XD5Vcm86O3sFcK3QQyYU5p3HpdXn...
2026-01-11 14:23:17 - app - INFO - [线程-130] HTTP响应成功，开始写入文件
2026-01-11 14:23:17 - app - INFO - 片段 131/242 下载成功 (54.1%)
2026-01-11 14:23:18 - app - INFO - [线程-134] 线程已启动，准备下载片段 134/242
2026-01-11 14:23:18 - app - INFO - [线程-134] 发起HTTP请求: https://ltshsy.gtimg.com/vipts.tc.qq.com/Z_jNehLafagn-akjQo1h6HGibV3GPT4XD5Vcm86O3sFcK3QQyYU5p3HpdXn...
2026-01-11 14:23:18 - app - INFO - [线程-132] HTTP响应成功，开始写入文件
2026-01-11 14:23:18 - app - INFO - 片段 132/242 下载成功 (54.5%)
2026-01-11 14:23:18 - app - INFO - [线程-135] 线程已启动，准备下载片段 135/242
2026-01-11 14:23:18 - app - INFO - [线程-135] 发起HTTP请求: https://ltshsy.gtimg.com/vipts.tc.qq.com/Z_jNehLafagn-akjQo1h6HGibV3GPT4XD5Vcm86O3sFcK3QQyYU5p3HpdXn...
2026-01-11 14:23:19 - app - INFO - [线程-134] HTTP响应成功，开始写入文件
2026-01-11 14:23:19 - app - INFO - 片段 133/242 下载成功 (55.0%)
2026-01-11 14:23:19 - app - INFO - [线程-136] 线程已启动，准备下载片段 136/242
2026-01-11 14:23:19 - app - INFO - [线程-136] 发起HTTP请求: https://ltshsy.gtimg.com/vipts.tc.qq.com/Z_jNehLafagn-akjQo1h6HGibV3GPT4XD5Vcm86O3sFcK3QQyYU5p3HpdXn...
2026-01-11 14:23:19 - app - INFO - [线程-135] HTTP响应成功，开始写入文件
2026-01-11 14:23:19 - app - INFO - 片段 134/242 下载成功 (55.4%)
2026-01-11 14:23:19 - app - INFO - [线程-137] 线程已启动，准备下载片段 137/242
2026-01-11 14:23:19 - app - INFO - [线程-137] 发起HTTP请求: https://ltshsy.gtimg.com/vipts.tc.qq.com/Z_jNehLafagn-akjQo1h6HGibV3GPT4XD5Vcm86O3sFcK3QQyYU5p3HpdXn...
2026-01-11 14:23:19 - app - INFO - [线程-133] HTTP响应成功，开始写入文件
2026-01-11 14:23:19 - app - INFO - 片段 135/242 下载成功 (55.8%)
2026-01-11 14:23:19 - app - INFO - [线程-138] 线程已启动，准备下载片段 138/242
2026-01-11 14:23:19 - app - INFO - [线程-138] 发起HTTP请求: https://ltshsy.gtimg.com/vipts.tc.qq.com/Z_jNehLafagn-akjQo1h6HGibV3GPT4XD5Vcm86O3sFcK3QQyYU5p3HpdXn...
2026-01-11 14:23:20 - app - INFO - [线程-137] HTTP响应成功，开始写入文件
2026-01-11 14:23:20 - app - INFO - [线程-136] HTTP响应成功，开始写入文件
2026-01-11 14:23:20 - app - INFO - 片段 136/242 下载成功 (56.2%)
2026-01-11 14:23:20 - app - INFO - [线程-138] HTTP响应成功，开始写入文件
2026-01-11 14:23:20 - app - INFO - [线程-139] 线程已启动，准备下载片段 139/242
2026-01-11 14:23:20 - app - INFO - [线程-139] 发起HTTP请求: https://ltshsy.gtimg.com/vipts.tc.qq.com/Z_jNehLafagn-akjQo1h6HGibV3GPT4XD5Vcm86O3sFcK3QQyYU5p3HpdXn...
2026-01-11 14:23:20 - app - INFO - 片段 137/242 下载成功 (56.6%)
2026-01-11 14:23:20 - app - INFO - [线程-140] 线程已启动，准备下载片段 140/242
2026-01-11 14:23:20 - app - INFO - 片段 138/242 下载成功 (57.0%)
2026-01-11 14:23:20 - app - INFO - [线程-141] 线程已启动，准备下载片段 141/242
2026-01-11 14:23:20 - app - INFO - [线程-141] 发起HTTP请求: https://ltshsy.gtimg.com/vipts.tc.qq.com/Z_jNehLafagn-akjQo1h6HGibV3GPT4XD5Vcm86O3sFcK3QQyYU5p3HpdXn...
2026-01-11 14:23:20 - app - INFO - [线程-140] 发起HTTP请求: https://ltshsy.gtimg.com/vipts.tc.qq.com/Z_jNehLafagn-akjQo1h6HGibV3GPT4XD5Vcm86O3sFcK3QQyYU5p3HpdXn...
2026-01-11 14:23:21 - app - INFO - [线程-139] HTTP响应成功，开始写入文件
2026-01-11 14:23:21 - app - INFO - 片段 139/242 下载成功 (57.4%)
2026-01-11 14:23:21 - app - INFO - [线程-142] 线程已启动，准备下载片段 142/242
2026-01-11 14:23:21 - app - INFO - [线程-142] 发起HTTP请求: https://ltshsy.gtimg.com/vipts.tc.qq.com/Z_jNehLafagn-akjQo1h6HGibV3GPT4XD5Vcm86O3sFcK3QQyYU5p3HpdXn...
2026-01-11 14:23:21 - app - INFO - [线程-140] HTTP响应成功，开始写入文件
2026-01-11 14:23:21 - app - INFO - 片段 140/242 下载成功 (57.9%)
2026-01-11 14:23:21 - app - INFO - [线程-143] 线程已启动，准备下载片段 143/242
2026-01-11 14:23:21 - app - INFO - [线程-143] 发起HTTP请求: https://ltshsy.gtimg.com/vipts.tc.qq.com/Z_jNehLafagn-akjQo1h6HGibV3GPT4XD5Vcm86O3sFcK3QQyYU5p3HpdXn...
2026-01-11 14:23:21 - app - INFO - [线程-141] HTTP响应成功，开始写入文件
2026-01-11 14:23:21 - app - INFO - 片段 141/242 下载成功 (58.3%)
2026-01-11 14:23:21 - app - INFO - [线程-144] 线程已启动，准备下载片段 144/242
2026-01-11 14:23:21 - app - INFO - [线程-144] 发起HTTP请求: https://ltshsy.gtimg.com/vipts.tc.qq.com/Z_jNehLafagn-akjQo1h6HGibV3GPT4XD5Vcm86O3sFcK3QQyYU5p3HpdXn...
2026-01-11 14:23:30 - app - INFO - [线程-142] HTTP响应成功，开始写入文件
2026-01-11 14:23:30 - app - INFO - 片段 142/242 下载成功 (58.7%)
2026-01-11 14:23:30 - app - INFO - [线程-145] 线程已启动，准备下载片段 145/242
2026-01-11 14:23:30 - app - INFO - [线程-145] 发起HTTP请求: https://ltshsy.gtimg.com/vipts.tc.qq.com/Z_jNehLafagn-akjQo1h6HGibV3GPT4XD5Vcm86O3sFcK3QQyYU5p3HpdXn...
2026-01-11 14:23:30 - app - INFO - [线程-143] HTTP响应成功，开始写入文件
2026-01-11 14:23:30 - app - INFO - 片段 143/242 下载成功 (59.1%)
2026-01-11 14:23:30 - app - INFO - [线程-146] 线程已启动，准备下载片段 146/242
2026-01-11 14:23:30 - app - INFO - [线程-146] 发起HTTP请求: https://ltshsy.gtimg.com/vipts.tc.qq.com/Z_jNehLafagn-akjQo1h6HGibV3GPT4XD5Vcm86O3sFcK3QQyYU5p3HpdXn...
2026-01-11 14:23:30 - app - INFO - [线程-144] HTTP响应成功，开始写入文件
2026-01-11 14:23:30 - app - INFO - 片段 144/242 下载成功 (59.5%)
2026-01-11 14:23:30 - app - INFO - [线程-147] 线程已启动，准备下载片段 147/242
2026-01-11 14:23:30 - app - INFO - [线程-147] 发起HTTP请求: https://ltshsy.gtimg.com/vipts.tc.qq.com/Z_jNehLafagn-akjQo1h6HGibV3GPT4XD5Vcm86O3sFcK3QQyYU5p3HpdXn...
2026-01-11 14:23:31 - app - INFO - [线程-146] HTTP响应成功，开始写入文件
2026-01-11 14:23:31 - app - INFO - 片段 145/242 下载成功 (59.9%)
2026-01-11 14:23:31 - app - INFO - [线程-148] 线程已启动，准备下载片段 148/242
2026-01-11 14:23:31 - app - INFO - [线程-148] 发起HTTP请求: https://ltshsy.gtimg.com/vipts.tc.qq.com/Z_jNehLafagn-akjQo1h6HGibV3GPT4XD5Vcm86O3sFcK3QQyYU5p3HpdXn...
2026-01-11 14:23:31 - app - INFO - [线程-145] HTTP响应成功，开始写入文件
2026-01-11 14:23:31 - app - INFO - 片段 146/242 下载成功 (60.3%)
2026-01-11 14:23:31 - app - INFO - [线程-149] 线程已启动，准备下载片段 149/242
2026-01-11 14:23:31 - app - INFO - [线程-149] 发起HTTP请求: https://ltshsy.gtimg.com/vipts.tc.qq.com/Z_jNehLafagn-akjQo1h6HGibV3GPT4XD5Vcm86O3sFcK3QQyYU5p3HpdXn...
2026-01-11 14:23:31 - app - INFO - [线程-147] HTTP响应成功，开始写入文件
2026-01-11 14:23:31 - app - INFO - 片段 147/242 下载成功 (60.7%)
2026-01-11 14:23:31 - app - INFO - [线程-150] 线程已启动，准备下载片段 150/242
2026-01-11 14:23:31 - app - INFO - [线程-150] 发起HTTP请求: https://ltshsy.gtimg.com/vipts.tc.qq.com/Z_jNehLafagn-akjQo1h6HGibV3GPT4XD5Vcm86O3sFcK3QQyYU5p3HpdXn...
2026-01-11 14:23:32 - app - INFO - [线程-149] HTTP响应成功，开始写入文件
2026-01-11 14:23:32 - app - INFO - 片段 148/242 下载成功 (61.2%)
2026-01-11 14:23:32 - app - INFO - [线程-151] 线程已启动，准备下载片段 151/242
2026-01-11 14:23:32 - app - INFO - [线程-151] 发起HTTP请求: https://ltshsy.gtimg.com/vipts.tc.qq.com/Z_jNehLafagn-akjQo1h6HGibV3GPT4XD5Vcm86O3sFcK3QQyYU5p3HpdXn...
2026-01-11 14:23:32 - app - INFO - [线程-150] HTTP响应成功，开始写入文件
2026-01-11 14:23:32 - app - INFO - 片段 149/242 下载成功 (61.6%)
2026-01-11 14:23:33 - app - INFO - [线程-152] 线程已启动，准备下载片段 152/242
2026-01-11 14:23:33 - app - INFO - [线程-152] 发起HTTP请求: https://ltshsy.gtimg.com/vipts.tc.qq.com/Z_jNehLafagn-akjQo1h6HGibV3GPT4XD5Vcm86O3sFcK3QQyYU5p3HpdXn...
2026-01-11 14:23:33 - app - INFO - [线程-148] HTTP响应成功，开始写入文件
2026-01-11 14:23:33 - app - INFO - 片段 150/242 下载成功 (62.0%)
2026-01-11 14:23:33 - app - INFO - [线程-153] 线程已启动，准备下载片段 153/242
2026-01-11 14:23:33 - app - INFO - [线程-153] 发起HTTP请求: https://ltshsy.gtimg.com/vipts.tc.qq.com/Z_jNehLafagn-akjQo1h6HGibV3GPT4XD5Vcm86O3sFcK3QQyYU5p3HpdXn...
2026-01-11 14:23:39 - app - INFO - [线程-151] HTTP响应成功，开始写入文件
2026-01-11 14:23:39 - app - INFO - 片段 151/242 下载成功 (62.4%)
2026-01-11 14:23:39 - app - INFO - [线程-154] 线程已启动，准备下载片段 154/242
2026-01-11 14:23:39 - app - INFO - [线程-153] HTTP响应成功，开始写入文件
2026-01-11 14:23:39 - app - INFO - [线程-154] 发起HTTP请求: https://ltshsy.gtimg.com/vipts.tc.qq.com/Z_jNehLafagn-akjQo1h6HGibV3GPT4XD5Vcm86O3sFcK3QQyYU5p3HpdXn...
2026-01-11 14:23:39 - app - INFO - 片段 152/242 下载成功 (62.8%)
2026-01-11 14:23:39 - app - INFO - [线程-155] 线程已启动，准备下载片段 155/242
2026-01-11 14:23:39 - app - INFO - [线程-155] 发起HTTP请求: https://ltshsy.gtimg.com/vipts.tc.qq.com/Z_jNehLafagn-akjQo1h6HGibV3GPT4XD5Vcm86O3sFcK3QQyYU5p3HpdXn...
2026-01-11 14:23:39 - app - INFO - [线程-152] HTTP响应成功，开始写入文件
2026-01-11 14:23:39 - app - INFO - 片段 153/242 下载成功 (63.2%)
2026-01-11 14:23:39 - app - INFO - [线程-156] 线程已启动，准备下载片段 156/242
2026-01-11 14:23:39 - app - INFO - [线程-156] 发起HTTP请求: https://ltshsy.gtimg.com/vipts.tc.qq.com/Z_jNehLafagn-akjQo1h6HGibV3GPT4XD5Vcm86O3sFcK3QQyYU5p3HpdXn...
2026-01-11 14:23:40 - app - INFO - [线程-155] HTTP响应成功，开始写入文件
2026-01-11 14:23:40 - app - INFO - 片段 154/242 下载成功 (63.6%)
2026-01-11 14:23:40 - app - INFO - [线程-157] 线程已启动，准备下载片段 157/242
2026-01-11 14:23:40 - app - INFO - [线程-157] 发起HTTP请求: https://ltshsy.gtimg.com/vipts.tc.qq.com/Z_jNehLafagn-akjQo1h6HGibV3GPT4XD5Vcm86O3sFcK3QQyYU5p3HpdXn...
2026-01-11 14:23:40 - app - INFO - [线程-156] HTTP响应成功，开始写入文件
2026-01-11 14:23:40 - app - INFO - 片段 155/242 下载成功 (64.0%)
2026-01-11 14:23:40 - app - INFO - [线程-158] 线程已启动，准备下载片段 158/242
2026-01-11 14:23:40 - app - INFO - [线程-158] 发起HTTP请求: https://ltshsy.gtimg.com/vipts.tc.qq.com/Z_jNehLafagn-akjQo1h6HGibV3GPT4XD5Vcm86O3sFcK3QQyYU5p3HpdXn...
2026-01-11 14:23:41 - app - INFO - [线程-154] HTTP响应成功，开始写入文件
2026-01-11 14:23:41 - app - INFO - 片段 156/242 下载成功 (64.5%)
2026-01-11 14:23:41 - app - INFO - [线程-159] 线程已启动，准备下载片段 159/242
2026-01-11 14:23:41 - app - INFO - [线程-159] 发起HTTP请求: https://ltshsy.gtimg.com/vipts.tc.qq.com/Z_jNehLafagn-akjQo1h6HGibV3GPT4XD5Vcm86O3sFcK3QQyYU5p3HpdXn...
2026-01-11 14:23:41 - app - INFO - [线程-157] HTTP响应成功，开始写入文件
2026-01-11 14:23:41 - app - INFO - 片段 157/242 下载成功 (64.9%)
2026-01-11 14:23:41 - app - INFO - [线程-160] 线程已启动，准备下载片段 160/242
2026-01-11 14:23:41 - app - INFO - [线程-160] 发起HTTP请求: https://ltshsy.gtimg.com/vipts.tc.qq.com/Z_jNehLafagn-akjQo1h6HGibV3GPT4XD5Vcm86O3sFcK3QQyYU5p3HpdXn...
2026-01-11 14:23:41 - app - INFO - [线程-158] HTTP响应成功，开始写入文件
2026-01-11 14:23:41 - app - INFO - 片段 158/242 下载成功 (65.3%)
2026-01-11 14:23:41 - app - INFO - [线程-161] 线程已启动，准备下载片段 161/242
2026-01-11 14:23:41 - app - INFO - [线程-161] 发起HTTP请求: https://ltshsy.gtimg.com/vipts.tc.qq.com/Z_jNehLafagn-akjQo1h6HGibV3GPT4XD5Vcm86O3sFcK3QQyYU5p3HpdXn...
2026-01-11 14:23:42 - app - INFO - [线程-160] HTTP响应成功，开始写入文件
2026-01-11 14:23:42 - app - INFO - 片段 159/242 下载成功 (65.7%)
2026-01-11 14:23:42 - app - INFO - [线程-162] 线程已启动，准备下载片段 162/242
2026-01-11 14:23:42 - app - INFO - [线程-162] 发起HTTP请求: https://ltshsy.gtimg.com/vipts.tc.qq.com/Z_jNehLafagn-akjQo1h6HGibV3GPT4XD5Vcm86O3sFcK3QQyYU5p3HpdXn...
2026-01-11 14:23:42 - app - INFO - [线程-159] HTTP响应成功，开始写入文件
2026-01-11 14:23:42 - app - INFO - 片段 160/242 下载成功 (66.1%)
2026-01-11 14:23:42 - app - INFO - [线程-163] 线程已启动，准备下载片段 163/242
2026-01-11 14:23:42 - app - INFO - [线程-163] 发起HTTP请求: https://ltshsy.gtimg.com/vipts.tc.qq.com/Z_jNehLafagn-akjQo1h6HGibV3GPT4XD5Vcm86O3sFcK3QQyYU5p3HpdXn...
2026-01-11 14:23:42 - app - INFO - [线程-161] HTTP响应成功，开始写入文件
2026-01-11 14:23:42 - app - INFO - 片段 161/242 下载成功 (66.5%)
2026-01-11 14:23:42 - app - INFO - [线程-164] 线程已启动，准备下载片段 164/242
2026-01-11 14:23:42 - app - INFO - [线程-164] 发起HTTP请求: https://ltshsy.gtimg.com/vipts.tc.qq.com/Z_jNehLafagn-akjQo1h6HGibV3GPT4XD5Vcm86O3sFcK3QQyYU5p3HpdXn...
2026-01-11 14:23:43 - app - INFO - [线程-162] HTTP响应成功，开始写入文件
2026-01-11 14:23:43 - app - INFO - 片段 162/242 下载成功 (66.9%)
2026-01-11 14:23:43 - app - INFO - [线程-165] 线程已启动，准备下载片段 165/242
2026-01-11 14:23:43 - app - INFO - [线程-164] HTTP响应成功，开始写入文件
2026-01-11 14:23:43 - app - INFO - [线程-165] 发起HTTP请求: https://ltshsy.gtimg.com/vipts.tc.qq.com/Z_jNehLafagn-akjQo1h6HGibV3GPT4XD5Vcm86O3sFcK3QQyYU5p3HpdXn...
2026-01-11 14:23:43 - app - INFO - 片段 163/242 下载成功 (67.4%)
2026-01-11 14:23:43 - app - INFO - [线程-166] 线程已启动，准备下载片段 166/242
2026-01-11 14:23:43 - app - INFO - [线程-166] 发起HTTP请求: https://ltshsy.gtimg.com/vipts.tc.qq.com/Z_jNehLafagn-akjQo1h6HGibV3GPT4XD5Vcm86O3sFcK3QQyYU5p3HpdXn...
2026-01-11 14:23:43 - app - INFO - [线程-163] HTTP响应成功，开始写入文件
2026-01-11 14:23:43 - app - INFO - 片段 164/242 下载成功 (67.8%)
2026-01-11 14:23:43 - app - INFO - [线程-167] 线程已启动，准备下载片段 167/242
2026-01-11 14:23:43 - app - INFO - [线程-167] 发起HTTP请求: https://ltshsy.gtimg.com/vipts.tc.qq.com/Z_jNehLafagn-akjQo1h6HGibV3GPT4XD5Vcm86O3sFcK3QQyYU5p3HpdXn...
2026-01-11 14:23:49 - app - INFO - [线程-165] HTTP响应成功，开始写入文件
2026-01-11 14:23:49 - app - INFO - [线程-166] HTTP响应成功，开始写入文件
2026-01-11 14:23:49 - app - INFO - 片段 165/242 下载成功 (68.2%)
2026-01-11 14:23:49 - app - INFO - [线程-168] 线程已启动，准备下载片段 168/242
2026-01-11 14:23:49 - app - INFO - 片段 166/242 下载成功 (68.6%)
2026-01-11 14:23:49 - app - INFO - [线程-169] 线程已启动，准备下载片段 169/242
2026-01-11 14:23:50 - app - INFO - [线程-168] 发起HTTP请求: https://ltshsy.gtimg.com/vipts.tc.qq.com/Z_jNehLafagn-akjQo1h6HGibV3GPT4XD5Vcm86O3sFcK3QQyYU5p3HpdXn...
2026-01-11 14:23:50 - app - INFO - [线程-169] 发起HTTP请求: https://ltshsy.gtimg.com/vipts.tc.qq.com/Z_jNehLafagn-akjQo1h6HGibV3GPT4XD5Vcm86O3sFcK3QQyYU5p3HpdXn...
2026-01-11 14:23:50 - app - INFO - [线程-168] HTTP响应成功，开始写入文件
2026-01-11 14:23:50 - app - INFO - 片段 167/242 下载成功 (69.0%)
2026-01-11 14:23:50 - app - INFO - [线程-170] 线程已启动，准备下载片段 170/242
2026-01-11 14:23:50 - app - INFO - [线程-170] 发起HTTP请求: https://ltshsy.gtimg.com/vipts.tc.qq.com/Z_jNehLafagn-akjQo1h6HGibV3GPT4XD5Vcm86O3sFcK3QQyYU5p3HpdXn...
2026-01-11 14:23:50 - app - INFO - [线程-169] HTTP响应成功，开始写入文件
2026-01-11 14:23:50 - app - INFO - 片段 168/242 下载成功 (69.4%)
2026-01-11 14:23:50 - app - INFO - [线程-171] 线程已启动，准备下载片段 171/242
2026-01-11 14:23:51 - app - INFO - [线程-167] HTTP响应成功，开始写入文件
2026-01-11 14:23:51 - app - INFO - [线程-171] 发起HTTP请求: https://ltshsy.gtimg.com/vipts.tc.qq.com/Z_jNehLafagn-akjQo1h6HGibV3GPT4XD5Vcm86O3sFcK3QQyYU5p3HpdXn...
2026-01-11 14:23:51 - app - INFO - 片段 169/242 下载成功 (69.8%)
2026-01-11 14:23:51 - app - INFO - [线程-172] 线程已启动，准备下载片段 172/242
2026-01-11 14:23:51 - app - INFO - [线程-172] 发起HTTP请求: https://ltshsy.gtimg.com/vipts.tc.qq.com/Z_jNehLafagn-akjQo1h6HGibV3GPT4XD5Vcm86O3sFcK3QQyYU5p3HpdXn...
2026-01-11 14:23:51 - app - INFO - [线程-170] HTTP响应成功，开始写入文件
2026-01-11 14:23:51 - app - INFO - 片段 170/242 下载成功 (70.2%)
2026-01-11 14:23:51 - app - INFO - [线程-173] 线程已启动，准备下载片段 173/242
2026-01-11 14:23:51 - app - INFO - [线程-173] 发起HTTP请求: https://ltshsy.gtimg.com/vipts.tc.qq.com/Z_jNehLafagn-akjQo1h6HGibV3GPT4XD5Vcm86O3sFcK3QQyYU5p3HpdXn...
2026-01-11 14:23:52 - app - INFO - [线程-172] HTTP响应成功，开始写入文件
2026-01-11 14:23:52 - app - INFO - 片段 171/242 下载成功 (70.7%)
2026-01-11 14:23:52 - app - INFO - [线程-171] HTTP响应成功，开始写入文件
2026-01-11 14:23:52 - app - INFO - [线程-174] 线程已启动，准备下载片段 174/242
2026-01-11 14:23:52 - app - INFO - [线程-174] 发起HTTP请求: https://ltshsy.gtimg.com/vipts.tc.qq.com/Z_jNehLafagn-akjQo1h6HGibV3GPT4XD5Vcm86O3sFcK3QQyYU5p3HpdXn...
2026-01-11 14:23:52 - app - INFO - [线程-173] HTTP响应成功，开始写入文件
2026-01-11 14:23:52 - app - INFO - 片段 172/242 下载成功 (71.1%)
2026-01-11 14:23:52 - app - INFO - [线程-175] 线程已启动，准备下载片段 175/242
2026-01-11 14:23:52 - app - INFO - [线程-175] 发起HTTP请求: https://ltshsy.gtimg.com/vipts.tc.qq.com/Z_jNehLafagn-akjQo1h6HGibV3GPT4XD5Vcm86O3sFcK3QQyYU5p3HpdXn...
2026-01-11 14:23:52 - app - INFO - 片段 173/242 下载成功 (71.5%)
2026-01-11 14:23:52 - app - INFO - [线程-176] 线程已启动，准备下载片段 176/242
2026-01-11 14:23:52 - app - INFO - [线程-176] 发起HTTP请求: https://ltshsy.gtimg.com/vipts.tc.qq.com/Z_jNehLafagn-akjQo1h6HGibV3GPT4XD5Vcm86O3sFcK3QQyYU5p3HpdXn...
2026-01-11 14:23:53 - app - INFO - [线程-175] HTTP响应成功，开始写入文件
2026-01-11 14:23:53 - app - INFO - 片段 174/242 下载成功 (71.9%)
2026-01-11 14:23:53 - app - INFO - [线程-177] 线程已启动，准备下载片段 177/242
2026-01-11 14:23:53 - app - INFO - [线程-177] 发起HTTP请求: https://ltshsy.gtimg.com/vipts.tc.qq.com/Z_jNehLafagn-akjQo1h6HGibV3GPT4XD5Vcm86O3sFcK3QQyYU5p3HpdXn...
2026-01-11 14:23:53 - app - INFO - [线程-174] HTTP响应成功，开始写入文件
2026-01-11 14:23:53 - app - INFO - 片段 175/242 下载成功 (72.3%)
2026-01-11 14:23:53 - app - INFO - [线程-178] 线程已启动，准备下载片段 178/242
2026-01-11 14:23:53 - app - INFO - [线程-178] 发起HTTP请求: https://ltshsy.gtimg.com/vipts.tc.qq.com/Z_jNehLafagn-akjQo1h6HGibV3GPT4XD5Vcm86O3sFcK3QQyYU5p3HpdXn...
2026-01-11 14:23:53 - app - INFO - [线程-176] HTTP响应成功，开始写入文件
2026-01-11 14:23:53 - app - INFO - 片段 176/242 下载成功 (72.7%)
2026-01-11 14:23:53 - app - INFO - [线程-179] 线程已启动，准备下载片段 179/242
2026-01-11 14:23:53 - app - INFO - [线程-179] 发起HTTP请求: https://ltshsy.gtimg.com/vipts.tc.qq.com/Z_jNehLafagn-akjQo1h6HGibV3GPT4XD5Vcm86O3sFcK3QQyYU5p3HpdXn...
2026-01-11 14:23:54 - app - INFO - [线程-177] HTTP响应成功，开始写入文件
2026-01-11 14:23:54 - app - INFO - 片段 177/242 下载成功 (73.1%)
2026-01-11 14:23:54 - app - INFO - [线程-180] 线程已启动，准备下载片段 180/242
2026-01-11 14:23:54 - app - INFO - [线程-180] 发起HTTP请求: https://ltshsy.gtimg.com/vipts.tc.qq.com/Z_jNehLafagn-akjQo1h6HGibV3GPT4XD5Vcm86O3sFcK3QQyYU5p3HpdXn...
2026-01-11 14:23:55 - app - INFO - [线程-179] HTTP响应成功，开始写入文件
2026-01-11 14:23:55 - app - INFO - 片段 178/242 下载成功 (73.6%)
2026-01-11 14:23:55 - app - INFO - [线程-181] 线程已启动，准备下载片段 181/242
2026-01-11 14:23:55 - app - INFO - [线程-181] 发起HTTP请求: https://ltshsy.gtimg.com/vipts.tc.qq.com/Z_jNehLafagn-akjQo1h6HGibV3GPT4XD5Vcm86O3sFcK3QQyYU5p3HpdXn...
2026-01-11 14:23:55 - app - INFO - [线程-178] HTTP响应成功，开始写入文件
2026-01-11 14:23:55 - app - INFO - 片段 179/242 下载成功 (74.0%)
2026-01-11 14:23:55 - app - INFO - [线程-182] 线程已启动，准备下载片段 182/242
2026-01-11 14:23:55 - app - INFO - [线程-182] 发起HTTP请求: https://ltshsy.gtimg.com/vipts.tc.qq.com/Z_jNehLafagn-akjQo1h6HGibV3GPT4XD5Vcm86O3sFcK3QQyYU5p3HpdXn...
2026-01-11 14:24:01 - app - INFO - [线程-180] HTTP响应成功，开始写入文件
2026-01-11 14:24:01 - app - INFO - 片段 180/242 下载成功 (74.4%)
2026-01-11 14:24:01 - app - INFO - [线程-183] 线程已启动，准备下载片段 183/242
2026-01-11 14:24:01 - app - INFO - [线程-182] HTTP响应成功，开始写入文件
2026-01-11 14:24:01 - app - INFO - [线程-183] 发起HTTP请求: https://ltshsy.gtimg.com/vipts.tc.qq.com/Z_jNehLafagn-akjQo1h6HGibV3GPT4XD5Vcm86O3sFcK3QQyYU5p3HpdXn...
2026-01-11 14:24:01 - app - INFO - 片段 181/242 下载成功 (74.8%)
2026-01-11 14:24:01 - app - INFO - [线程-184] 线程已启动，准备下载片段 184/242
2026-01-11 14:24:01 - app - INFO - [线程-184] 发起HTTP请求: https://ltshsy.gtimg.com/vipts.tc.qq.com/Z_jNehLafagn-akjQo1h6HGibV3GPT4XD5Vcm86O3sFcK3QQyYU5p3HpdXn...
2026-01-11 14:24:01 - app - INFO - [线程-181] HTTP响应成功，开始写入文件
2026-01-11 14:24:01 - app - INFO - 片段 182/242 下载成功 (75.2%)
2026-01-11 14:24:01 - app - INFO - [线程-185] 线程已启动，准备下载片段 185/242
2026-01-11 14:24:01 - app - INFO - [线程-185] 发起HTTP请求: https://ltshsy.gtimg.com/vipts.tc.qq.com/Z_jNehLafagn-akjQo1h6HGibV3GPT4XD5Vcm86O3sFcK3QQyYU5p3HpdXn...
2026-01-11 14:24:01 - app - INFO - [线程-183] HTTP响应成功，开始写入文件
2026-01-11 14:24:01 - app - INFO - 片段 183/242 下载成功 (75.6%)
2026-01-11 14:24:02 - app - INFO - [线程-186] 线程已启动，准备下载片段 186/242
2026-01-11 14:24:02 - app - INFO - [线程-186] 发起HTTP请求: https://ltshsy.gtimg.com/vipts.tc.qq.com/Z_jNehLafagn-akjQo1h6HGibV3GPT4XD5Vcm86O3sFcK3QQyYU5p3HpdXn...
2026-01-11 14:24:02 - app - INFO - [线程-184] HTTP响应成功，开始写入文件
2026-01-11 14:24:02 - app - INFO - 片段 184/242 下载成功 (76.0%)
2026-01-11 14:24:02 - app - INFO - [线程-187] 线程已启动，准备下载片段 187/242
2026-01-11 14:24:02 - app - INFO - [线程-187] 发起HTTP请求: https://ltshsy.gtimg.com/vipts.tc.qq.com/Z_jNehLafagn-akjQo1h6HGibV3GPT4XD5Vcm86O3sFcK3QQyYU5p3HpdXn...
2026-01-11 14:24:02 - app - INFO - [线程-186] HTTP响应成功，开始写入文件
2026-01-11 14:24:02 - app - INFO - 片段 185/242 下载成功 (76.4%)
2026-01-11 14:24:02 - app - INFO - [线程-188] 线程已启动，准备下载片段 188/242
2026-01-11 14:24:02 - app - INFO - [线程-185] HTTP响应成功，开始写入文件
2026-01-11 14:24:02 - app - INFO - [线程-188] 发起HTTP请求: https://ltshsy.gtimg.com/vipts.tc.qq.com/Z_jNehLafagn-akjQo1h6HGibV3GPT4XD5Vcm86O3sFcK3QQyYU5p3HpdXn...
2026-01-11 14:24:02 - app - INFO - 片段 186/242 下载成功 (76.9%)
2026-01-11 14:24:02 - app - INFO - [线程-189] 线程已启动，准备下载片段 189/242
2026-01-11 14:24:03 - app - INFO - [线程-189] 发起HTTP请求: https://ltshsy.gtimg.com/vipts.tc.qq.com/Z_jNehLafagn-akjQo1h6HGibV3GPT4XD5Vcm86O3sFcK3QQyYU5p3HpdXn...
2026-01-11 14:24:03 - app - INFO - [线程-187] HTTP响应成功，开始写入文件
2026-01-11 14:24:03 - app - INFO - 片段 187/242 下载成功 (77.3%)
2026-01-11 14:24:03 - app - INFO - [线程-190] 线程已启动，准备下载片段 190/242
2026-01-11 14:24:03 - app - INFO - [线程-190] 发起HTTP请求: https://ltshsy.gtimg.com/vipts.tc.qq.com/Z_jNehLafagn-akjQo1h6HGibV3GPT4XD5Vcm86O3sFcK3QQyYU5p3HpdXn...
2026-01-11 14:24:04 - app - INFO - [线程-188] HTTP响应成功，开始写入文件
2026-01-11 14:24:04 - app - INFO - 片段 188/242 下载成功 (77.7%)
2026-01-11 14:24:04 - app - INFO - [线程-191] 线程已启动，准备下载片段 191/242
2026-01-11 14:24:04 - app - INFO - [线程-191] 发起HTTP请求: https://ltshsy.gtimg.com/vipts.tc.qq.com/Z_jNehLafagn-akjQo1h6HGibV3GPT4XD5Vcm86O3sFcK3QQyYU5p3HpdXn...
2026-01-11 14:24:04 - app - INFO - [线程-189] HTTP响应成功，开始写入文件
2026-01-11 14:24:04 - app - INFO - 片段 189/242 下载成功 (78.1%)
2026-01-11 14:24:04 - app - INFO - [线程-192] 线程已启动，准备下载片段 192/242
2026-01-11 14:24:04 - app - INFO - [线程-192] 发起HTTP请求: https://ltshsy.gtimg.com/vipts.tc.qq.com/Z_jNehLafagn-akjQo1h6HGibV3GPT4XD5Vcm86O3sFcK3QQyYU5p3HpdXn...
2026-01-11 14:24:04 - app - INFO - [线程-190] HTTP响应成功，开始写入文件
2026-01-11 14:24:04 - app - INFO - 片段 190/242 下载成功 (78.5%)
2026-01-11 14:24:04 - app - INFO - [线程-193] 线程已启动，准备下载片段 193/242
2026-01-11 14:24:04 - app - INFO - [线程-191] HTTP响应成功，开始写入文件
2026-01-11 14:24:04 - app - INFO - [线程-193] 发起HTTP请求: https://ltshsy.gtimg.com/vipts.tc.qq.com/Z_jNehLafagn-akjQo1h6HGibV3GPT4XD5Vcm86O3sFcK3QQyYU5p3HpdXn...
2026-01-11 14:24:05 - app - INFO - 片段 191/242 下载成功 (78.9%)
2026-01-11 14:24:05 - app - INFO - [线程-192] HTTP响应成功，开始写入文件
2026-01-11 14:24:05 - app - INFO - [线程-194] 线程已启动，准备下载片段 194/242
2026-01-11 14:24:05 - app - INFO - 片段 192/242 下载成功 (79.3%)
2026-01-11 14:24:05 - app - INFO - [线程-195] 线程已启动，准备下载片段 195/242
2026-01-11 14:24:05 - app - INFO - [线程-194] 发起HTTP请求: https://ltshsy.gtimg.com/vipts.tc.qq.com/Z_jNehLafagn-akjQo1h6HGibV3GPT4XD5Vcm86O3sFcK3QQyYU5p3HpdXn...
2026-01-11 14:24:05 - app - INFO - [线程-195] 发起HTTP请求: https://ltshsy.gtimg.com/vipts.tc.qq.com/Z_jNehLafagn-akjQo1h6HGibV3GPT4XD5Vcm86O3sFcK3QQyYU5p3HpdXn...
2026-01-11 14:24:05 - app - INFO - [线程-193] HTTP响应成功，开始写入文件
2026-01-11 14:24:05 - app - INFO - 片段 193/242 下载成功 (79.8%)
2026-01-11 14:24:05 - app - INFO - [线程-196] 线程已启动，准备下载片段 196/242
2026-01-11 14:24:05 - app - INFO - [线程-196] 发起HTTP请求: https://ltshsy.gtimg.com/vipts.tc.qq.com/Z_jNehLafagn-akjQo1h6HGibV3GPT4XD5Vcm86O3sFcK3QQyYU5p3HpdXn...
2026-01-11 14:24:06 - app - INFO - [线程-195] HTTP响应成功，开始写入文件
2026-01-11 14:24:06 - app - INFO - 片段 194/242 下载成功 (80.2%)
2026-01-11 14:24:06 - app - INFO - [线程-197] 线程已启动，准备下载片段 197/242
2026-01-11 14:24:06 - app - INFO - [线程-197] 发起HTTP请求: https://ltshsy.gtimg.com/vipts.tc.qq.com/Z_jNehLafagn-akjQo1h6HGibV3GPT4XD5Vcm86O3sFcK3QQyYU5p3HpdXn...
2026-01-11 14:24:06 - app - INFO - [线程-194] HTTP响应成功，开始写入文件
2026-01-11 14:24:06 - app - INFO - 片段 195/242 下载成功 (80.6%)
2026-01-11 14:24:06 - app - INFO - [线程-198] 线程已启动，准备下载片段 198/242
2026-01-11 14:24:06 - app - INFO - [线程-198] 发起HTTP请求: https://ltshsy.gtimg.com/vipts.tc.qq.com/Z_jNehLafagn-akjQo1h6HGibV3GPT4XD5Vcm86O3sFcK3QQyYU5p3HpdXn...
2026-01-11 14:24:11 - app - INFO - [线程-196] HTTP响应成功，开始写入文件
2026-01-11 14:24:12 - app - INFO - 片段 196/242 下载成功 (81.0%)
2026-01-11 14:24:12 - app - INFO - [线程-199] 线程已启动，准备下载片段 199/242
2026-01-11 14:24:12 - app - INFO - [线程-199] 发起HTTP请求: https://ltshsy.gtimg.com/vipts.tc.qq.com/Z_jNehLafagn-akjQo1h6HGibV3GPT4XD5Vcm86O3sFcK3QQyYU5p3HpdXn...
2026-01-11 14:24:13 - app - INFO - [线程-197] HTTP响应成功，开始写入文件
2026-01-11 14:24:13 - app - INFO - 片段 197/242 下载成功 (81.4%)
2026-01-11 14:24:13 - app - INFO - [线程-198] HTTP响应成功，开始写入文件
2026-01-11 14:24:13 - app - INFO - [线程-200] 线程已启动，准备下载片段 200/242
2026-01-11 14:24:13 - app - INFO - 片段 198/242 下载成功 (81.8%)
2026-01-11 14:24:13 - app - INFO - [线程-199] HTTP响应成功，开始写入文件
2026-01-11 14:24:13 - app - INFO - [线程-201] 线程已启动，准备下载片段 201/242
2026-01-11 14:24:13 - app - INFO - [线程-201] 发起HTTP请求: https://ltshsy.gtimg.com/vipts.tc.qq.com/Z_jNehLafagn-akjQo1h6HGibV3GPT4XD5Vcm86O3sFcK3QQyYU5p3HpdXn...
2026-01-11 14:24:13 - app - INFO - 片段 199/242 下载成功 (82.2%)
2026-01-11 14:24:13 - app - INFO - [线程-202] 线程已启动，准备下载片段 202/242
2026-01-11 14:24:13 - app - INFO - [线程-200] 发起HTTP请求: https://ltshsy.gtimg.com/vipts.tc.qq.com/Z_jNehLafagn-akjQo1h6HGibV3GPT4XD5Vcm86O3sFcK3QQyYU5p3HpdXn...
2026-01-11 14:24:13 - app - INFO - [线程-202] 发起HTTP请求: https://ltshsy.gtimg.com/vipts.tc.qq.com/Z_jNehLafagn-akjQo1h6HGibV3GPT4XD5Vcm86O3sFcK3QQyYU5p3HpdXn...
2026-01-11 14:24:13 - app - INFO - [线程-201] HTTP响应成功，开始写入文件
2026-01-11 14:24:13 - app - INFO - [线程-200] HTTP响应成功，开始写入文件
2026-01-11 14:24:13 - app - INFO - 片段 200/242 下载成功 (82.6%)
2026-01-11 14:24:14 - app - INFO - [线程-203] 线程已启动，准备下载片段 203/242
2026-01-11 14:24:14 - app - INFO - [线程-203] 发起HTTP请求: https://ltshsy.gtimg.com/vipts.tc.qq.com/Z_jNehLafagn-akjQo1h6HGibV3GPT4XD5Vcm86O3sFcK3QQyYU5p3HpdXn...
2026-01-11 14:24:14 - app - INFO - 片段 201/242 下载成功 (83.1%)
2026-01-11 14:24:14 - app - INFO - [线程-204] 线程已启动，准备下载片段 204/242
2026-01-11 14:24:14 - app - INFO - [线程-202] HTTP响应成功，开始写入文件
2026-01-11 14:24:14 - app - INFO - [线程-204] 发起HTTP请求: https://ltshsy.gtimg.com/vipts.tc.qq.com/Z_jNehLafagn-akjQo1h6HGibV3GPT4XD5Vcm86O3sFcK3QQyYU5p3HpdXn...
2026-01-11 14:24:14 - app - INFO - 片段 202/242 下载成功 (83.5%)
2026-01-11 14:24:14 - app - INFO - [线程-205] 线程已启动，准备下载片段 205/242
2026-01-11 14:24:14 - app - INFO - [线程-205] 发起HTTP请求: https://ltshsy.gtimg.com/vipts.tc.qq.com/Z_jNehLafagn-akjQo1h6HGibV3GPT4XD5Vcm86O3sFcK3QQyYU5p3HpdXn...
2026-01-11 14:24:14 - app - INFO - [线程-203] HTTP响应成功，开始写入文件
2026-01-11 14:24:14 - app - INFO - 片段 203/242 下载成功 (83.9%)
2026-01-11 14:24:14 - app - INFO - [线程-206] 线程已启动，准备下载片段 206/242
2026-01-11 14:24:14 - app - INFO - [线程-206] 发起HTTP请求: https://ltshsy.gtimg.com/vipts.tc.qq.com/Z_jNehLafagn-akjQo1h6HGibV3GPT4XD5Vcm86O3sFcK3QQyYU5p3HpdXn...
2026-01-11 14:24:14 - app - INFO - [线程-204] HTTP响应成功，开始写入文件
2026-01-11 14:24:14 - app - INFO - 片段 204/242 下载成功 (84.3%)
2026-01-11 14:24:14 - app - INFO - [线程-207] 线程已启动，准备下载片段 207/242
2026-01-11 14:24:14 - app - INFO - [线程-207] 发起HTTP请求: https://ltshsy.gtimg.com/vipts.tc.qq.com/Z_jNehLafagn-akjQo1h6HGibV3GPT4XD5Vcm86O3sFcK3QQyYU5p3HpdXn...
2026-01-11 14:24:15 - app - INFO - [线程-206] HTTP响应成功，开始写入文件
2026-01-11 14:24:15 - app - INFO - 片段 205/242 下载成功 (84.7%)
2026-01-11 14:24:15 - app - INFO - [线程-208] 线程已启动，准备下载片段 208/242
2026-01-11 14:24:15 - app - INFO - [线程-208] 发起HTTP请求: https://ltshsy.gtimg.com/vipts.tc.qq.com/Z_jNehLafagn-akjQo1h6HGibV3GPT4XD5Vcm86O3sFcK3QQyYU5p3HpdXn...
2026-01-11 14:24:15 - app - INFO - [线程-205] HTTP响应成功，开始写入文件
2026-01-11 14:24:15 - app - INFO - 片段 206/242 下载成功 (85.1%)
2026-01-11 14:24:15 - app - INFO - [线程-209] 线程已启动，准备下载片段 209/242
2026-01-11 14:24:15 - app - INFO - [线程-209] 发起HTTP请求: https://ltshsy.gtimg.com/vipts.tc.qq.com/Z_jNehLafagn-akjQo1h6HGibV3GPT4XD5Vcm86O3sFcK3QQyYU5p3HpdXn...
2026-01-11 14:24:15 - app - INFO - [线程-207] HTTP响应成功，开始写入文件
2026-01-11 14:24:15 - app - INFO - 片段 207/242 下载成功 (85.5%)
2026-01-11 14:24:15 - app - INFO - [线程-210] 线程已启动，准备下载片段 210/242
2026-01-11 14:24:15 - app - INFO - [线程-210] 发起HTTP请求: https://ltshsy.gtimg.com/vipts.tc.qq.com/Z_jNehLafagn-akjQo1h6HGibV3GPT4XD5Vcm86O3sFcK3QQyYU5p3HpdXn...
2026-01-11 14:24:16 - app - INFO - [线程-210] HTTP响应成功，开始写入文件
2026-01-11 14:24:16 - app - INFO - 片段 208/242 下载成功 (86.0%)
2026-01-11 14:24:16 - app - INFO - [线程-211] 线程已启动，准备下载片段 211/242
2026-01-11 14:24:16 - app - INFO - [线程-211] 发起HTTP请求: https://ltshsy.gtimg.com/vipts.tc.qq.com/Z_jNehLafagn-akjQo1h6HGibV3GPT4XD5Vcm86O3sFcK3QQyYU5p3HpdXn...
2026-01-11 14:24:17 - app - INFO - [线程-209] HTTP响应成功，开始写入文件
2026-01-11 14:24:17 - app - INFO - 片段 209/242 下载成功 (86.4%)
2026-01-11 14:24:17 - app - INFO - [线程-212] 线程已启动，准备下载片段 212/242
2026-01-11 14:24:17 - app - INFO - [线程-212] 发起HTTP请求: https://ltshsy.gtimg.com/vipts.tc.qq.com/Z_jNehLafagn-akjQo1h6HGibV3GPT4XD5Vcm86O3sFcK3QQyYU5p3HpdXn...
2026-01-11 14:24:17 - app - INFO - [线程-208] HTTP响应成功，开始写入文件
2026-01-11 14:24:17 - app - INFO - 片段 210/242 下载成功 (86.8%)
2026-01-11 14:24:17 - app - INFO - [线程-213] 线程已启动，准备下载片段 213/242
2026-01-11 14:24:17 - app - INFO - [线程-213] 发起HTTP请求: https://ltshsy.gtimg.com/vipts.tc.qq.com/Z_jNehLafagn-akjQo1h6HGibV3GPT4XD5Vcm86O3sFcK3QQyYU5p3HpdXn...
2026-01-11 14:24:23 - app - INFO - [线程-212] HTTP响应成功，开始写入文件
2026-01-11 14:24:23 - app - INFO - [线程-211] HTTP响应成功，开始写入文件
2026-01-11 14:24:23 - app - INFO - 片段 211/242 下载成功 (87.2%)
2026-01-11 14:24:23 - app - INFO - [线程-213] HTTP响应成功，开始写入文件
2026-01-11 14:24:23 - app - INFO - [线程-214] 线程已启动，准备下载片段 214/242
2026-01-11 14:24:23 - app - INFO - [线程-214] 发起HTTP请求: https://ltshsy.gtimg.com/vipts.tc.qq.com/Z_jNehLafagn-akjQo1h6HGibV3GPT4XD5Vcm86O3sFcK3QQyYU5p3HpdXn...
2026-01-11 14:24:23 - app - INFO - 片段 212/242 下载成功 (87.6%)
2026-01-11 14:24:23 - app - INFO - [线程-215] 线程已启动，准备下载片段 215/242
2026-01-11 14:24:23 - app - INFO - [线程-215] 发起HTTP请求: https://ltshsy.gtimg.com/vipts.tc.qq.com/Z_jNehLafagn-akjQo1h6HGibV3GPT4XD5Vcm86O3sFcK3QQyYU5p3HpdXn...
2026-01-11 14:24:23 - app - INFO - 片段 213/242 下载成功 (88.0%)
2026-01-11 14:24:23 - app - INFO - [线程-216] 线程已启动，准备下载片段 216/242
2026-01-11 14:24:23 - app - INFO - [线程-216] 发起HTTP请求: https://ltshsy.gtimg.com/vipts.tc.qq.com/Z_jNehLafagn-akjQo1h6HGibV3GPT4XD5Vcm86O3sFcK3QQyYU5p3HpdXn...
2026-01-11 14:24:24 - app - INFO - [线程-215] HTTP响应成功，开始写入文件
2026-01-11 14:24:24 - app - INFO - 片段 214/242 下载成功 (88.4%)
2026-01-11 14:24:24 - app - INFO - [线程-217] 线程已启动，准备下载片段 217/242
2026-01-11 14:24:24 - app - INFO - [线程-217] 发起HTTP请求: https://ltshsy.gtimg.com/vipts.tc.qq.com/Z_jNehLafagn-akjQo1h6HGibV3GPT4XD5Vcm86O3sFcK3QQyYU5p3HpdXn...
2026-01-11 14:24:24 - app - INFO - [线程-214] HTTP响应成功，开始写入文件
2026-01-11 14:24:24 - app - INFO - 片段 215/242 下载成功 (88.8%)
2026-01-11 14:24:24 - app - INFO - [线程-216] HTTP响应成功，开始写入文件
2026-01-11 14:24:24 - app - INFO - [线程-218] 线程已启动，准备下载片段 218/242
2026-01-11 14:24:24 - app - INFO - [线程-218] 发起HTTP请求: https://ltshsy.gtimg.com/vipts.tc.qq.com/Z_jNehLafagn-akjQo1h6HGibV3GPT4XD5Vcm86O3sFcK3QQyYU5p3HpdXn...
2026-01-11 14:24:24 - app - INFO - 片段 216/242 下载成功 (89.3%)
2026-01-11 14:24:24 - app - INFO - [线程-219] 线程已启动，准备下载片段 219/242
2026-01-11 14:24:25 - app - INFO - [线程-219] 发起HTTP请求: https://ltshsy.gtimg.com/vipts.tc.qq.com/Z_jNehLafagn-akjQo1h6HGibV3GPT4XD5Vcm86O3sFcK3QQyYU5p3HpdXn...
2026-01-11 14:24:25 - app - INFO - [线程-217] HTTP响应成功，开始写入文件
2026-01-11 14:24:25 - app - INFO - 片段 217/242 下载成功 (89.7%)
2026-01-11 14:24:25 - app - INFO - [线程-220] 线程已启动，准备下载片段 220/242
2026-01-11 14:24:25 - app - INFO - [线程-220] 发起HTTP请求: https://ltshsy.gtimg.com/vipts.tc.qq.com/Z_jNehLafagn-akjQo1h6HGibV3GPT4XD5Vcm86O3sFcK3QQyYU5p3HpdXn...
2026-01-11 14:24:25 - app - INFO - [线程-218] HTTP响应成功，开始写入文件
2026-01-11 14:24:25 - app - INFO - 片段 218/242 下载成功 (90.1%)
2026-01-11 14:24:25 - app - INFO - [线程-221] 线程已启动，准备下载片段 221/242
2026-01-11 14:24:25 - app - INFO - [线程-221] 发起HTTP请求: https://ltshsy.gtimg.com/vipts.tc.qq.com/Z_jNehLafagn-akjQo1h6HGibV3GPT4XD5Vcm86O3sFcK3QQyYU5p3HpdXn...
2026-01-11 14:24:26 - app - INFO - [线程-220] HTTP响应成功，开始写入文件
2026-01-11 14:24:26 - app - INFO - 片段 219/242 下载成功 (90.5%)
2026-01-11 14:24:26 - app - INFO - [线程-222] 线程已启动，准备下载片段 222/242
2026-01-11 14:24:26 - app - INFO - [线程-222] 发起HTTP请求: https://ltshsy.gtimg.com/vipts.tc.qq.com/Z_jNehLafagn-akjQo1h6HGibV3GPT4XD5Vcm86O3sFcK3QQyYU5p3HpdXn...
2026-01-11 14:24:27 - app - INFO - [线程-219] HTTP响应成功，开始写入文件
2026-01-11 14:24:27 - app - INFO - 片段 220/242 下载成功 (90.9%)
2026-01-11 14:24:27 - app - INFO - [线程-223] 线程已启动，准备下载片段 223/242
2026-01-11 14:24:27 - app - INFO - [线程-223] 发起HTTP请求: https://ltshsy.gtimg.com/vipts.tc.qq.com/Z_jNehLafagn-akjQo1h6HGibV3GPT4XD5Vcm86O3sFcK3QQyYU5p3HpdXn...
2026-01-11 14:24:27 - app - INFO - [线程-222] HTTP响应成功，开始写入文件
2026-01-11 14:24:27 - app - INFO - 片段 221/242 下载成功 (91.3%)
2026-01-11 14:24:27 - app - INFO - [线程-224] 线程已启动，准备下载片段 224/242
2026-01-11 14:24:27 - app - INFO - [线程-221] HTTP响应成功，开始写入文件
2026-01-11 14:24:27 - app - INFO - [线程-224] 发起HTTP请求: https://ltshsy.gtimg.com/vipts.tc.qq.com/Z_jNehLafagn-akjQo1h6HGibV3GPT4XD5Vcm86O3sFcK3QQyYU5p3HpdXn...
2026-01-11 14:24:27 - app - INFO - 片段 222/242 下载成功 (91.7%)
2026-01-11 14:24:27 - app - INFO - [线程-225] 线程已启动，准备下载片段 225/242
2026-01-11 14:24:27 - app - INFO - [线程-225] 发起HTTP请求: https://ltshsy.gtimg.com/vipts.tc.qq.com/Z_jNehLafagn-akjQo1h6HGibV3GPT4XD5Vcm86O3sFcK3QQyYU5p3HpdXn...
2026-01-11 14:24:34 - app - INFO - [线程-225] HTTP响应成功，开始写入文件
2026-01-11 14:24:34 - app - INFO - 片段 223/242 下载成功 (92.1%)
2026-01-11 14:24:34 - app - INFO - [线程-226] 线程已启动，准备下载片段 226/242
2026-01-11 14:24:34 - app - INFO - [线程-226] 发起HTTP请求: https://ltshsy.gtimg.com/vipts.tc.qq.com/Z_jNehLafagn-akjQo1h6HGibV3GPT4XD5Vcm86O3sFcK3QQyYU5p3HpdXn...
2026-01-11 14:24:36 - app - INFO - [线程-226] HTTP响应成功，开始写入文件
2026-01-11 14:24:36 - app - INFO - 片段 224/242 下载成功 (92.6%)
2026-01-11 14:24:36 - app - INFO - [线程-227] 线程已启动，准备下载片段 227/242
2026-01-11 14:24:36 - app - INFO - [线程-227] 发起HTTP请求: https://ltshsy.gtimg.com/vipts.tc.qq.com/Z_jNehLafagn-akjQo1h6HGibV3GPT4XD5Vcm86O3sFcK3QQyYU5p3HpdXn...
2026-01-11 14:24:37 - app - INFO - [线程-227] HTTP响应成功，开始写入文件
2026-01-11 14:24:37 - app - INFO - 片段 225/242 下载成功 (93.0%)
2026-01-11 14:24:37 - app - INFO - [线程-228] 线程已启动，准备下载片段 228/242
2026-01-11 14:24:37 - app - INFO - [线程-223] HTTP响应成功，开始写入文件
2026-01-11 14:24:37 - app - INFO - [线程-228] 发起HTTP请求: https://ltshsy.gtimg.com/vipts.tc.qq.com/Z_jNehLafagn-akjQo1h6HGibV3GPT4XD5Vcm86O3sFcK3QQyYU5p3HpdXn...
2026-01-11 14:24:37 - app - INFO - 片段 226/242 下载成功 (93.4%)
2026-01-11 14:24:37 - app - INFO - [线程-229] 线程已启动，准备下载片段 229/242
2026-01-11 14:24:37 - app - INFO - [线程-229] 发起HTTP请求: https://ltshsy.gtimg.com/vipts.tc.qq.com/Z_jNehLafagn-akjQo1h6HGibV3GPT4XD5Vcm86O3sFcK3QQyYU5p3HpdXn...
2026-01-11 14:24:37 - app - INFO - [线程-224] HTTP响应成功，开始写入文件
2026-01-11 14:24:37 - app - INFO - 片段 227/242 下载成功 (93.8%)
2026-01-11 14:24:37 - app - INFO - [线程-230] 线程已启动，准备下载片段 230/242
2026-01-11 14:24:37 - app - INFO - [线程-230] 发起HTTP请求: https://ltshsy.gtimg.com/vipts.tc.qq.com/Z_jNehLafagn-akjQo1h6HGibV3GPT4XD5Vcm86O3sFcK3QQyYU5p3HpdXn...
2026-01-11 14:24:38 - app - INFO - [线程-229] HTTP响应成功，开始写入文件
2026-01-11 14:24:38 - app - INFO - 片段 228/242 下载成功 (94.2%)
2026-01-11 14:24:38 - app - INFO - [线程-231] 线程已启动，准备下载片段 231/242
2026-01-11 14:24:38 - app - INFO - [线程-231] 发起HTTP请求: https://ltshsy.gtimg.com/vipts.tc.qq.com/Z_jNehLafagn-akjQo1h6HGibV3GPT4XD5Vcm86O3sFcK3QQyYU5p3HpdXn...
2026-01-11 14:24:38 - app - INFO - [线程-230] HTTP响应成功，开始写入文件
2026-01-11 14:24:38 - app - INFO - 片段 229/242 下载成功 (94.6%)
2026-01-11 14:24:38 - app - INFO - [线程-232] 线程已启动，准备下载片段 232/242
2026-01-11 14:24:38 - app - INFO - [线程-232] 发起HTTP请求: https://ltshsy.gtimg.com/vipts.tc.qq.com/Z_jNehLafagn-akjQo1h6HGibV3GPT4XD5Vcm86O3sFcK3QQyYU5p3HpdXn...
2026-01-11 14:24:39 - app - INFO - [线程-231] HTTP响应成功，开始写入文件
2026-01-11 14:24:39 - app - INFO - 片段 230/242 下载成功 (95.0%)
2026-01-11 14:24:39 - app - INFO - [线程-233] 线程已启动，准备下载片段 233/242
2026-01-11 14:24:39 - app - INFO - [线程-233] 发起HTTP请求: https://ltshsy.gtimg.com/vipts.tc.qq.com/Z_jNehLafagn-akjQo1h6HGibV3GPT4XD5Vcm86O3sFcK3QQyYU5p3HpdXn...
2026-01-11 14:24:39 - app - INFO - [线程-228] HTTP响应成功，开始写入文件
2026-01-11 14:24:39 - app - INFO - 片段 231/242 下载成功 (95.5%)
2026-01-11 14:24:39 - app - INFO - [线程-234] 线程已启动，准备下载片段 234/242
2026-01-11 14:24:39 - app - INFO - [线程-234] 发起HTTP请求: https://ltshsy.gtimg.com/vipts.tc.qq.com/Z_jNehLafagn-akjQo1h6HGibV3GPT4XD5Vcm86O3sFcK3QQyYU5p3HpdXn...
2026-01-11 14:24:45 - app - INFO - [线程-233] HTTP响应成功，开始写入文件
2026-01-11 14:24:45 - app - INFO - 片段 232/242 下载成功 (95.9%)
2026-01-11 14:24:45 - app - INFO - [线程-235] 线程已启动，准备下载片段 235/242
2026-01-11 14:24:45 - app - INFO - [线程-235] 发起HTTP请求: https://ltshsy.gtimg.com/vipts.tc.qq.com/Z_jNehLafagn-akjQo1h6HGibV3GPT4XD5Vcm86O3sFcK3QQyYU5p3HpdXn...
2026-01-11 14:24:45 - app - INFO - [线程-234] HTTP响应成功，开始写入文件
2026-01-11 14:24:45 - app - INFO - 片段 233/242 下载成功 (96.3%)
2026-01-11 14:24:45 - app - INFO - [线程-232] HTTP响应成功，开始写入文件
2026-01-11 14:24:45 - app - INFO - [线程-236] 线程已启动，准备下载片段 236/242
2026-01-11 14:24:45 - app - INFO - [线程-236] 发起HTTP请求: https://ltshsy.gtimg.com/vipts.tc.qq.com/Z_jNehLafagn-akjQo1h6HGibV3GPT4XD5Vcm86O3sFcK3QQyYU5p3HpdXn...
2026-01-11 14:24:45 - app - INFO - 片段 234/242 下载成功 (96.7%)
2026-01-11 14:24:45 - app - INFO - [线程-237] 线程已启动，准备下载片段 237/242
2026-01-11 14:24:45 - app - INFO - [线程-237] 发起HTTP请求: https://ltshsy.gtimg.com/vipts.tc.qq.com/Z_jNehLafagn-akjQo1h6HGibV3GPT4XD5Vcm86O3sFcK3QQyYU5p3HpdXn...
2026-01-11 14:24:46 - app - INFO - [线程-235] HTTP响应成功，开始写入文件
2026-01-11 14:24:46 - app - INFO - 片段 235/242 下载成功 (97.1%)
2026-01-11 14:24:46 - app - INFO - [线程-236] HTTP响应成功，开始写入文件
2026-01-11 14:24:46 - app - INFO - [线程-238] 线程已启动，准备下载片段 238/242
2026-01-11 14:24:46 - app - INFO - [线程-237] HTTP响应成功，开始写入文件
2026-01-11 14:24:46 - app - INFO - 片段 236/242 下载成功 (97.5%)
2026-01-11 14:24:46 - app - INFO - 片段 237/242 下载成功 (97.9%)
2026-01-11 14:24:46 - app - INFO - [线程-238] 发起HTTP请求: https://ltshsy.gtimg.com/vipts.tc.qq.com/Z_jNehLafagn-akjQo1h6HGibV3GPT4XD5Vcm86O3sFcK3QQyYU5p3HpdXn...
2026-01-11 14:24:46 - app - INFO - [线程-239] 线程已启动，准备下载片段 239/242
2026-01-11 14:24:46 - app - INFO - [线程-240] 线程已启动，准备下载片段 240/242
2026-01-11 14:24:46 - app - INFO - [线程-239] 发起HTTP请求: https://ltshsy.gtimg.com/vipts.tc.qq.com/Z_jNehLafagn-akjQo1h6HGibV3GPT4XD5Vcm86O3sFcK3QQyYU5p3HpdXn...
2026-01-11 14:24:46 - app - INFO - [线程-240] 发起HTTP请求: https://ltshsy.gtimg.com/vipts.tc.qq.com/Z_jNehLafagn-akjQo1h6HGibV3GPT4XD5Vcm86O3sFcK3QQyYU5p3HpdXn...
2026-01-11 14:24:47 - app - INFO - [线程-238] HTTP响应成功，开始写入文件
2026-01-11 14:24:47 - app - INFO - 片段 238/242 下载成功 (98.3%)
2026-01-11 14:24:47 - app - INFO - [线程-241] 线程已启动，准备下载片段 241/242
2026-01-11 14:24:47 - app - INFO - [线程-241] 发起HTTP请求: https://ltshsy.gtimg.com/vipts.tc.qq.com/Z_jNehLafagn-akjQo1h6HGibV3GPT4XD5Vcm86O3sFcK3QQyYU5p3HpdXn...
2026-01-11 14:24:48 - app - INFO - [线程-240] HTTP响应成功，开始写入文件
2026-01-11 14:24:48 - app - INFO - 片段 239/242 下载成功 (98.8%)
2026-01-11 14:24:48 - app - INFO - [线程-242] 线程已启动，准备下载片段 242/242
2026-01-11 14:24:48 - app - INFO - [线程-242] 发起HTTP请求: https://ltshsy.gtimg.com/vipts.tc.qq.com/Z_jNehLafagn-akjQo1h6HGibV3GPT4XD5Vcm86O3sFcK3QQyYU5p3HpdXn...
2026-01-11 14:24:49 - app - INFO - [线程-242] HTTP响应成功，开始写入文件
2026-01-11 14:24:49 - app - INFO - 片段 240/242 下载成功 (99.2%)
2026-01-11 14:24:49 - app - INFO - [线程-239] HTTP响应成功，开始写入文件
2026-01-11 14:24:49 - app - INFO - 片段 241/242 下载成功 (99.6%)
2026-01-11 14:24:49 - app - INFO - [线程-241] HTTP响应成功，开始写入文件
2026-01-11 14:24:49 - app - INFO - 片段 242/242 下载成功 (100.0%)
2026-01-11 14:24:49 - app - INFO - 所有下载任务已完成
2026-01-11 14:24:49 - app - INFO - 开始合并 242 个视频片段
2026-01-11 14:24:49 - app - INFO - 尝试合并策略: TS-copy - 直接复制流
2026-01-11 14:25:15 - app - INFO - 合并成功: TS-copy, 文件大小: 1313139768 bytes
2026-01-11 14:25:15 - app - INFO - 临时文件清理完成
2026-01-11 14:25:15 - app - INFO - 视频下载完成: 第03集 - 全员合照！月海养「城」团集结登场, 大小: 1313139768 bytes
2026-01-11 14:25:15 - app - INFO - 正则替换: 第03集 - 全员合照！月海养「城」团集结登场 -> 小城大事.2026.S01E3
2026-01-11 14:25:15 - app - INFO - 文件已移动到正式目录: C:\Data\下载\电视剧\小城大事\小城大事.2026.S01E3.mp4
2026-01-11 14:25:15 - app - INFO - 开始解析剧集: 第04集 - 书记出奇招！月海建城有钱啦, URL: https://v.qq.com/x/cover/mzc00200o3jp0vf/e410130ofqf.html
2026-01-11 14:25:15 - app - INFO - 解析剧集: 第04集 - 书记出奇招！月海建城有钱啦 - https://v.qq.com/x/cover/mzc00200o3jp0vf/e410130ofqf.html
2026-01-11 14:25:15 - app - INFO - 已加载默认解析接口
2026-01-11 14:25:15 - app - INFO - 开始解析影视地址: https://v.qq.com/x/cover/mzc00200o3jp0vf/e410130ofqf.html, 共有 1 个接口可用
2026-01-11 14:25:15 - app - INFO - 尝试接口 #1: 默认接口
2026-01-11 14:25:15 - app - INFO - 配置 - 下载地址路径: final_url, 状态码路径: code, 成功状态码: 200
2026-01-11 14:25:17 - app - INFO - 接口 #1 响应: {'code': 500, 'msg': '接口返回数据异常', 'data': '{\n    "code": 400,\n    "msg": "请提供url参数",\n    "support": [\n        "qq.com",\n        "iqiyi.com",\n        "mgtv.com"\n    ]\n}'}
2026-01-11 14:25:17 - app - WARNING - 接口 #1 状态码不匹配 (期望: 200, 实际: 500): 接口返回数据异常
2026-01-11 14:25:17 - app - ERROR - 所有解析接口均失败: https://v.qq.com/x/cover/mzc00200o3jp0vf/e410130ofqf.html
2026-01-11 14:25:17 - app - ERROR - 错误汇总: 接口 #1 状态码不匹配 (期望: 200, 实际: 500): 接口返回数据异常
2026-01-11 14:25:17 - app - ERROR - 下载失败: 第04集 - 书记出奇招！月海建城有钱啦, URL: https://v.qq.com/x/cover/mzc00200o3jp0vf/e410130ofqf.html, 原因: 解析失败: 所有解析接口均失败。接口 #1 状态码不匹配 (期望: 200, 实际: 500): 接口返回数据异常
2026-01-11 14:25:17 - app - INFO - 临时目录已清理: /vol2/1000/媒体库/video/temp\小城大事
2026-01-11 14:25:17 - app - INFO - 任务 614 下载完成: 成功 3/4, 跳过 0, 失败 1, 重试耗尽 0
2026-01-11 14:43:05 - app - ERROR - 获取今日统计失败: no such table: daily_usage_stats
2026-01-11 14:43:09 - app - ERROR - 获取今日统计失败: no such table: daily_usage_stats
2026-01-11 14:45:28 - app - INFO - 许可证管理器初始化完成,服务器: http://license.22l2.com
2026-01-11 14:45:28 - app - INFO - 初始化许可证管理器...
2026-01-11 14:45:30 - app - INFO - 解密密钥设置成功
2026-01-11 14:45:30 - app - INFO - 解密密钥获取成功
2026-01-11 14:45:30 - app - INFO - 解密密钥获取成功，配置已就绪
2026-01-11 14:45:30 - app - INFO - 配置解密成功
2026-01-11 14:45:30 - app - INFO - 夸克API配置加载成功
2026-01-11 14:45:30 - app - INFO - 夸克API配置加载完成
2026-01-11 14:45:30 - app - INFO - 检查数据库...
2026-01-11 14:45:30 - app - INFO - 数据库检查完成
2026-01-11 14:45:30 - app - INFO - 检查数据库迁移...
2026-01-11 14:45:30 - app - INFO - 数据库迁移检查完成
2026-01-11 14:45:30 - app - INFO - 清理异常中断的任务状态...
2026-01-11 14:45:30 - app - INFO - 升级管理器初始化完成
2026-01-11 14:45:30 - app - INFO - Flask应用创建成功
2026-01-11 14:45:30 - app - INFO - 静态文件目录: C:\Data\夸克转存\client\frontend
2026-01-11 14:45:30 - app - INFO - 启动任务调度服务...
2026-01-11 14:45:30 - app - INFO - 检查被中断的影视下载任务...
2026-01-11 14:45:30 - app - INFO - 没有需要恢复的影视下载任务
2026-01-11 14:45:30 - app - INFO - 账期生成循环已启动
2026-01-11 14:45:30 - app - INFO - 账期生成线程已启动
2026-01-11 14:45:30 - app - INFO - 开始生成 2026-01-11 的任务账期
2026-01-11 14:45:30 - app - INFO - 任务执行循环已启动
2026-01-11 14:45:30 - app - INFO - 任务执行线程已启动
2026-01-11 14:45:30 - app - INFO - 日志清理循环已启动
2026-01-11 14:45:30 - app - INFO - 日志清理线程已启动
2026-01-11 14:45:30 - app - INFO - 下次日志清理时间: 2026-01-12 02:00:00
2026-01-11 14:45:30 - app - INFO - 跳过一次性执行任务: 测试
2026-01-11 14:45:30 - app - INFO - 启动Flask服务: http://0.0.0.0:8520
2026-01-11 14:45:30 - app - INFO - 跳过一次性执行任务: 小城大事
2026-01-11 14:45:30 - app - INFO - ✅ 生成完成，共创建 0 条待执行记录
2026-01-11 14:45:30 - app - INFO - 下次生成账期时间: 2026-01-12 00:00:00, 等待 33270 秒
2026-01-11 15:01:15 - app - INFO - 许可证管理器初始化完成,服务器: http://license.22l2.com
2026-01-11 15:01:15 - app - INFO - 初始化许可证管理器...
2026-01-11 15:01:16 - app - INFO - 解密密钥设置成功
2026-01-11 15:01:16 - app - INFO - 解密密钥获取成功
2026-01-11 15:01:16 - app - INFO - 解密密钥获取成功，配置已就绪
2026-01-11 15:01:16 - app - INFO - 配置解密成功
2026-01-11 15:01:16 - app - INFO - 夸克API配置加载成功
2026-01-11 15:01:16 - app - INFO - 夸克API配置加载完成
2026-01-11 15:01:16 - app - INFO - 检查数据库...
2026-01-11 15:01:16 - app - INFO - 数据库检查完成
2026-01-11 15:01:16 - app - INFO - 检查数据库迁移...
2026-01-11 15:01:16 - app - INFO - 数据库迁移检查完成
2026-01-11 15:01:16 - app - INFO - 清理异常中断的任务状态...
2026-01-11 15:01:16 - app - INFO - 升级管理器初始化完成
2026-01-11 15:01:16 - app - INFO - Flask应用创建成功
2026-01-11 15:01:16 - app - INFO - 静态文件目录: C:\Data\夸克转存\client\frontend
2026-01-11 15:01:16 - app - INFO - 启动任务调度服务...
2026-01-11 15:01:16 - app - INFO - 检查被中断的影视下载任务...
2026-01-11 15:01:16 - app - INFO - 没有需要恢复的影视下载任务
2026-01-11 15:01:16 - app - INFO - 账期生成循环已启动
2026-01-11 15:01:16 - app - INFO - 账期生成线程已启动
2026-01-11 15:01:16 - app - INFO - 开始生成 2026-01-11 的任务账期
2026-01-11 15:01:16 - app - INFO - 任务执行循环已启动
2026-01-11 15:01:16 - app - INFO - 任务执行线程已启动
2026-01-11 15:01:16 - app - INFO - 日志清理循环已启动
2026-01-11 15:01:16 - app - INFO - 日志清理线程已启动
2026-01-11 15:01:16 - app - INFO - 下次日志清理时间: 2026-01-12 02:00:00
2026-01-11 15:01:16 - app - INFO - 启动Flask服务: http://0.0.0.0:8520
2026-01-11 15:01:16 - app - INFO - 跳过一次性执行任务: 测试
2026-01-11 15:01:16 - app - INFO - 跳过一次性执行任务: 小城大事
2026-01-11 15:01:16 - app - INFO - ✅ 生成完成，共创建 0 条待执行记录
2026-01-11 15:01:16 - app - INFO - 下次生成账期时间: 2026-01-12 00:00:00, 等待 32323 秒
2026-01-11 15:01:25 - app - INFO - 许可证管理器初始化完成,服务器: http://license.22l2.com
2026-01-11 15:01:25 - app - INFO - 初始化许可证管理器...
2026-01-11 15:01:26 - app - INFO - 解密密钥设置成功
2026-01-11 15:01:26 - app - INFO - 解密密钥获取成功
2026-01-11 15:01:26 - app - INFO - 解密密钥获取成功，配置已就绪
2026-01-11 15:01:26 - app - INFO - 配置解密成功
2026-01-11 15:01:26 - app - INFO - 夸克API配置加载成功
2026-01-11 15:01:26 - app - INFO - 夸克API配置加载完成
2026-01-11 15:01:26 - app - INFO - 检查数据库...
2026-01-11 15:01:26 - app - INFO - 数据库检查完成
2026-01-11 15:01:26 - app - INFO - 检查数据库迁移...
2026-01-11 15:01:26 - app - INFO - 数据库迁移检查完成
2026-01-11 15:01:26 - app - INFO - 清理异常中断的任务状态...
2026-01-11 15:01:26 - app - INFO - 升级管理器初始化完成
2026-01-11 15:01:26 - app - INFO - Flask应用创建成功
2026-01-11 15:01:26 - app - INFO - 静态文件目录: C:\Data\夸克转存\client\frontend
2026-01-11 15:01:26 - app - INFO - 启动任务调度服务...
2026-01-11 15:01:26 - app - INFO - 检查被中断的影视下载任务...
2026-01-11 15:01:26 - app - INFO - 没有需要恢复的影视下载任务
2026-01-11 15:01:26 - app - INFO - 账期生成循环已启动
2026-01-11 15:01:26 - app - INFO - 账期生成线程已启动
2026-01-11 15:01:26 - app - INFO - 开始生成 2026-01-11 的任务账期
2026-01-11 15:01:26 - app - INFO - 任务执行循环已启动
2026-01-11 15:01:26 - app - INFO - 任务执行线程已启动
2026-01-11 15:01:26 - app - INFO - 日志清理循环已启动
2026-01-11 15:01:26 - app - INFO - 日志清理线程已启动
2026-01-11 15:01:26 - app - INFO - 下次日志清理时间: 2026-01-12 02:00:00
2026-01-11 15:01:26 - app - INFO - 启动Flask服务: http://0.0.0.0:8520
2026-01-11 15:01:26 - app - INFO - 跳过一次性执行任务: 测试
2026-01-11 15:01:26 - app - INFO - 跳过一次性执行任务: 小城大事
2026-01-11 15:01:26 - app - INFO - ✅ 生成完成，共创建 0 条待执行记录
2026-01-11 15:01:26 - app - INFO - 下次生成账期时间: 2026-01-12 00:00:00, 等待 32314 秒
2026-01-11 15:01:41 - app - INFO - 许可证管理器初始化完成,服务器: http://license.22l2.com
2026-01-11 15:01:41 - app - INFO - 初始化许可证管理器...
2026-01-11 15:01:42 - app - INFO - 解密密钥设置成功
2026-01-11 15:01:42 - app - INFO - 解密密钥获取成功
2026-01-11 15:01:42 - app - INFO - 解密密钥获取成功，配置已就绪
2026-01-11 15:01:42 - app - INFO - 配置解密成功
2026-01-11 15:01:42 - app - INFO - 夸克API配置加载成功
2026-01-11 15:01:42 - app - INFO - 夸克API配置加载完成
2026-01-11 15:01:42 - app - INFO - 检查数据库...
2026-01-11 15:01:42 - app - INFO - 数据库检查完成
2026-01-11 15:01:42 - app - INFO - 检查数据库迁移...
2026-01-11 15:01:42 - app - INFO - 数据库迁移检查完成
2026-01-11 15:01:42 - app - INFO - 清理异常中断的任务状态...
2026-01-11 15:01:42 - app - INFO - 升级管理器初始化完成
2026-01-11 15:01:42 - app - INFO - Flask应用创建成功
2026-01-11 15:01:42 - app - INFO - 静态文件目录: C:\Data\夸克转存\client\frontend
2026-01-11 15:01:42 - app - INFO - 启动任务调度服务...
2026-01-11 15:01:42 - app - INFO - 检查被中断的影视下载任务...
2026-01-11 15:01:42 - app - INFO - 没有需要恢复的影视下载任务
2026-01-11 15:01:42 - app - INFO - 账期生成循环已启动
2026-01-11 15:01:42 - app - INFO - 账期生成线程已启动
2026-01-11 15:01:42 - app - INFO - 开始生成 2026-01-11 的任务账期
2026-01-11 15:01:42 - app - INFO - 任务执行循环已启动
2026-01-11 15:01:42 - app - INFO - 任务执行线程已启动
2026-01-11 15:01:42 - app - INFO - 日志清理循环已启动
2026-01-11 15:01:42 - app - INFO - 日志清理线程已启动
2026-01-11 15:01:42 - app - INFO - 下次日志清理时间: 2026-01-12 02:00:00
2026-01-11 15:01:42 - app - INFO - 启动Flask服务: http://0.0.0.0:8520
2026-01-11 15:01:42 - app - INFO - 跳过一次性执行任务: 测试
2026-01-11 15:01:42 - app - INFO - 跳过一次性执行任务: 小城大事
2026-01-11 15:01:42 - app - INFO - ✅ 生成完成，共创建 0 条待执行记录
2026-01-11 15:01:42 - app - INFO - 下次生成账期时间: 2026-01-12 00:00:00, 等待 32297 秒
2026-01-11 15:02:00 - app - INFO - 许可证管理器初始化完成,服务器: http://license.22l2.com
2026-01-11 15:02:00 - app - INFO - 初始化许可证管理器...
2026-01-11 15:02:01 - app - INFO - 解密密钥设置成功
2026-01-11 15:02:01 - app - INFO - 解密密钥获取成功
2026-01-11 15:02:01 - app - INFO - 解密密钥获取成功，配置已就绪
2026-01-11 15:02:01 - app - INFO - 配置解密成功
2026-01-11 15:02:01 - app - INFO - 夸克API配置加载成功
2026-01-11 15:02:01 - app - INFO - 夸克API配置加载完成
2026-01-11 15:02:01 - app - INFO - 检查数据库...
2026-01-11 15:02:01 - app - INFO - 数据库检查完成
2026-01-11 15:02:01 - app - INFO - 检查数据库迁移...
2026-01-11 15:02:01 - app - INFO - 数据库迁移检查完成
2026-01-11 15:02:01 - app - INFO - 清理异常中断的任务状态...
2026-01-11 15:02:01 - app - INFO - 升级管理器初始化完成
2026-01-11 15:02:01 - app - INFO - Flask应用创建成功
2026-01-11 15:02:01 - app - INFO - 静态文件目录: C:\Data\夸克转存\client\frontend
2026-01-11 15:02:01 - app - INFO - 启动任务调度服务...
2026-01-11 15:02:01 - app - INFO - 检查被中断的影视下载任务...
2026-01-11 15:02:01 - app - INFO - 没有需要恢复的影视下载任务
2026-01-11 15:02:01 - app - INFO - 账期生成循环已启动
2026-01-11 15:02:01 - app - INFO - 账期生成线程已启动
2026-01-11 15:02:01 - app - INFO - 开始生成 2026-01-11 的任务账期
2026-01-11 15:02:01 - app - INFO - 任务执行循环已启动
2026-01-11 15:02:01 - app - INFO - 任务执行线程已启动
2026-01-11 15:02:01 - app - INFO - 日志清理循环已启动
2026-01-11 15:02:01 - app - INFO - 日志清理线程已启动
2026-01-11 15:02:01 - app - INFO - 下次日志清理时间: 2026-01-12 02:00:00
2026-01-11 15:02:01 - app - INFO - 启动Flask服务: http://0.0.0.0:8520
2026-01-11 15:02:01 - app - INFO - 跳过一次性执行任务: 测试
2026-01-11 15:02:01 - app - INFO - 跳过一次性执行任务: 小城大事
2026-01-11 15:02:01 - app - INFO - ✅ 生成完成，共创建 0 条待执行记录
2026-01-11 15:02:01 - app - INFO - 下次生成账期时间: 2026-01-12 00:00:00, 等待 32278 秒
