2026-01-16 09:11:28 - app - INFO - 许可证管理器初始化完成,服务器: http://license.22l2.com
2026-01-16 09:11:28 - app - INFO - 许可证管理器初始化完成,服务器: http://license.22l2.com
2026-01-16 09:11:28 - app - INFO - 初始化许可证管理器...
2026-01-16 09:11:28 - app - INFO - 初始化许可证管理器...
2026-01-16 09:11:29 - app - INFO - 解密密钥设置成功
2026-01-16 09:11:29 - app - INFO - 解密密钥获取成功
2026-01-16 09:11:29 - app - INFO - 解密密钥获取成功，配置已就绪
2026-01-16 09:11:29 - app - INFO - 配置解密成功
2026-01-16 09:11:29 - app - INFO - 夸克API配置加载成功
2026-01-16 09:11:29 - app - INFO - 夸克API配置加载完成
2026-01-16 09:11:29 - app - INFO - 检查数据库...
2026-01-16 09:11:29 - app - INFO - 数据库检查完成
2026-01-16 09:11:29 - app - INFO - 检查数据库迁移...
2026-01-16 09:11:29 - app - INFO - 数据库迁移检查完成
2026-01-16 09:11:29 - app - INFO - 清理异常中断的任务状态...
2026-01-16 09:11:29 - app - INFO - 解密密钥设置成功
2026-01-16 09:11:29 - app - INFO - 解密密钥获取成功
2026-01-16 09:11:29 - app - INFO - 解密密钥获取成功，配置已就绪
2026-01-16 09:11:29 - app - INFO - 配置解密成功
2026-01-16 09:11:29 - app - INFO - 夸克API配置加载成功
2026-01-16 09:11:29 - app - INFO - 夸克API配置加载完成
2026-01-16 09:11:29 - app - INFO - 检查数据库...
2026-01-16 09:11:29 - app - INFO - 数据库检查完成
2026-01-16 09:11:29 - app - INFO - 检查数据库迁移...
2026-01-16 09:11:29 - app - INFO - 数据库迁移检查完成
2026-01-16 09:11:29 - app - INFO - 清理异常中断的任务状态...
2026-01-16 09:11:29 - app - INFO - 升级管理器初始化完成
2026-01-16 09:11:29 - app - INFO - Flask应用创建成功
2026-01-16 09:11:29 - app - INFO - 静态文件目录: C:\Data\夸克转存\client\frontend
2026-01-16 09:11:29 - app - INFO - 启动任务调度服务...
2026-01-16 09:11:30 - app - INFO - 检查被中断的影视下载任务...
2026-01-16 09:11:30 - app - INFO - 没有需要恢复的影视下载任务
2026-01-16 09:11:30 - app - INFO - 账期生成循环已启动
2026-01-16 09:11:30 - app - INFO - 账期生成线程已启动
2026-01-16 09:11:30 - app - INFO - 开始生成 2026-01-16 的任务账期
2026-01-16 09:11:30 - app - INFO - 任务执行循环已启动
2026-01-16 09:11:30 - app - INFO - 任务执行线程已启动
2026-01-16 09:11:30 - app - INFO - 跳过一次性执行任务: 测试
2026-01-16 09:11:30 - app - INFO - 日志清理循环已启动
2026-01-16 09:11:30 - app - INFO - 日志清理线程已启动
2026-01-16 09:11:30 - app - INFO - 跳过一次性执行任务: 测试谢谢谢谢
2026-01-16 09:11:30 - app - INFO - 下次日志清理时间: 2026-01-17 02:00:00
2026-01-16 09:11:30 - app - INFO - 启动Flask服务: http://0.0.0.0:8520
2026-01-16 09:11:30 - app - INFO - 跳过一次性执行任务: 小城大事
2026-01-16 09:11:30 - app - INFO - ✅ 生成完成，共创建 0 条待执行记录
2026-01-16 09:11:30 - app - INFO - 下次生成账期时间: 2026-01-17 00:00:00, 等待 53310 秒
2026-01-16 09:11:30 - app - INFO - 升级管理器初始化完成
2026-01-16 09:11:30 - app - INFO - Flask应用创建成功
2026-01-16 09:11:30 - app - INFO - 静态文件目录: C:\Data\夸克转存\client\frontend
2026-01-16 09:11:30 - app - INFO - 启动任务调度服务...
2026-01-16 09:11:30 - app - INFO - 检查被中断的影视下载任务...
2026-01-16 09:11:30 - app - INFO - 没有需要恢复的影视下载任务
2026-01-16 09:11:30 - app - INFO - 账期生成循环已启动
2026-01-16 09:11:30 - app - INFO - 账期生成线程已启动
2026-01-16 09:11:30 - app - INFO - 开始生成 2026-01-16 的任务账期
2026-01-16 09:11:30 - app - INFO - 任务执行循环已启动
2026-01-16 09:11:30 - app - INFO - 任务执行线程已启动
2026-01-16 09:11:30 - app - INFO - 日志清理循环已启动
2026-01-16 09:11:30 - app - INFO - 日志清理线程已启动
2026-01-16 09:11:30 - app - INFO - 下次日志清理时间: 2026-01-17 02:00:00
2026-01-16 09:11:30 - app - INFO - 启动Flask服务: http://0.0.0.0:8520
2026-01-16 09:11:30 - app - INFO - 跳过一次性执行任务: 测试
2026-01-16 09:11:30 - app - INFO - 跳过一次性执行任务: 测试谢谢谢谢
2026-01-16 09:11:30 - app - INFO - 跳过一次性执行任务: 小城大事
2026-01-16 09:11:30 - app - INFO - ✅ 生成完成，共创建 0 条待执行记录
2026-01-16 09:11:30 - app - INFO - 下次生成账期时间: 2026-01-17 00:00:00, 等待 53310 秒
2026-01-16 09:15:05 - app - INFO - 检查登录状态, session内容: {'_permanent': True, 'user_id': 1, 'username': 'admin'}, cookies: ImmutableMultiDict([('session', 'eyJfcGVybWFuZW50Ijp0cnVlLCJ1c2VyX2lkIjoxLCJ1c2VybmFtZSI6ImFkbWluIn0.aWmRGQ.gY5IgkAkTHc6tuxKYbostCCtRoE')])
2026-01-16 09:15:05 - app - INFO - 检查登录状态, session内容: {'_permanent': True, 'user_id': 1, 'username': 'admin'}, cookies: ImmutableMultiDict([('session', 'eyJfcGVybWFuZW50Ijp0cnVlLCJ1c2VyX2lkIjoxLCJ1c2VybmFtZSI6ImFkbWluIn0.aWmRGQ.gY5IgkAkTHc6tuxKYbostCCtRoE')])
2026-01-16 09:15:08 - app - INFO - 检查更新: 当前版本 2.1.4
2026-01-16 09:15:17 - app - ERROR - 获取今日统计失败: no such table: daily_usage_stats
2026-01-16 09:15:18 - app - INFO - 检查更新成功: {'has_update': False, 'message': '当前已是最新版本'}
2026-01-16 09:15:29 - app - WARNING - 未安装pycryptodome库，无法使用账号密码登录功能。请运行: pip install pycryptodome
2026-01-16 09:18:10 - app - INFO - 许可证管理器初始化完成,服务器: http://license.22l2.com
2026-01-16 09:18:10 - app - INFO - 初始化许可证管理器...
2026-01-16 09:18:11 - app - INFO - 解密密钥设置成功
2026-01-16 09:18:11 - app - INFO - 解密密钥获取成功
2026-01-16 09:18:11 - app - INFO - 解密密钥获取成功，配置已就绪
2026-01-16 09:18:11 - app - INFO - 配置解密成功
2026-01-16 09:18:11 - app - INFO - 夸克API配置加载成功
2026-01-16 09:18:11 - app - INFO - 夸克API配置加载完成
2026-01-16 09:18:11 - app - INFO - 检查数据库...
2026-01-16 09:18:11 - app - INFO - 数据库检查完成
2026-01-16 09:18:11 - app - INFO - 检查数据库迁移...
2026-01-16 09:18:11 - app - INFO - 数据库迁移检查完成
2026-01-16 09:18:11 - app - INFO - 清理异常中断的任务状态...
2026-01-16 09:18:11 - app - INFO - 升级管理器初始化完成
2026-01-16 09:18:11 - app - INFO - Flask应用创建成功
2026-01-16 09:18:11 - app - INFO - 静态文件目录: C:\Data\夸克转存\client\frontend
2026-01-16 09:18:11 - app - INFO - 启动任务调度服务...
2026-01-16 09:18:11 - app - INFO - 检查被中断的影视下载任务...
2026-01-16 09:18:11 - app - INFO - 没有需要恢复的影视下载任务
2026-01-16 09:18:11 - app - INFO - 账期生成循环已启动
2026-01-16 09:18:11 - app - INFO - 账期生成线程已启动
2026-01-16 09:18:11 - app - INFO - 开始生成 2026-01-16 的任务账期
2026-01-16 09:18:11 - app - INFO - 任务执行循环已启动
2026-01-16 09:18:11 - app - INFO - 任务执行线程已启动
2026-01-16 09:18:11 - app - INFO - 日志清理循环已启动
2026-01-16 09:18:11 - app - INFO - 日志清理线程已启动
2026-01-16 09:18:11 - app - INFO - 下次日志清理时间: 2026-01-17 02:00:00
2026-01-16 09:18:11 - app - INFO - 跳过一次性执行任务: 测试
2026-01-16 09:18:11 - app - INFO - 启动Flask服务: http://0.0.0.0:8520
2026-01-16 09:18:11 - app - INFO - 跳过一次性执行任务: 测试谢谢谢谢
2026-01-16 09:18:11 - app - INFO - 跳过一次性执行任务: 小城大事
2026-01-16 09:18:11 - app - INFO - ✅ 生成完成，共创建 0 条待执行记录
2026-01-16 09:18:11 - app - INFO - 下次生成账期时间: 2026-01-17 00:00:00, 等待 52909 秒
2026-01-16 09:19:12 - app - INFO - 正在获取登录参数...
2026-01-16 09:19:24 - app - ERROR - 登录异常: Expecting value: line 1 column 1 (char 0)
Traceback (most recent call last):
  File "C:\Users\Administrator\AppData\Local\Programs\Python\Python38\lib\site-packages\requests\models.py", line 971, in json
    return complexjson.loads(self.text, **kwargs)
  File "C:\Users\Administrator\AppData\Local\Programs\Python\Python38\lib\json\__init__.py", line 357, in loads
    return _default_decoder.decode(s)
  File "C:\Users\Administrator\AppData\Local\Programs\Python\Python38\lib\json\decoder.py", line 337, in decode
    obj, end = self.raw_decode(s, idx=_w(s, 0).end())
  File "C:\Users\Administrator\AppData\Local\Programs\Python\Python38\lib\json\decoder.py", line 355, in raw_decode
    raise JSONDecodeError("Expecting value", s, err.value) from None
json.decoder.JSONDecodeError: Expecting value: line 1 column 1 (char 0)

During handling of the above exception, another exception occurred:

Traceback (most recent call last):
  File "C:\Data\夸克转存\client\backend\services\cloud189_service.py", line 121, in login
    result = response.json()
  File "C:\Users\Administrator\AppData\Local\Programs\Python\Python38\lib\site-packages\requests\models.py", line 975, in json
    raise RequestsJSONDecodeError(e.msg, e.doc, e.pos)
requests.exceptions.JSONDecodeError: Expecting value: line 1 column 1 (char 0)
2026-01-16 09:19:25 - app - INFO - 许可证管理器初始化完成,服务器: http://license.22l2.com
2026-01-16 09:19:25 - app - INFO - 初始化许可证管理器...
2026-01-16 09:19:27 - app - INFO - 解密密钥设置成功
2026-01-16 09:19:27 - app - INFO - 解密密钥获取成功
2026-01-16 09:19:27 - app - INFO - 解密密钥获取成功，配置已就绪
2026-01-16 09:19:27 - app - INFO - 配置解密成功
2026-01-16 09:19:27 - app - INFO - 夸克API配置加载成功
2026-01-16 09:19:27 - app - INFO - 夸克API配置加载完成
2026-01-16 09:19:27 - app - INFO - 检查数据库...
2026-01-16 09:19:27 - app - INFO - 数据库检查完成
2026-01-16 09:19:27 - app - INFO - 检查数据库迁移...
2026-01-16 09:19:27 - app - INFO - 数据库迁移检查完成
2026-01-16 09:19:27 - app - INFO - 清理异常中断的任务状态...
2026-01-16 09:19:27 - app - INFO - 升级管理器初始化完成
2026-01-16 09:19:27 - app - INFO - Flask应用创建成功
2026-01-16 09:19:27 - app - INFO - 静态文件目录: C:\Data\夸克转存\client\frontend
2026-01-16 09:19:27 - app - INFO - 启动任务调度服务...
2026-01-16 09:19:27 - app - INFO - 检查被中断的影视下载任务...
2026-01-16 09:19:27 - app - INFO - 没有需要恢复的影视下载任务
2026-01-16 09:19:27 - app - INFO - 账期生成循环已启动
2026-01-16 09:19:27 - app - INFO - 账期生成线程已启动
2026-01-16 09:19:27 - app - INFO - 开始生成 2026-01-16 的任务账期
2026-01-16 09:19:27 - app - INFO - 任务执行循环已启动
2026-01-16 09:19:27 - app - INFO - 任务执行线程已启动
2026-01-16 09:19:27 - app - INFO - 日志清理循环已启动
2026-01-16 09:19:27 - app - INFO - 日志清理线程已启动
2026-01-16 09:19:27 - app - INFO - 下次日志清理时间: 2026-01-17 02:00:00
2026-01-16 09:19:27 - app - INFO - 启动Flask服务: http://0.0.0.0:8520
2026-01-16 09:19:27 - app - INFO - 跳过一次性执行任务: 测试
2026-01-16 09:19:27 - app - INFO - 跳过一次性执行任务: 测试谢谢谢谢
2026-01-16 09:19:27 - app - INFO - 跳过一次性执行任务: 小城大事
2026-01-16 09:19:27 - app - INFO - ✅ 生成完成，共创建 0 条待执行记录
2026-01-16 09:19:27 - app - INFO - 下次生成账期时间: 2026-01-17 00:00:00, 等待 52832 秒
2026-01-16 09:19:28 - app - INFO - 正在获取登录参数...
2026-01-16 09:19:28 - app - ERROR - 登录异常: Expecting value: line 1 column 1 (char 0)
Traceback (most recent call last):
  File "C:\Users\Administrator\AppData\Local\Programs\Python\Python38\lib\site-packages\requests\models.py", line 971, in json
    return complexjson.loads(self.text, **kwargs)
  File "C:\Users\Administrator\AppData\Local\Programs\Python\Python38\lib\json\__init__.py", line 357, in loads
    return _default_decoder.decode(s)
  File "C:\Users\Administrator\AppData\Local\Programs\Python\Python38\lib\json\decoder.py", line 337, in decode
    obj, end = self.raw_decode(s, idx=_w(s, 0).end())
  File "C:\Users\Administrator\AppData\Local\Programs\Python\Python38\lib\json\decoder.py", line 355, in raw_decode
    raise JSONDecodeError("Expecting value", s, err.value) from None
json.decoder.JSONDecodeError: Expecting value: line 1 column 1 (char 0)

During handling of the above exception, another exception occurred:

Traceback (most recent call last):
  File "C:\Data\夸克转存\client\backend\services\cloud189_service.py", line 121, in login
    result = response.json()
  File "C:\Users\Administrator\AppData\Local\Programs\Python\Python38\lib\site-packages\requests\models.py", line 975, in json
    raise RequestsJSONDecodeError(e.msg, e.doc, e.pos)
requests.exceptions.JSONDecodeError: Expecting value: line 1 column 1 (char 0)
2026-01-16 09:21:34 - app - INFO - 许可证管理器初始化完成,服务器: http://license.22l2.com
2026-01-16 09:21:34 - app - INFO - 初始化许可证管理器...
2026-01-16 09:21:35 - app - INFO - 解密密钥设置成功
2026-01-16 09:21:35 - app - INFO - 解密密钥获取成功
2026-01-16 09:21:35 - app - INFO - 解密密钥获取成功，配置已就绪
2026-01-16 09:21:35 - app - INFO - 配置解密成功
2026-01-16 09:21:35 - app - INFO - 夸克API配置加载成功
2026-01-16 09:21:35 - app - INFO - 夸克API配置加载完成
2026-01-16 09:21:35 - app - INFO - 检查数据库...
2026-01-16 09:21:35 - app - INFO - 数据库检查完成
2026-01-16 09:21:35 - app - INFO - 检查数据库迁移...
2026-01-16 09:21:35 - app - INFO - 数据库迁移检查完成
2026-01-16 09:21:35 - app - INFO - 清理异常中断的任务状态...
2026-01-16 09:21:35 - app - INFO - 升级管理器初始化完成
2026-01-16 09:21:35 - app - INFO - Flask应用创建成功
2026-01-16 09:21:35 - app - INFO - 静态文件目录: C:\Data\夸克转存\client\frontend
2026-01-16 09:21:35 - app - INFO - 启动任务调度服务...
2026-01-16 09:21:35 - app - INFO - 检查被中断的影视下载任务...
2026-01-16 09:21:35 - app - INFO - 没有需要恢复的影视下载任务
2026-01-16 09:21:35 - app - INFO - 账期生成循环已启动
2026-01-16 09:21:35 - app - INFO - 账期生成线程已启动
2026-01-16 09:21:35 - app - INFO - 开始生成 2026-01-16 的任务账期
2026-01-16 09:21:35 - app - INFO - 任务执行循环已启动
2026-01-16 09:21:35 - app - INFO - 任务执行线程已启动
2026-01-16 09:21:35 - app - INFO - 日志清理循环已启动
2026-01-16 09:21:35 - app - INFO - 日志清理线程已启动
2026-01-16 09:21:35 - app - INFO - 下次日志清理时间: 2026-01-17 02:00:00
2026-01-16 09:21:35 - app - INFO - 启动Flask服务: http://0.0.0.0:8520
2026-01-16 09:21:35 - app - INFO - 跳过一次性执行任务: 测试
2026-01-16 09:21:35 - app - INFO - 跳过一次性执行任务: 测试谢谢谢谢
2026-01-16 09:21:35 - app - INFO - 跳过一次性执行任务: 小城大事
2026-01-16 09:21:35 - app - INFO - ✅ 生成完成，共创建 0 条待执行记录
2026-01-16 09:21:35 - app - INFO - 下次生成账期时间: 2026-01-17 00:00:00, 等待 52705 秒
2026-01-16 09:25:47 - app - INFO - 正在获取登录参数...
2026-01-16 09:25:59 - app - INFO - 登录参数响应状态码: 200
2026-01-16 09:25:59 - app - ERROR - 解析登录参数响应失败: Expecting value: line 1 column 1 (char 0), 响应内容: <!DOCTYPE html><html><head><script type="text/javascript">var _uxt = _uxt || [];
      var _ux21st = (new Date()).getTime();</script><meta charset="utf-8"><meta http-equiv="X-UA-Compatible" content="IE=edge,chrome=1"><meta name="renderer" content="webkit"><meta name="viewport" content="user-scalable=no,initial-scale=1,maximum-scale=1,minimum-scale=1,width=device-width,height=device-height"><meta name="apple-touch-fullscreen" content="yes"><meta name="mobile-web-app-capable" content="yes"><meta 
2026-01-16 09:28:28 - app - INFO - 许可证管理器初始化完成,服务器: http://license.22l2.com
2026-01-16 09:28:28 - app - INFO - 初始化许可证管理器...
2026-01-16 09:28:30 - app - INFO - 解密密钥设置成功
2026-01-16 09:28:30 - app - INFO - 解密密钥获取成功
2026-01-16 09:28:30 - app - INFO - 解密密钥获取成功，配置已就绪
2026-01-16 09:28:30 - app - INFO - 配置解密成功
2026-01-16 09:28:30 - app - INFO - 夸克API配置加载成功
2026-01-16 09:28:30 - app - INFO - 夸克API配置加载完成
2026-01-16 09:28:30 - app - INFO - 检查数据库...
2026-01-16 09:28:30 - app - INFO - 数据库检查完成
2026-01-16 09:28:30 - app - INFO - 检查数据库迁移...
2026-01-16 09:28:30 - app - INFO - 数据库迁移检查完成
2026-01-16 09:28:30 - app - INFO - 清理异常中断的任务状态...
2026-01-16 09:28:30 - app - INFO - 升级管理器初始化完成
2026-01-16 09:28:30 - app - INFO - Flask应用创建成功
2026-01-16 09:28:30 - app - INFO - 静态文件目录: C:\Data\夸克转存\client\frontend
2026-01-16 09:28:30 - app - INFO - 启动任务调度服务...
2026-01-16 09:28:30 - app - INFO - 检查被中断的影视下载任务...
2026-01-16 09:28:31 - app - INFO - 没有需要恢复的影视下载任务
2026-01-16 09:28:31 - app - INFO - 账期生成循环已启动
2026-01-16 09:28:31 - app - INFO - 账期生成线程已启动
2026-01-16 09:28:31 - app - INFO - 开始生成 2026-01-16 的任务账期
2026-01-16 09:28:31 - app - INFO - 跳过一次性执行任务: 测试
2026-01-16 09:28:31 - app - INFO - 任务执行循环已启动
2026-01-16 09:28:31 - app - INFO - 任务执行线程已启动
2026-01-16 09:28:31 - app - INFO - 跳过一次性执行任务: 测试谢谢谢谢
2026-01-16 09:28:31 - app - INFO - 日志清理循环已启动
2026-01-16 09:28:31 - app - INFO - 日志清理线程已启动
2026-01-16 09:28:31 - app - INFO - 跳过一次性执行任务: 小城大事
2026-01-16 09:28:31 - app - INFO - 下次日志清理时间: 2026-01-17 02:00:00
2026-01-16 09:28:31 - app - INFO - 启动Flask服务: http://0.0.0.0:8520
2026-01-16 09:28:31 - app - INFO - ✅ 生成完成，共创建 0 条待执行记录
2026-01-16 09:28:31 - app - INFO - 下次生成账期时间: 2026-01-17 00:00:00, 等待 52289 秒
2026-01-16 09:28:36 - app - INFO - 许可证管理器初始化完成,服务器: http://license.22l2.com
2026-01-16 09:28:36 - app - INFO - 初始化许可证管理器...
2026-01-16 09:28:37 - app - INFO - 解密密钥设置成功
2026-01-16 09:28:37 - app - INFO - 解密密钥获取成功
2026-01-16 09:28:37 - app - INFO - 解密密钥获取成功，配置已就绪
2026-01-16 09:28:37 - app - INFO - 配置解密成功
2026-01-16 09:28:37 - app - INFO - 夸克API配置加载成功
2026-01-16 09:28:37 - app - INFO - 夸克API配置加载完成
2026-01-16 09:28:37 - app - INFO - 检查数据库...
2026-01-16 09:28:37 - app - INFO - 数据库检查完成
2026-01-16 09:28:37 - app - INFO - 检查数据库迁移...
2026-01-16 09:28:37 - app - INFO - 数据库迁移检查完成
2026-01-16 09:28:37 - app - INFO - 清理异常中断的任务状态...
2026-01-16 09:28:37 - app - INFO - 升级管理器初始化完成
2026-01-16 09:28:37 - app - INFO - Flask应用创建成功
2026-01-16 09:28:37 - app - INFO - 静态文件目录: C:\Data\夸克转存\client\frontend
2026-01-16 09:28:37 - app - INFO - 启动任务调度服务...
2026-01-16 09:28:37 - app - INFO - 检查被中断的影视下载任务...
2026-01-16 09:28:37 - app - INFO - 没有需要恢复的影视下载任务
2026-01-16 09:28:37 - app - INFO - 账期生成循环已启动
2026-01-16 09:28:37 - app - INFO - 账期生成线程已启动
2026-01-16 09:28:37 - app - INFO - 开始生成 2026-01-16 的任务账期
2026-01-16 09:28:37 - app - INFO - 任务执行循环已启动
2026-01-16 09:28:37 - app - INFO - 任务执行线程已启动
2026-01-16 09:28:37 - app - INFO - 跳过一次性执行任务: 测试
2026-01-16 09:28:37 - app - INFO - 日志清理循环已启动
2026-01-16 09:28:37 - app - INFO - 跳过一次性执行任务: 测试谢谢谢谢
2026-01-16 09:28:37 - app - INFO - 日志清理线程已启动
2026-01-16 09:28:37 - app - INFO - 下次日志清理时间: 2026-01-17 02:00:00
2026-01-16 09:28:37 - app - INFO - 跳过一次性执行任务: 小城大事
2026-01-16 09:28:37 - app - INFO - 启动Flask服务: http://0.0.0.0:8520
2026-01-16 09:28:37 - app - INFO - ✅ 生成完成，共创建 0 条待执行记录
2026-01-16 09:28:37 - app - INFO - 下次生成账期时间: 2026-01-17 00:00:00, 等待 52282 秒
2026-01-16 09:39:01 - app - INFO - 许可证管理器初始化完成,服务器: http://license.22l2.com
2026-01-16 09:39:01 - app - INFO - 初始化许可证管理器...
2026-01-16 09:39:02 - app - INFO - 解密密钥设置成功
2026-01-16 09:39:02 - app - INFO - 解密密钥获取成功
2026-01-16 09:39:02 - app - INFO - 解密密钥获取成功，配置已就绪
2026-01-16 09:39:02 - app - INFO - 配置解密成功
2026-01-16 09:39:02 - app - INFO - 夸克API配置加载成功
2026-01-16 09:39:02 - app - INFO - 夸克API配置加载完成
2026-01-16 09:39:02 - app - INFO - 检查数据库...
2026-01-16 09:39:02 - app - INFO - 数据库检查完成
2026-01-16 09:39:02 - app - INFO - 检查数据库迁移...
2026-01-16 09:39:02 - app - INFO - 数据库迁移检查完成
2026-01-16 09:39:02 - app - INFO - 清理异常中断的任务状态...
2026-01-16 09:39:02 - app - INFO - 升级管理器初始化完成
2026-01-16 09:39:02 - app - INFO - Flask应用创建成功
2026-01-16 09:39:02 - app - INFO - 静态文件目录: C:\Data\夸克转存\client\frontend
2026-01-16 09:39:02 - app - INFO - 启动任务调度服务...
2026-01-16 09:39:02 - app - INFO - 检查被中断的影视下载任务...
2026-01-16 09:39:02 - app - INFO - 没有需要恢复的影视下载任务
2026-01-16 09:39:02 - app - INFO - 账期生成循环已启动
2026-01-16 09:39:02 - app - INFO - 账期生成线程已启动
2026-01-16 09:39:02 - app - INFO - 开始生成 2026-01-16 的任务账期
2026-01-16 09:39:02 - app - INFO - 任务执行循环已启动
2026-01-16 09:39:02 - app - INFO - 任务执行线程已启动
2026-01-16 09:39:02 - app - INFO - 日志清理循环已启动
2026-01-16 09:39:02 - app - INFO - 日志清理线程已启动
2026-01-16 09:39:02 - app - INFO - 下次日志清理时间: 2026-01-17 02:00:00
2026-01-16 09:39:02 - app - INFO - 启动Flask服务: http://0.0.0.0:8520
2026-01-16 09:39:02 - app - INFO - 跳过一次性执行任务: 测试
2026-01-16 09:39:02 - app - INFO - 跳过一次性执行任务: 测试谢谢谢谢
2026-01-16 09:39:02 - app - INFO - 跳过一次性执行任务: 小城大事
2026-01-16 09:39:02 - app - INFO - ✅ 生成完成，共创建 0 条待执行记录
2026-01-16 09:39:02 - app - INFO - 下次生成账期时间: 2026-01-17 00:00:00, 等待 51658 秒
2026-01-16 09:44:45 - app - INFO - 许可证管理器初始化完成,服务器: http://license.22l2.com
2026-01-16 09:44:45 - app - INFO - 初始化许可证管理器...
2026-01-16 09:44:46 - app - INFO - 解密密钥设置成功
2026-01-16 09:44:46 - app - INFO - 解密密钥获取成功
2026-01-16 09:44:46 - app - INFO - 解密密钥获取成功，配置已就绪
2026-01-16 09:44:46 - app - INFO - 配置解密成功
2026-01-16 09:44:46 - app - INFO - 夸克API配置加载成功
2026-01-16 09:44:46 - app - INFO - 夸克API配置加载完成
2026-01-16 09:44:46 - app - INFO - 检查数据库...
2026-01-16 09:44:46 - app - INFO - 数据库检查完成
2026-01-16 09:44:46 - app - INFO - 检查数据库迁移...
2026-01-16 09:44:46 - app - INFO - 数据库迁移检查完成
2026-01-16 09:44:46 - app - INFO - 清理异常中断的任务状态...
2026-01-16 09:44:46 - app - INFO - 升级管理器初始化完成
2026-01-16 09:44:46 - app - INFO - Flask应用创建成功
2026-01-16 09:44:46 - app - INFO - 静态文件目录: C:\Data\夸克转存\client\frontend
2026-01-16 09:44:46 - app - INFO - 启动任务调度服务...
2026-01-16 09:44:47 - app - INFO - 检查被中断的影视下载任务...
2026-01-16 09:44:47 - app - INFO - 没有需要恢复的影视下载任务
2026-01-16 09:44:47 - app - INFO - 账期生成循环已启动
2026-01-16 09:44:47 - app - INFO - 账期生成线程已启动
2026-01-16 09:44:47 - app - INFO - 开始生成 2026-01-16 的任务账期
2026-01-16 09:44:47 - app - INFO - 任务执行循环已启动
2026-01-16 09:44:47 - app - INFO - 任务执行线程已启动
2026-01-16 09:44:47 - app - INFO - 日志清理循环已启动
2026-01-16 09:44:47 - app - INFO - 日志清理线程已启动
2026-01-16 09:44:47 - app - INFO - 下次日志清理时间: 2026-01-17 02:00:00
2026-01-16 09:44:47 - app - INFO - 启动Flask服务: http://0.0.0.0:8520
2026-01-16 09:44:47 - app - INFO - 跳过一次性执行任务: 测试
2026-01-16 09:44:47 - app - INFO - 跳过一次性执行任务: 测试谢谢谢谢
2026-01-16 09:44:47 - app - INFO - 跳过一次性执行任务: 小城大事
2026-01-16 09:44:47 - app - INFO - ✅ 生成完成，共创建 0 条待执行记录
2026-01-16 09:44:47 - app - INFO - 下次生成账期时间: 2026-01-17 00:00:00, 等待 51313 秒
2026-01-16 09:48:06 - app - INFO - 步骤1: 获取登录表单参数...
2026-01-16 09:48:17 - app - INFO -   状态码: 200, 内容长度: 23370
2026-01-16 09:48:17 - app - INFO -   ✓ captchaToken: 40cc3a67a7bf098ed9e9...
2026-01-16 09:48:17 - app - INFO -   ✓ lt: A19B72C8BC656EBC3BFF...
2026-01-16 09:48:17 - app - INFO -   ✓ paramId: 38C1E299552FA1856B0137AB4A4A6E339D57509E38F6A14A1C364826269E53AE52FE7E3F5BDABFED48568D162E289AC375076E1D4B0AA4F3F1996E926920CD55003DDD7DEA0EF4DC
2026-01-16 09:48:17 - app - INFO -   ✓ reqId: 3216994bf948411b
2026-01-16 09:48:17 - app - INFO - 步骤2: 获取RSA公钥...
2026-01-16 09:48:17 - app - INFO -   状态码: 200
2026-01-16 09:48:17 - app - INFO -   返回码: 0
2026-01-16 09:48:17 - app - INFO -   ✓ 公钥长度: 216
2026-01-16 09:48:17 - app - INFO -   ✓ pre前缀: {NRP}
2026-01-16 09:48:17 - app - INFO - 步骤3: 加密用户名和密码...
2026-01-16 09:48:17 - app - INFO -   ✓ 用户名加密成功，长度: 177
2026-01-16 09:48:17 - app - INFO -   ✓ 密码加密成功，长度: 177
2026-01-16 09:48:17 - app - INFO - 步骤4: 提交登录请求...
2026-01-16 09:48:17 - app - INFO -   状态码: 200
2026-01-16 09:48:17 - app - INFO -   返回码: -149
2026-01-16 09:48:17 - app - INFO -   返回消息: 用户名不合法
2026-01-16 09:48:17 - app - ERROR -   ✗ 登录失败: 用户名不合法
2026-01-16 09:48:34 - app - INFO - 步骤1: 获取登录表单参数...
2026-01-16 09:48:46 - app - INFO -   状态码: 200, 内容长度: 23370
2026-01-16 09:48:46 - app - INFO -   ✓ captchaToken: 17db2af02ee0c758fb80...
2026-01-16 09:48:46 - app - INFO -   ✓ lt: 164E3D178D86FA1954F2...
2026-01-16 09:48:46 - app - INFO -   ✓ paramId: F8139521B783B974EA311B04E6557A919D6EADF1F93085C2FCB0A1D6A8E68638A3BF19B133577C57552143204BECFDE20F39F0BC951D355BD64BD72D58F53A7FC4A8B358B4ACCF39
2026-01-16 09:48:46 - app - INFO -   ✓ reqId: 67716b83c70a41c2
2026-01-16 09:48:46 - app - INFO - 步骤2: 获取RSA公钥...
2026-01-16 09:48:46 - app - INFO -   状态码: 200
2026-01-16 09:48:46 - app - INFO -   返回码: 0
2026-01-16 09:48:46 - app - INFO -   ✓ 公钥长度: 216
2026-01-16 09:48:46 - app - INFO -   ✓ pre前缀: {NRP}
2026-01-16 09:48:46 - app - INFO - 步骤3: 加密用户名和密码...
2026-01-16 09:48:46 - app - INFO -   ✓ 用户名加密成功，长度: 177
2026-01-16 09:48:46 - app - INFO -   ✓ 密码加密成功，长度: 177
2026-01-16 09:48:46 - app - INFO - 步骤4: 提交登录请求...
2026-01-16 09:48:46 - app - INFO -   状态码: 200
2026-01-16 09:48:46 - app - INFO -   返回码: -149
2026-01-16 09:48:46 - app - INFO -   返回消息: 用户名不合法
2026-01-16 09:48:46 - app - ERROR -   ✗ 登录失败: 用户名不合法
2026-01-16 09:50:20 - app - INFO - 步骤1: 获取登录表单参数...
2026-01-16 09:50:32 - app - INFO -   状态码: 200, 内容长度: 23370
2026-01-16 09:50:32 - app - INFO -   ✓ captchaToken: e4b8d4ffaa0f917bc934...
2026-01-16 09:50:32 - app - INFO -   ✓ lt: E6F1B6B460E3FE49001E...
2026-01-16 09:50:32 - app - INFO -   ✓ paramId: AC2C96D643303979A42F3210A706CA19D0D16E78990D4CB1DD0F76EE39B415F50ADC97E32166BEB72F79B432188AB744008510FB96B01D1F88E7D809BBC194350FEA066790E4F9C1
2026-01-16 09:50:32 - app - INFO -   ✓ reqId: 56c068f452914f4d
2026-01-16 09:50:32 - app - INFO - 步骤2: 获取RSA公钥...
2026-01-16 09:50:32 - app - INFO -   状态码: 200
2026-01-16 09:50:32 - app - INFO -   返回码: 0
2026-01-16 09:50:32 - app - INFO -   ✓ 公钥长度: 216
2026-01-16 09:50:32 - app - INFO -   ✓ pre前缀: {NRP}
2026-01-16 09:50:32 - app - INFO - 步骤3: 加密用户名和密码...
2026-01-16 09:50:32 - app - INFO -   ✓ 用户名加密成功，长度: 177
2026-01-16 09:50:32 - app - INFO -   ✓ 密码加密成功，长度: 177
2026-01-16 09:50:32 - app - INFO - 步骤4: 提交登录请求...
2026-01-16 09:50:32 - app - INFO -   状态码: 200
2026-01-16 09:50:32 - app - INFO -   返回码: -149
2026-01-16 09:50:32 - app - INFO -   返回消息: 用户名不合法
2026-01-16 09:50:32 - app - ERROR -   ✗ 登录失败: 用户名不合法
2026-01-16 09:54:19 - app - INFO - 许可证管理器初始化完成,服务器: http://license.22l2.com
2026-01-16 09:54:19 - app - INFO - 初始化许可证管理器...
2026-01-16 09:54:20 - app - INFO - 解密密钥设置成功
2026-01-16 09:54:20 - app - INFO - 解密密钥获取成功
2026-01-16 09:54:20 - app - INFO - 解密密钥获取成功，配置已就绪
2026-01-16 09:54:20 - app - INFO - 配置解密成功
2026-01-16 09:54:20 - app - INFO - 夸克API配置加载成功
2026-01-16 09:54:20 - app - INFO - 夸克API配置加载完成
2026-01-16 09:54:20 - app - INFO - 检查数据库...
2026-01-16 09:54:20 - app - INFO - 数据库检查完成
2026-01-16 09:54:20 - app - INFO - 检查数据库迁移...
2026-01-16 09:54:20 - app - INFO - 数据库迁移检查完成
2026-01-16 09:54:20 - app - INFO - 清理异常中断的任务状态...
2026-01-16 09:54:20 - app - INFO - 升级管理器初始化完成
2026-01-16 09:54:20 - app - INFO - Flask应用创建成功
2026-01-16 09:54:20 - app - INFO - 静态文件目录: C:\Data\夸克转存\client\frontend
2026-01-16 09:54:20 - app - INFO - 启动任务调度服务...
2026-01-16 09:54:20 - app - INFO - 检查被中断的影视下载任务...
2026-01-16 09:54:20 - app - INFO - 没有需要恢复的影视下载任务
2026-01-16 09:54:20 - app - INFO - 账期生成循环已启动
2026-01-16 09:54:20 - app - INFO - 账期生成线程已启动
2026-01-16 09:54:20 - app - INFO - 开始生成 2026-01-16 的任务账期
2026-01-16 09:54:20 - app - INFO - 任务执行循环已启动
2026-01-16 09:54:20 - app - INFO - 任务执行线程已启动
2026-01-16 09:54:20 - app - INFO - 日志清理循环已启动
2026-01-16 09:54:20 - app - INFO - 日志清理线程已启动
2026-01-16 09:54:20 - app - INFO - 下次日志清理时间: 2026-01-17 02:00:00
2026-01-16 09:54:20 - app - INFO - 跳过一次性执行任务: 测试
2026-01-16 09:54:20 - app - INFO - 启动Flask服务: http://0.0.0.0:8520
2026-01-16 09:54:20 - app - INFO - 跳过一次性执行任务: 测试谢谢谢谢
2026-01-16 09:54:20 - app - INFO - 跳过一次性执行任务: 小城大事
2026-01-16 09:54:20 - app - INFO - ✅ 生成完成，共创建 0 条待执行记录
2026-01-16 09:54:20 - app - INFO - 下次生成账期时间: 2026-01-17 00:00:00, 等待 50739 秒
2026-01-16 09:55:08 - app - INFO - 许可证管理器初始化完成,服务器: http://license.22l2.com
2026-01-16 09:55:08 - app - INFO - 初始化许可证管理器...
2026-01-16 09:55:09 - app - INFO - 解密密钥设置成功
2026-01-16 09:55:09 - app - INFO - 解密密钥获取成功
2026-01-16 09:55:09 - app - INFO - 解密密钥获取成功，配置已就绪
2026-01-16 09:55:09 - app - INFO - 配置解密成功
2026-01-16 09:55:09 - app - INFO - 夸克API配置加载成功
2026-01-16 09:55:09 - app - INFO - 夸克API配置加载完成
2026-01-16 09:55:09 - app - INFO - 检查数据库...
2026-01-16 09:55:09 - app - INFO - 数据库检查完成
2026-01-16 09:55:09 - app - INFO - 检查数据库迁移...
2026-01-16 09:55:09 - app - INFO - 数据库迁移检查完成
2026-01-16 09:55:09 - app - INFO - 清理异常中断的任务状态...
2026-01-16 09:55:09 - app - INFO - 升级管理器初始化完成
2026-01-16 09:55:09 - app - INFO - Flask应用创建成功
2026-01-16 09:55:09 - app - INFO - 静态文件目录: C:\Data\夸克转存\client\frontend
2026-01-16 09:55:09 - app - INFO - 启动任务调度服务...
2026-01-16 09:55:09 - app - INFO - 检查被中断的影视下载任务...
2026-01-16 09:55:09 - app - INFO - 没有需要恢复的影视下载任务
2026-01-16 09:55:09 - app - INFO - 账期生成循环已启动
2026-01-16 09:55:09 - app - INFO - 账期生成线程已启动
2026-01-16 09:55:09 - app - INFO - 开始生成 2026-01-16 的任务账期
2026-01-16 09:55:09 - app - INFO - 任务执行循环已启动
2026-01-16 09:55:09 - app - INFO - 任务执行线程已启动
2026-01-16 09:55:09 - app - INFO - 日志清理循环已启动
2026-01-16 09:55:09 - app - INFO - 日志清理线程已启动
2026-01-16 09:55:09 - app - INFO - 下次日志清理时间: 2026-01-17 02:00:00
2026-01-16 09:55:09 - app - INFO - 启动Flask服务: http://0.0.0.0:8520
2026-01-16 09:55:09 - app - INFO - 跳过一次性执行任务: 测试
2026-01-16 09:55:09 - app - INFO - 跳过一次性执行任务: 测试谢谢谢谢
2026-01-16 09:55:09 - app - INFO - 跳过一次性执行任务: 小城大事
2026-01-16 09:55:10 - app - INFO - ✅ 生成完成，共创建 0 条待执行记录
2026-01-16 09:55:10 - app - INFO - 下次生成账期时间: 2026-01-17 00:00:00, 等待 50690 秒
2026-01-16 09:57:16 - app - INFO - 许可证管理器初始化完成,服务器: http://license.22l2.com
2026-01-16 09:57:16 - app - INFO - 初始化许可证管理器...
2026-01-16 09:57:17 - app - INFO - 解密密钥设置成功
2026-01-16 09:57:17 - app - INFO - 解密密钥获取成功
2026-01-16 09:57:17 - app - INFO - 解密密钥获取成功，配置已就绪
2026-01-16 09:57:17 - app - INFO - 配置解密成功
2026-01-16 09:57:17 - app - INFO - 夸克API配置加载成功
2026-01-16 09:57:17 - app - INFO - 夸克API配置加载完成
2026-01-16 09:57:17 - app - INFO - 检查数据库...
2026-01-16 09:57:17 - app - INFO - 数据库检查完成
2026-01-16 09:57:17 - app - INFO - 检查数据库迁移...
2026-01-16 09:57:17 - app - INFO - 数据库迁移检查完成
2026-01-16 09:57:17 - app - INFO - 清理异常中断的任务状态...
2026-01-16 09:57:17 - app - INFO - 升级管理器初始化完成
2026-01-16 09:57:17 - app - INFO - Flask应用创建成功
2026-01-16 09:57:17 - app - INFO - 静态文件目录: C:\Data\夸克转存\client\frontend
2026-01-16 09:57:17 - app - INFO - 启动任务调度服务...
2026-01-16 09:57:17 - app - INFO - 检查被中断的影视下载任务...
2026-01-16 09:57:17 - app - INFO - 没有需要恢复的影视下载任务
2026-01-16 09:57:17 - app - INFO - 账期生成循环已启动
2026-01-16 09:57:17 - app - INFO - 账期生成线程已启动
2026-01-16 09:57:17 - app - INFO - 开始生成 2026-01-16 的任务账期
2026-01-16 09:57:17 - app - INFO - 任务执行循环已启动
2026-01-16 09:57:17 - app - INFO - 任务执行线程已启动
2026-01-16 09:57:17 - app - INFO - 日志清理循环已启动
2026-01-16 09:57:17 - app - INFO - 日志清理线程已启动
2026-01-16 09:57:17 - app - INFO - 下次日志清理时间: 2026-01-17 02:00:00
2026-01-16 09:57:17 - app - INFO - 启动Flask服务: http://0.0.0.0:8520
2026-01-16 09:57:17 - app - INFO - 跳过一次性执行任务: 测试
2026-01-16 09:57:17 - app - INFO - 跳过一次性执行任务: 测试谢谢谢谢
2026-01-16 09:57:17 - app - INFO - 跳过一次性执行任务: 小城大事
2026-01-16 09:57:17 - app - INFO - ✅ 生成完成，共创建 0 条待执行记录
2026-01-16 09:57:17 - app - INFO - 下次生成账期时间: 2026-01-17 00:00:00, 等待 50562 秒
2026-01-16 09:59:34 - app - INFO - 步骤1: 获取登录表单参数...
2026-01-16 09:59:45 - app - INFO -   状态码: 200, 内容长度: 23370
2026-01-16 09:59:45 - app - INFO -   ✓ captchaToken: 750e6b2519df0f91169b...
2026-01-16 09:59:45 - app - INFO -   ✓ lt: EE032C6B651F8E14D5DD...
2026-01-16 09:59:45 - app - INFO -   ✓ paramId: 85E0658E314CE0594FE1BD08A06FC84109E44D0E9F4B884672B346DC4ABC8D705F36CEE61A31AC451EC2842B95AC4C80B55285E711C00F5139B2C1193F886BD3017437A0D85DFCD5
2026-01-16 09:59:45 - app - INFO -   ✓ reqId: 449cffaafff14a8d
2026-01-16 09:59:45 - app - INFO - 步骤2: 获取RSA公钥...
2026-01-16 09:59:45 - app - INFO -   状态码: 200
2026-01-16 09:59:45 - app - INFO -   返回码: 0
2026-01-16 09:59:45 - app - INFO -   ✓ 公钥长度: 216
2026-01-16 09:59:45 - app - INFO -   ✓ pre前缀: {NRP}
2026-01-16 09:59:45 - app - INFO - 步骤3: 加密用户名和密码...
2026-01-16 09:59:45 - app - INFO -   ✓ 用户名加密成功，长度: 261
2026-01-16 09:59:45 - app - INFO -   ✓ 密码加密成功，长度: 261
2026-01-16 09:59:45 - app - INFO - 步骤4: 提交登录请求...
2026-01-16 09:59:46 - app - INFO -   状态码: 200
2026-01-16 09:59:46 - app - INFO -   返回码: 0
2026-01-16 09:59:46 - app - INFO -   返回消息: 登录成功
2026-01-16 09:59:46 - app - INFO -   ✓ 登录成功！
2026-01-16 09:59:46 - app - INFO -   重定向URL: https://m.cloud.189.cn/zhuanti/2020/loginErrorPc/index.html?appId=8025431004&paras=4CF185220D611B8C8...
2026-01-16 09:59:46 - app - INFO - 步骤5: 访问重定向URL获取Cookie...
2026-01-16 09:59:46 - app - INFO -   状态码: 200
2026-01-16 09:59:46 - app - INFO -   ✓ 获取到 7 个Cookie字段
2026-01-16 09:59:46 - app - INFO -   Cookie字段: ['GRAYNUMBER', 'GUID', 'LT', 'OPENINFO', 'SSON', 'pageOp', 'JSESSIONID']
2026-01-16 09:59:46 - app - INFO - 已设置 7 个Cookie字段
2026-01-16 09:59:46 - app - INFO - 189账号容量响应: status=400
2026-01-16 09:59:46 - app - ERROR - 获取189账号信息失败，状态码: 400
2026-01-16 10:01:20 - app - INFO - 许可证管理器初始化完成,服务器: http://license.22l2.com
2026-01-16 10:01:20 - app - INFO - 初始化许可证管理器...
2026-01-16 10:01:22 - app - INFO - 解密密钥设置成功
2026-01-16 10:01:22 - app - INFO - 解密密钥获取成功
2026-01-16 10:01:22 - app - INFO - 解密密钥获取成功，配置已就绪
2026-01-16 10:01:22 - app - INFO - 配置解密成功
2026-01-16 10:01:22 - app - INFO - 夸克API配置加载成功
2026-01-16 10:01:22 - app - INFO - 夸克API配置加载完成
2026-01-16 10:01:22 - app - INFO - 检查数据库...
2026-01-16 10:01:22 - app - INFO - 数据库检查完成
2026-01-16 10:01:22 - app - INFO - 检查数据库迁移...
2026-01-16 10:01:22 - app - INFO - 数据库迁移检查完成
2026-01-16 10:01:22 - app - INFO - 清理异常中断的任务状态...
2026-01-16 10:01:22 - app - INFO - 升级管理器初始化完成
2026-01-16 10:01:22 - app - INFO - Flask应用创建成功
2026-01-16 10:01:22 - app - INFO - 静态文件目录: C:\Data\夸克转存\client\frontend
2026-01-16 10:01:22 - app - INFO - 启动任务调度服务...
2026-01-16 10:01:22 - app - INFO - 检查被中断的影视下载任务...
2026-01-16 10:01:22 - app - INFO - 没有需要恢复的影视下载任务
2026-01-16 10:01:22 - app - INFO - 账期生成循环已启动
2026-01-16 10:01:22 - app - INFO - 账期生成线程已启动
2026-01-16 10:01:22 - app - INFO - 开始生成 2026-01-16 的任务账期
2026-01-16 10:01:22 - app - INFO - 任务执行循环已启动
2026-01-16 10:01:22 - app - INFO - 任务执行线程已启动
2026-01-16 10:01:22 - app - INFO - 日志清理循环已启动
2026-01-16 10:01:22 - app - INFO - 日志清理线程已启动
2026-01-16 10:01:22 - app - INFO - 下次日志清理时间: 2026-01-17 02:00:00
2026-01-16 10:01:22 - app - INFO - 启动Flask服务: http://0.0.0.0:8520
2026-01-16 10:01:22 - app - INFO - 跳过一次性执行任务: 测试
2026-01-16 10:01:22 - app - INFO - 跳过一次性执行任务: 测试谢谢谢谢
2026-01-16 10:01:22 - app - INFO - 跳过一次性执行任务: 小城大事
2026-01-16 10:01:22 - app - INFO - ✅ 生成完成，共创建 0 条待执行记录
2026-01-16 10:01:22 - app - INFO - 下次生成账期时间: 2026-01-17 00:00:00, 等待 50317 秒
2026-01-16 10:01:34 - app - INFO - 许可证管理器初始化完成,服务器: http://license.22l2.com
2026-01-16 10:01:34 - app - INFO - 初始化许可证管理器...
2026-01-16 10:01:35 - app - INFO - 解密密钥设置成功
2026-01-16 10:01:35 - app - INFO - 解密密钥获取成功
2026-01-16 10:01:35 - app - INFO - 解密密钥获取成功，配置已就绪
2026-01-16 10:01:35 - app - INFO - 配置解密成功
2026-01-16 10:01:35 - app - INFO - 夸克API配置加载成功
2026-01-16 10:01:35 - app - INFO - 夸克API配置加载完成
2026-01-16 10:01:35 - app - INFO - 检查数据库...
2026-01-16 10:01:35 - app - INFO - 数据库检查完成
2026-01-16 10:01:35 - app - INFO - 检查数据库迁移...
2026-01-16 10:01:35 - app - INFO - 数据库迁移检查完成
2026-01-16 10:01:35 - app - INFO - 清理异常中断的任务状态...
2026-01-16 10:01:35 - app - INFO - 升级管理器初始化完成
2026-01-16 10:01:35 - app - INFO - Flask应用创建成功
2026-01-16 10:01:35 - app - INFO - 静态文件目录: C:\Data\夸克转存\client\frontend
2026-01-16 10:01:35 - app - INFO - 启动任务调度服务...
2026-01-16 10:01:35 - app - INFO - 检查被中断的影视下载任务...
2026-01-16 10:01:35 - app - INFO - 没有需要恢复的影视下载任务
2026-01-16 10:01:35 - app - INFO - 账期生成循环已启动
2026-01-16 10:01:35 - app - INFO - 账期生成线程已启动
2026-01-16 10:01:35 - app - INFO - 开始生成 2026-01-16 的任务账期
2026-01-16 10:01:35 - app - INFO - 任务执行循环已启动
2026-01-16 10:01:35 - app - INFO - 任务执行线程已启动
2026-01-16 10:01:35 - app - INFO - 日志清理循环已启动
2026-01-16 10:01:35 - app - INFO - 日志清理线程已启动
2026-01-16 10:01:35 - app - INFO - 下次日志清理时间: 2026-01-17 02:00:00
2026-01-16 10:01:35 - app - INFO - 跳过一次性执行任务: 测试
2026-01-16 10:01:35 - app - INFO - 启动Flask服务: http://0.0.0.0:8520
2026-01-16 10:01:35 - app - INFO - 跳过一次性执行任务: 测试谢谢谢谢
2026-01-16 10:01:35 - app - INFO - 跳过一次性执行任务: 小城大事
2026-01-16 10:01:35 - app - INFO - ✅ 生成完成，共创建 0 条待执行记录
2026-01-16 10:01:35 - app - INFO - 下次生成账期时间: 2026-01-17 00:00:00, 等待 50304 秒
2026-01-16 10:01:53 - app - INFO - 步骤1: 获取登录表单参数...
2026-01-16 10:02:05 - app - INFO -   状态码: 200, 内容长度: 23370
2026-01-16 10:02:05 - app - INFO -   ✓ captchaToken: 2fb020b3bc1f19dad595...
2026-01-16 10:02:05 - app - INFO -   ✓ lt: 076A355931E4D67FAB37...
2026-01-16 10:02:05 - app - INFO -   ✓ paramId: 78E001F22787FE7C84034B5FC3C6F342774CECCA5D5BC6A3F1D7B781B7A22DC54B0A07CA482F534A1F2018120692BAC8BFB2D3BAACCC5B7026DDA875E3013336E69510B29EC3106F
2026-01-16 10:02:05 - app - INFO -   ✓ reqId: 434492fcef124dda
2026-01-16 10:02:05 - app - INFO - 步骤2: 获取RSA公钥...
2026-01-16 10:02:05 - app - INFO -   状态码: 200
2026-01-16 10:02:05 - app - INFO -   返回码: 0
2026-01-16 10:02:05 - app - INFO -   ✓ 公钥长度: 216
2026-01-16 10:02:05 - app - INFO -   ✓ pre前缀: {NRP}
2026-01-16 10:02:05 - app - INFO - 步骤3: 加密用户名和密码...
2026-01-16 10:02:05 - app - ERROR -   ✗ 加密失败: name 'self' is not defined
2026-01-16 10:02:21 - app - INFO - 许可证管理器初始化完成,服务器: http://license.22l2.com
2026-01-16 10:02:21 - app - INFO - 初始化许可证管理器...
2026-01-16 10:02:22 - app - INFO - 解密密钥设置成功
2026-01-16 10:02:22 - app - INFO - 解密密钥获取成功
2026-01-16 10:02:22 - app - INFO - 解密密钥获取成功，配置已就绪
2026-01-16 10:02:22 - app - INFO - 配置解密成功
2026-01-16 10:02:22 - app - INFO - 夸克API配置加载成功
2026-01-16 10:02:22 - app - INFO - 夸克API配置加载完成
2026-01-16 10:02:22 - app - INFO - 检查数据库...
2026-01-16 10:02:22 - app - INFO - 数据库检查完成
2026-01-16 10:02:22 - app - INFO - 检查数据库迁移...
2026-01-16 10:02:22 - app - INFO - 数据库迁移检查完成
2026-01-16 10:02:22 - app - INFO - 清理异常中断的任务状态...
2026-01-16 10:02:22 - app - INFO - 升级管理器初始化完成
2026-01-16 10:02:22 - app - INFO - Flask应用创建成功
2026-01-16 10:02:22 - app - INFO - 静态文件目录: C:\Data\夸克转存\client\frontend
2026-01-16 10:02:22 - app - INFO - 启动任务调度服务...
2026-01-16 10:02:22 - app - INFO - 检查被中断的影视下载任务...
2026-01-16 10:02:22 - app - INFO - 没有需要恢复的影视下载任务
2026-01-16 10:02:22 - app - INFO - 账期生成循环已启动
2026-01-16 10:02:22 - app - INFO - 账期生成线程已启动
2026-01-16 10:02:22 - app - INFO - 开始生成 2026-01-16 的任务账期
2026-01-16 10:02:22 - app - INFO - 任务执行循环已启动
2026-01-16 10:02:22 - app - INFO - 任务执行线程已启动
2026-01-16 10:02:22 - app - INFO - 日志清理循环已启动
2026-01-16 10:02:22 - app - INFO - 日志清理线程已启动
2026-01-16 10:02:22 - app - INFO - 下次日志清理时间: 2026-01-17 02:00:00
2026-01-16 10:02:22 - app - INFO - 启动Flask服务: http://0.0.0.0:8520
2026-01-16 10:02:22 - app - INFO - 跳过一次性执行任务: 测试
2026-01-16 10:02:22 - app - INFO - 跳过一次性执行任务: 测试谢谢谢谢
2026-01-16 10:02:22 - app - INFO - 跳过一次性执行任务: 小城大事
2026-01-16 10:02:22 - app - INFO - ✅ 生成完成，共创建 0 条待执行记录
2026-01-16 10:02:22 - app - INFO - 下次生成账期时间: 2026-01-17 00:00:00, 等待 50257 秒
2026-01-16 10:02:25 - app - INFO - 步骤1: 获取登录表单参数...
2026-01-16 10:02:37 - app - INFO -   状态码: 200, 内容长度: 23370
2026-01-16 10:02:37 - app - INFO -   ✓ captchaToken: 4588ac8e24d5192fcb7c...
2026-01-16 10:02:37 - app - INFO -   ✓ lt: 75F4393CB94688BB8B92...
2026-01-16 10:02:37 - app - INFO -   ✓ paramId: D0CB11002C186E392930B288B5931D406297C03255B922102DA52E93878D7963F94A952E9E23BD266E9CD1883F8822ECEF91B6E3A1A9F86ECA782F528F161CC3737C1CBDC457B3B8
2026-01-16 10:02:37 - app - INFO -   ✓ reqId: 81adcf5ed2eb4201
2026-01-16 10:02:37 - app - INFO - 步骤2: 获取RSA公钥...
2026-01-16 10:02:37 - app - INFO -   状态码: 200
2026-01-16 10:02:37 - app - INFO -   返回码: 0
2026-01-16 10:02:37 - app - INFO -   ✓ 公钥长度: 216
2026-01-16 10:02:37 - app - INFO -   ✓ pre前缀: {NRP}
2026-01-16 10:02:37 - app - INFO - 步骤3: 加密用户名和密码...
2026-01-16 10:02:37 - app - INFO -   ✓ 用户名加密成功，长度: 261
2026-01-16 10:02:37 - app - INFO -   ✓ 密码加密成功，长度: 261
2026-01-16 10:02:37 - app - INFO - 步骤4: 提交登录请求...
2026-01-16 10:02:37 - app - INFO -   状态码: 200
2026-01-16 10:02:37 - app - INFO -   返回码: 0
2026-01-16 10:02:37 - app - INFO -   返回消息: 登录成功
2026-01-16 10:02:37 - app - INFO -   ✓ 登录成功！
2026-01-16 10:02:37 - app - INFO -   重定向URL: https://m.cloud.189.cn/zhuanti/2020/loginErrorPc/index.html?appId=8025431004&paras=2A0B83DC3D7026ADD...
2026-01-16 10:02:37 - app - INFO - 步骤5: 访问重定向URL获取Cookie...
2026-01-16 10:02:37 - app - INFO -   状态码: 200
2026-01-16 10:02:37 - app - INFO -   ✓ 获取到 7 个Cookie字段
2026-01-16 10:02:37 - app - INFO -   Cookie字段: ['GRAYNUMBER', 'GUID', 'LT', 'OPENINFO', 'SSON', 'pageOp', 'JSESSIONID']
2026-01-16 10:02:37 - app - INFO - 已设置 7 个Cookie字段
2026-01-16 10:02:37 - app - INFO - 189账号容量响应: status=400
2026-01-16 10:02:37 - app - ERROR - 获取189账号信息失败，状态码: 400
2026-01-16 10:02:50 - app - INFO - 许可证管理器初始化完成,服务器: http://license.22l2.com
2026-01-16 10:02:50 - app - INFO - 初始化许可证管理器...
2026-01-16 10:02:51 - app - INFO - 解密密钥设置成功
2026-01-16 10:02:51 - app - INFO - 解密密钥获取成功
2026-01-16 10:02:51 - app - INFO - 解密密钥获取成功，配置已就绪
2026-01-16 10:02:51 - app - INFO - 配置解密成功
2026-01-16 10:02:51 - app - INFO - 夸克API配置加载成功
2026-01-16 10:02:51 - app - INFO - 夸克API配置加载完成
2026-01-16 10:02:51 - app - INFO - 检查数据库...
2026-01-16 10:02:51 - app - INFO - 数据库检查完成
2026-01-16 10:02:51 - app - INFO - 检查数据库迁移...
2026-01-16 10:02:51 - app - INFO - 数据库迁移检查完成
2026-01-16 10:02:51 - app - INFO - 清理异常中断的任务状态...
2026-01-16 10:02:51 - app - INFO - 升级管理器初始化完成
2026-01-16 10:02:51 - app - INFO - Flask应用创建成功
2026-01-16 10:02:51 - app - INFO - 静态文件目录: C:\Data\夸克转存\client\frontend
2026-01-16 10:02:51 - app - INFO - 启动任务调度服务...
2026-01-16 10:02:51 - app - INFO - 检查被中断的影视下载任务...
2026-01-16 10:02:51 - app - INFO - 没有需要恢复的影视下载任务
2026-01-16 10:02:51 - app - INFO - 账期生成循环已启动
2026-01-16 10:02:51 - app - INFO - 账期生成线程已启动
2026-01-16 10:02:51 - app - INFO - 开始生成 2026-01-16 的任务账期
2026-01-16 10:02:51 - app - INFO - 任务执行循环已启动
2026-01-16 10:02:51 - app - INFO - 任务执行线程已启动
2026-01-16 10:02:51 - app - INFO - 日志清理循环已启动
2026-01-16 10:02:51 - app - INFO - 日志清理线程已启动
2026-01-16 10:02:51 - app - INFO - 下次日志清理时间: 2026-01-17 02:00:00
2026-01-16 10:02:51 - app - INFO - 启动Flask服务: http://0.0.0.0:8520
2026-01-16 10:02:51 - app - INFO - 跳过一次性执行任务: 测试
2026-01-16 10:02:51 - app - INFO - 跳过一次性执行任务: 测试谢谢谢谢
2026-01-16 10:02:51 - app - INFO - 跳过一次性执行任务: 小城大事
2026-01-16 10:02:51 - app - INFO - ✅ 生成完成，共创建 0 条待执行记录
2026-01-16 10:02:51 - app - INFO - 下次生成账期时间: 2026-01-17 00:00:00, 等待 50228 秒
2026-01-16 10:05:10 - app - INFO - 步骤1: 获取登录表单参数...
2026-01-16 10:05:22 - app - INFO -   状态码: 200, 内容长度: 23370
2026-01-16 10:05:22 - app - INFO -   ✓ captchaToken: b8f024d717a63406fe7c...
2026-01-16 10:05:22 - app - INFO -   ✓ lt: 5EC28419C449914A0E49...
2026-01-16 10:05:22 - app - INFO -   ✓ paramId: 3E74B36EDF3B200516936BD188E7C13F56A8C6F699822EFEB4A2981A8A21AE48DF9BAE16AE3F6DBFCD596AB217642D47FD942608C56A764D01C08BEDF295F524DCD71FE3C2F4C8B2
2026-01-16 10:05:22 - app - INFO -   ✓ reqId: d3991482da584722
2026-01-16 10:05:22 - app - INFO - 步骤2: 获取RSA公钥...
2026-01-16 10:05:22 - app - INFO -   状态码: 200
2026-01-16 10:05:22 - app - INFO -   返回码: 0
2026-01-16 10:05:22 - app - INFO -   ✓ 公钥长度: 216
2026-01-16 10:05:22 - app - INFO -   ✓ pre前缀: {NRP}
2026-01-16 10:05:22 - app - INFO - 步骤3: 加密用户名和密码...
2026-01-16 10:05:22 - app - INFO -   ✓ 用户名加密成功，长度: 261
2026-01-16 10:05:22 - app - INFO -   ✓ 密码加密成功，长度: 261
2026-01-16 10:05:22 - app - INFO - 步骤4: 提交登录请求...
2026-01-16 10:05:22 - app - INFO -   状态码: 200
2026-01-16 10:05:22 - app - INFO -   返回码: 0
2026-01-16 10:05:22 - app - INFO -   返回消息: 登录成功
2026-01-16 10:05:22 - app - INFO -   ✓ 登录成功！
2026-01-16 10:05:22 - app - INFO -   重定向URL: https://m.cloud.189.cn/zhuanti/2020/loginErrorPc/index.html?appId=8025431004&paras=7A69DBCD46489964F...
2026-01-16 10:05:22 - app - INFO - 步骤5: 访问重定向URL获取Cookie...
2026-01-16 10:05:22 - app - INFO -   状态码: 200
2026-01-16 10:05:22 - app - INFO -   ✓ 获取到 7 个Cookie字段
2026-01-16 10:05:22 - app - INFO -   Cookie字段: ['GRAYNUMBER', 'GUID', 'LT', 'OPENINFO', 'SSON', 'pageOp', 'JSESSIONID']
2026-01-16 10:05:22 - app - INFO - 已设置 7 个Cookie字段
2026-01-16 10:05:22 - app - INFO - 189账号容量响应: status=400
2026-01-16 10:05:22 - app - ERROR - 获取189账号信息失败，状态码: 400
2026-01-16 10:05:25 - app - INFO - 检查登录状态, session内容: {'_permanent': True, 'user_id': 1, 'username': 'admin'}, cookies: ImmutableMultiDict([('session', 'eyJfcGVybWFuZW50Ijp0cnVlLCJ1c2VyX2lkIjoxLCJ1c2VybmFtZSI6ImFkbWluIn0.aWmc5Q.Vz8PHhncg0IZ02SQ8evZEpMcRkQ')])
2026-01-16 10:05:25 - app - INFO - 检查登录状态, session内容: {'_permanent': True, 'user_id': 1, 'username': 'admin'}, cookies: ImmutableMultiDict([('session', 'eyJfcGVybWFuZW50Ijp0cnVlLCJ1c2VyX2lkIjoxLCJ1c2VybmFtZSI6ImFkbWluIn0.aWmc5Q.Vz8PHhncg0IZ02SQ8evZEpMcRkQ')])
2026-01-16 10:05:27 - app - INFO - 检查更新: 当前版本 2.1.4
2026-01-16 10:05:38 - app - ERROR - 获取今日统计失败: no such table: daily_usage_stats
2026-01-16 10:05:40 - app - INFO - 检查更新成功: {'has_update': False, 'message': '当前已是最新版本'}
2026-01-16 10:06:07 - app - INFO - 步骤1: 获取登录表单参数...
2026-01-16 10:06:19 - app - INFO -   状态码: 200, 内容长度: 23370
2026-01-16 10:06:19 - app - INFO -   ✓ captchaToken: d4f3feec528d4250fabb...
2026-01-16 10:06:19 - app - INFO -   ✓ lt: 2BDD95BB3646914231A3...
2026-01-16 10:06:19 - app - INFO -   ✓ paramId: 8750638AF49B7D5D4A9D88292A115201162FE090BF6A1001A8E833DA8E032E9014AF7FC0D567B76A48EE7F6A08FC2B6694FF4CDE05E380533245818A9DA4CEA7FF99E30DFA73F24A
2026-01-16 10:06:19 - app - INFO -   ✓ reqId: d0cd873bc7b044c9
2026-01-16 10:06:19 - app - INFO - 步骤2: 获取RSA公钥...
2026-01-16 10:06:19 - app - INFO -   状态码: 200
2026-01-16 10:06:19 - app - INFO -   返回码: 0
2026-01-16 10:06:19 - app - INFO -   ✓ 公钥长度: 216
2026-01-16 10:06:19 - app - INFO -   ✓ pre前缀: {NRP}
2026-01-16 10:06:19 - app - INFO - 步骤3: 加密用户名和密码...
2026-01-16 10:06:19 - app - INFO -   ✓ 用户名加密成功，长度: 261
2026-01-16 10:06:19 - app - INFO -   ✓ 密码加密成功，长度: 261
2026-01-16 10:06:19 - app - INFO - 步骤4: 提交登录请求...
2026-01-16 10:06:19 - app - INFO -   状态码: 200
2026-01-16 10:06:19 - app - INFO -   返回码: 0
2026-01-16 10:06:19 - app - INFO -   返回消息: 登录成功
2026-01-16 10:06:19 - app - INFO -   ✓ 登录成功！
2026-01-16 10:06:19 - app - INFO -   重定向URL: https://m.cloud.189.cn/zhuanti/2020/loginErrorPc/index.html?appId=8025431004&paras=B336BEABFE7B5720A...
2026-01-16 10:06:19 - app - INFO - 步骤5: 访问重定向URL获取Cookie...
2026-01-16 10:06:19 - app - INFO -   状态码: 200
2026-01-16 10:06:19 - app - INFO -   ✓ 获取到 7 个Cookie字段
2026-01-16 10:06:19 - app - INFO -   Cookie字段: ['GRAYNUMBER', 'GUID', 'LT', 'OPENINFO', 'SSON', 'pageOp', 'JSESSIONID']
2026-01-16 10:06:19 - app - INFO - 已设置 7 个Cookie字段
2026-01-16 10:06:19 - app - INFO - 189账号容量响应: status=400
2026-01-16 10:06:19 - app - ERROR - 获取189账号信息失败，状态码: 400
2026-01-16 10:08:20 - app - INFO - 许可证管理器初始化完成,服务器: http://license.22l2.com
2026-01-16 10:08:20 - app - INFO - 初始化许可证管理器...
2026-01-16 10:08:22 - app - INFO - 解密密钥设置成功
2026-01-16 10:08:22 - app - INFO - 解密密钥获取成功
2026-01-16 10:08:22 - app - INFO - 解密密钥获取成功，配置已就绪
2026-01-16 10:08:22 - app - INFO - 配置解密成功
2026-01-16 10:08:22 - app - INFO - 夸克API配置加载成功
2026-01-16 10:08:22 - app - INFO - 夸克API配置加载完成
2026-01-16 10:08:22 - app - INFO - 检查数据库...
2026-01-16 10:08:22 - app - INFO - 数据库检查完成
2026-01-16 10:08:22 - app - INFO - 检查数据库迁移...
2026-01-16 10:08:22 - app - INFO - 数据库迁移检查完成
2026-01-16 10:08:22 - app - INFO - 清理异常中断的任务状态...
2026-01-16 10:08:22 - app - INFO - 升级管理器初始化完成
2026-01-16 10:08:22 - app - INFO - Flask应用创建成功
2026-01-16 10:08:22 - app - INFO - 静态文件目录: C:\Data\夸克转存\client\frontend
2026-01-16 10:08:22 - app - INFO - 启动任务调度服务...
2026-01-16 10:08:22 - app - INFO - 检查被中断的影视下载任务...
2026-01-16 10:08:22 - app - INFO - 没有需要恢复的影视下载任务
2026-01-16 10:08:22 - app - INFO - 账期生成循环已启动
2026-01-16 10:08:22 - app - INFO - 账期生成线程已启动
2026-01-16 10:08:22 - app - INFO - 开始生成 2026-01-16 的任务账期
2026-01-16 10:08:22 - app - INFO - 任务执行循环已启动
2026-01-16 10:08:22 - app - INFO - 任务执行线程已启动
2026-01-16 10:08:22 - app - INFO - 日志清理循环已启动
2026-01-16 10:08:22 - app - INFO - 日志清理线程已启动
2026-01-16 10:08:22 - app - INFO - 下次日志清理时间: 2026-01-17 02:00:00
2026-01-16 10:08:22 - app - INFO - 启动Flask服务: http://0.0.0.0:8520
2026-01-16 10:08:22 - app - INFO - 跳过一次性执行任务: 测试
2026-01-16 10:08:22 - app - INFO - 跳过一次性执行任务: 测试谢谢谢谢
2026-01-16 10:08:22 - app - INFO - 跳过一次性执行任务: 小城大事
2026-01-16 10:08:22 - app - INFO - ✅ 生成完成，共创建 0 条待执行记录
2026-01-16 10:08:22 - app - INFO - 下次生成账期时间: 2026-01-17 00:00:00, 等待 49898 秒
2026-01-16 10:08:26 - app - INFO - 步骤1: 获取登录表单参数...
2026-01-16 10:08:37 - app - INFO -   状态码: 200, 内容长度: 23370
2026-01-16 10:08:37 - app - INFO -   ✓ captchaToken: 9ad4e89818aa3fcaa00e...
2026-01-16 10:08:37 - app - INFO -   ✓ lt: 12E85C4A254245FE4FBD...
2026-01-16 10:08:37 - app - INFO -   ✓ paramId: 0FE9FD52EC4AD35101606F1100F6EB129CDC76E5DB339DB4C1EA3715A8A15387B680CE6B5ED23C9395B0335247AAAAFABD82381B62C015523102DBFE6BD942BF3DB0BB779EB0779B
2026-01-16 10:08:37 - app - INFO -   ✓ reqId: 9787ffe2a9b8401d
2026-01-16 10:08:37 - app - INFO - 步骤2: 获取RSA公钥...
2026-01-16 10:08:37 - app - INFO -   状态码: 200
2026-01-16 10:08:37 - app - INFO -   返回码: 0
2026-01-16 10:08:37 - app - INFO -   ✓ 公钥长度: 216
2026-01-16 10:08:37 - app - INFO -   ✓ pre前缀: {NRP}
2026-01-16 10:08:37 - app - INFO - 步骤3: 加密用户名和密码...
2026-01-16 10:08:37 - app - INFO -   ✓ 用户名加密成功，长度: 261
2026-01-16 10:08:37 - app - INFO -   ✓ 密码加密成功，长度: 261
2026-01-16 10:08:37 - app - INFO - 步骤4: 提交登录请求...
2026-01-16 10:08:37 - app - INFO -   状态码: 200
2026-01-16 10:08:37 - app - INFO -   返回码: 0
2026-01-16 10:08:37 - app - INFO -   返回消息: 登录成功
2026-01-16 10:08:37 - app - INFO -   ✓ 登录成功！
2026-01-16 10:08:37 - app - INFO -   重定向URL: https://m.cloud.189.cn/zhuanti/2020/loginErrorPc/index.html?appId=8025431004&paras=CA63257314774B7A6...
2026-01-16 10:08:37 - app - INFO - 步骤5: 访问重定向URL获取Cookie...
2026-01-16 10:08:37 - app - INFO -   状态码: 200
2026-01-16 10:08:37 - app - INFO -   ✓ 获取到 7 个Cookie字段
2026-01-16 10:08:37 - app - INFO -   Cookie字段: ['GRAYNUMBER', 'GUID', 'LT', 'OPENINFO', 'SSON', 'pageOp', 'JSESSIONID']
2026-01-16 10:08:37 - app - INFO - 已设置 7 个Cookie字段
2026-01-16 10:08:38 - app - INFO - 189账号容量响应: status=400
2026-01-16 10:08:38 - app - ERROR - 获取189账号信息失败，状态码: 400
2026-01-16 10:09:10 - app - INFO - 步骤1: 获取登录表单参数...
2026-01-16 10:09:22 - app - INFO -   状态码: 200, 内容长度: 23370
2026-01-16 10:09:22 - app - INFO -   ✓ captchaToken: 59c48b5d776bc3442768...
2026-01-16 10:09:22 - app - INFO -   ✓ lt: 5FB1CE8609B9FB4BA54F...
2026-01-16 10:09:22 - app - INFO -   ✓ paramId: FADDBB01815D2EC6AC1781BDC6132B05E61827214BF0AB488465E8E3344452785885D135426A190591543B71877A7D23D9A6F73B2D7D2FC9ED9FE7AF98CD267E6089D7603F18C78C
2026-01-16 10:09:22 - app - INFO -   ✓ reqId: 5f0389b96fcb4d87
2026-01-16 10:09:22 - app - INFO - 步骤2: 获取RSA公钥...
2026-01-16 10:09:22 - app - INFO -   状态码: 200
2026-01-16 10:09:22 - app - INFO -   返回码: 0
2026-01-16 10:09:22 - app - INFO -   ✓ 公钥长度: 216
2026-01-16 10:09:22 - app - INFO -   ✓ pre前缀: {NRP}
2026-01-16 10:09:22 - app - INFO - 步骤3: 加密用户名和密码...
2026-01-16 10:09:22 - app - INFO -   ✓ 用户名加密成功，长度: 261
2026-01-16 10:09:22 - app - INFO -   ✓ 密码加密成功，长度: 261
2026-01-16 10:09:22 - app - INFO - 步骤4: 提交登录请求...
2026-01-16 10:09:22 - app - INFO -   状态码: 200
2026-01-16 10:09:22 - app - INFO -   返回码: 0
2026-01-16 10:09:22 - app - INFO -   返回消息: 登录成功
2026-01-16 10:09:22 - app - INFO -   ✓ 登录成功！
2026-01-16 10:09:22 - app - INFO -   重定向URL: https://m.cloud.189.cn/zhuanti/2020/loginErrorPc/index.html?appId=8025431004&paras=2BCF5752B9B3AD90B...
2026-01-16 10:09:22 - app - INFO - 步骤5: 访问重定向URL获取Cookie...
2026-01-16 10:09:22 - app - INFO -   状态码: 200
2026-01-16 10:09:22 - app - INFO -   ✓ 获取到 7 个Cookie字段
2026-01-16 10:09:22 - app - INFO -   Cookie字段: ['GRAYNUMBER', 'GUID', 'LT', 'OPENINFO', 'SSON', 'pageOp', 'JSESSIONID']
2026-01-16 10:09:22 - app - INFO - 已设置 7 个Cookie字段
2026-01-16 10:10:34 - app - INFO - 许可证管理器初始化完成,服务器: http://license.22l2.com
2026-01-16 10:10:34 - app - INFO - 初始化许可证管理器...
2026-01-16 10:10:36 - app - INFO - 解密密钥设置成功
2026-01-16 10:10:36 - app - INFO - 解密密钥获取成功
2026-01-16 10:10:36 - app - INFO - 解密密钥获取成功，配置已就绪
2026-01-16 10:10:36 - app - INFO - 配置解密成功
2026-01-16 10:10:36 - app - INFO - 夸克API配置加载成功
2026-01-16 10:10:36 - app - INFO - 夸克API配置加载完成
2026-01-16 10:10:36 - app - INFO - 检查数据库...
2026-01-16 10:10:36 - app - INFO - 数据库检查完成
2026-01-16 10:10:36 - app - INFO - 检查数据库迁移...
2026-01-16 10:10:36 - app - INFO - 数据库迁移检查完成
2026-01-16 10:10:36 - app - INFO - 清理异常中断的任务状态...
2026-01-16 10:10:36 - app - INFO - 升级管理器初始化完成
2026-01-16 10:10:36 - app - INFO - Flask应用创建成功
2026-01-16 10:10:36 - app - INFO - 静态文件目录: C:\Data\夸克转存\client\frontend
2026-01-16 10:10:36 - app - INFO - 启动任务调度服务...
2026-01-16 10:10:36 - app - INFO - 检查被中断的影视下载任务...
2026-01-16 10:10:36 - app - INFO - 没有需要恢复的影视下载任务
2026-01-16 10:10:36 - app - INFO - 账期生成循环已启动
2026-01-16 10:10:36 - app - INFO - 账期生成线程已启动
2026-01-16 10:10:36 - app - INFO - 开始生成 2026-01-16 的任务账期
2026-01-16 10:10:36 - app - INFO - 任务执行循环已启动
2026-01-16 10:10:36 - app - INFO - 任务执行线程已启动
2026-01-16 10:10:36 - app - INFO - 日志清理循环已启动
2026-01-16 10:10:36 - app - INFO - 日志清理线程已启动
2026-01-16 10:10:36 - app - INFO - 下次日志清理时间: 2026-01-17 02:00:00
2026-01-16 10:10:36 - app - INFO - 启动Flask服务: http://0.0.0.0:8520
2026-01-16 10:10:36 - app - INFO - 跳过一次性执行任务: 测试
2026-01-16 10:10:36 - app - INFO - 跳过一次性执行任务: 测试谢谢谢谢
2026-01-16 10:10:36 - app - INFO - 跳过一次性执行任务: 小城大事
2026-01-16 10:10:36 - app - INFO - ✅ 生成完成，共创建 0 条待执行记录
2026-01-16 10:10:36 - app - INFO - 下次生成账期时间: 2026-01-17 00:00:00, 等待 49764 秒
2026-01-16 10:10:42 - app - INFO - 步骤1: 获取登录表单参数...
2026-01-16 10:10:42 - app - INFO -   状态码: 200, 内容长度: 23363
2026-01-16 10:10:42 - app - INFO -   ✓ captchaToken: 8f1d1b824d19f76fa6a4...
2026-01-16 10:10:42 - app - INFO -   ✓ lt: FEDFA38D8AB5AD193D77...
2026-01-16 10:10:42 - app - INFO -   ✓ paramId: 3C119CC621F5A54A7B72182CE52BFBBF7B9148B5CF265A591335E2F657A4983CFB3F31939AEE680332B431C41E976039A613FE91B9E22D147E8414F60979DE90DBED50BEBC22EA11
2026-01-16 10:10:42 - app - INFO -   ✓ reqId: 91b6bce9da844f73
2026-01-16 10:10:42 - app - INFO - 步骤2: 获取RSA公钥...
2026-01-16 10:10:42 - app - INFO -   状态码: 200
2026-01-16 10:10:42 - app - INFO -   返回码: 0
2026-01-16 10:10:42 - app - INFO -   ✓ 公钥长度: 216
2026-01-16 10:10:42 - app - INFO -   ✓ pre前缀: {NRP}
2026-01-16 10:10:42 - app - INFO - 步骤3: 加密用户名和密码...
2026-01-16 10:10:42 - app - INFO -   ✓ 用户名加密成功，长度: 261
2026-01-16 10:10:42 - app - INFO -   ✓ 密码加密成功，长度: 261
2026-01-16 10:10:42 - app - INFO - 步骤4: 提交登录请求...
2026-01-16 10:10:43 - app - INFO -   状态码: 200
2026-01-16 10:10:43 - app - INFO -   返回码: 0
2026-01-16 10:10:43 - app - INFO -   返回消息: 登录成功
2026-01-16 10:10:43 - app - INFO -   ✓ 登录成功！
2026-01-16 10:10:43 - app - INFO -   重定向URL: https://cloud.189.cn/api/portal/callbackUnify.action?appId=8025431004&paras=C19BD04EF57FC1DD79C79422...
2026-01-16 10:10:43 - app - INFO - 步骤5: 访问重定向URL获取Cookie...
2026-01-16 10:10:43 - app - INFO -   状态码: 404
2026-01-16 10:10:43 - app - INFO -   ✓ 获取到 7 个Cookie字段
2026-01-16 10:10:43 - app - INFO -   Cookie字段: ['GRAYNUMBER', 'GUID', 'LT', 'OPENINFO', 'SSON', 'pageOp', 'JSESSIONID']
2026-01-16 10:10:43 - app - INFO - 已设置 7 个Cookie字段
2026-01-16 10:10:43 - app - INFO - 189账号容量响应: status=400
2026-01-16 10:10:43 - app - ERROR - 获取189账号信息失败，状态码: 400
2026-01-16 10:10:58 - app - INFO - 许可证管理器初始化完成,服务器: http://license.22l2.com
2026-01-16 10:10:58 - app - INFO - 初始化许可证管理器...
2026-01-16 10:10:59 - app - INFO - 解密密钥设置成功
2026-01-16 10:10:59 - app - INFO - 解密密钥获取成功
2026-01-16 10:10:59 - app - INFO - 解密密钥获取成功，配置已就绪
2026-01-16 10:10:59 - app - INFO - 配置解密成功
2026-01-16 10:10:59 - app - INFO - 夸克API配置加载成功
2026-01-16 10:10:59 - app - INFO - 夸克API配置加载完成
2026-01-16 10:10:59 - app - INFO - 检查数据库...
2026-01-16 10:10:59 - app - INFO - 数据库检查完成
2026-01-16 10:10:59 - app - INFO - 检查数据库迁移...
2026-01-16 10:10:59 - app - INFO - 数据库迁移检查完成
2026-01-16 10:10:59 - app - INFO - 清理异常中断的任务状态...
2026-01-16 10:11:00 - app - INFO - 升级管理器初始化完成
2026-01-16 10:11:00 - app - INFO - Flask应用创建成功
2026-01-16 10:11:00 - app - INFO - 静态文件目录: C:\Data\夸克转存\client\frontend
2026-01-16 10:11:00 - app - INFO - 启动任务调度服务...
2026-01-16 10:11:00 - app - INFO - 检查被中断的影视下载任务...
2026-01-16 10:11:00 - app - INFO - 没有需要恢复的影视下载任务
2026-01-16 10:11:00 - app - INFO - 账期生成循环已启动
2026-01-16 10:11:00 - app - INFO - 账期生成线程已启动
2026-01-16 10:11:00 - app - INFO - 开始生成 2026-01-16 的任务账期
2026-01-16 10:11:00 - app - INFO - 任务执行循环已启动
2026-01-16 10:11:00 - app - INFO - 任务执行线程已启动
2026-01-16 10:11:00 - app - INFO - 日志清理循环已启动
2026-01-16 10:11:00 - app - INFO - 日志清理线程已启动
2026-01-16 10:11:00 - app - INFO - 下次日志清理时间: 2026-01-17 02:00:00
2026-01-16 10:11:00 - app - INFO - 跳过一次性执行任务: 测试
2026-01-16 10:11:00 - app - INFO - 启动Flask服务: http://0.0.0.0:8520
2026-01-16 10:11:00 - app - INFO - 跳过一次性执行任务: 测试谢谢谢谢
2026-01-16 10:11:00 - app - INFO - 跳过一次性执行任务: 小城大事
2026-01-16 10:11:00 - app - INFO - ✅ 生成完成，共创建 0 条待执行记录
2026-01-16 10:11:00 - app - INFO - 下次生成账期时间: 2026-01-17 00:00:00, 等待 49740 秒
2026-01-16 10:11:04 - app - INFO - 步骤1: 获取登录表单参数...
2026-01-16 10:11:15 - app - INFO -   状态码: 200, 内容长度: 23343
2026-01-16 10:11:15 - app - INFO -   ✓ captchaToken: 981c38a49fa7cfd5fd82...
2026-01-16 10:11:15 - app - INFO -   ✓ lt: D3B512698939606EAAD5...
2026-01-16 10:11:15 - app - INFO -   ✓ paramId: FBE9D614B86929CF7955B1888C457196F51A95B4E55936577C403DC9E035334FFD846319CB7DC873125141E84EF59679CBAF913BAD3D3D081557B95655DC1CF1430501F2CFA61634
2026-01-16 10:11:15 - app - INFO -   ✓ reqId: cca3336acc604590
2026-01-16 10:11:15 - app - INFO - 步骤2: 获取RSA公钥...
2026-01-16 10:11:15 - app - INFO -   状态码: 200
2026-01-16 10:11:15 - app - INFO -   返回码: 0
2026-01-16 10:11:15 - app - INFO -   ✓ 公钥长度: 216
2026-01-16 10:11:15 - app - INFO -   ✓ pre前缀: {NRP}
2026-01-16 10:11:15 - app - INFO - 步骤3: 加密用户名和密码...
2026-01-16 10:11:15 - app - INFO -   ✓ 用户名加密成功，长度: 261
2026-01-16 10:11:15 - app - INFO -   ✓ 密码加密成功，长度: 261
2026-01-16 10:11:15 - app - INFO - 步骤4: 提交登录请求...
2026-01-16 10:11:15 - app - INFO -   状态码: 200
2026-01-16 10:11:15 - app - INFO -   返回码: 0
2026-01-16 10:11:15 - app - INFO -   返回消息: 登录成功
2026-01-16 10:11:15 - app - INFO -   ✓ 登录成功！
2026-01-16 10:11:15 - app - INFO -   重定向URL: https://cloud.189.cn/main.action?appId=8025431004&paras=A7F0998046FB41DB65565294AFBB21CA163275218554...
2026-01-16 10:11:15 - app - INFO - 步骤5: 访问重定向URL获取Cookie...
2026-01-16 10:11:16 - app - INFO -   状态码: 200
2026-01-16 10:11:16 - app - INFO -   ✓ 获取到 7 个Cookie字段
2026-01-16 10:11:16 - app - INFO -   Cookie字段: ['GRAYNUMBER', 'GUID', 'LT', 'OPENINFO', 'SSON', 'pageOp', 'JSESSIONID']
2026-01-16 10:11:16 - app - INFO - 已设置 7 个Cookie字段
2026-01-16 10:11:16 - app - INFO - 189账号容量响应: status=400
2026-01-16 10:11:16 - app - ERROR - 获取189账号信息失败，状态码: 400
2026-01-16 10:23:45 - app - INFO - 许可证管理器初始化完成,服务器: http://license.22l2.com
2026-01-16 10:23:46 - app - INFO - 初始化许可证管理器...
2026-01-16 10:23:47 - app - INFO - 解密密钥设置成功
2026-01-16 10:23:47 - app - INFO - 解密密钥获取成功
2026-01-16 10:23:47 - app - INFO - 解密密钥获取成功，配置已就绪
2026-01-16 10:23:47 - app - INFO - 配置解密成功
2026-01-16 10:23:47 - app - INFO - 夸克API配置加载成功
2026-01-16 10:23:47 - app - INFO - 夸克API配置加载完成
2026-01-16 10:23:47 - app - INFO - 检查数据库...
2026-01-16 10:23:47 - app - INFO - 数据库检查完成
2026-01-16 10:23:47 - app - INFO - 检查数据库迁移...
2026-01-16 10:23:47 - app - INFO - 数据库迁移检查完成
2026-01-16 10:23:47 - app - INFO - 清理异常中断的任务状态...
2026-01-16 10:23:47 - app - INFO - 升级管理器初始化完成
2026-01-16 10:23:47 - app - INFO - Flask应用创建成功
2026-01-16 10:23:47 - app - INFO - 静态文件目录: C:\Data\夸克转存\client\frontend
2026-01-16 10:23:47 - app - INFO - 启动任务调度服务...
2026-01-16 10:23:47 - app - INFO - 检查被中断的影视下载任务...
2026-01-16 10:23:47 - app - INFO - 没有需要恢复的影视下载任务
2026-01-16 10:23:47 - app - INFO - 账期生成循环已启动
2026-01-16 10:23:47 - app - INFO - 账期生成线程已启动
2026-01-16 10:23:47 - app - INFO - 开始生成 2026-01-16 的任务账期
2026-01-16 10:23:47 - app - INFO - 任务执行循环已启动
2026-01-16 10:23:47 - app - INFO - 任务执行线程已启动
2026-01-16 10:23:47 - app - INFO - 日志清理循环已启动
2026-01-16 10:23:47 - app - INFO - 日志清理线程已启动
2026-01-16 10:23:47 - app - INFO - 下次日志清理时间: 2026-01-17 02:00:00
2026-01-16 10:23:47 - app - INFO - 跳过一次性执行任务: 测试
2026-01-16 10:23:47 - app - INFO - 启动Flask服务: http://0.0.0.0:8520
2026-01-16 10:23:47 - app - INFO - 跳过一次性执行任务: 测试谢谢谢谢
2026-01-16 10:23:47 - app - INFO - 跳过一次性执行任务: 小城大事
2026-01-16 10:23:47 - app - INFO - ✅ 生成完成，共创建 0 条待执行记录
2026-01-16 10:23:47 - app - INFO - 下次生成账期时间: 2026-01-17 00:00:00, 等待 48973 秒
2026-01-16 10:26:31 - app - INFO - 许可证管理器初始化完成,服务器: http://license.22l2.com
2026-01-16 10:26:31 - app - INFO - 初始化许可证管理器...
2026-01-16 10:26:34 - app - INFO - 解密密钥设置成功
2026-01-16 10:26:34 - app - INFO - 解密密钥获取成功
2026-01-16 10:26:34 - app - INFO - 解密密钥获取成功，配置已就绪
2026-01-16 10:26:34 - app - INFO - 配置解密成功
2026-01-16 10:26:34 - app - INFO - 夸克API配置加载成功
2026-01-16 10:26:34 - app - INFO - 夸克API配置加载完成
2026-01-16 10:26:34 - app - INFO - 检查数据库...
2026-01-16 10:26:34 - app - INFO - 数据库检查完成
2026-01-16 10:26:34 - app - INFO - 检查数据库迁移...
2026-01-16 10:26:34 - app - INFO - 数据库迁移检查完成
2026-01-16 10:26:34 - app - INFO - 清理异常中断的任务状态...
2026-01-16 10:26:34 - app - INFO - 升级管理器初始化完成
2026-01-16 10:26:34 - app - INFO - Flask应用创建成功
2026-01-16 10:26:34 - app - INFO - 静态文件目录: C:\Data\夸克转存\client\frontend
2026-01-16 10:26:34 - app - INFO - 启动任务调度服务...
2026-01-16 10:26:34 - app - INFO - 检查被中断的影视下载任务...
2026-01-16 10:26:34 - app - INFO - 没有需要恢复的影视下载任务
2026-01-16 10:26:34 - app - INFO - 账期生成循环已启动
2026-01-16 10:26:34 - app - INFO - 账期生成线程已启动
2026-01-16 10:26:34 - app - INFO - 开始生成 2026-01-16 的任务账期
2026-01-16 10:26:34 - app - INFO - 任务执行循环已启动
2026-01-16 10:26:34 - app - INFO - 任务执行线程已启动
2026-01-16 10:26:34 - app - INFO - 日志清理循环已启动
2026-01-16 10:26:34 - app - INFO - 日志清理线程已启动
2026-01-16 10:26:34 - app - INFO - 下次日志清理时间: 2026-01-17 02:00:00
2026-01-16 10:26:34 - app - INFO - 启动Flask服务: http://0.0.0.0:8520
2026-01-16 10:26:34 - app - INFO - 跳过一次性执行任务: 测试
2026-01-16 10:26:34 - app - INFO - 跳过一次性执行任务: 测试谢谢谢谢
2026-01-16 10:26:34 - app - INFO - 跳过一次性执行任务: 小城大事
2026-01-16 10:26:34 - app - INFO - ✅ 生成完成，共创建 0 条待执行记录
2026-01-16 10:26:34 - app - INFO - 下次生成账期时间: 2026-01-17 00:00:00, 等待 48806 秒
2026-01-16 10:27:01 - app - INFO - 许可证管理器初始化完成,服务器: http://license.22l2.com
2026-01-16 10:27:01 - app - INFO - 初始化许可证管理器...
2026-01-16 10:27:03 - app - INFO - 解密密钥设置成功
2026-01-16 10:27:03 - app - INFO - 解密密钥获取成功
2026-01-16 10:27:03 - app - INFO - 解密密钥获取成功，配置已就绪
2026-01-16 10:27:03 - app - INFO - 配置解密成功
2026-01-16 10:27:03 - app - INFO - 夸克API配置加载成功
2026-01-16 10:27:03 - app - INFO - 夸克API配置加载完成
2026-01-16 10:27:03 - app - INFO - 检查数据库...
2026-01-16 10:27:03 - app - INFO - 数据库检查完成
2026-01-16 10:27:03 - app - INFO - 检查数据库迁移...
2026-01-16 10:27:03 - app - INFO - 数据库迁移检查完成
2026-01-16 10:27:03 - app - INFO - 清理异常中断的任务状态...
2026-01-16 10:27:03 - app - INFO - 升级管理器初始化完成
2026-01-16 10:27:03 - app - INFO - Flask应用创建成功
2026-01-16 10:27:03 - app - INFO - 静态文件目录: C:\Data\夸克转存\client\frontend
2026-01-16 10:27:03 - app - INFO - 启动任务调度服务...
2026-01-16 10:27:03 - app - INFO - 检查被中断的影视下载任务...
2026-01-16 10:27:03 - app - INFO - 没有需要恢复的影视下载任务
2026-01-16 10:27:03 - app - INFO - 账期生成循环已启动
2026-01-16 10:27:03 - app - INFO - 账期生成线程已启动
2026-01-16 10:27:03 - app - INFO - 开始生成 2026-01-16 的任务账期
2026-01-16 10:27:03 - app - INFO - 任务执行循环已启动
2026-01-16 10:27:03 - app - INFO - 任务执行线程已启动
2026-01-16 10:27:03 - app - INFO - 日志清理循环已启动
2026-01-16 10:27:03 - app - INFO - 日志清理线程已启动
2026-01-16 10:27:03 - app - INFO - 下次日志清理时间: 2026-01-17 02:00:00
2026-01-16 10:27:03 - app - INFO - 启动Flask服务: http://0.0.0.0:8520
2026-01-16 10:27:03 - app - INFO - 跳过一次性执行任务: 测试
2026-01-16 10:27:03 - app - INFO - 跳过一次性执行任务: 测试谢谢谢谢
2026-01-16 10:27:03 - app - INFO - 跳过一次性执行任务: 小城大事
2026-01-16 10:27:03 - app - INFO - ✅ 生成完成，共创建 0 条待执行记录
2026-01-16 10:27:03 - app - INFO - 下次生成账期时间: 2026-01-17 00:00:00, 等待 48777 秒
2026-01-16 10:27:22 - app - INFO - 许可证管理器初始化完成,服务器: http://license.22l2.com
2026-01-16 10:27:23 - app - INFO - 初始化许可证管理器...
2026-01-16 10:27:24 - app - INFO - 解密密钥设置成功
2026-01-16 10:27:24 - app - INFO - 解密密钥获取成功
2026-01-16 10:27:24 - app - INFO - 解密密钥获取成功，配置已就绪
2026-01-16 10:27:24 - app - INFO - 配置解密成功
2026-01-16 10:27:24 - app - INFO - 夸克API配置加载成功
2026-01-16 10:27:24 - app - INFO - 夸克API配置加载完成
2026-01-16 10:27:24 - app - INFO - 检查数据库...
2026-01-16 10:27:24 - app - INFO - 数据库检查完成
2026-01-16 10:27:24 - app - INFO - 检查数据库迁移...
2026-01-16 10:27:24 - app - INFO - 数据库迁移检查完成
2026-01-16 10:27:24 - app - INFO - 清理异常中断的任务状态...
2026-01-16 10:27:24 - app - INFO - 升级管理器初始化完成
2026-01-16 10:27:24 - app - INFO - Flask应用创建成功
2026-01-16 10:27:24 - app - INFO - 静态文件目录: C:\Data\夸克转存\client\frontend
2026-01-16 10:27:24 - app - INFO - 启动任务调度服务...
2026-01-16 10:27:24 - app - INFO - 检查被中断的影视下载任务...
2026-01-16 10:27:24 - app - INFO - 没有需要恢复的影视下载任务
2026-01-16 10:27:24 - app - INFO - 账期生成循环已启动
2026-01-16 10:27:24 - app - INFO - 账期生成线程已启动
2026-01-16 10:27:24 - app - INFO - 开始生成 2026-01-16 的任务账期
2026-01-16 10:27:24 - app - INFO - 任务执行循环已启动
2026-01-16 10:27:24 - app - INFO - 任务执行线程已启动
2026-01-16 10:27:24 - app - INFO - 日志清理循环已启动
2026-01-16 10:27:24 - app - INFO - 日志清理线程已启动
2026-01-16 10:27:24 - app - INFO - 下次日志清理时间: 2026-01-17 02:00:00
2026-01-16 10:27:24 - app - INFO - 启动Flask服务: http://0.0.0.0:8520
2026-01-16 10:27:24 - app - INFO - 跳过一次性执行任务: 测试
2026-01-16 10:27:24 - app - INFO - 跳过一次性执行任务: 测试谢谢谢谢
2026-01-16 10:27:24 - app - INFO - 跳过一次性执行任务: 小城大事
2026-01-16 10:27:24 - app - INFO - ✅ 生成完成，共创建 0 条待执行记录
2026-01-16 10:27:24 - app - INFO - 下次生成账期时间: 2026-01-17 00:00:00, 等待 48755 秒
2026-01-16 10:27:40 - app - INFO - 许可证管理器初始化完成,服务器: http://license.22l2.com
2026-01-16 10:27:40 - app - INFO - 初始化许可证管理器...
2026-01-16 10:27:41 - app - INFO - 解密密钥设置成功
2026-01-16 10:27:41 - app - INFO - 解密密钥获取成功
2026-01-16 10:27:41 - app - INFO - 解密密钥获取成功，配置已就绪
2026-01-16 10:27:41 - app - INFO - 配置解密成功
2026-01-16 10:27:41 - app - INFO - 夸克API配置加载成功
2026-01-16 10:27:41 - app - INFO - 夸克API配置加载完成
2026-01-16 10:27:41 - app - INFO - 检查数据库...
2026-01-16 10:27:41 - app - INFO - 数据库检查完成
2026-01-16 10:27:41 - app - INFO - 检查数据库迁移...
2026-01-16 10:27:41 - app - INFO - 数据库迁移检查完成
2026-01-16 10:27:41 - app - INFO - 清理异常中断的任务状态...
2026-01-16 10:27:41 - app - INFO - 升级管理器初始化完成
2026-01-16 10:27:41 - app - INFO - Flask应用创建成功
2026-01-16 10:27:41 - app - INFO - 静态文件目录: C:\Data\夸克转存\client\frontend
2026-01-16 10:27:41 - app - INFO - 启动任务调度服务...
2026-01-16 10:27:41 - app - INFO - 检查被中断的影视下载任务...
2026-01-16 10:27:41 - app - INFO - 没有需要恢复的影视下载任务
2026-01-16 10:27:41 - app - INFO - 账期生成循环已启动
2026-01-16 10:27:41 - app - INFO - 账期生成线程已启动
2026-01-16 10:27:41 - app - INFO - 开始生成 2026-01-16 的任务账期
2026-01-16 10:27:41 - app - INFO - 任务执行循环已启动
2026-01-16 10:27:41 - app - INFO - 任务执行线程已启动
2026-01-16 10:27:41 - app - INFO - 日志清理循环已启动
2026-01-16 10:27:41 - app - INFO - 日志清理线程已启动
2026-01-16 10:27:41 - app - INFO - 下次日志清理时间: 2026-01-17 02:00:00
2026-01-16 10:27:41 - app - INFO - 跳过一次性执行任务: 测试
2026-01-16 10:27:41 - app - INFO - 启动Flask服务: http://0.0.0.0:8520
2026-01-16 10:27:41 - app - INFO - 跳过一次性执行任务: 测试谢谢谢谢
2026-01-16 10:27:41 - app - INFO - 跳过一次性执行任务: 小城大事
2026-01-16 10:27:41 - app - INFO - ✅ 生成完成，共创建 0 条待执行记录
2026-01-16 10:27:41 - app - INFO - 下次生成账期时间: 2026-01-17 00:00:00, 等待 48738 秒
2026-01-16 10:30:44 - app - INFO - 步骤1: 获取登录表单参数...
2026-01-16 10:30:55 - app - INFO -   状态码: 200, 内容长度: 23370
2026-01-16 10:30:55 - app - INFO -   ✓ captchaToken: e27ee53409f8d44c0c8f...
2026-01-16 10:30:55 - app - INFO -   ✓ lt: B3DF4783CD803D704232...
2026-01-16 10:30:55 - app - INFO -   ✓ paramId: 78885D87F1CD93A90C81F1BBFF1C47A918E9430EDB9C25B70269624663BF7767D39B8C2EC19727AFF7579A818DBDF51613C5D51D1F54863039F106E14A5234E2D216649202C46295
2026-01-16 10:30:55 - app - INFO -   ✓ reqId: e0390ac2a79842ac
2026-01-16 10:30:55 - app - INFO - 步骤2: 获取RSA公钥...
2026-01-16 10:30:55 - app - INFO -   状态码: 200
2026-01-16 10:30:55 - app - INFO -   返回码: 0
2026-01-16 10:30:55 - app - INFO -   ✓ 公钥长度: 216
2026-01-16 10:30:55 - app - INFO -   ✓ pre前缀: {NRP}
2026-01-16 10:30:55 - app - INFO - 步骤3: 加密用户名和密码...
2026-01-16 10:30:55 - app - INFO -   ✓ 用户名加密成功，长度: 261
2026-01-16 10:30:55 - app - INFO -   ✓ 密码加密成功，长度: 261
2026-01-16 10:30:55 - app - INFO - 步骤4: 提交登录请求...
2026-01-16 10:30:55 - app - INFO -   状态码: 200
2026-01-16 10:30:55 - app - INFO -   返回码: 0
2026-01-16 10:30:55 - app - INFO -   返回消息: 登录成功
2026-01-16 10:30:55 - app - INFO -   ✓ 登录成功！
2026-01-16 10:30:55 - app - INFO -   重定向URL: https://m.cloud.189.cn/zhuanti/2020/loginErrorPc/index.html?appId=8025431004&paras=CB85A84C1AAD7E95C...
2026-01-16 10:30:55 - app - INFO - 步骤6: 调用getSessionForPC获取会话凭证...
2026-01-16 10:30:56 - app - INFO -   状态码: 200
2026-01-16 10:30:56 - app - INFO -   ✓ sessionKey: a71a498c-3f26-4370-b...
2026-01-16 10:30:56 - app - INFO -   ✓ accessToken: 2010357b3aa949fd8026...
2026-01-16 10:30:56 - app - INFO - 步骤7: 使用sessionKey建立cloud.189.cn会话...
2026-01-16 10:30:56 - app - INFO -   状态码: 200
2026-01-16 10:30:56 - app - INFO -     COOKIE_LOGIN_USER: domain=.cloud.189.cn
2026-01-16 10:30:56 - app - INFO -   ✓ 获取到 1 个cloud.189.cn域名的Cookie
2026-01-16 10:30:56 - app - INFO -   Cookie字段: ['COOKIE_LOGIN_USER']
2026-01-16 10:30:56 - app - INFO - 已设置 1 个Cookie字段
2026-01-16 10:30:56 - app - INFO - 189账号容量响应: status=200
2026-01-16 10:30:56 - app - INFO - 189账号信息结果: {'res_code': 0, 'res_message': '成功', 'account': '151****9783@189.cn', 'cloudCapacityInfo': {'freeSize': 10989295869202, 'mail189UsedSize': 0, 'totalSize': 11011341942784, 'usedSize': 22046073582}, 'familyCapacityInfo': {'freeSize': 32198198215, 'totalSize': 32212254720, 'usedSize': 14056505}, 'totalSize': 11043554197504}
2026-01-16 10:30:57 - app - INFO - 已设置 1 个Cookie字段
2026-01-16 10:30:57 - app - INFO - 189账号容量响应: status=200
2026-01-16 10:30:57 - app - INFO - 189账号信息结果: {'res_code': 0, 'res_message': '成功', 'account': '151****9783@189.cn', 'cloudCapacityInfo': {'freeSize': 10989295869202, 'mail189UsedSize': 0, 'totalSize': 11011341942784, 'usedSize': 22046073582}, 'familyCapacityInfo': {'freeSize': 32198198215, 'totalSize': 32212254720, 'usedSize': 14056505}, 'totalSize': 11043554197504}
2026-01-16 10:30:57 - app - INFO - 创建天翼189云盘账号成功: 天意 (ID: 3)
2026-01-16 10:31:21 - app - INFO - 浏览分享文件请求: url=https://h5.cloud.189.cn/share.html#/t/JV3Y3mZreqmi, pdir_fid=0, account_id=3
2026-01-16 10:31:21 - app - INFO - 账号云盘类型: cloud189
2026-01-16 10:31:21 - app - INFO - 已设置 1 个Cookie字段
2026-01-16 10:31:21 - app - INFO - 解析天翼分享链接: url=https://h5.cloud.189.cn/share.html#/t/JV3Y3mZreqmi, share_code=JV3Y3mZreqmi, access_code=
2026-01-16 10:31:21 - app - INFO - 解析结果: share_code=JV3Y3mZreqmi, access_code=
2026-01-16 10:31:21 - app - INFO - 获取分享信息: share_code=JV3Y3mZreqmi
2026-01-16 10:31:21 - app - INFO - 分享信息响应: {'res_code': 0, 'res_message': '成功', 'accessCode': '', 'creator': {'iconURL': 'https://preview.cloud.189.cn/image/imageAction?param=3244D0B79A5F9017882E08A3202211AF5CBFF94559E539C15938F5D034489D79DA6E1C1E241D9A94549BF10350833E2C6BF99ECC610606EE51E2D11D47CC12C56C6D580610DB09B3A54FD3B48C2D77AC5749140AD20D2DE272EFFC0B66BDE9479D3466A9BA41C435D4C829CE3D9B51CD', 'nickName': '-', 'oper': False, 'ownerAccount': '153****6720@189.cn', 'superVip': 200, 'vip': 0}, 'expireTime': 0, 'expireType': 0, 'fileCreateDate': '2026-01-15 00:09:35', 'fileId': '323421229629570696', 'fileLastOpTime': '2026-01-15 00:29:11', 'fileName': '不良医生！ (2026)', 'fileSize': 0, 'fileType': '', 'isFolder': True, 'needAccessCode': 1, 'reviewStatus': 1, 'shareDate': 1768406975000, 'shareId': 12547119517682, 'shareMode': 3, 'shareType': 1}
2026-01-16 10:31:21 - app - INFO - 分享ID: 12547119517682, 分享模式: 3, 根文件ID: 323421229629570696, 是否文件夹: True
2026-01-16 10:31:21 - app - INFO - 获取分享文件列表: share_id=12547119517682, file_id=, share_mode=3, root_file_id=323421229629570696
2026-01-16 10:31:21 - app - INFO - 列出分享目录请求: {'shareId': 12547119517682, 'isFolder': 'true', 'shareMode': 3, 'orderBy': 'lastOpTime', 'descending': 'true', 'pageNum': 1, 'pageSize': 1000, 'fileId': '323421229629570696'}
2026-01-16 10:31:21 - app - INFO - 列出分享目录响应: {'res_code': 0, 'res_message': '成功', 'expireTime': 0, 'expireType': 0, 'fileListAO': {'count': 2, 'fileList': [{'createDate': '2026-01-15 00:12:04', 'fileCata': 1, 'id': 525233229659568152, 'lastOpTime': '2026-01-15 00:12:04', 'md5': '2DB96647BD5C3C356863B1685A4734E8', 'mediaType': 4, 'name': '雷鲸小站3.txt', 'rev': '20260115001204', 'size': 204, 'starLabel': 2}], 'fileListSize': 1, 'folderList': [{'createDate': '2026-01-15 00:02:36', 'fileCata': 1, 'fileListSize': 0, 'id': 924631229621493439, 'lastOpTime': '2026-01-15 00:29:11', 'name': 'Season 1', 'parentId': 323421229629570696, 'rev': '20260115002911', 'starLabel': 2}]}, 'lastRev': 20260116103206}
2026-01-16 10:31:21 - app - INFO - 分享文件列表响应: {'res_code': 0, 'res_message': '成功', 'expireTime': 0, 'expireType': 0, 'fileListAO': {'count': 2, 'fileList': [{'createDate': '2026-01-15 00:12:04', 'fileCata': 1, 'id': 525233229659568152, 'lastOpTime': '2026-01-15 00:12:04', 'md5': '2DB96647BD5C3C356863B1685A4734E8', 'mediaType': 4, 'name': '雷鲸小站3.txt', 'rev': '20260115001204', 'size': 204, 'starLabel': 2}], 'fileListSize': 1, 'folderList': [{'createDate': '2026-01-15 00:02:36', 'fileCata': 1, 'fileListSize': 0, 'id': 924631229621493439, 'lastOpTime': '2026-01-15 00:29:11', 'name': 'Season 1', 'parentId': 323421229629570696, 'rev': '20260115002911', 'starLabel': 2}]}, 'lastRev': 20260116103206}
2026-01-16 10:31:27 - app - INFO - 已设置 1 个Cookie字段
2026-01-16 10:31:27 - app - INFO - 189获取文件列表请求: folder_id=-11, page=1, size=100
2026-01-16 10:31:32 - app - INFO - 189文件列表响应状态码: 200
2026-01-16 10:31:32 - app - INFO - 189文件列表获取成功: 文件夹11个, 文件2个
2026-01-16 10:31:35 - app - INFO - 已设置 1 个Cookie字段
2026-01-16 10:31:35 - app - INFO - 189获取文件列表请求: folder_id=323911228907722297, page=1, size=100
2026-01-16 10:31:35 - app - INFO - 189文件列表响应状态码: 200
2026-01-16 10:31:35 - app - INFO - 189文件列表获取成功: 文件夹0个, 文件0个
2026-01-16 10:31:42 - app - INFO - 更新转存任务成功: ID 2
2026-01-16 10:31:48 - app - INFO - [execute_task] 开始执行任务: task_id=2
2026-01-16 10:31:49 - app - INFO - [任务2] 开始执行任务: 测试谢谢谢谢
2026-01-16 10:31:49 - app - INFO - [任务2] 使用账号: 天意
2026-01-16 10:31:49 - app - INFO - [任务2] 目标路径: /测试
2026-01-16 10:31:49 - app - INFO - [任务2] 云盘类型: cloud189
2026-01-16 10:31:49 - app - INFO - 已设置 1 个Cookie字段
2026-01-16 10:31:49 - app - INFO - [任务2] 共有 1 个分享链接待处理
2026-01-16 10:31:49 - app - INFO - [任务2] [1/1] 正在处理: https://h5.cloud.189.cn/share.html#/t/JV3Y3mZreqmi...
2026-01-16 10:31:49 - app - INFO - [任务2] [1/1] 解析分享链接...
2026-01-16 10:31:49 - app - INFO - 解析天翼分享链接: url=https://h5.cloud.189.cn/share.html#/t/JV3Y3mZreqmi, share_code=JV3Y3mZreqmi, access_code=
2026-01-16 10:31:49 - app - INFO - [任务2] [1/1] 解析结果: share_code=JV3Y3mZreqmi
2026-01-16 10:31:49 - app - INFO - [任务2] [1/1] 开始转存...
2026-01-16 10:31:49 - app - INFO - [任务2] [1/1] 目标路径: /测试//123
2026-01-16 10:31:49 - app - INFO - 189云盘路径解析: path=测试//123, parts=['测试', '123']
2026-01-16 10:31:49 - app - INFO - 189获取文件列表请求: folder_id=-11, page=1, size=1000
2026-01-16 10:31:49 - app - INFO - 189文件列表响应状态码: 200
2026-01-16 10:31:49 - app - INFO - 189文件列表获取成功: 文件夹11个, 文件2个
2026-01-16 10:31:49 - app - INFO - 189云盘找到文件夹: 测试 -> 323911228907722297
2026-01-16 10:31:49 - app - INFO - 189获取文件列表请求: folder_id=323911228907722297, page=1, size=1000
2026-01-16 10:31:49 - app - INFO - 189文件列表响应状态码: 200
2026-01-16 10:31:49 - app - INFO - 189文件列表获取成功: 文件夹0个, 文件0个
2026-01-16 10:31:49 - app - INFO - 189创建文件夹: name=123, parent_id=323911228907722297
2026-01-16 10:31:49 - app - INFO - 189创建文件夹响应: {'res_code': 0, 'res_message': '成功', 'createDate': '2026-01-16 10:32:34', 'fileCata': 1, 'fileListSize': 0, 'id': 223151229822520199, 'lastOpTime': '2026-01-16 10:32:34', 'name': '123', 'parentId': 323911228907722297, 'rev': '20260116103234'}
2026-01-16 10:31:49 - app - INFO - 189云盘创建文件夹: 123 -> 223151229822520199
2026-01-16 10:31:49 - app - INFO - 189云盘目标文件夹ID: 223151229822520199
2026-01-16 10:31:49 - app - INFO - 调用save_share: url=https://h5.cloud.189.cn/share.html#/t/JV3Y3mZreqmi, target_folder_id=223151229822520199
2026-01-16 10:31:49 - app - INFO - [save_share] 开始执行: url=https://h5.cloud.189.cn/share.html#/t/JV3Y3mZreqmi, target_folder_id=223151229822520199
2026-01-16 10:31:49 - app - INFO - 解析天翼分享链接: url=https://h5.cloud.189.cn/share.html#/t/JV3Y3mZreqmi, share_code=JV3Y3mZreqmi, access_code=
2026-01-16 10:31:49 - app - INFO - 开始转存189分享: share_code=JV3Y3mZreqmi
2026-01-16 10:31:49 - app - INFO - 分享信息: shareId=12547119517682, shareMode=3, rootFileId=323421229629570696
2026-01-16 10:31:49 - app - INFO - 列出分享目录请求: {'shareId': 12547119517682, 'isFolder': 'true', 'shareMode': 3, 'orderBy': 'lastOpTime', 'descending': 'true', 'pageNum': 1, 'pageSize': 1000, 'fileId': '323421229629570696'}
2026-01-16 10:31:49 - app - INFO - 列出分享目录响应: {'res_code': 0, 'res_message': '成功', 'expireTime': 0, 'expireType': 0, 'fileListAO': {'count': 2, 'fileList': [{'createDate': '2026-01-15 00:12:04', 'fileCata': 1, 'id': 525233229659568152, 'lastOpTime': '2026-01-15 00:12:04', 'md5': '2DB96647BD5C3C356863B1685A4734E8', 'mediaType': 4, 'name': '雷鲸小站3.txt', 'rev': '20260115001204', 'size': 204, 'starLabel': 2}], 'fileListSize': 1, 'folderList': [{'createDate': '2026-01-15 00:02:36', 'fileCata': 1, 'fileListSize': 0, 'id': 924631229621493439, 'lastOpTime': '2026-01-15 00:29:11', 'name': 'Season 1', 'parentId': 323421229629570696, 'rev': '20260115002911', 'starLabel': 2}]}, 'lastRev': 20260116103234}
2026-01-16 10:31:49 - app - INFO - 准备转存 2 个文件/文件夹
2026-01-16 10:31:49 - app - INFO - 189转存任务参数: type=SHARE_SAVE, shareId=12547119517682, targetFolderId=223151229822520199, shareMode=3
2026-01-16 10:31:49 - app - INFO - 189转存文件列表: [{"fileId": "924631229621493439", "fileName": "Season 1", "isFolder": 1}, {"fileId": "525233229659568152", "fileName": "\u96f7\u9cb8\u5c0f\u7ad93.txt", "isFolder": 0}]
2026-01-16 10:31:49 - app - INFO - 创建批量任务请求: {'type': 'SHARE_SAVE', 'shareId': '12547119517682', 'taskInfos': '[{"fileId": "924631229621493439", "fileName": "Season 1", "isFolder": 1}, {"fileId": "525233229659568152", "fileName": "\\u96f7\\u9cb8\\u5c0f\\u7ad93.txt", "isFolder": 0}]', 'targetFolderId': '223151229822520199', 'shareMode': '3'}
2026-01-16 10:31:50 - app - INFO - 创建批量任务响应状态码: 200
2026-01-16 10:31:50 - app - INFO - 创建批量任务响应头: {'Server': 'openresty', 'Date': 'Fri, 16 Jan 2026 02:32:34 GMT', 'Content-Type': 'application/json;charset=UTF-8', 'Transfer-Encoding': 'chunked', 'Connection': 'keep-alive', 'Access-Control-Allow-Origin': 'https://cloud.189.cn', 'Access-Control-Allow-Credentials': 'true', 'Content-Encoding': 'gzip', 'X-Frame-Options': 'SAMEORIGN', 'HTTPS': '1'}
2026-01-16 10:31:50 - app - INFO - 创建批量任务响应内容: {"res_code": 0, "res_message": "成功","taskId":"202601161032345684"}

2026-01-16 10:31:50 - app - INFO - 创建批量任务结果: {'res_code': 0, 'res_message': '成功', 'taskId': '202601161032345684'}
2026-01-16 10:31:50 - app - INFO - 189转存任务创建成功: task_id=202601161032345684, 完整响应: {'res_code': 0, 'res_message': '成功', 'taskId': '202601161032345684'}
2026-01-16 10:31:52 - app - INFO - 189转存任务状态查询 [1/60]: {'res_code': 0, 'res_message': '成功', 'failedCount': 0, 'process': 0, 'skipCount': 0, 'subTaskCount': 2, 'successedCount': 2, 'taskId': '202601161032345684', 'taskStatus': 4}
2026-01-16 10:31:52 - app - INFO - 任务状态: 4, errorCode: 
2026-01-16 10:31:52 - app - INFO - 189转存任务完成: task_id=202601161032345684
2026-01-16 10:31:52 - app - INFO - save_share返回: {'success': True, 'message': '转存成功', 'task_id': '202601161032345684'}
2026-01-16 10:31:52 - app - INFO - [任务2] [1/1] 转存成功
2026-01-16 10:31:52 - app - INFO - [任务2] 任务执行完成！成功: 1, 失败: 0, 文件数: 1
2026-01-16 10:32:03 - app - INFO - 已设置 1 个Cookie字段
2026-01-16 10:32:03 - app - INFO - 189获取文件列表请求: folder_id=-11, page=1, size=50
2026-01-16 10:32:03 - app - INFO - 189文件列表响应状态码: 200
2026-01-16 10:32:03 - app - INFO - 189文件列表获取成功: 文件夹11个, 文件2个
2026-01-16 10:32:05 - app - INFO - 已设置 1 个Cookie字段
2026-01-16 10:32:05 - app - INFO - 189获取文件列表请求: folder_id=323911228907722297, page=1, size=50
2026-01-16 10:32:14 - app - INFO - 189文件列表响应状态码: 200
2026-01-16 10:32:14 - app - INFO - 189文件列表获取成功: 文件夹1个, 文件0个
2026-01-16 10:32:17 - app - INFO - 已设置 1 个Cookie字段
2026-01-16 10:32:17 - app - INFO - 189获取文件列表请求: folder_id=223151229822520199, page=1, size=50
2026-01-16 10:32:17 - app - INFO - 189文件列表响应状态码: 200
2026-01-16 10:32:17 - app - INFO - 189文件列表获取成功: 文件夹1个, 文件1个
2026-01-16 10:32:29 - app - INFO - 已设置 1 个Cookie字段
2026-01-16 10:32:29 - app - INFO - 189获取文件列表请求: folder_id=-11, page=1, size=50
2026-01-16 10:32:29 - app - INFO - 189文件列表响应状态码: 200
2026-01-16 10:32:29 - app - INFO - 189文件列表获取成功: 文件夹11个, 文件2个
2026-01-16 10:32:33 - app - INFO - 已设置 1 个Cookie字段
2026-01-16 10:32:33 - app - INFO - 189获取文件列表请求: folder_id=323911228907722297, page=1, size=50
2026-01-16 10:32:40 - app - INFO - 189文件列表响应状态码: 200
2026-01-16 10:32:40 - app - INFO - 189文件列表获取成功: 文件夹1个, 文件0个
2026-01-16 10:33:02 - app - INFO - 创建cloud189下载任务成功: 测试189 (ID: 2)
2026-01-16 10:33:06 - app - INFO - [TaskExecutor] start_task 被调用: task_id=2, execution_id=None, schedule_period=None
2026-01-16 10:33:06 - app - INFO - [TaskExecutor] 任务 2 状态已初始化到 _running_tasks
2026-01-16 10:33:06 - app - INFO - [TaskExecutor] _execute_task 线程开始执行: task_id=2
2026-01-16 10:33:06 - app - INFO - [TaskExecutor] 任务 2 执行线程已启动
2026-01-16 10:33:06 - app - INFO - [TaskExecutor] 从_running_tasks获取: execution_id=None, schedule_period=None
2026-01-16 10:33:06 - app - INFO - [TaskExecutor] 开始获取任务信息: task_id=2
2026-01-16 10:33:06 - app - INFO - [TaskExecutor] 任务信息获取成功: 测试189
2026-01-16 10:33:06 - app - INFO - [TaskExecutor] 开始创建执行历史记录
2026-01-16 10:33:06 - app - INFO - [TaskExecutor] 执行历史记录创建成功: execution_id=31
2026-01-16 10:33:06 - app - INFO - [TaskExecutor] execution_id已更新到_running_tasks
2026-01-16 10:33:06 - app - INFO - [TaskExecutor] 开始记录日志
2026-01-16 10:33:06 - app - INFO - [下载任务2] 任务已启动，正在初始化...
2026-01-16 10:33:06 - app - INFO - [下载任务2] 执行历史记录ID: 31
2026-01-16 10:33:06 - app - INFO - [下载任务2] 开始执行任务: 测试189
2026-01-16 10:33:06 - app - INFO - [下载任务2] 使用账号: 天意
2026-01-16 10:33:06 - app - INFO - [下载任务2] 网盘目录: /测试
2026-01-16 10:33:06 - app - INFO - [下载任务2] 本地目录: C:\Data\下载
2026-01-16 10:33:06 - app - INFO - [下载任务2] 正在获取文件列表...
2026-01-16 10:33:06 - app - INFO - [下载任务2] 解析路径: 测试
2026-01-16 10:33:18 - app - INFO - [下载任务2] 获取目录失败: require login [guest]
2026-01-16 10:33:53 - app - INFO - 许可证管理器初始化完成,服务器: http://license.22l2.com
2026-01-16 10:33:53 - app - INFO - 初始化许可证管理器...
2026-01-16 10:33:54 - app - INFO - 解密密钥设置成功
2026-01-16 10:33:54 - app - INFO - 解密密钥获取成功
2026-01-16 10:33:54 - app - INFO - 解密密钥获取成功，配置已就绪
2026-01-16 10:33:54 - app - INFO - 配置解密成功
2026-01-16 10:33:54 - app - INFO - 夸克API配置加载成功
2026-01-16 10:33:54 - app - INFO - 夸克API配置加载完成
2026-01-16 10:33:54 - app - INFO - 检查数据库...
2026-01-16 10:33:54 - app - INFO - 数据库检查完成
2026-01-16 10:33:54 - app - INFO - 检查数据库迁移...
2026-01-16 10:33:54 - app - INFO - 数据库迁移检查完成
2026-01-16 10:33:54 - app - INFO - 清理异常中断的任务状态...
2026-01-16 10:33:54 - app - INFO - 已清理 1 个异常中断的任务
2026-01-16 10:33:54 - app - INFO - 升级管理器初始化完成
2026-01-16 10:33:54 - app - INFO - Flask应用创建成功
2026-01-16 10:33:54 - app - INFO - 静态文件目录: C:\Data\夸克转存\client\frontend
2026-01-16 10:33:54 - app - INFO - 启动任务调度服务...
2026-01-16 10:33:54 - app - INFO - 检查被中断的影视下载任务...
2026-01-16 10:33:54 - app - INFO - 没有需要恢复的影视下载任务
2026-01-16 10:33:54 - app - INFO - 账期生成循环已启动
2026-01-16 10:33:54 - app - INFO - 账期生成线程已启动
2026-01-16 10:33:54 - app - INFO - 开始生成 2026-01-16 的任务账期
2026-01-16 10:33:54 - app - INFO - 任务执行循环已启动
2026-01-16 10:33:54 - app - INFO - 任务执行线程已启动
2026-01-16 10:33:54 - app - INFO - 日志清理循环已启动
2026-01-16 10:33:54 - app - INFO - 日志清理线程已启动
2026-01-16 10:33:54 - app - INFO - 下次日志清理时间: 2026-01-17 02:00:00
2026-01-16 10:33:54 - app - INFO - 跳过一次性执行任务: 测试
2026-01-16 10:33:54 - app - INFO - 启动Flask服务: http://0.0.0.0:8520
2026-01-16 10:33:54 - app - INFO - 跳过一次性执行任务: 测试谢谢谢谢
2026-01-16 10:33:54 - app - INFO - 跳过一次性执行任务: 测试189
2026-01-16 10:33:54 - app - INFO - 跳过一次性执行任务: 小城大事
2026-01-16 10:33:54 - app - INFO - ✅ 生成完成，共创建 0 条待执行记录
2026-01-16 10:33:54 - app - INFO - 下次生成账期时间: 2026-01-17 00:00:00, 等待 48365 秒
2026-01-16 10:35:43 - app - INFO - 许可证管理器初始化完成,服务器: http://license.22l2.com
2026-01-16 10:35:43 - app - INFO - 初始化许可证管理器...
2026-01-16 10:35:44 - app - INFO - 解密密钥设置成功
2026-01-16 10:35:44 - app - INFO - 解密密钥获取成功
2026-01-16 10:35:44 - app - INFO - 解密密钥获取成功，配置已就绪
2026-01-16 10:35:44 - app - INFO - 配置解密成功
2026-01-16 10:35:44 - app - INFO - 夸克API配置加载成功
2026-01-16 10:35:44 - app - INFO - 夸克API配置加载完成
2026-01-16 10:35:44 - app - INFO - 检查数据库...
2026-01-16 10:35:44 - app - INFO - 数据库检查完成
2026-01-16 10:35:44 - app - INFO - 检查数据库迁移...
2026-01-16 10:35:44 - app - INFO - 数据库迁移检查完成
2026-01-16 10:35:44 - app - INFO - 清理异常中断的任务状态...
2026-01-16 10:35:44 - app - INFO - 升级管理器初始化完成
2026-01-16 10:35:44 - app - INFO - Flask应用创建成功
2026-01-16 10:35:44 - app - INFO - 静态文件目录: C:\Data\夸克转存\client\frontend
2026-01-16 10:35:44 - app - INFO - 启动任务调度服务...
2026-01-16 10:35:44 - app - INFO - 检查被中断的影视下载任务...
2026-01-16 10:35:44 - app - INFO - 没有需要恢复的影视下载任务
2026-01-16 10:35:44 - app - INFO - 账期生成循环已启动
2026-01-16 10:35:44 - app - INFO - 账期生成线程已启动
2026-01-16 10:35:44 - app - INFO - 开始生成 2026-01-16 的任务账期
2026-01-16 10:35:44 - app - INFO - 任务执行循环已启动
2026-01-16 10:35:44 - app - INFO - 任务执行线程已启动
2026-01-16 10:35:44 - app - INFO - 日志清理循环已启动
2026-01-16 10:35:44 - app - INFO - 日志清理线程已启动
2026-01-16 10:35:44 - app - INFO - 下次日志清理时间: 2026-01-17 02:00:00
2026-01-16 10:35:44 - app - INFO - 跳过一次性执行任务: 测试
2026-01-16 10:35:44 - app - INFO - 启动Flask服务: http://0.0.0.0:8520
2026-01-16 10:35:44 - app - INFO - 跳过一次性执行任务: 测试谢谢谢谢
2026-01-16 10:35:44 - app - INFO - 跳过一次性执行任务: 测试189
2026-01-16 10:35:44 - app - INFO - 跳过一次性执行任务: 小城大事
2026-01-16 10:35:44 - app - INFO - ✅ 生成完成，共创建 0 条待执行记录
2026-01-16 10:35:44 - app - INFO - 下次生成账期时间: 2026-01-17 00:00:00, 等待 48255 秒
2026-01-16 10:36:18 - app - INFO - 许可证管理器初始化完成,服务器: http://license.22l2.com
2026-01-16 10:36:18 - app - INFO - 初始化许可证管理器...
2026-01-16 10:36:19 - app - INFO - 解密密钥设置成功
2026-01-16 10:36:19 - app - INFO - 解密密钥获取成功
2026-01-16 10:36:19 - app - INFO - 解密密钥获取成功，配置已就绪
2026-01-16 10:36:19 - app - INFO - 配置解密成功
2026-01-16 10:36:19 - app - INFO - 夸克API配置加载成功
2026-01-16 10:36:19 - app - INFO - 夸克API配置加载完成
2026-01-16 10:36:19 - app - INFO - 检查数据库...
2026-01-16 10:36:19 - app - INFO - 数据库检查完成
2026-01-16 10:36:19 - app - INFO - 检查数据库迁移...
2026-01-16 10:36:19 - app - INFO - 数据库迁移检查完成
2026-01-16 10:36:19 - app - INFO - 清理异常中断的任务状态...
2026-01-16 10:36:19 - app - INFO - 升级管理器初始化完成
2026-01-16 10:36:19 - app - INFO - Flask应用创建成功
2026-01-16 10:36:19 - app - INFO - 静态文件目录: C:\Data\夸克转存\client\frontend
2026-01-16 10:36:19 - app - INFO - 启动任务调度服务...
2026-01-16 10:36:19 - app - INFO - 检查被中断的影视下载任务...
2026-01-16 10:36:19 - app - INFO - 没有需要恢复的影视下载任务
2026-01-16 10:36:19 - app - INFO - 账期生成循环已启动
2026-01-16 10:36:19 - app - INFO - 账期生成线程已启动
2026-01-16 10:36:19 - app - INFO - 开始生成 2026-01-16 的任务账期
2026-01-16 10:36:19 - app - INFO - 任务执行循环已启动
2026-01-16 10:36:19 - app - INFO - 任务执行线程已启动
2026-01-16 10:36:19 - app - INFO - 日志清理循环已启动
2026-01-16 10:36:19 - app - INFO - 日志清理线程已启动
2026-01-16 10:36:19 - app - INFO - 下次日志清理时间: 2026-01-17 02:00:00
2026-01-16 10:36:19 - app - INFO - 启动Flask服务: http://0.0.0.0:8520
2026-01-16 10:36:19 - app - INFO - 跳过一次性执行任务: 测试
2026-01-16 10:36:19 - app - INFO - 跳过一次性执行任务: 测试谢谢谢谢
2026-01-16 10:36:19 - app - INFO - 跳过一次性执行任务: 测试189
2026-01-16 10:36:19 - app - INFO - 跳过一次性执行任务: 小城大事
2026-01-16 10:36:19 - app - INFO - ✅ 生成完成，共创建 0 条待执行记录
2026-01-16 10:36:19 - app - INFO - 下次生成账期时间: 2026-01-17 00:00:00, 等待 48220 秒
2026-01-16 10:38:44 - app - INFO - [TaskExecutor] start_task 被调用: task_id=2, execution_id=None, schedule_period=None
2026-01-16 10:38:44 - app - INFO - [TaskExecutor] 任务 2 状态已初始化到 _running_tasks
2026-01-16 10:38:44 - app - INFO - [TaskExecutor] _execute_task 线程开始执行: task_id=2
2026-01-16 10:38:44 - app - INFO - [TaskExecutor] 任务 2 执行线程已启动
2026-01-16 10:38:44 - app - INFO - [TaskExecutor] 从_running_tasks获取: execution_id=None, schedule_period=None
2026-01-16 10:38:44 - app - INFO - [TaskExecutor] 开始获取任务信息: task_id=2
2026-01-16 10:38:44 - app - INFO - [TaskExecutor] 任务信息获取成功: 测试189
2026-01-16 10:38:44 - app - INFO - [TaskExecutor] 开始创建执行历史记录
2026-01-16 10:38:44 - app - INFO - [下载任务2] 执行异常: UNIQUE constraint failed: task_execution_history.task_id, task_execution_history.task_type, task_execution_history.schedule_period
2026-01-16 10:38:44 - app - ERROR - 执行下载任务异常: UNIQUE constraint failed: task_execution_history.task_id, task_execution_history.task_type, task_execution_history.schedule_period
Traceback (most recent call last):
  File "C:\Data\夸克转存\client\backend\services\task_executor.py", line 467, in _execute_task
    cursor.execute("""
sqlite3.IntegrityError: UNIQUE constraint failed: task_execution_history.task_id, task_execution_history.task_type, task_execution_history.schedule_period
2026-01-16 10:38:47 - app - INFO - 检查登录状态, session内容: {'_permanent': True, 'user_id': 1, 'username': 'admin'}, cookies: ImmutableMultiDict([('session', 'eyJfcGVybWFuZW50Ijp0cnVlLCJ1c2VyX2lkIjoxLCJ1c2VybmFtZSI6ImFkbWluIn0.aWmktw.Q9p7I838cUDtsLnO5oHQxepMj-A')])
2026-01-16 10:38:47 - app - INFO - 检查登录状态, session内容: {'_permanent': True, 'user_id': 1, 'username': 'admin'}, cookies: ImmutableMultiDict([('session', 'eyJfcGVybWFuZW50Ijp0cnVlLCJ1c2VyX2lkIjoxLCJ1c2VybmFtZSI6ImFkbWluIn0.aWmktw.Q9p7I838cUDtsLnO5oHQxepMj-A')])
2026-01-16 10:38:49 - app - INFO - 检查更新: 当前版本 2.1.4
2026-01-16 10:38:50 - app - INFO - [TaskExecutor] start_task 被调用: task_id=2, execution_id=None, schedule_period=None
2026-01-16 10:38:50 - app - WARNING - [TaskExecutor] 任务 2 已在执行中
2026-01-16 10:38:53 - app - WARNING - 获取任务cloud_type信息失败: 'sqlite3.Row' object has no attribute 'get'
2026-01-16 10:38:58 - app - INFO - 检查更新成功: {'has_update': False, 'message': '当前已是最新版本'}
2026-01-16 10:39:02 - app - INFO - 准备重做任务: 测试189 (download)
2026-01-16 10:39:02 - app - INFO - 已删除任务 测试189 的历史记录
2026-01-16 10:39:03 - app - INFO - [TaskExecutor] start_task 被调用: task_id=2, execution_id=None, schedule_period=None
2026-01-16 10:39:03 - app - WARNING - [TaskExecutor] 任务 2 已在执行中
2026-01-16 10:39:06 - app - WARNING - 获取任务cloud_type信息失败: 'sqlite3.Row' object has no attribute 'get'
2026-01-16 10:39:11 - app - WARNING - 获取任务cloud_type信息失败: 'sqlite3.Row' object has no attribute 'get'
2026-01-16 10:39:18 - app - INFO - [TaskExecutor] start_task 被调用: task_id=2, execution_id=None, schedule_period=None
2026-01-16 10:39:18 - app - WARNING - [TaskExecutor] 任务 2 已在执行中
2026-01-16 10:39:29 - app - WARNING - 获取任务cloud_type信息失败: 'sqlite3.Row' object has no attribute 'get'
2026-01-16 10:41:13 - app - INFO - 许可证管理器初始化完成,服务器: http://license.22l2.com
2026-01-16 10:41:13 - app - INFO - 初始化许可证管理器...
2026-01-16 10:41:14 - app - INFO - 解密密钥设置成功
2026-01-16 10:41:14 - app - INFO - 解密密钥获取成功
2026-01-16 10:41:14 - app - INFO - 解密密钥获取成功，配置已就绪
2026-01-16 10:41:14 - app - INFO - 配置解密成功
2026-01-16 10:41:14 - app - INFO - 夸克API配置加载成功
2026-01-16 10:41:14 - app - INFO - 夸克API配置加载完成
2026-01-16 10:41:14 - app - INFO - 检查数据库...
2026-01-16 10:41:14 - app - INFO - 数据库检查完成
2026-01-16 10:41:14 - app - INFO - 检查数据库迁移...
2026-01-16 10:41:14 - app - INFO - 数据库迁移检查完成
2026-01-16 10:41:14 - app - INFO - 清理异常中断的任务状态...
2026-01-16 10:41:14 - app - INFO - 升级管理器初始化完成
2026-01-16 10:41:14 - app - INFO - Flask应用创建成功
2026-01-16 10:41:14 - app - INFO - 静态文件目录: C:\Data\夸克转存\client\frontend
2026-01-16 10:41:14 - app - INFO - 启动任务调度服务...
2026-01-16 10:41:14 - app - INFO - 检查被中断的影视下载任务...
2026-01-16 10:41:14 - app - INFO - 没有需要恢复的影视下载任务
2026-01-16 10:41:14 - app - INFO - 账期生成循环已启动
2026-01-16 10:41:14 - app - INFO - 账期生成线程已启动
2026-01-16 10:41:14 - app - INFO - 开始生成 2026-01-16 的任务账期
2026-01-16 10:41:14 - app - INFO - 任务执行循环已启动
2026-01-16 10:41:14 - app - INFO - 任务执行线程已启动
2026-01-16 10:41:14 - app - INFO - 日志清理循环已启动
2026-01-16 10:41:14 - app - INFO - 日志清理线程已启动
2026-01-16 10:41:14 - app - INFO - 下次日志清理时间: 2026-01-17 02:00:00
2026-01-16 10:41:14 - app - INFO - 启动Flask服务: http://0.0.0.0:8520
2026-01-16 10:41:14 - app - INFO - 跳过一次性执行任务: 测试
2026-01-16 10:41:14 - app - INFO - 跳过一次性执行任务: 测试谢谢谢谢
2026-01-16 10:41:14 - app - INFO - 跳过一次性执行任务: 测试189
2026-01-16 10:41:14 - app - INFO - 跳过一次性执行任务: 小城大事
2026-01-16 10:41:14 - app - INFO - ✅ 生成完成，共创建 0 条待执行记录
2026-01-16 10:41:14 - app - INFO - 下次生成账期时间: 2026-01-17 00:00:00, 等待 47925 秒
2026-01-16 10:42:03 - app - INFO - 许可证管理器初始化完成,服务器: http://license.22l2.com
2026-01-16 10:42:03 - app - INFO - 初始化许可证管理器...
2026-01-16 10:42:04 - app - INFO - 解密密钥设置成功
2026-01-16 10:42:04 - app - INFO - 解密密钥获取成功
2026-01-16 10:42:04 - app - INFO - 解密密钥获取成功，配置已就绪
2026-01-16 10:42:04 - app - INFO - 配置解密成功
2026-01-16 10:42:04 - app - INFO - 夸克API配置加载成功
2026-01-16 10:42:04 - app - INFO - 夸克API配置加载完成
2026-01-16 10:42:04 - app - INFO - 检查数据库...
2026-01-16 10:42:04 - app - INFO - 数据库检查完成
2026-01-16 10:42:04 - app - INFO - 检查数据库迁移...
2026-01-16 10:42:04 - app - INFO - 数据库迁移检查完成
2026-01-16 10:42:04 - app - INFO - 清理异常中断的任务状态...
2026-01-16 10:42:04 - app - INFO - 升级管理器初始化完成
2026-01-16 10:42:04 - app - INFO - Flask应用创建成功
2026-01-16 10:42:04 - app - INFO - 静态文件目录: C:\Data\夸克转存\client\frontend
2026-01-16 10:42:04 - app - INFO - 启动任务调度服务...
2026-01-16 10:42:04 - app - INFO - 检查被中断的影视下载任务...
2026-01-16 10:42:04 - app - INFO - 没有需要恢复的影视下载任务
2026-01-16 10:42:04 - app - INFO - 账期生成循环已启动
2026-01-16 10:42:04 - app - INFO - 账期生成线程已启动
2026-01-16 10:42:04 - app - INFO - 开始生成 2026-01-16 的任务账期
2026-01-16 10:42:04 - app - INFO - 任务执行循环已启动
2026-01-16 10:42:04 - app - INFO - 任务执行线程已启动
2026-01-16 10:42:04 - app - INFO - 日志清理循环已启动
2026-01-16 10:42:04 - app - INFO - 日志清理线程已启动
2026-01-16 10:42:04 - app - INFO - 下次日志清理时间: 2026-01-17 02:00:00
2026-01-16 10:42:04 - app - INFO - 启动Flask服务: http://0.0.0.0:8520
2026-01-16 10:42:04 - app - INFO - 跳过一次性执行任务: 测试
2026-01-16 10:42:04 - app - INFO - 跳过一次性执行任务: 测试谢谢谢谢
2026-01-16 10:42:04 - app - INFO - 跳过一次性执行任务: 测试189
2026-01-16 10:42:04 - app - INFO - 跳过一次性执行任务: 小城大事
2026-01-16 10:42:04 - app - INFO - ✅ 生成完成，共创建 0 条待执行记录
2026-01-16 10:42:04 - app - INFO - 下次生成账期时间: 2026-01-17 00:00:00, 等待 47875 秒
2026-01-16 10:42:41 - app - INFO - 许可证管理器初始化完成,服务器: http://license.22l2.com
2026-01-16 10:42:41 - app - INFO - 初始化许可证管理器...
2026-01-16 10:42:42 - app - INFO - 解密密钥设置成功
2026-01-16 10:42:42 - app - INFO - 解密密钥获取成功
2026-01-16 10:42:42 - app - INFO - 解密密钥获取成功，配置已就绪
2026-01-16 10:42:42 - app - INFO - 配置解密成功
2026-01-16 10:42:42 - app - INFO - 夸克API配置加载成功
2026-01-16 10:42:42 - app - INFO - 夸克API配置加载完成
2026-01-16 10:42:42 - app - INFO - 检查数据库...
2026-01-16 10:42:42 - app - INFO - 数据库检查完成
2026-01-16 10:42:42 - app - INFO - 检查数据库迁移...
2026-01-16 10:42:42 - app - INFO - 数据库迁移检查完成
2026-01-16 10:42:42 - app - INFO - 清理异常中断的任务状态...
2026-01-16 10:42:42 - app - INFO - 升级管理器初始化完成
2026-01-16 10:42:42 - app - INFO - Flask应用创建成功
2026-01-16 10:42:42 - app - INFO - 静态文件目录: C:\Data\夸克转存\client\frontend
2026-01-16 10:42:42 - app - INFO - 启动任务调度服务...
2026-01-16 10:42:42 - app - INFO - 检查被中断的影视下载任务...
2026-01-16 10:42:42 - app - INFO - 没有需要恢复的影视下载任务
2026-01-16 10:42:42 - app - INFO - 账期生成循环已启动
2026-01-16 10:42:42 - app - INFO - 账期生成线程已启动
2026-01-16 10:42:42 - app - INFO - 开始生成 2026-01-16 的任务账期
2026-01-16 10:42:42 - app - INFO - 任务执行循环已启动
2026-01-16 10:42:42 - app - INFO - 任务执行线程已启动
2026-01-16 10:42:42 - app - INFO - 日志清理循环已启动
2026-01-16 10:42:42 - app - INFO - 日志清理线程已启动
2026-01-16 10:42:42 - app - INFO - 下次日志清理时间: 2026-01-17 02:00:00
2026-01-16 10:42:42 - app - INFO - 启动Flask服务: http://0.0.0.0:8520
2026-01-16 10:42:42 - app - INFO - 跳过一次性执行任务: 测试
2026-01-16 10:42:42 - app - INFO - 跳过一次性执行任务: 测试谢谢谢谢
2026-01-16 10:42:42 - app - INFO - 跳过一次性执行任务: 测试189
2026-01-16 10:42:42 - app - INFO - 跳过一次性执行任务: 小城大事
2026-01-16 10:42:42 - app - INFO - ✅ 生成完成，共创建 0 条待执行记录
2026-01-16 10:42:42 - app - INFO - 下次生成账期时间: 2026-01-17 00:00:00, 等待 47837 秒
2026-01-16 10:43:12 - app - INFO - [TaskExecutor] start_task 被调用: task_id=2, execution_id=None, schedule_period=None
2026-01-16 10:43:12 - app - INFO - [TaskExecutor] 任务 2 状态已初始化到 _running_tasks
2026-01-16 10:43:12 - app - INFO - [TaskExecutor] _execute_task 线程开始执行: task_id=2
2026-01-16 10:43:12 - app - INFO - [TaskExecutor] 任务 2 执行线程已启动
2026-01-16 10:43:12 - app - INFO - [TaskExecutor] 从_running_tasks获取: execution_id=None, schedule_period=None
2026-01-16 10:43:12 - app - INFO - [TaskExecutor] 开始获取任务信息: task_id=2
2026-01-16 10:43:12 - app - INFO - [TaskExecutor] 任务信息获取成功: 测试189
2026-01-16 10:43:12 - app - INFO - [TaskExecutor] 开始创建执行历史记录
2026-01-16 10:43:12 - app - INFO - [TaskExecutor] 执行历史记录创建成功: execution_id=32
2026-01-16 10:43:12 - app - INFO - [TaskExecutor] execution_id已更新到_running_tasks
2026-01-16 10:43:12 - app - INFO - [TaskExecutor] 开始记录日志
2026-01-16 10:43:12 - app - INFO - [下载任务2] 任务已启动，正在初始化...
2026-01-16 10:43:12 - app - INFO - [下载任务2] 执行历史记录ID: 32
2026-01-16 10:43:12 - app - INFO - [下载任务2] 开始执行任务: 测试189
2026-01-16 10:43:12 - app - INFO - [下载任务2] 使用账号: 天意
2026-01-16 10:43:12 - app - INFO - [下载任务2] 网盘目录: /测试
2026-01-16 10:43:12 - app - INFO - [下载任务2] 本地目录: C:\Data\下载
2026-01-16 10:43:12 - app - INFO - [下载任务2] 正在获取文件列表...
2026-01-16 10:43:12 - app - INFO - [下载任务2] 解析路径: 测试
2026-01-16 10:43:23 - app - INFO - [下载任务2] 获取目录失败: require login [guest]
2026-01-16 10:44:37 - app - INFO - 许可证管理器初始化完成,服务器: http://license.22l2.com
2026-01-16 10:44:37 - app - INFO - 初始化许可证管理器...
2026-01-16 10:44:38 - app - INFO - 解密密钥设置成功
2026-01-16 10:44:38 - app - INFO - 解密密钥获取成功
2026-01-16 10:44:38 - app - INFO - 解密密钥获取成功，配置已就绪
2026-01-16 10:44:38 - app - INFO - 配置解密成功
2026-01-16 10:44:38 - app - INFO - 夸克API配置加载成功
2026-01-16 10:44:38 - app - INFO - 夸克API配置加载完成
2026-01-16 10:44:38 - app - INFO - 检查数据库...
2026-01-16 10:44:38 - app - INFO - 数据库检查完成
2026-01-16 10:44:38 - app - INFO - 检查数据库迁移...
2026-01-16 10:44:38 - app - INFO - 数据库迁移检查完成
2026-01-16 10:44:38 - app - INFO - 清理异常中断的任务状态...
2026-01-16 10:44:38 - app - INFO - 已清理 1 个异常中断的任务
2026-01-16 10:44:38 - app - INFO - 升级管理器初始化完成
2026-01-16 10:44:38 - app - INFO - Flask应用创建成功
2026-01-16 10:44:38 - app - INFO - 静态文件目录: C:\Data\夸克转存\client\frontend
2026-01-16 10:44:38 - app - INFO - 启动任务调度服务...
2026-01-16 10:44:38 - app - INFO - 检查被中断的影视下载任务...
2026-01-16 10:44:38 - app - INFO - 没有需要恢复的影视下载任务
2026-01-16 10:44:38 - app - INFO - 账期生成循环已启动
2026-01-16 10:44:38 - app - INFO - 账期生成线程已启动
2026-01-16 10:44:38 - app - INFO - 开始生成 2026-01-16 的任务账期
2026-01-16 10:44:38 - app - INFO - 任务执行循环已启动
2026-01-16 10:44:38 - app - INFO - 任务执行线程已启动
2026-01-16 10:44:38 - app - INFO - 日志清理循环已启动
2026-01-16 10:44:38 - app - INFO - 日志清理线程已启动
2026-01-16 10:44:38 - app - INFO - 下次日志清理时间: 2026-01-17 02:00:00
2026-01-16 10:44:38 - app - INFO - 跳过一次性执行任务: 测试
2026-01-16 10:44:38 - app - INFO - 启动Flask服务: http://0.0.0.0:8520
2026-01-16 10:44:38 - app - INFO - 跳过一次性执行任务: 测试谢谢谢谢
2026-01-16 10:44:38 - app - INFO - 跳过一次性执行任务: 测试189
2026-01-16 10:44:38 - app - INFO - 跳过一次性执行任务: 小城大事
2026-01-16 10:44:38 - app - INFO - ✅ 生成完成，共创建 0 条待执行记录
2026-01-16 10:44:38 - app - INFO - 下次生成账期时间: 2026-01-17 00:00:00, 等待 47721 秒
2026-01-16 10:45:04 - app - INFO - 许可证管理器初始化完成,服务器: http://license.22l2.com
2026-01-16 10:45:04 - app - INFO - 初始化许可证管理器...
2026-01-16 10:45:05 - app - INFO - 解密密钥设置成功
2026-01-16 10:45:05 - app - INFO - 解密密钥获取成功
2026-01-16 10:45:05 - app - INFO - 解密密钥获取成功，配置已就绪
2026-01-16 10:45:05 - app - INFO - 配置解密成功
2026-01-16 10:45:05 - app - INFO - 夸克API配置加载成功
2026-01-16 10:45:05 - app - INFO - 夸克API配置加载完成
2026-01-16 10:45:05 - app - INFO - 检查数据库...
2026-01-16 10:45:05 - app - INFO - 数据库检查完成
2026-01-16 10:45:05 - app - INFO - 检查数据库迁移...
2026-01-16 10:45:05 - app - INFO - 数据库迁移检查完成
2026-01-16 10:45:05 - app - INFO - 清理异常中断的任务状态...
2026-01-16 10:45:05 - app - INFO - 升级管理器初始化完成
2026-01-16 10:45:05 - app - INFO - Flask应用创建成功
2026-01-16 10:45:05 - app - INFO - 静态文件目录: C:\Data\夸克转存\client\frontend
2026-01-16 10:45:05 - app - INFO - 启动任务调度服务...
2026-01-16 10:45:05 - app - INFO - 检查被中断的影视下载任务...
2026-01-16 10:45:05 - app - INFO - 没有需要恢复的影视下载任务
2026-01-16 10:45:05 - app - INFO - 账期生成循环已启动
2026-01-16 10:45:05 - app - INFO - 账期生成线程已启动
2026-01-16 10:45:05 - app - INFO - 开始生成 2026-01-16 的任务账期
2026-01-16 10:45:05 - app - INFO - 任务执行循环已启动
2026-01-16 10:45:05 - app - INFO - 任务执行线程已启动
2026-01-16 10:45:05 - app - INFO - 日志清理循环已启动
2026-01-16 10:45:05 - app - INFO - 日志清理线程已启动
2026-01-16 10:45:05 - app - INFO - 下次日志清理时间: 2026-01-17 02:00:00
2026-01-16 10:45:05 - app - INFO - 启动Flask服务: http://0.0.0.0:8520
2026-01-16 10:45:05 - app - INFO - 跳过一次性执行任务: 测试
2026-01-16 10:45:05 - app - INFO - 跳过一次性执行任务: 测试谢谢谢谢
2026-01-16 10:45:05 - app - INFO - 跳过一次性执行任务: 测试189
2026-01-16 10:45:05 - app - INFO - 跳过一次性执行任务: 小城大事
2026-01-16 10:45:05 - app - INFO - ✅ 生成完成，共创建 0 条待执行记录
2026-01-16 10:45:05 - app - INFO - 下次生成账期时间: 2026-01-17 00:00:00, 等待 47695 秒
2026-01-16 10:45:58 - app - INFO - 许可证管理器初始化完成,服务器: http://license.22l2.com
2026-01-16 10:45:58 - app - INFO - 初始化许可证管理器...
2026-01-16 10:46:00 - app - INFO - 解密密钥设置成功
2026-01-16 10:46:00 - app - INFO - 解密密钥获取成功
2026-01-16 10:46:00 - app - INFO - 解密密钥获取成功，配置已就绪
2026-01-16 10:46:00 - app - INFO - 配置解密成功
2026-01-16 10:46:00 - app - INFO - 夸克API配置加载成功
2026-01-16 10:46:00 - app - INFO - 夸克API配置加载完成
2026-01-16 10:46:00 - app - INFO - 检查数据库...
2026-01-16 10:46:00 - app - INFO - 数据库检查完成
2026-01-16 10:46:00 - app - INFO - 检查数据库迁移...
2026-01-16 10:46:00 - app - INFO - 数据库迁移检查完成
2026-01-16 10:46:00 - app - INFO - 清理异常中断的任务状态...
2026-01-16 10:46:00 - app - INFO - 升级管理器初始化完成
2026-01-16 10:46:00 - app - INFO - Flask应用创建成功
2026-01-16 10:46:00 - app - INFO - 静态文件目录: C:\Data\夸克转存\client\frontend
2026-01-16 10:46:00 - app - INFO - 启动任务调度服务...
2026-01-16 10:46:00 - app - INFO - 检查被中断的影视下载任务...
2026-01-16 10:46:00 - app - INFO - 没有需要恢复的影视下载任务
2026-01-16 10:46:00 - app - INFO - 账期生成循环已启动
2026-01-16 10:46:00 - app - INFO - 账期生成线程已启动
2026-01-16 10:46:00 - app - INFO - 开始生成 2026-01-16 的任务账期
2026-01-16 10:46:00 - app - INFO - 任务执行循环已启动
2026-01-16 10:46:00 - app - INFO - 任务执行线程已启动
2026-01-16 10:46:00 - app - INFO - 日志清理循环已启动
2026-01-16 10:46:00 - app - INFO - 日志清理线程已启动
2026-01-16 10:46:00 - app - INFO - 下次日志清理时间: 2026-01-17 02:00:00
2026-01-16 10:46:00 - app - INFO - 跳过一次性执行任务: 测试
2026-01-16 10:46:00 - app - INFO - 启动Flask服务: http://0.0.0.0:8520
2026-01-16 10:46:00 - app - INFO - 跳过一次性执行任务: 测试谢谢谢谢
2026-01-16 10:46:00 - app - INFO - 跳过一次性执行任务: 测试189
2026-01-16 10:46:00 - app - INFO - 跳过一次性执行任务: 小城大事
2026-01-16 10:46:00 - app - INFO - ✅ 生成完成，共创建 0 条待执行记录
2026-01-16 10:46:00 - app - INFO - 下次生成账期时间: 2026-01-17 00:00:00, 等待 47640 秒
2026-01-16 10:54:43 - app - INFO - [TaskExecutor] start_task 被调用: task_id=2, execution_id=None, schedule_period=None
2026-01-16 10:54:43 - app - INFO - [TaskExecutor] 任务 2 状态已初始化到 _running_tasks
2026-01-16 10:54:43 - app - INFO - [TaskExecutor] _execute_task 线程开始执行: task_id=2
2026-01-16 10:54:43 - app - INFO - [TaskExecutor] 任务 2 执行线程已启动
2026-01-16 10:54:43 - app - INFO - [TaskExecutor] 从_running_tasks获取: execution_id=None, schedule_period=None
2026-01-16 10:54:43 - app - INFO - [TaskExecutor] 开始获取任务信息: task_id=2
2026-01-16 10:54:43 - app - INFO - [TaskExecutor] 任务信息获取成功: 测试189
2026-01-16 10:54:43 - app - INFO - [TaskExecutor] 开始创建执行历史记录
2026-01-16 10:54:43 - app - INFO - [下载任务2] 执行异常: UNIQUE constraint failed: task_execution_history.task_id, task_execution_history.task_type, task_execution_history.schedule_period
2026-01-16 10:54:43 - app - ERROR - 执行下载任务异常: UNIQUE constraint failed: task_execution_history.task_id, task_execution_history.task_type, task_execution_history.schedule_period
Traceback (most recent call last):
  File "C:\Data\夸克转存\client\backend\services\task_executor.py", line 467, in _execute_task
    cursor.execute("""
sqlite3.IntegrityError: UNIQUE constraint failed: task_execution_history.task_id, task_execution_history.task_type, task_execution_history.schedule_period
2026-01-16 10:54:46 - app - INFO - 检查登录状态, session内容: {'_permanent': True, 'user_id': 1, 'username': 'admin'}, cookies: ImmutableMultiDict([('session', 'eyJfcGVybWFuZW50Ijp0cnVlLCJ1c2VyX2lkIjoxLCJ1c2VybmFtZSI6ImFkbWluIn0.aWmodg.RVcF2A3i2tCh8wWhQ3PpkyQ8CLg')])
2026-01-16 10:54:46 - app - INFO - 检查登录状态, session内容: {'_permanent': True, 'user_id': 1, 'username': 'admin'}, cookies: ImmutableMultiDict([('session', 'eyJfcGVybWFuZW50Ijp0cnVlLCJ1c2VyX2lkIjoxLCJ1c2VybmFtZSI6ImFkbWluIn0.aWmodg.RVcF2A3i2tCh8wWhQ3PpkyQ8CLg')])
2026-01-16 10:54:48 - app - INFO - 检查更新: 当前版本 2.1.4
2026-01-16 10:54:51 - app - INFO - [TaskExecutor] start_task 被调用: task_id=2, execution_id=None, schedule_period=None
2026-01-16 10:54:51 - app - WARNING - [TaskExecutor] 任务 2 已在执行中
2026-01-16 10:54:57 - app - INFO - 检查更新成功: {'has_update': False, 'message': '当前已是最新版本'}
2026-01-16 10:55:04 - app - INFO - 准备重做任务: 测试189 (download)
2026-01-16 10:55:04 - app - INFO - 已删除任务 测试189 的历史记录
2026-01-16 10:55:04 - app - INFO - [TaskExecutor] start_task 被调用: task_id=2, execution_id=None, schedule_period=None
2026-01-16 10:55:04 - app - WARNING - [TaskExecutor] 任务 2 已在执行中
2026-01-16 10:56:02 - app - INFO - 许可证管理器初始化完成,服务器: http://license.22l2.com
2026-01-16 10:56:02 - app - INFO - 初始化许可证管理器...
2026-01-16 10:56:03 - app - INFO - 解密密钥设置成功
2026-01-16 10:56:03 - app - INFO - 解密密钥获取成功
2026-01-16 10:56:03 - app - INFO - 解密密钥获取成功，配置已就绪
2026-01-16 10:56:03 - app - INFO - 配置解密成功
2026-01-16 10:56:03 - app - INFO - 夸克API配置加载成功
2026-01-16 10:56:03 - app - INFO - 夸克API配置加载完成
2026-01-16 10:56:03 - app - INFO - 检查数据库...
2026-01-16 10:56:03 - app - INFO - 数据库检查完成
2026-01-16 10:56:03 - app - INFO - 检查数据库迁移...
2026-01-16 10:56:03 - app - INFO - 数据库迁移检查完成
2026-01-16 10:56:03 - app - INFO - 清理异常中断的任务状态...
2026-01-16 10:56:04 - app - INFO - 升级管理器初始化完成
2026-01-16 10:56:04 - app - INFO - Flask应用创建成功
2026-01-16 10:56:04 - app - INFO - 静态文件目录: C:\Data\夸克转存\client\frontend
2026-01-16 10:56:04 - app - INFO - 启动任务调度服务...
2026-01-16 10:56:04 - app - INFO - 检查被中断的影视下载任务...
2026-01-16 10:56:04 - app - INFO - 没有需要恢复的影视下载任务
2026-01-16 10:56:04 - app - INFO - 账期生成循环已启动
2026-01-16 10:56:04 - app - INFO - 账期生成线程已启动
2026-01-16 10:56:04 - app - INFO - 开始生成 2026-01-16 的任务账期
2026-01-16 10:56:04 - app - INFO - 任务执行循环已启动
2026-01-16 10:56:04 - app - INFO - 任务执行线程已启动
2026-01-16 10:56:04 - app - INFO - 跳过一次性执行任务: 测试
2026-01-16 10:56:04 - app - INFO - 日志清理循环已启动
2026-01-16 10:56:04 - app - INFO - 跳过一次性执行任务: 测试谢谢谢谢
2026-01-16 10:56:04 - app - INFO - 日志清理线程已启动
2026-01-16 10:56:04 - app - INFO - 下次日志清理时间: 2026-01-17 02:00:00
2026-01-16 10:56:04 - app - INFO - 跳过一次性执行任务: 测试189
2026-01-16 10:56:04 - app - INFO - 启动Flask服务: http://0.0.0.0:8520
2026-01-16 10:56:04 - app - INFO - 跳过一次性执行任务: 小城大事
2026-01-16 10:56:04 - app - INFO - ✅ 生成完成，共创建 0 条待执行记录
2026-01-16 10:56:04 - app - INFO - 下次生成账期时间: 2026-01-17 00:00:00, 等待 47036 秒
2026-01-16 10:59:43 - app - INFO - [TaskExecutor] start_task 被调用: task_id=2, execution_id=None, schedule_period=None
2026-01-16 10:59:43 - app - INFO - [TaskExecutor] 任务 2 状态已初始化到 _running_tasks
2026-01-16 10:59:43 - app - INFO - [TaskExecutor] _execute_task 线程开始执行: task_id=2
2026-01-16 10:59:43 - app - INFO - [TaskExecutor] 任务 2 执行线程已启动
2026-01-16 10:59:43 - app - INFO - [TaskExecutor] 从_running_tasks获取: execution_id=None, schedule_period=None
2026-01-16 10:59:43 - app - INFO - [TaskExecutor] 开始获取任务信息: task_id=2
2026-01-16 10:59:43 - app - INFO - [TaskExecutor] 任务信息获取成功: 测试189
2026-01-16 10:59:43 - app - INFO - [TaskExecutor] 开始创建执行历史记录
2026-01-16 10:59:43 - app - INFO - [TaskExecutor] 执行历史记录创建成功: execution_id=33
2026-01-16 10:59:43 - app - INFO - [TaskExecutor] execution_id已更新到_running_tasks
2026-01-16 10:59:43 - app - INFO - [TaskExecutor] 开始记录日志
2026-01-16 10:59:43 - app - INFO - [下载任务2] 任务已启动，正在初始化...
2026-01-16 10:59:43 - app - INFO - [下载任务2] 执行历史记录ID: 33
2026-01-16 10:59:43 - app - INFO - [下载任务2] 开始执行任务: 测试189
2026-01-16 10:59:43 - app - INFO - [下载任务2] 使用账号: 天意
2026-01-16 10:59:43 - app - INFO - [下载任务2] 网盘目录: /测试
2026-01-16 10:59:43 - app - INFO - [下载任务2] 本地目录: C:\Data\下载
2026-01-16 10:59:43 - app - INFO - [下载任务2] 云盘类型: cloud189
2026-01-16 10:59:43 - app - INFO - 已设置 1 个Cookie字段
2026-01-16 10:59:43 - app - INFO - [下载任务2] 正在获取文件列表...
2026-01-16 10:59:43 - app - INFO - [下载任务2] 解析路径: 测试
2026-01-16 10:59:43 - app - INFO - 189获取文件列表请求: folder_id=-11, page=1, size=100
2026-01-16 10:59:55 - app - INFO - 189文件列表响应状态码: 200
2026-01-16 10:59:55 - app - INFO - 189文件列表获取成功: 文件夹11个, 文件2个
2026-01-16 10:59:55 - app - INFO - [下载任务2] 开始递归扫描文件...
2026-01-16 10:59:55 - app - INFO - 189获取文件列表请求: folder_id=323911228907722297, page=1, size=100
2026-01-16 10:59:55 - app - INFO - 189文件列表响应状态码: 200
2026-01-16 10:59:55 - app - INFO - 189文件列表获取成功: 文件夹1个, 文件0个
2026-01-16 10:59:55 - app - INFO - [下载任务2] 正在扫描文件夹: 123
2026-01-16 10:59:55 - app - INFO - 189获取文件列表请求: folder_id=223151229822520199, page=1, size=100
2026-01-16 10:59:55 - app - INFO - 189文件列表响应状态码: 200
2026-01-16 10:59:55 - app - INFO - 189文件列表获取成功: 文件夹1个, 文件1个
2026-01-16 10:59:55 - app - INFO - [下载任务2] 正在扫描文件夹: 123/Season 1
2026-01-16 10:59:55 - app - INFO - 189获取文件列表请求: folder_id=923263229867776282, page=1, size=100
2026-01-16 10:59:55 - app - INFO - 189文件列表响应状态码: 200
2026-01-16 10:59:55 - app - INFO - 189文件列表获取成功: 文件夹0个, 文件1个
2026-01-16 10:59:55 - app - INFO - [下载任务2] 递归扫描完成，共找到 2 个文件
2026-01-16 10:59:55 - app - INFO - [下载任务2] 准备下载 2 个文件
2026-01-16 10:59:55 - app - INFO - [下载任务2] [1/2] 正在下载: 123/Season 1/None (4883.65 MB)
2026-01-16 10:59:55 - app - INFO - [下载任务2]    创建子目录: 123/Season 1
2026-01-16 10:59:55 - app - INFO - [下载任务2] [1/2] 下载异常: join() argument must be str, bytes, or os.PathLike object, not 'NoneType'
2026-01-16 10:59:55 - app - INFO - [下载任务2] [2/2] 正在下载: 123/None (0.00 MB)
2026-01-16 10:59:55 - app - INFO - [下载任务2] [2/2] 下载异常: join() argument must be str, bytes, or os.PathLike object, not 'NoneType'
2026-01-16 10:59:55 - app - INFO - [下载任务2] 
任务执行完成！
2026-01-16 10:59:55 - app - INFO - [下载任务2] 成功: 0 个，失败: 2 个
2026-01-16 11:00:58 - app - INFO - 许可证管理器初始化完成,服务器: http://license.22l2.com
2026-01-16 11:00:58 - app - INFO - 初始化许可证管理器...
2026-01-16 11:01:00 - app - INFO - 解密密钥设置成功
2026-01-16 11:01:00 - app - INFO - 解密密钥获取成功
2026-01-16 11:01:00 - app - INFO - 解密密钥获取成功，配置已就绪
2026-01-16 11:01:00 - app - INFO - 配置解密成功
2026-01-16 11:01:00 - app - INFO - 夸克API配置加载成功
2026-01-16 11:01:00 - app - INFO - 夸克API配置加载完成
2026-01-16 11:01:00 - app - INFO - 检查数据库...
2026-01-16 11:01:00 - app - INFO - 数据库检查完成
2026-01-16 11:01:00 - app - INFO - 检查数据库迁移...
2026-01-16 11:01:00 - app - INFO - 数据库迁移检查完成
2026-01-16 11:01:00 - app - INFO - 清理异常中断的任务状态...
2026-01-16 11:01:01 - app - INFO - 升级管理器初始化完成
2026-01-16 11:01:01 - app - INFO - Flask应用创建成功
2026-01-16 11:01:01 - app - INFO - 静态文件目录: C:\Data\夸克转存\client\frontend
2026-01-16 11:01:01 - app - INFO - 启动任务调度服务...
2026-01-16 11:01:01 - app - INFO - 检查被中断的影视下载任务...
2026-01-16 11:01:01 - app - INFO - 没有需要恢复的影视下载任务
2026-01-16 11:01:01 - app - INFO - 账期生成循环已启动
2026-01-16 11:01:01 - app - INFO - 账期生成线程已启动
2026-01-16 11:01:01 - app - INFO - 开始生成 2026-01-16 的任务账期
2026-01-16 11:01:01 - app - INFO - 任务执行循环已启动
2026-01-16 11:01:01 - app - INFO - 任务执行线程已启动
2026-01-16 11:01:01 - app - INFO - 日志清理循环已启动
2026-01-16 11:01:01 - app - INFO - 日志清理线程已启动
2026-01-16 11:01:01 - app - INFO - 下次日志清理时间: 2026-01-17 02:00:00
2026-01-16 11:01:01 - app - INFO - 启动Flask服务: http://0.0.0.0:8520
2026-01-16 11:01:01 - app - INFO - 跳过一次性执行任务: 测试
2026-01-16 11:01:01 - app - INFO - 跳过一次性执行任务: 测试谢谢谢谢
2026-01-16 11:01:01 - app - INFO - 跳过一次性执行任务: 测试189
2026-01-16 11:01:01 - app - INFO - 跳过一次性执行任务: 小城大事
2026-01-16 11:01:01 - app - INFO - ✅ 生成完成，共创建 0 条待执行记录
2026-01-16 11:01:01 - app - INFO - 下次生成账期时间: 2026-01-17 00:00:00, 等待 46739 秒
2026-01-16 11:01:35 - app - INFO - [TaskExecutor] start_task 被调用: task_id=2, execution_id=None, schedule_period=None
2026-01-16 11:01:35 - app - INFO - [TaskExecutor] 任务 2 状态已初始化到 _running_tasks
2026-01-16 11:01:35 - app - INFO - [TaskExecutor] _execute_task 线程开始执行: task_id=2
2026-01-16 11:01:35 - app - INFO - [TaskExecutor] 任务 2 执行线程已启动
2026-01-16 11:01:35 - app - INFO - [TaskExecutor] 从_running_tasks获取: execution_id=None, schedule_period=None
2026-01-16 11:01:35 - app - INFO - [TaskExecutor] 开始获取任务信息: task_id=2
2026-01-16 11:01:35 - app - INFO - [TaskExecutor] 任务信息获取成功: 测试189
2026-01-16 11:01:35 - app - INFO - [TaskExecutor] 开始创建执行历史记录
2026-01-16 11:01:35 - app - INFO - [TaskExecutor] 执行历史记录创建成功: execution_id=34
2026-01-16 11:01:35 - app - INFO - [TaskExecutor] execution_id已更新到_running_tasks
2026-01-16 11:01:35 - app - INFO - [TaskExecutor] 开始记录日志
2026-01-16 11:01:35 - app - INFO - [下载任务2] 任务已启动，正在初始化...
2026-01-16 11:01:35 - app - INFO - [下载任务2] 执行历史记录ID: 34
2026-01-16 11:01:35 - app - INFO - [下载任务2] 开始执行任务: 测试189
2026-01-16 11:01:35 - app - INFO - [下载任务2] 使用账号: 天意
2026-01-16 11:01:35 - app - INFO - [下载任务2] 网盘目录: /测试
2026-01-16 11:01:35 - app - INFO - [下载任务2] 本地目录: C:\Data\下载
2026-01-16 11:01:35 - app - INFO - [下载任务2] 云盘类型: cloud189
2026-01-16 11:01:35 - app - INFO - 已设置 1 个Cookie字段
2026-01-16 11:01:35 - app - INFO - [下载任务2] 正在获取文件列表...
2026-01-16 11:01:35 - app - INFO - [下载任务2] 解析路径: 测试
2026-01-16 11:01:35 - app - INFO - 189获取文件列表请求: folder_id=-11, page=1, size=100
2026-01-16 11:01:46 - app - INFO - 189文件列表响应状态码: 200
2026-01-16 11:01:46 - app - INFO - 189文件列表获取成功: 文件夹11个, 文件2个
2026-01-16 11:01:46 - app - INFO - [下载任务2] 开始递归扫描文件...
2026-01-16 11:01:46 - app - INFO - 189获取文件列表请求: folder_id=323911228907722297, page=1, size=100
2026-01-16 11:01:47 - app - INFO - 189文件列表响应状态码: 200
2026-01-16 11:01:47 - app - INFO - 189文件列表获取成功: 文件夹1个, 文件0个
2026-01-16 11:01:47 - app - INFO - [下载任务2] 正在扫描文件夹: 123
2026-01-16 11:01:47 - app - INFO - 189获取文件列表请求: folder_id=223151229822520199, page=1, size=100
2026-01-16 11:01:47 - app - INFO - 189文件列表响应状态码: 200
2026-01-16 11:01:47 - app - INFO - 189文件列表获取成功: 文件夹1个, 文件1个
2026-01-16 11:01:47 - app - INFO - [下载任务2] 正在扫描文件夹: 123/Season 1
2026-01-16 11:01:47 - app - INFO - 189获取文件列表请求: folder_id=923263229867776282, page=1, size=100
2026-01-16 11:01:47 - app - INFO - 189文件列表响应状态码: 200
2026-01-16 11:01:47 - app - INFO - 189文件列表获取成功: 文件夹0个, 文件1个
2026-01-16 11:01:47 - app - INFO - [下载任务2] 递归扫描完成，共找到 2 个文件
2026-01-16 11:01:47 - app - INFO - [下载任务2] 准备下载 2 个文件
2026-01-16 11:01:47 - app - INFO - [下载任务2] [1/2] 正在下载: 123/Season 1/Delinquent.to.Doctor.S01E01.S01E01.2026.1080p.friDay.WEB-DL.H264.AAC.mkv (4883.65 MB)
2026-01-16 11:01:47 - app - INFO - [下载任务2] [1/2] 下载异常: name 'quark' is not defined
2026-01-16 11:01:47 - app - INFO - [下载任务2] [2/2] 正在下载: 123/雷鲸小站3.txt (0.00 MB)
2026-01-16 11:01:47 - app - INFO - [下载任务2] [2/2] 下载异常: name 'quark' is not defined
2026-01-16 11:01:47 - app - INFO - [下载任务2] 
任务执行完成！
2026-01-16 11:01:47 - app - INFO - [下载任务2] 成功: 0 个，失败: 2 个
2026-01-16 11:03:35 - app - INFO - 许可证管理器初始化完成,服务器: http://license.22l2.com
2026-01-16 11:03:35 - app - INFO - 初始化许可证管理器...
2026-01-16 11:03:37 - app - INFO - 解密密钥设置成功
2026-01-16 11:03:37 - app - INFO - 解密密钥获取成功
2026-01-16 11:03:37 - app - INFO - 解密密钥获取成功，配置已就绪
2026-01-16 11:03:37 - app - INFO - 配置解密成功
2026-01-16 11:03:37 - app - INFO - 夸克API配置加载成功
2026-01-16 11:03:37 - app - INFO - 夸克API配置加载完成
2026-01-16 11:03:37 - app - INFO - 检查数据库...
2026-01-16 11:03:37 - app - INFO - 数据库检查完成
2026-01-16 11:03:37 - app - INFO - 检查数据库迁移...
2026-01-16 11:03:37 - app - INFO - 数据库迁移检查完成
2026-01-16 11:03:37 - app - INFO - 清理异常中断的任务状态...
2026-01-16 11:03:37 - app - INFO - 升级管理器初始化完成
2026-01-16 11:03:37 - app - INFO - Flask应用创建成功
2026-01-16 11:03:37 - app - INFO - 静态文件目录: C:\Data\夸克转存\client\frontend
2026-01-16 11:03:37 - app - INFO - 启动任务调度服务...
2026-01-16 11:03:37 - app - INFO - 检查被中断的影视下载任务...
2026-01-16 11:03:37 - app - INFO - 没有需要恢复的影视下载任务
2026-01-16 11:03:37 - app - INFO - 账期生成循环已启动
2026-01-16 11:03:37 - app - INFO - 账期生成线程已启动
2026-01-16 11:03:37 - app - INFO - 开始生成 2026-01-16 的任务账期
2026-01-16 11:03:37 - app - INFO - 任务执行循环已启动
2026-01-16 11:03:37 - app - INFO - 任务执行线程已启动
2026-01-16 11:03:37 - app - INFO - 日志清理循环已启动
2026-01-16 11:03:37 - app - INFO - 日志清理线程已启动
2026-01-16 11:03:37 - app - INFO - 下次日志清理时间: 2026-01-17 02:00:00
2026-01-16 11:03:37 - app - INFO - 启动Flask服务: http://0.0.0.0:8520
2026-01-16 11:03:37 - app - INFO - 跳过一次性执行任务: 测试
2026-01-16 11:03:37 - app - INFO - 跳过一次性执行任务: 测试谢谢谢谢
2026-01-16 11:03:37 - app - INFO - 跳过一次性执行任务: 测试189
2026-01-16 11:03:37 - app - INFO - 跳过一次性执行任务: 小城大事
2026-01-16 11:03:37 - app - INFO - ✅ 生成完成，共创建 0 条待执行记录
2026-01-16 11:03:37 - app - INFO - 下次生成账期时间: 2026-01-17 00:00:00, 等待 46583 秒
2026-01-16 11:10:01 - app - INFO - [TaskExecutor] start_task 被调用: task_id=2, execution_id=None, schedule_period=None
2026-01-16 11:10:01 - app - INFO - [TaskExecutor] 任务 2 状态已初始化到 _running_tasks
2026-01-16 11:10:01 - app - INFO - [TaskExecutor] _execute_task 线程开始执行: task_id=2
2026-01-16 11:10:01 - app - INFO - [TaskExecutor] 任务 2 执行线程已启动
2026-01-16 11:10:01 - app - INFO - [TaskExecutor] 从_running_tasks获取: execution_id=None, schedule_period=None
2026-01-16 11:10:01 - app - INFO - [TaskExecutor] 开始获取任务信息: task_id=2
2026-01-16 11:10:01 - app - INFO - [TaskExecutor] 任务信息获取成功: 测试189
2026-01-16 11:10:01 - app - INFO - [TaskExecutor] 开始创建执行历史记录
2026-01-16 11:10:01 - app - INFO - [下载任务2] 执行异常: UNIQUE constraint failed: task_execution_history.task_id, task_execution_history.task_type, task_execution_history.schedule_period
2026-01-16 11:10:01 - app - ERROR - 执行下载任务异常: UNIQUE constraint failed: task_execution_history.task_id, task_execution_history.task_type, task_execution_history.schedule_period
Traceback (most recent call last):
  File "C:\Data\夸克转存\client\backend\services\task_executor.py", line 467, in _execute_task
    cursor.execute("""
sqlite3.IntegrityError: UNIQUE constraint failed: task_execution_history.task_id, task_execution_history.task_type, task_execution_history.schedule_period
2026-01-16 11:10:05 - app - INFO - [TaskExecutor] start_task 被调用: task_id=2, execution_id=None, schedule_period=None
2026-01-16 11:10:05 - app - WARNING - [TaskExecutor] 任务 2 已在执行中
2026-01-16 11:10:17 - app - INFO - 准备重做任务: 测试189 (download)
2026-01-16 11:10:17 - app - INFO - 已删除任务 测试189 的历史记录
2026-01-16 11:10:17 - app - INFO - [TaskExecutor] 强制清除任务 2 的内存状态
2026-01-16 11:10:17 - app - INFO - 已清除下载任务 2 的状态
2026-01-16 11:10:17 - app - INFO - [TaskExecutor] start_task 被调用: task_id=2, execution_id=None, schedule_period=None
2026-01-16 11:10:17 - app - INFO - [TaskExecutor] 任务 2 状态已初始化到 _running_tasks
2026-01-16 11:10:17 - app - INFO - [TaskExecutor] _execute_task 线程开始执行: task_id=2
2026-01-16 11:10:17 - app - INFO - [TaskExecutor] 任务 2 执行线程已启动
2026-01-16 11:10:17 - app - INFO - [TaskExecutor] 从_running_tasks获取: execution_id=None, schedule_period=None
2026-01-16 11:10:17 - app - INFO - [TaskExecutor] 开始获取任务信息: task_id=2
2026-01-16 11:10:17 - app - INFO - [TaskExecutor] 任务信息获取成功: 测试189
2026-01-16 11:10:17 - app - INFO - [TaskExecutor] 开始创建执行历史记录
2026-01-16 11:10:17 - app - INFO - [TaskExecutor] 执行历史记录创建成功: execution_id=35
2026-01-16 11:10:17 - app - INFO - [TaskExecutor] execution_id已更新到_running_tasks
2026-01-16 11:10:17 - app - INFO - [TaskExecutor] 开始记录日志
2026-01-16 11:10:17 - app - INFO - [下载任务2] 任务已启动，正在初始化...
2026-01-16 11:10:17 - app - INFO - [下载任务2] 执行历史记录ID: 35
2026-01-16 11:10:17 - app - INFO - [下载任务2] 开始执行任务: 测试189
2026-01-16 11:10:18 - app - INFO - [下载任务2] 使用账号: 天意
2026-01-16 11:10:18 - app - INFO - [下载任务2] 网盘目录: /测试
2026-01-16 11:10:18 - app - INFO - [下载任务2] 本地目录: C:\Data\下载
2026-01-16 11:10:18 - app - INFO - [下载任务2] 云盘类型: cloud189
2026-01-16 11:10:18 - app - INFO - 已设置 1 个Cookie字段
2026-01-16 11:10:18 - app - INFO - [下载任务2] 正在获取文件列表...
2026-01-16 11:10:18 - app - INFO - [下载任务2] 解析路径: 测试
2026-01-16 11:10:18 - app - INFO - 189获取文件列表请求: folder_id=-11, page=1, size=100
2026-01-16 11:10:30 - app - INFO - 189文件列表响应状态码: 200
2026-01-16 11:10:30 - app - INFO - 189文件列表获取成功: 文件夹11个, 文件2个
2026-01-16 11:10:30 - app - INFO - [下载任务2] 开始递归扫描文件...
2026-01-16 11:10:30 - app - INFO - 189获取文件列表请求: folder_id=323911228907722297, page=1, size=100
2026-01-16 11:10:30 - app - INFO - 189文件列表响应状态码: 200
2026-01-16 11:10:30 - app - INFO - 189文件列表获取成功: 文件夹1个, 文件0个
2026-01-16 11:10:30 - app - INFO - [下载任务2] 正在扫描文件夹: 123
2026-01-16 11:10:30 - app - INFO - 189获取文件列表请求: folder_id=223151229822520199, page=1, size=100
2026-01-16 11:10:30 - app - INFO - 189文件列表响应状态码: 200
2026-01-16 11:10:30 - app - INFO - 189文件列表获取成功: 文件夹1个, 文件1个
2026-01-16 11:10:30 - app - INFO - [下载任务2] 正在扫描文件夹: 123/Season 1
2026-01-16 11:10:30 - app - INFO - 189获取文件列表请求: folder_id=923263229867776282, page=1, size=100
2026-01-16 11:10:30 - app - INFO - 189文件列表响应状态码: 200
2026-01-16 11:10:30 - app - INFO - 189文件列表获取成功: 文件夹0个, 文件1个
2026-01-16 11:10:30 - app - INFO - [下载任务2] 递归扫描完成，共找到 2 个文件
2026-01-16 11:10:30 - app - INFO - [下载任务2] 准备下载 2 个文件
2026-01-16 11:10:30 - app - INFO - [下载任务2] [1/2] 正在下载: 123/Season 1/Delinquent.to.Doctor.S01E01.S01E01.2026.1080p.friDay.WEB-DL.H264.AAC.mkv (4883.65 MB)
2026-01-16 11:10:30 - app - INFO - [下载任务2] [1/2] 下载链接无效
2026-01-16 11:10:30 - app - INFO - [下载任务2] [2/2] 正在下载: 123/雷鲸小站3.txt (0.00 MB)
2026-01-16 11:10:30 - app - INFO - [下载任务2] [2/2] 下载链接为空
2026-01-16 11:10:30 - app - INFO - [下载任务2] 
任务执行完成！
2026-01-16 11:10:30 - app - INFO - [下载任务2] 成功: 0 个，失败: 2 个
2026-01-16 11:13:47 - app - INFO - 许可证管理器初始化完成,服务器: http://license.22l2.com
2026-01-16 11:13:47 - app - INFO - 初始化许可证管理器...
2026-01-16 11:13:50 - app - INFO - 解密密钥设置成功
2026-01-16 11:13:51 - app - INFO - 解密密钥获取成功
2026-01-16 11:13:51 - app - INFO - 解密密钥获取成功，配置已就绪
2026-01-16 11:13:51 - app - INFO - 配置解密成功
2026-01-16 11:13:51 - app - INFO - 夸克API配置加载成功
2026-01-16 11:13:51 - app - INFO - 夸克API配置加载完成
2026-01-16 11:13:51 - app - INFO - 检查数据库...
2026-01-16 11:13:51 - app - INFO - 数据库检查完成
2026-01-16 11:13:51 - app - INFO - 检查数据库迁移...
2026-01-16 11:13:51 - app - INFO - 数据库迁移检查完成
2026-01-16 11:13:51 - app - INFO - 清理异常中断的任务状态...
2026-01-16 11:13:51 - app - INFO - 升级管理器初始化完成
2026-01-16 11:13:51 - app - INFO - Flask应用创建成功
2026-01-16 11:13:51 - app - INFO - 静态文件目录: C:\Data\夸克转存\client\frontend
2026-01-16 11:13:51 - app - INFO - 启动任务调度服务...
2026-01-16 11:13:51 - app - INFO - 检查被中断的影视下载任务...
2026-01-16 11:13:51 - app - INFO - 没有需要恢复的影视下载任务
2026-01-16 11:13:51 - app - INFO - 账期生成循环已启动
2026-01-16 11:13:51 - app - INFO - 账期生成线程已启动
2026-01-16 11:13:51 - app - INFO - 开始生成 2026-01-16 的任务账期
2026-01-16 11:13:51 - app - INFO - 任务执行循环已启动
2026-01-16 11:13:51 - app - INFO - 任务执行线程已启动
2026-01-16 11:13:51 - app - INFO - 日志清理循环已启动
2026-01-16 11:13:51 - app - INFO - 日志清理线程已启动
2026-01-16 11:13:51 - app - INFO - 下次日志清理时间: 2026-01-17 02:00:00
2026-01-16 11:13:51 - app - INFO - 启动Flask服务: http://0.0.0.0:8520
2026-01-16 11:13:51 - app - INFO - 跳过一次性执行任务: 测试
2026-01-16 11:13:51 - app - INFO - 跳过一次性执行任务: 测试谢谢谢谢
2026-01-16 11:13:51 - app - INFO - 跳过一次性执行任务: 测试189
2026-01-16 11:13:51 - app - INFO - 跳过一次性执行任务: 小城大事
2026-01-16 11:13:51 - app - INFO - ✅ 生成完成，共创建 0 条待执行记录
2026-01-16 11:13:51 - app - INFO - 下次生成账期时间: 2026-01-17 00:00:00, 等待 45969 秒
2026-01-16 11:15:14 - app - INFO - 准备重做任务: 测试189 (download)
2026-01-16 11:15:14 - app - INFO - 已删除任务 测试189 的历史记录
2026-01-16 11:15:14 - app - INFO - 已清除下载任务 2 的状态
2026-01-16 11:15:14 - app - INFO - [TaskExecutor] start_task 被调用: task_id=2, execution_id=None, schedule_period=None
2026-01-16 11:15:14 - app - INFO - [TaskExecutor] 任务 2 状态已初始化到 _running_tasks
2026-01-16 11:15:14 - app - INFO - [TaskExecutor] _execute_task 线程开始执行: task_id=2
2026-01-16 11:15:14 - app - INFO - [TaskExecutor] 任务 2 执行线程已启动
2026-01-16 11:15:14 - app - INFO - [TaskExecutor] 从_running_tasks获取: execution_id=None, schedule_period=None
2026-01-16 11:15:14 - app - INFO - [TaskExecutor] 开始获取任务信息: task_id=2
2026-01-16 11:15:14 - app - INFO - [TaskExecutor] 任务信息获取成功: 测试189
2026-01-16 11:15:14 - app - INFO - [TaskExecutor] 开始创建执行历史记录
2026-01-16 11:15:14 - app - INFO - [TaskExecutor] 执行历史记录创建成功: execution_id=36
2026-01-16 11:15:14 - app - INFO - [TaskExecutor] execution_id已更新到_running_tasks
2026-01-16 11:15:14 - app - INFO - [TaskExecutor] 开始记录日志
2026-01-16 11:15:14 - app - INFO - [下载任务2] 任务已启动，正在初始化...
2026-01-16 11:15:14 - app - INFO - [下载任务2] 执行历史记录ID: 36
2026-01-16 11:15:14 - app - INFO - [下载任务2] 开始执行任务: 测试189
2026-01-16 11:15:14 - app - INFO - [下载任务2] 使用账号: 天意
2026-01-16 11:15:14 - app - INFO - [下载任务2] 网盘目录: /测试
2026-01-16 11:15:14 - app - INFO - [下载任务2] 本地目录: C:\Data\下载
2026-01-16 11:15:14 - app - INFO - [下载任务2] 云盘类型: cloud189
2026-01-16 11:15:15 - app - INFO - 已设置 1 个Cookie字段
2026-01-16 11:15:15 - app - INFO - [下载任务2] 正在获取文件列表...
2026-01-16 11:15:15 - app - INFO - [下载任务2] 解析路径: 测试
2026-01-16 11:15:15 - app - INFO - 189获取文件列表请求: folder_id=-11, page=1, size=100
2026-01-16 11:15:26 - app - INFO - 189文件列表响应状态码: 200
2026-01-16 11:15:26 - app - INFO - 189文件列表获取成功: 文件夹11个, 文件2个
2026-01-16 11:15:26 - app - INFO - [下载任务2] 开始递归扫描文件...
2026-01-16 11:15:26 - app - INFO - 189获取文件列表请求: folder_id=323911228907722297, page=1, size=100
2026-01-16 11:15:26 - app - INFO - 189文件列表响应状态码: 200
2026-01-16 11:15:26 - app - INFO - 189文件列表获取成功: 文件夹1个, 文件0个
2026-01-16 11:15:26 - app - INFO - [下载任务2] 正在扫描文件夹: 123
2026-01-16 11:15:26 - app - INFO - 189获取文件列表请求: folder_id=223151229822520199, page=1, size=100
2026-01-16 11:15:26 - app - INFO - 189文件列表响应状态码: 200
2026-01-16 11:15:26 - app - INFO - 189文件列表获取成功: 文件夹1个, 文件1个
2026-01-16 11:15:26 - app - INFO - [下载任务2] 正在扫描文件夹: 123/Season 1
2026-01-16 11:15:26 - app - INFO - 189获取文件列表请求: folder_id=923263229867776282, page=1, size=100
2026-01-16 11:15:26 - app - INFO - 189文件列表响应状态码: 200
2026-01-16 11:15:26 - app - INFO - 189文件列表获取成功: 文件夹0个, 文件1个
2026-01-16 11:15:26 - app - INFO - [下载任务2] 递归扫描完成，共找到 2 个文件
2026-01-16 11:15:26 - app - INFO - [下载任务2] 准备下载 2 个文件
2026-01-16 11:15:26 - app - INFO - [下载任务2] [1/2] 正在下载: 123/Season 1/Delinquent.to.Doctor.S01E01.S01E01.2026.1080p.friDay.WEB-DL.H264.AAC.mkv (4883.65 MB)
2026-01-16 11:15:26 - app - INFO - 189下载链接响应: status=400
2026-01-16 11:15:26 - app - ERROR - 获取下载链接失败: status=400, text={"res_message":"File too large","res_code":"FileTooLarge"}

2026-01-16 11:15:26 - app - INFO - [下载任务2] [1/2] 获取下载链接失败: 未获取到任何下载链接
2026-01-16 11:15:26 - app - INFO - [下载任务2] [2/2] 正在下载: 123/雷鲸小站3.txt (0.00 MB)
2026-01-16 11:15:27 - app - INFO - 189下载链接响应: status=200
2026-01-16 11:15:27 - app - INFO - 189下载链接结果: {'res_code': 0, 'res_message': '成功', 'fileDownloadUrl': 'https://download.cloud.189.cn/file/downloadFile.action?dt=51&expired=1768533671800&sk=a71a498c-3f26-4370-ba80-5dc88c74c675&ufi=623263229867776288&zyc=5&token=cloud14&sig=IgzNJYxR0pwJX8aiKMxbuWd%2Fl2U%3D'}
2026-01-16 11:15:27 - app - INFO - 成功获取文件 623263229867776288 的下载链接
2026-01-16 11:15:27 - app - INFO - [下载任务2] [调试] 多线程配置: enable=True, threshold=50MB
2026-01-16 11:15:27 - app - INFO - [下载任务2] [2/2] 文件大小 0.00MB < 50MB，使用单线程下载
2026-01-16 11:15:27 - app - INFO - [下载任务2] ✅ 单线程下载完成: 雷鲸小站3.txt
2026-01-16 11:15:27 - app - INFO - [下载任务2] 
任务执行完成！
2026-01-16 11:15:27 - app - INFO - [下载任务2] 成功: 1 个，失败: 1 个
2026-01-16 11:16:16 - app - INFO - 许可证管理器初始化完成,服务器: http://license.22l2.com
2026-01-16 11:16:16 - app - INFO - 初始化许可证管理器...
2026-01-16 11:16:19 - app - ERROR - 获取解密密钥失败: Expecting value: line 1 column 1 (char 0)
2026-01-16 11:16:19 - app - WARNING - 解密密钥获取失败，部分功能可能受限
2026-01-16 11:16:19 - app - INFO - 检查数据库...
2026-01-16 11:16:19 - app - INFO - 数据库检查完成
2026-01-16 11:16:19 - app - INFO - 检查数据库迁移...
2026-01-16 11:16:19 - app - INFO - 数据库迁移检查完成
2026-01-16 11:16:19 - app - INFO - 清理异常中断的任务状态...
2026-01-16 11:16:19 - app - INFO - 升级管理器初始化完成
2026-01-16 11:16:19 - app - INFO - Flask应用创建成功
2026-01-16 11:16:19 - app - INFO - 静态文件目录: C:\Data\夸克转存\client\frontend
2026-01-16 11:16:19 - app - INFO - 启动任务调度服务...
2026-01-16 11:16:19 - app - INFO - 检查被中断的影视下载任务...
2026-01-16 11:16:19 - app - INFO - 没有需要恢复的影视下载任务
2026-01-16 11:16:19 - app - INFO - 账期生成循环已启动
2026-01-16 11:16:19 - app - INFO - 账期生成线程已启动
2026-01-16 11:16:19 - app - INFO - 开始生成 2026-01-16 的任务账期
2026-01-16 11:16:19 - app - INFO - 任务执行循环已启动
2026-01-16 11:16:19 - app - INFO - 任务执行线程已启动
2026-01-16 11:16:19 - app - INFO - 日志清理循环已启动
2026-01-16 11:16:19 - app - INFO - 日志清理线程已启动
2026-01-16 11:16:19 - app - INFO - 下次日志清理时间: 2026-01-17 02:00:00
2026-01-16 11:16:19 - app - INFO - 启动Flask服务: http://0.0.0.0:8520
2026-01-16 11:16:19 - app - INFO - 跳过一次性执行任务: 测试
2026-01-16 11:16:19 - app - INFO - 跳过一次性执行任务: 测试谢谢谢谢
2026-01-16 11:16:19 - app - INFO - 跳过一次性执行任务: 测试189
2026-01-16 11:16:19 - app - INFO - 跳过一次性执行任务: 小城大事
2026-01-16 11:16:19 - app - INFO - ✅ 生成完成，共创建 0 条待执行记录
2026-01-16 11:16:19 - app - INFO - 下次生成账期时间: 2026-01-17 00:00:00, 等待 45820 秒
2026-01-16 11:18:41 - app - INFO - 准备重做任务: 测试189 (download)
2026-01-16 11:18:41 - app - INFO - 已删除任务 测试189 的历史记录
2026-01-16 11:18:41 - app - INFO - 已清除下载任务 2 的状态
2026-01-16 11:18:41 - app - INFO - [TaskExecutor] start_task 被调用: task_id=2, execution_id=None, schedule_period=None
2026-01-16 11:18:41 - app - INFO - [TaskExecutor] 任务 2 状态已初始化到 _running_tasks
2026-01-16 11:18:41 - app - INFO - [TaskExecutor] _execute_task 线程开始执行: task_id=2
2026-01-16 11:18:41 - app - INFO - [TaskExecutor] 任务 2 执行线程已启动
2026-01-16 11:18:41 - app - INFO - [TaskExecutor] 从_running_tasks获取: execution_id=None, schedule_period=None
2026-01-16 11:18:41 - app - INFO - [TaskExecutor] 开始获取任务信息: task_id=2
2026-01-16 11:18:41 - app - INFO - [TaskExecutor] 任务信息获取成功: 测试189
2026-01-16 11:18:41 - app - INFO - [TaskExecutor] 开始创建执行历史记录
2026-01-16 11:18:41 - app - INFO - [TaskExecutor] 执行历史记录创建成功: execution_id=37
2026-01-16 11:18:41 - app - INFO - [TaskExecutor] execution_id已更新到_running_tasks
2026-01-16 11:18:41 - app - INFO - [TaskExecutor] 开始记录日志
2026-01-16 11:18:41 - app - INFO - [下载任务2] 任务已启动，正在初始化...
2026-01-16 11:18:42 - app - INFO - [下载任务2] 执行历史记录ID: 37
2026-01-16 11:18:42 - app - INFO - [下载任务2] 开始执行任务: 测试189
2026-01-16 11:18:42 - app - INFO - [下载任务2] 使用账号: 天意
2026-01-16 11:18:42 - app - INFO - [下载任务2] 网盘目录: /测试
2026-01-16 11:18:42 - app - INFO - [下载任务2] 本地目录: C:\Data\下载
2026-01-16 11:18:42 - app - INFO - [下载任务2] 云盘类型: cloud189
2026-01-16 11:18:42 - app - INFO - 已设置 1 个Cookie字段
2026-01-16 11:18:42 - app - INFO - [下载任务2] 正在获取文件列表...
2026-01-16 11:18:42 - app - INFO - [下载任务2] 解析路径: 测试
2026-01-16 11:18:42 - app - INFO - 189获取文件列表请求: folder_id=-11, page=1, size=100
2026-01-16 11:18:53 - app - INFO - 189文件列表响应状态码: 200
2026-01-16 11:18:53 - app - INFO - 189文件列表获取成功: 文件夹11个, 文件2个
2026-01-16 11:18:53 - app - INFO - [下载任务2] 开始递归扫描文件...
2026-01-16 11:18:53 - app - INFO - 189获取文件列表请求: folder_id=323911228907722297, page=1, size=100
2026-01-16 11:18:53 - app - INFO - 189文件列表响应状态码: 200
2026-01-16 11:18:53 - app - INFO - 189文件列表获取成功: 文件夹1个, 文件0个
2026-01-16 11:18:53 - app - INFO - [下载任务2] 正在扫描文件夹: 123
2026-01-16 11:18:53 - app - INFO - 189获取文件列表请求: folder_id=223151229822520199, page=1, size=100
2026-01-16 11:18:53 - app - INFO - 189文件列表响应状态码: 200
2026-01-16 11:18:53 - app - INFO - 189文件列表获取成功: 文件夹1个, 文件1个
2026-01-16 11:18:53 - app - INFO - [下载任务2] 正在扫描文件夹: 123/Season 1
2026-01-16 11:18:53 - app - INFO - 189获取文件列表请求: folder_id=923263229867776282, page=1, size=100
2026-01-16 11:18:53 - app - INFO - 189文件列表响应状态码: 200
2026-01-16 11:18:53 - app - INFO - 189文件列表获取成功: 文件夹0个, 文件1个
2026-01-16 11:18:53 - app - INFO - [下载任务2] 递归扫描完成，共找到 2 个文件
2026-01-16 11:18:53 - app - INFO - [下载任务2] 准备下载 2 个文件
2026-01-16 11:18:54 - app - INFO - [下载任务2] [1/2] 正在下载: 123/Season 1/Delinquent.to.Doctor.S01E01.S01E01.2026.1080p.friDay.WEB-DL.H264.AAC.mkv (4883.65 MB)
2026-01-16 11:18:54 - app - INFO - 189下载链接响应: status=400
2026-01-16 11:18:54 - app - ERROR - 获取下载链接失败: status=400, text={"res_message":"File too large","res_code":"FileTooLarge"}

2026-01-16 11:18:54 - app - INFO - [下载任务2] [1/2] 获取下载链接失败: 未获取到任何下载链接
2026-01-16 11:18:54 - app - INFO - [下载任务2] [2/2] 正在下载: 123/雷鲸小站3.txt (0.00 MB)
2026-01-16 11:18:54 - app - INFO - [下载任务2] [2/2] 文件已存在，跳过
2026-01-16 11:18:54 - app - INFO - [下载任务2] 
任务执行完成！
2026-01-16 11:18:54 - app - INFO - [下载任务2] 成功: 1 个，失败: 1 个
2026-01-16 11:21:36 - app - INFO - 步骤1: 获取登录表单参数...
2026-01-16 11:21:47 - app - INFO -   状态码: 200, 内容长度: 23370
2026-01-16 11:21:47 - app - INFO -   ✓ captchaToken: 2d82cdad0021cb067852...
2026-01-16 11:21:47 - app - INFO -   ✓ lt: D69C3E4C85DAC323039C...
2026-01-16 11:21:47 - app - INFO -   ✓ paramId: 77F5E61A22E3772C51CFFD7D6B63E72E4FC0466A439CF460AA37430FD8E90C344AB4AF312F6646C4D13357BB6AB5D1666BED9144B8B5D11EE82E0842F74CC627657258FEF4C52E42
2026-01-16 11:21:47 - app - INFO -   ✓ reqId: 5c566726e0d44ef6
2026-01-16 11:21:47 - app - INFO - 步骤2: 获取RSA公钥...
2026-01-16 11:21:47 - app - INFO -   状态码: 200
2026-01-16 11:21:47 - app - INFO -   返回码: 0
2026-01-16 11:21:47 - app - INFO -   ✓ 公钥长度: 216
2026-01-16 11:21:47 - app - INFO -   ✓ pre前缀: {NRP}
2026-01-16 11:21:47 - app - INFO - 步骤3: 加密用户名和密码...
2026-01-16 11:21:47 - app - INFO -   ✓ 用户名加密成功，长度: 261
2026-01-16 11:21:47 - app - INFO -   ✓ 密码加密成功，长度: 261
2026-01-16 11:21:47 - app - INFO - 步骤4: 提交登录请求...
2026-01-16 11:21:47 - app - INFO -   状态码: 200
2026-01-16 11:21:47 - app - INFO -   返回码: 0
2026-01-16 11:21:47 - app - INFO -   返回消息: 登录成功
2026-01-16 11:21:47 - app - INFO -   ✓ 登录成功！
2026-01-16 11:21:47 - app - INFO -   重定向URL: https://m.cloud.189.cn/zhuanti/2020/loginErrorPc/index.html?appId=8025431004&paras=80C80F9A582543159...
2026-01-16 11:21:47 - app - INFO - 步骤6: 调用getSessionForPC获取会话凭证...
2026-01-16 11:21:48 - app - INFO -   状态码: 200
2026-01-16 11:21:48 - app - INFO -   ✓ sessionKey: 90252cf5-a32d-4cbb-9...
2026-01-16 11:21:48 - app - INFO -   ✓ accessToken: 2010357b3aa949fd8026...
2026-01-16 11:21:48 - app - INFO - 步骤7: 使用sessionKey建立cloud.189.cn会话...
2026-01-16 11:21:48 - app - INFO -   主页状态码: 200
2026-01-16 11:21:48 - app - INFO -   API状态码: 200
2026-01-16 11:21:48 - app - INFO -   当前所有Cookie:
2026-01-16 11:21:48 - app - INFO -     COOKIE_LOGIN_USER: domain=.cloud.189.cn, path=/
2026-01-16 11:21:48 - app - INFO -     GRAYNUMBER: domain=.e.189.cn, path=/
2026-01-16 11:21:48 - app - INFO -     GUID: domain=.e.189.cn, path=/
2026-01-16 11:21:48 - app - INFO -     LT: domain=.e.189.cn, path=/
2026-01-16 11:21:48 - app - INFO -     OPENINFO: domain=.e.189.cn, path=/
2026-01-16 11:21:48 - app - INFO -     SSON: domain=.e.189.cn, path=/
2026-01-16 11:21:48 - app - INFO -     pageOp: domain=.e.189.cn, path=/
2026-01-16 11:21:48 - app - INFO -     JSESSIONID: domain=open.e.189.cn, path=/
2026-01-16 11:21:48 - app - INFO -   ✓ 获取到 1 个cloud.189.cn域名的Cookie
2026-01-16 11:21:48 - app - INFO -   Cookie字段: ['COOKIE_LOGIN_USER']
2026-01-16 11:21:48 - app - INFO - 已设置 1 个Cookie字段
2026-01-16 11:21:48 - app - INFO - 189获取文件列表请求: folder_id=-11, page=1, size=100
2026-01-16 11:21:48 - app - INFO - 189文件列表响应状态码: 200
2026-01-16 11:21:48 - app - INFO - 189文件列表获取成功: 文件夹11个, 文件2个
2026-01-16 11:21:48 - app - INFO - 189获取文件列表请求: folder_id=323911228907722297, page=1, size=100
2026-01-16 11:21:48 - app - INFO - 189文件列表响应状态码: 200
2026-01-16 11:21:48 - app - INFO - 189文件列表获取成功: 文件夹1个, 文件0个
2026-01-16 11:22:19 - app - INFO - 步骤1: 获取登录表单参数...
2026-01-16 11:22:30 - app - INFO -   状态码: 200, 内容长度: 23370
2026-01-16 11:22:30 - app - INFO -   ✓ captchaToken: dc76dba92d0578e90ab6...
2026-01-16 11:22:30 - app - INFO -   ✓ lt: FB0CEB2B3E4130DCC5DC...
2026-01-16 11:22:30 - app - INFO -   ✓ paramId: C10E3D8F71DCB2B69C1062775E6C661E46099BEF174CF862F39E54E2305F5F3096176013849F30EAA589A49886B13D387F6E034FCD35717F3E94DBF84C9D2CB09A0A14A78ACF96F5
2026-01-16 11:22:30 - app - INFO -   ✓ reqId: 871b6b84cbd74f12
2026-01-16 11:22:30 - app - INFO - 步骤2: 获取RSA公钥...
2026-01-16 11:22:30 - app - INFO -   状态码: 200
2026-01-16 11:22:30 - app - INFO -   返回码: 0
2026-01-16 11:22:30 - app - INFO -   ✓ 公钥长度: 216
2026-01-16 11:22:30 - app - INFO -   ✓ pre前缀: {NRP}
2026-01-16 11:22:30 - app - INFO - 步骤3: 加密用户名和密码...
2026-01-16 11:22:30 - app - INFO -   ✓ 用户名加密成功，长度: 261
2026-01-16 11:22:30 - app - INFO -   ✓ 密码加密成功，长度: 261
2026-01-16 11:22:30 - app - INFO - 步骤4: 提交登录请求...
2026-01-16 11:22:30 - app - INFO -   状态码: 200
2026-01-16 11:22:30 - app - INFO -   返回码: 0
2026-01-16 11:22:30 - app - INFO -   返回消息: 登录成功
2026-01-16 11:22:30 - app - INFO -   ✓ 登录成功！
2026-01-16 11:22:30 - app - INFO -   重定向URL: https://m.cloud.189.cn/zhuanti/2020/loginErrorPc/index.html?appId=8025431004&paras=BAE390B335C70ADBA...
2026-01-16 11:22:30 - app - INFO - 步骤6: 调用getSessionForPC获取会话凭证...
2026-01-16 11:22:31 - app - INFO -   状态码: 200
2026-01-16 11:22:31 - app - INFO -   ✓ sessionKey: 5c550805-f3fb-4af4-8...
2026-01-16 11:22:31 - app - INFO -   ✓ accessToken: 2010357b3aa949fd8026...
2026-01-16 11:22:31 - app - INFO - 步骤7: 使用sessionKey建立cloud.189.cn会话...
2026-01-16 11:22:31 - app - INFO -   主页状态码: 200
2026-01-16 11:22:31 - app - INFO -   API状态码: 200
2026-01-16 11:22:31 - app - INFO -   当前所有Cookie:
2026-01-16 11:22:31 - app - INFO -     COOKIE_LOGIN_USER: domain=.cloud.189.cn, path=/
2026-01-16 11:22:31 - app - INFO -     GRAYNUMBER: domain=.e.189.cn, path=/
2026-01-16 11:22:31 - app - INFO -     GUID: domain=.e.189.cn, path=/
2026-01-16 11:22:31 - app - INFO -     LT: domain=.e.189.cn, path=/
2026-01-16 11:22:31 - app - INFO -     OPENINFO: domain=.e.189.cn, path=/
2026-01-16 11:22:31 - app - INFO -     SSON: domain=.e.189.cn, path=/
2026-01-16 11:22:31 - app - INFO -     pageOp: domain=.e.189.cn, path=/
2026-01-16 11:22:31 - app - INFO -     JSESSIONID: domain=open.e.189.cn, path=/
2026-01-16 11:22:31 - app - INFO -   ✓ 获取到 1 个cloud.189.cn域名的Cookie
2026-01-16 11:22:31 - app - INFO -   Cookie字段: ['COOKIE_LOGIN_USER']
2026-01-16 11:22:31 - app - INFO - 已设置 1 个Cookie字段
2026-01-16 11:22:31 - app - INFO - 189获取文件列表请求: folder_id=-11, page=1, size=100
2026-01-16 11:22:31 - app - INFO - 189文件列表响应状态码: 200
2026-01-16 11:22:31 - app - INFO - 189文件列表获取成功: 文件夹11个, 文件2个
2026-01-16 11:22:31 - app - INFO - 189获取文件列表请求: folder_id=323911228907722297, page=1, size=100
2026-01-16 11:22:31 - app - INFO - 189文件列表响应状态码: 200
2026-01-16 11:22:31 - app - INFO - 189文件列表获取成功: 文件夹1个, 文件0个
2026-01-16 11:22:31 - app - INFO - 189获取文件列表请求: folder_id=323911228907722297, page=1, size=100
2026-01-16 11:22:32 - app - INFO - 189文件列表响应状态码: 200
2026-01-16 11:22:32 - app - INFO - 189文件列表获取成功: 文件夹1个, 文件0个
2026-01-16 11:22:32 - app - INFO - 189获取文件列表请求: folder_id=223151229822520199, page=1, size=100
2026-01-16 11:22:32 - app - INFO - 189文件列表响应状态码: 200
2026-01-16 11:22:32 - app - INFO - 189文件列表获取成功: 文件夹1个, 文件1个
2026-01-16 11:22:32 - app - INFO - 189获取文件列表请求: folder_id=923263229867776282, page=1, size=100
2026-01-16 11:22:32 - app - INFO - 189文件列表响应状态码: 200
2026-01-16 11:22:32 - app - INFO - 189文件列表获取成功: 文件夹0个, 文件1个
2026-01-16 11:22:32 - app - INFO - 189下载链接响应: status=400
2026-01-16 11:22:32 - app - ERROR - 获取下载链接失败: status=400, text={"res_message":"File too large","res_code":"FileTooLarge"}

2026-01-16 11:22:32 - app - INFO - 189下载链接响应: status=200
2026-01-16 11:22:32 - app - INFO - 189下载链接结果: {'res_code': 0, 'res_message': '成功', 'fileDownloadUrl': 'https://download.cloud.189.cn/file/downloadFile.action?dt=51&expired=1768534097507&sk=5c550805-f3fb-4af4-8939-46ad04b9c41b&ufi=623263229867776288&zyc=5&token=cloud14&sig=0qjGabq2Wtdl2ei8sULVhv6uLc4%3D'}
2026-01-16 11:22:32 - app - INFO - 成功获取文件 623263229867776288 的下载链接
2026-01-16 11:23:03 - app - INFO - 许可证管理器初始化完成,服务器: http://license.22l2.com
2026-01-16 11:23:03 - app - INFO - 初始化许可证管理器...
2026-01-16 11:23:04 - app - INFO - 解密密钥设置成功
2026-01-16 11:23:04 - app - INFO - 解密密钥获取成功
2026-01-16 11:23:04 - app - INFO - 解密密钥获取成功，配置已就绪
2026-01-16 11:23:04 - app - INFO - 配置解密成功
2026-01-16 11:23:04 - app - INFO - 夸克API配置加载成功
2026-01-16 11:23:04 - app - INFO - 夸克API配置加载完成
2026-01-16 11:23:04 - app - INFO - 检查数据库...
2026-01-16 11:23:04 - app - INFO - 数据库检查完成
2026-01-16 11:23:04 - app - INFO - 检查数据库迁移...
2026-01-16 11:23:04 - app - INFO - 数据库迁移检查完成
2026-01-16 11:23:04 - app - INFO - 清理异常中断的任务状态...
2026-01-16 11:23:04 - app - INFO - 升级管理器初始化完成
2026-01-16 11:23:04 - app - INFO - Flask应用创建成功
2026-01-16 11:23:04 - app - INFO - 静态文件目录: C:\Data\夸克转存\client\frontend
2026-01-16 11:23:04 - app - INFO - 启动任务调度服务...
2026-01-16 11:23:04 - app - INFO - 检查被中断的影视下载任务...
2026-01-16 11:23:04 - app - INFO - 没有需要恢复的影视下载任务
2026-01-16 11:23:04 - app - INFO - 账期生成循环已启动
2026-01-16 11:23:04 - app - INFO - 账期生成线程已启动
2026-01-16 11:23:04 - app - INFO - 开始生成 2026-01-16 的任务账期
2026-01-16 11:23:04 - app - INFO - 任务执行循环已启动
2026-01-16 11:23:04 - app - INFO - 任务执行线程已启动
2026-01-16 11:23:04 - app - INFO - 日志清理循环已启动
2026-01-16 11:23:04 - app - INFO - 日志清理线程已启动
2026-01-16 11:23:04 - app - INFO - 下次日志清理时间: 2026-01-17 02:00:00
2026-01-16 11:23:04 - app - INFO - 启动Flask服务: http://0.0.0.0:8520
2026-01-16 11:23:04 - app - INFO - 跳过一次性执行任务: 测试
2026-01-16 11:23:04 - app - INFO - 跳过一次性执行任务: 测试谢谢谢谢
2026-01-16 11:23:04 - app - INFO - 跳过一次性执行任务: 测试189
2026-01-16 11:23:04 - app - INFO - 跳过一次性执行任务: 小城大事
2026-01-16 11:23:04 - app - INFO - ✅ 生成完成，共创建 0 条待执行记录
2026-01-16 11:23:04 - app - INFO - 下次生成账期时间: 2026-01-17 00:00:00, 等待 45415 秒
2026-01-16 11:23:09 - app - INFO - 步骤1: 获取登录表单参数...
2026-01-16 11:23:20 - app - INFO -   状态码: 200, 内容长度: 23370
2026-01-16 11:23:20 - app - INFO -   ✓ captchaToken: ee94c7cecc1bba6cc0cd...
2026-01-16 11:23:20 - app - INFO -   ✓ lt: 549FD8E9C4BB80183708...
2026-01-16 11:23:20 - app - INFO -   ✓ paramId: 3CDF47C20E50C6638E04A43251DA6CA4A20C1BD3B3499A3FE9A2AFA4C77875FE75985905334FF165CA50011BC469F7E742480E46227CAA5C3C2067B6CE948B46216F8C1737253BCE
2026-01-16 11:23:20 - app - INFO -   ✓ reqId: 6b4103a994cc40e0
2026-01-16 11:23:20 - app - INFO - 步骤2: 获取RSA公钥...
2026-01-16 11:23:20 - app - INFO -   状态码: 200
2026-01-16 11:23:20 - app - INFO -   返回码: 0
2026-01-16 11:23:20 - app - INFO -   ✓ 公钥长度: 216
2026-01-16 11:23:20 - app - INFO -   ✓ pre前缀: {NRP}
2026-01-16 11:23:20 - app - INFO - 步骤3: 加密用户名和密码...
2026-01-16 11:23:20 - app - INFO -   ✓ 用户名加密成功，长度: 261
2026-01-16 11:23:20 - app - INFO -   ✓ 密码加密成功，长度: 261
2026-01-16 11:23:20 - app - INFO - 步骤4: 提交登录请求...
2026-01-16 11:23:21 - app - INFO -   状态码: 200
2026-01-16 11:23:21 - app - INFO -   返回码: 0
2026-01-16 11:23:21 - app - INFO -   返回消息: 登录成功
2026-01-16 11:23:21 - app - INFO -   ✓ 登录成功！
2026-01-16 11:23:21 - app - INFO -   重定向URL: https://m.cloud.189.cn/zhuanti/2020/loginErrorPc/index.html?appId=8025431004&paras=7B638C7249492C044...
2026-01-16 11:23:21 - app - INFO - 步骤6: 调用getSessionForPC获取会话凭证...
2026-01-16 11:23:21 - app - INFO -   状态码: 200
2026-01-16 11:23:21 - app - INFO -   ✓ sessionKey: ea69891c-8ff9-465b-9...
2026-01-16 11:23:21 - app - INFO -   ✓ accessToken: 2010357b3aa949fd8026...
2026-01-16 11:23:21 - app - INFO - 步骤7: 使用sessionKey建立cloud.189.cn会话...
2026-01-16 11:23:21 - app - INFO -   主页状态码: 200
2026-01-16 11:23:21 - app - INFO -   API状态码: 200
2026-01-16 11:23:21 - app - INFO -   当前所有Cookie:
2026-01-16 11:23:21 - app - INFO -     COOKIE_LOGIN_USER: domain=.cloud.189.cn, path=/
2026-01-16 11:23:21 - app - INFO -     GRAYNUMBER: domain=.e.189.cn, path=/
2026-01-16 11:23:21 - app - INFO -     GUID: domain=.e.189.cn, path=/
2026-01-16 11:23:21 - app - INFO -     LT: domain=.e.189.cn, path=/
2026-01-16 11:23:21 - app - INFO -     OPENINFO: domain=.e.189.cn, path=/
2026-01-16 11:23:21 - app - INFO -     SSON: domain=.e.189.cn, path=/
2026-01-16 11:23:21 - app - INFO -     pageOp: domain=.e.189.cn, path=/
2026-01-16 11:23:21 - app - INFO -     JSESSIONID: domain=open.e.189.cn, path=/
2026-01-16 11:23:21 - app - INFO -   ✓ 获取到 1 个cloud.189.cn域名的Cookie
2026-01-16 11:23:21 - app - INFO -   Cookie字段: ['COOKIE_LOGIN_USER']
2026-01-16 11:23:21 - app - INFO - 已设置 1 个Cookie字段
2026-01-16 11:23:21 - app - INFO - 189获取文件列表请求: folder_id=-11, page=1, size=100
2026-01-16 11:23:21 - app - INFO - 189文件列表响应状态码: 200
2026-01-16 11:23:21 - app - INFO - 189文件列表获取成功: 文件夹11个, 文件2个
2026-01-16 11:23:21 - app - INFO - 189获取文件列表请求: folder_id=323911228907722297, page=1, size=100
2026-01-16 11:23:21 - app - INFO - 189文件列表响应状态码: 200
2026-01-16 11:23:21 - app - INFO - 189文件列表获取成功: 文件夹1个, 文件0个
2026-01-16 11:23:21 - app - INFO - 189获取文件列表请求: folder_id=323911228907722297, page=1, size=100
2026-01-16 11:23:21 - app - INFO - 189文件列表响应状态码: 200
2026-01-16 11:23:21 - app - INFO - 189文件列表获取成功: 文件夹1个, 文件0个
2026-01-16 11:23:21 - app - INFO - 189获取文件列表请求: folder_id=223151229822520199, page=1, size=100
2026-01-16 11:23:21 - app - INFO - 189文件列表响应状态码: 200
2026-01-16 11:23:21 - app - INFO - 189文件列表获取成功: 文件夹1个, 文件1个
2026-01-16 11:23:21 - app - INFO - 189获取文件列表请求: folder_id=923263229867776282, page=1, size=100
2026-01-16 11:23:22 - app - INFO - 189文件列表响应状态码: 200
2026-01-16 11:23:22 - app - INFO - 189文件列表获取成功: 文件夹0个, 文件1个
2026-01-16 11:23:22 - app - INFO - 189下载链接响应: status=400
2026-01-16 11:23:22 - app - INFO - 文件 623263229867776285 太大,尝试使用备用API...
2026-01-16 11:23:22 - app - INFO - 189备用API响应: status=200
2026-01-16 11:23:22 - app - INFO - 189备用API结果: {'res_code': 0, 'res_message': '成功', 'normal': {'code': 1, 'message': 'normal', 'url': 'https://download.cloud.189.cn/file/downloadFile.action?dt=51&expired=1768545847055&play=1&sk=ea69891c-8ff9-465b-9bec-6049b5285ce0&ufi=623263229867776285&zyc=180&token=cloud14&sig=kofMzZEWvKIj4i7OQgMfwrnFhPY%3D', 'videoKbps': 0}}
2026-01-16 11:23:22 - app - WARNING - 文件 623263229867776285 的下载链接获取失败
2026-01-16 11:23:22 - app - INFO - 189下载链接响应: status=200
2026-01-16 11:23:22 - app - INFO - 189下载链接结果: {'res_code': 0, 'res_message': '成功', 'fileDownloadUrl': 'https://download.cloud.189.cn/file/downloadFile.action?dt=51&expired=1768534147208&sk=ea69891c-8ff9-465b-9bec-6049b5285ce0&ufi=623263229867776288&zyc=5&token=cloud14&sig=bgmRbhqBh4rJgg2euQzEmFvhF%2BE%3D'}
2026-01-16 11:23:22 - app - INFO - 成功获取文件 623263229867776288 的下载链接
2026-01-16 11:24:37 - app - INFO - 许可证管理器初始化完成,服务器: http://license.22l2.com
2026-01-16 11:24:37 - app - INFO - 初始化许可证管理器...
2026-01-16 11:24:38 - app - INFO - 解密密钥设置成功
2026-01-16 11:24:38 - app - INFO - 解密密钥获取成功
2026-01-16 11:24:38 - app - INFO - 解密密钥获取成功，配置已就绪
2026-01-16 11:24:38 - app - INFO - 配置解密成功
2026-01-16 11:24:38 - app - INFO - 夸克API配置加载成功
2026-01-16 11:24:38 - app - INFO - 夸克API配置加载完成
2026-01-16 11:24:38 - app - INFO - 检查数据库...
2026-01-16 11:24:38 - app - INFO - 数据库检查完成
2026-01-16 11:24:38 - app - INFO - 检查数据库迁移...
2026-01-16 11:24:38 - app - INFO - 数据库迁移检查完成
2026-01-16 11:24:38 - app - INFO - 清理异常中断的任务状态...
2026-01-16 11:24:38 - app - INFO - 升级管理器初始化完成
2026-01-16 11:24:38 - app - INFO - Flask应用创建成功
2026-01-16 11:24:38 - app - INFO - 静态文件目录: C:\Data\夸克转存\client\frontend
2026-01-16 11:24:38 - app - INFO - 启动任务调度服务...
2026-01-16 11:24:38 - app - INFO - 检查被中断的影视下载任务...
2026-01-16 11:24:38 - app - INFO - 没有需要恢复的影视下载任务
2026-01-16 11:24:38 - app - INFO - 账期生成循环已启动
2026-01-16 11:24:38 - app - INFO - 账期生成线程已启动
2026-01-16 11:24:38 - app - INFO - 开始生成 2026-01-16 的任务账期
2026-01-16 11:24:38 - app - INFO - 任务执行循环已启动
2026-01-16 11:24:38 - app - INFO - 任务执行线程已启动
2026-01-16 11:24:38 - app - INFO - 日志清理循环已启动
2026-01-16 11:24:38 - app - INFO - 日志清理线程已启动
2026-01-16 11:24:38 - app - INFO - 下次日志清理时间: 2026-01-17 02:00:00
2026-01-16 11:24:38 - app - INFO - 启动Flask服务: http://0.0.0.0:8520
2026-01-16 11:24:38 - app - INFO - 跳过一次性执行任务: 测试
2026-01-16 11:24:38 - app - INFO - 跳过一次性执行任务: 测试谢谢谢谢
2026-01-16 11:24:38 - app - INFO - 跳过一次性执行任务: 测试189
2026-01-16 11:24:38 - app - INFO - 跳过一次性执行任务: 小城大事
2026-01-16 11:24:38 - app - INFO - ✅ 生成完成，共创建 0 条待执行记录
2026-01-16 11:24:38 - app - INFO - 下次生成账期时间: 2026-01-17 00:00:00, 等待 45322 秒
2026-01-16 11:24:51 - app - INFO - 步骤1: 获取登录表单参数...
2026-01-16 11:25:02 - app - INFO -   状态码: 200, 内容长度: 23370
2026-01-16 11:25:02 - app - INFO -   ✓ captchaToken: eb11a46c6eb6a50d2e6b...
2026-01-16 11:25:02 - app - INFO -   ✓ lt: 5AE23F3DC13D416F828D...
2026-01-16 11:25:02 - app - INFO -   ✓ paramId: F49B471AF2840C35C9AC623F518B6EDDCB187AFDFA1FC8B154BE445C5A17DD266206B7C5F09698DEB6E302F010B2D947671006DF10AA139364CD91D65326956D16818D16E936896B
2026-01-16 11:25:02 - app - INFO -   ✓ reqId: 0ba5ccc7db314a20
2026-01-16 11:25:02 - app - INFO - 步骤2: 获取RSA公钥...
2026-01-16 11:25:02 - app - INFO -   状态码: 200
2026-01-16 11:25:02 - app - INFO -   返回码: 0
2026-01-16 11:25:02 - app - INFO -   ✓ 公钥长度: 216
2026-01-16 11:25:02 - app - INFO -   ✓ pre前缀: {NRP}
2026-01-16 11:25:02 - app - INFO - 步骤3: 加密用户名和密码...
2026-01-16 11:25:02 - app - INFO -   ✓ 用户名加密成功，长度: 261
2026-01-16 11:25:02 - app - INFO -   ✓ 密码加密成功，长度: 261
2026-01-16 11:25:02 - app - INFO - 步骤4: 提交登录请求...
2026-01-16 11:25:03 - app - INFO -   状态码: 200
2026-01-16 11:25:03 - app - INFO -   返回码: 0
2026-01-16 11:25:03 - app - INFO -   返回消息: 登录成功
2026-01-16 11:25:03 - app - INFO -   ✓ 登录成功！
2026-01-16 11:25:03 - app - INFO -   重定向URL: https://m.cloud.189.cn/zhuanti/2020/loginErrorPc/index.html?appId=8025431004&paras=694A1846983093A32...
2026-01-16 11:25:03 - app - INFO - 步骤6: 调用getSessionForPC获取会话凭证...
2026-01-16 11:25:03 - app - INFO -   状态码: 200
2026-01-16 11:25:03 - app - INFO -   ✓ sessionKey: 11eaa226-0d7b-425c-a...
2026-01-16 11:25:03 - app - INFO -   ✓ accessToken: 2010357b3aa949fd8026...
2026-01-16 11:25:03 - app - INFO - 步骤7: 使用sessionKey建立cloud.189.cn会话...
2026-01-16 11:25:03 - app - INFO -   主页状态码: 200
2026-01-16 11:25:03 - app - INFO -   API状态码: 200
2026-01-16 11:25:03 - app - INFO -   当前所有Cookie:
2026-01-16 11:25:03 - app - INFO -     COOKIE_LOGIN_USER: domain=.cloud.189.cn, path=/
2026-01-16 11:25:03 - app - INFO -     GRAYNUMBER: domain=.e.189.cn, path=/
2026-01-16 11:25:03 - app - INFO -     GUID: domain=.e.189.cn, path=/
2026-01-16 11:25:03 - app - INFO -     LT: domain=.e.189.cn, path=/
2026-01-16 11:25:03 - app - INFO -     OPENINFO: domain=.e.189.cn, path=/
2026-01-16 11:25:03 - app - INFO -     SSON: domain=.e.189.cn, path=/
2026-01-16 11:25:03 - app - INFO -     pageOp: domain=.e.189.cn, path=/
2026-01-16 11:25:03 - app - INFO -     JSESSIONID: domain=open.e.189.cn, path=/
2026-01-16 11:25:03 - app - INFO -   ✓ 获取到 1 个cloud.189.cn域名的Cookie
2026-01-16 11:25:03 - app - INFO -   Cookie字段: ['COOKIE_LOGIN_USER']
2026-01-16 11:25:03 - app - INFO - 已设置 1 个Cookie字段
2026-01-16 11:25:03 - app - INFO - 189获取文件列表请求: folder_id=-11, page=1, size=100
2026-01-16 11:25:03 - app - INFO - 189文件列表响应状态码: 200
2026-01-16 11:25:03 - app - INFO - 189文件列表获取成功: 文件夹11个, 文件2个
2026-01-16 11:25:03 - app - INFO - 189获取文件列表请求: folder_id=323911228907722297, page=1, size=100
2026-01-16 11:25:03 - app - INFO - 189文件列表响应状态码: 200
2026-01-16 11:25:03 - app - INFO - 189文件列表获取成功: 文件夹1个, 文件0个
2026-01-16 11:25:03 - app - INFO - 189获取文件列表请求: folder_id=323911228907722297, page=1, size=100
2026-01-16 11:25:03 - app - INFO - 189文件列表响应状态码: 200
2026-01-16 11:25:03 - app - INFO - 189文件列表获取成功: 文件夹1个, 文件0个
2026-01-16 11:25:03 - app - INFO - 189获取文件列表请求: folder_id=223151229822520199, page=1, size=100
2026-01-16 11:25:03 - app - INFO - 189文件列表响应状态码: 200
2026-01-16 11:25:03 - app - INFO - 189文件列表获取成功: 文件夹1个, 文件1个
2026-01-16 11:25:03 - app - INFO - 189获取文件列表请求: folder_id=923263229867776282, page=1, size=100
2026-01-16 11:25:04 - app - INFO - 189文件列表响应状态码: 200
2026-01-16 11:25:04 - app - INFO - 189文件列表获取成功: 文件夹0个, 文件1个
2026-01-16 11:25:04 - app - INFO - 189下载链接响应: status=400
2026-01-16 11:25:04 - app - INFO - 文件 623263229867776285 太大,尝试使用备用API...
2026-01-16 11:25:04 - app - INFO - 189备用API响应: status=200
2026-01-16 11:25:04 - app - INFO - 189备用API结果: {'res_code': 0, 'res_message': '成功', 'normal': {'code': 1, 'message': 'normal', 'url': 'https://download.cloud.189.cn/file/downloadFile.action?dt=51&expired=1768545949036&play=1&sk=11eaa226-0d7b-425c-aed9-c2e2ab2f199f&ufi=623263229867776285&zyc=180&token=cloud14&sig=jY%2BZopQFlIncRW4SIFsz51IHBpg%3D', 'videoKbps': 0}}
2026-01-16 11:25:04 - app - WARNING - 文件 623263229867776285 的下载链接获取失败
2026-01-16 11:25:04 - app - INFO - 189下载链接响应: status=200
2026-01-16 11:25:04 - app - INFO - 189下载链接结果: {'res_code': 0, 'res_message': '成功', 'fileDownloadUrl': 'https://download.cloud.189.cn/file/downloadFile.action?dt=51&expired=1768534249183&sk=11eaa226-0d7b-425c-aed9-c2e2ab2f199f&ufi=623263229867776288&zyc=5&token=cloud14&sig=YD2dvNMQyNKH4ImTtJq0JbbrZnw%3D'}
2026-01-16 11:25:04 - app - INFO - 成功获取文件 623263229867776288 的下载链接
2026-01-16 11:25:17 - app - INFO - 许可证管理器初始化完成,服务器: http://license.22l2.com
2026-01-16 11:25:17 - app - INFO - 初始化许可证管理器...
2026-01-16 11:25:18 - app - INFO - 解密密钥设置成功
2026-01-16 11:25:18 - app - INFO - 解密密钥获取成功
2026-01-16 11:25:18 - app - INFO - 解密密钥获取成功，配置已就绪
2026-01-16 11:25:18 - app - INFO - 配置解密成功
2026-01-16 11:25:18 - app - INFO - 夸克API配置加载成功
2026-01-16 11:25:18 - app - INFO - 夸克API配置加载完成
2026-01-16 11:25:18 - app - INFO - 检查数据库...
2026-01-16 11:25:18 - app - INFO - 数据库检查完成
2026-01-16 11:25:18 - app - INFO - 检查数据库迁移...
2026-01-16 11:25:18 - app - INFO - 数据库迁移检查完成
2026-01-16 11:25:18 - app - INFO - 清理异常中断的任务状态...
2026-01-16 11:25:18 - app - INFO - 升级管理器初始化完成
2026-01-16 11:25:18 - app - INFO - Flask应用创建成功
2026-01-16 11:25:18 - app - INFO - 静态文件目录: C:\Data\夸克转存\client\frontend
2026-01-16 11:25:18 - app - INFO - 启动任务调度服务...
2026-01-16 11:25:18 - app - INFO - 检查被中断的影视下载任务...
2026-01-16 11:25:18 - app - INFO - 没有需要恢复的影视下载任务
2026-01-16 11:25:18 - app - INFO - 账期生成循环已启动
2026-01-16 11:25:18 - app - INFO - 账期生成线程已启动
2026-01-16 11:25:18 - app - INFO - 开始生成 2026-01-16 的任务账期
2026-01-16 11:25:18 - app - INFO - 任务执行循环已启动
2026-01-16 11:25:18 - app - INFO - 任务执行线程已启动
2026-01-16 11:25:18 - app - INFO - 日志清理循环已启动
2026-01-16 11:25:18 - app - INFO - 日志清理线程已启动
2026-01-16 11:25:18 - app - INFO - 下次日志清理时间: 2026-01-17 02:00:00
2026-01-16 11:25:18 - app - INFO - 跳过一次性执行任务: 测试
2026-01-16 11:25:18 - app - INFO - 启动Flask服务: http://0.0.0.0:8520
2026-01-16 11:25:18 - app - INFO - 跳过一次性执行任务: 测试谢谢谢谢
2026-01-16 11:25:18 - app - INFO - 跳过一次性执行任务: 测试189
2026-01-16 11:25:18 - app - INFO - 跳过一次性执行任务: 小城大事
2026-01-16 11:25:18 - app - INFO - ✅ 生成完成，共创建 0 条待执行记录
2026-01-16 11:25:18 - app - INFO - 下次生成账期时间: 2026-01-17 00:00:00, 等待 45281 秒
2026-01-16 11:25:23 - app - INFO - 步骤1: 获取登录表单参数...
2026-01-16 11:25:34 - app - INFO -   状态码: 200, 内容长度: 23370
2026-01-16 11:25:34 - app - INFO -   ✓ captchaToken: 0950d86b6ee7e1066393...
2026-01-16 11:25:34 - app - INFO -   ✓ lt: 71B0248C1313EA04BA3D...
2026-01-16 11:25:34 - app - INFO -   ✓ paramId: CC78548B137A6311A1ED69071E63F08ED0E2BC301AF1A8514DFA5FA51B3A7500AF4C66791AA58563BC5126E36BC3AC2F05D53A62AE4C77FF64E551D516CE845C2C5725E2F6E02510
2026-01-16 11:25:34 - app - INFO -   ✓ reqId: 57da94c307254fcb
2026-01-16 11:25:34 - app - INFO - 步骤2: 获取RSA公钥...
2026-01-16 11:25:34 - app - INFO -   状态码: 200
2026-01-16 11:25:34 - app - INFO -   返回码: 0
2026-01-16 11:25:34 - app - INFO -   ✓ 公钥长度: 216
2026-01-16 11:25:34 - app - INFO -   ✓ pre前缀: {NRP}
2026-01-16 11:25:34 - app - INFO - 步骤3: 加密用户名和密码...
2026-01-16 11:25:34 - app - INFO -   ✓ 用户名加密成功，长度: 261
2026-01-16 11:25:34 - app - INFO -   ✓ 密码加密成功，长度: 261
2026-01-16 11:25:34 - app - INFO - 步骤4: 提交登录请求...
2026-01-16 11:25:34 - app - INFO -   状态码: 200
2026-01-16 11:25:34 - app - INFO -   返回码: 0
2026-01-16 11:25:34 - app - INFO -   返回消息: 登录成功
2026-01-16 11:25:34 - app - INFO -   ✓ 登录成功！
2026-01-16 11:25:34 - app - INFO -   重定向URL: https://m.cloud.189.cn/zhuanti/2020/loginErrorPc/index.html?appId=8025431004&paras=1365C9B72C26FA366...
2026-01-16 11:25:34 - app - INFO - 步骤6: 调用getSessionForPC获取会话凭证...
2026-01-16 11:25:35 - app - INFO -   状态码: 200
2026-01-16 11:25:35 - app - INFO -   ✓ sessionKey: d0dda369-8095-4754-8...
2026-01-16 11:25:35 - app - INFO -   ✓ accessToken: 2010357b3aa949fd8026...
2026-01-16 11:25:35 - app - INFO - 步骤7: 使用sessionKey建立cloud.189.cn会话...
2026-01-16 11:25:35 - app - INFO -   主页状态码: 200
2026-01-16 11:25:35 - app - INFO -   API状态码: 200
2026-01-16 11:25:35 - app - INFO -   当前所有Cookie:
2026-01-16 11:25:35 - app - INFO -     COOKIE_LOGIN_USER: domain=.cloud.189.cn, path=/
2026-01-16 11:25:35 - app - INFO -     GRAYNUMBER: domain=.e.189.cn, path=/
2026-01-16 11:25:35 - app - INFO -     GUID: domain=.e.189.cn, path=/
2026-01-16 11:25:35 - app - INFO -     LT: domain=.e.189.cn, path=/
2026-01-16 11:25:35 - app - INFO -     OPENINFO: domain=.e.189.cn, path=/
2026-01-16 11:25:35 - app - INFO -     SSON: domain=.e.189.cn, path=/
2026-01-16 11:25:35 - app - INFO -     pageOp: domain=.e.189.cn, path=/
2026-01-16 11:25:35 - app - INFO -     JSESSIONID: domain=open.e.189.cn, path=/
2026-01-16 11:25:35 - app - INFO -   ✓ 获取到 1 个cloud.189.cn域名的Cookie
2026-01-16 11:25:35 - app - INFO -   Cookie字段: ['COOKIE_LOGIN_USER']
2026-01-16 11:25:35 - app - INFO - 已设置 1 个Cookie字段
2026-01-16 11:25:35 - app - INFO - 189获取文件列表请求: folder_id=-11, page=1, size=100
2026-01-16 11:25:36 - app - INFO - 189文件列表响应状态码: 200
2026-01-16 11:25:36 - app - INFO - 189文件列表获取成功: 文件夹11个, 文件2个
2026-01-16 11:25:36 - app - INFO - 189获取文件列表请求: folder_id=323911228907722297, page=1, size=100
2026-01-16 11:25:36 - app - INFO - 189文件列表响应状态码: 200
2026-01-16 11:25:36 - app - INFO - 189文件列表获取成功: 文件夹1个, 文件0个
2026-01-16 11:25:36 - app - INFO - 189获取文件列表请求: folder_id=323911228907722297, page=1, size=100
2026-01-16 11:25:36 - app - INFO - 189文件列表响应状态码: 200
2026-01-16 11:25:36 - app - INFO - 189文件列表获取成功: 文件夹1个, 文件0个
2026-01-16 11:25:36 - app - INFO - 189获取文件列表请求: folder_id=223151229822520199, page=1, size=100
2026-01-16 11:25:36 - app - INFO - 189文件列表响应状态码: 200
2026-01-16 11:25:36 - app - INFO - 189文件列表获取成功: 文件夹1个, 文件1个
2026-01-16 11:25:36 - app - INFO - 189获取文件列表请求: folder_id=923263229867776282, page=1, size=100
2026-01-16 11:25:36 - app - INFO - 189文件列表响应状态码: 200
2026-01-16 11:25:36 - app - INFO - 189文件列表获取成功: 文件夹0个, 文件1个
2026-01-16 11:25:36 - app - INFO - 189下载链接响应: status=400
2026-01-16 11:25:36 - app - INFO - 文件 623263229867776285 太大,尝试使用备用API...
2026-01-16 11:25:36 - app - INFO - 189备用API响应: status=200
2026-01-16 11:25:36 - app - INFO - 189备用API结果: {'res_code': 0, 'res_message': '成功', 'normal': {'code': 1, 'message': 'normal', 'url': 'https://download.cloud.189.cn/file/downloadFile.action?dt=51&expired=1768545981511&play=1&sk=d0dda369-8095-4754-8808-e48d04b0abb9&ufi=623263229867776285&zyc=180&token=cloud3&sig=1YpAjJn%2Bw%2F%2Bn3V4%2BuCXwfVc%2Bmls%3D', 'videoKbps': 0}}
2026-01-16 11:25:36 - app - INFO - 使用备用API成功获取文件 623263229867776285 的下载链接
2026-01-16 11:25:36 - app - INFO - 189下载链接响应: status=200
2026-01-16 11:25:36 - app - INFO - 189下载链接结果: {'res_code': 0, 'res_message': '成功', 'fileDownloadUrl': 'https://download.cloud.189.cn/file/downloadFile.action?dt=51&expired=1768534281673&sk=d0dda369-8095-4754-8808-e48d04b0abb9&ufi=623263229867776288&zyc=5&token=cloud15&sig=l%2FR8IKxVhH%2F13Rqkv64586DiOZ4%3D'}
2026-01-16 11:25:36 - app - INFO - 成功获取文件 623263229867776288 的下载链接
2026-01-16 11:27:32 - app - INFO - 准备重做任务: 测试189 (download)
2026-01-16 11:27:32 - app - INFO - 已删除任务 测试189 的历史记录
2026-01-16 11:27:32 - app - INFO - 已清除下载任务 2 的状态
2026-01-16 11:27:32 - app - INFO - [TaskExecutor] start_task 被调用: task_id=2, execution_id=None, schedule_period=None
2026-01-16 11:27:32 - app - INFO - [TaskExecutor] 任务 2 状态已初始化到 _running_tasks
2026-01-16 11:27:32 - app - INFO - [TaskExecutor] _execute_task 线程开始执行: task_id=2
2026-01-16 11:27:32 - app - INFO - [TaskExecutor] 任务 2 执行线程已启动
2026-01-16 11:27:32 - app - INFO - [TaskExecutor] 从_running_tasks获取: execution_id=None, schedule_period=None
2026-01-16 11:27:32 - app - INFO - [TaskExecutor] 开始获取任务信息: task_id=2
2026-01-16 11:27:32 - app - INFO - [TaskExecutor] 任务信息获取成功: 测试189
2026-01-16 11:27:32 - app - INFO - [TaskExecutor] 开始创建执行历史记录
2026-01-16 11:27:32 - app - INFO - [TaskExecutor] 执行历史记录创建成功: execution_id=38
2026-01-16 11:27:32 - app - INFO - [TaskExecutor] execution_id已更新到_running_tasks
2026-01-16 11:27:32 - app - INFO - [TaskExecutor] 开始记录日志
2026-01-16 11:27:32 - app - INFO - [下载任务2] 任务已启动，正在初始化...
2026-01-16 11:27:32 - app - INFO - [下载任务2] 执行历史记录ID: 38
2026-01-16 11:27:32 - app - INFO - [下载任务2] 开始执行任务: 测试189
2026-01-16 11:27:33 - app - INFO - [下载任务2] 使用账号: 天意
2026-01-16 11:27:33 - app - INFO - [下载任务2] 网盘目录: /测试
2026-01-16 11:27:33 - app - INFO - [下载任务2] 本地目录: C:\Data\下载
2026-01-16 11:27:33 - app - INFO - [下载任务2] 云盘类型: cloud189
2026-01-16 11:27:33 - app - INFO - 已设置 1 个Cookie字段
2026-01-16 11:27:33 - app - INFO - [下载任务2] 正在获取文件列表...
2026-01-16 11:27:33 - app - INFO - [下载任务2] 解析路径: 测试
2026-01-16 11:27:33 - app - INFO - 189获取文件列表请求: folder_id=-11, page=1, size=100
2026-01-16 11:27:44 - app - INFO - 189文件列表响应状态码: 200
2026-01-16 11:27:44 - app - INFO - 189文件列表获取成功: 文件夹11个, 文件2个
2026-01-16 11:27:44 - app - INFO - [下载任务2] 开始递归扫描文件...
2026-01-16 11:27:44 - app - INFO - 189获取文件列表请求: folder_id=323911228907722297, page=1, size=100
2026-01-16 11:27:44 - app - INFO - 189文件列表响应状态码: 200
2026-01-16 11:27:44 - app - INFO - 189文件列表获取成功: 文件夹1个, 文件0个
2026-01-16 11:27:44 - app - INFO - [下载任务2] 正在扫描文件夹: 123
2026-01-16 11:27:44 - app - INFO - 189获取文件列表请求: folder_id=223151229822520199, page=1, size=100
2026-01-16 11:27:44 - app - INFO - 189文件列表响应状态码: 200
2026-01-16 11:27:44 - app - INFO - 189文件列表获取成功: 文件夹1个, 文件1个
2026-01-16 11:27:44 - app - INFO - [下载任务2] 正在扫描文件夹: 123/Season 1
2026-01-16 11:27:44 - app - INFO - 189获取文件列表请求: folder_id=923263229867776282, page=1, size=100
2026-01-16 11:27:44 - app - INFO - 189文件列表响应状态码: 200
2026-01-16 11:27:44 - app - INFO - 189文件列表获取成功: 文件夹0个, 文件1个
2026-01-16 11:27:44 - app - INFO - [下载任务2] 递归扫描完成，共找到 2 个文件
2026-01-16 11:27:44 - app - INFO - [下载任务2] 准备下载 2 个文件
2026-01-16 11:27:44 - app - INFO - [下载任务2] [1/2] 正在下载: 123/Season 1/Delinquent.to.Doctor.S01E01.S01E01.2026.1080p.friDay.WEB-DL.H264.AAC.mkv (4883.65 MB)
2026-01-16 11:27:44 - app - INFO - 189下载链接响应: status=400
2026-01-16 11:27:44 - app - INFO - 文件 623263229867776285 太大,尝试使用备用API...
2026-01-16 11:27:45 - app - INFO - 189备用API响应: status=200
2026-01-16 11:27:45 - app - INFO - 189备用API结果: {'res_code': 0, 'res_message': '成功', 'normal': {'code': 1, 'message': 'normal', 'url': 'https://download.cloud.189.cn/file/downloadFile.action?dt=51&expired=1768546109845&play=1&sk=a71a498c-3f26-4370-ba80-5dc88c74c675&ufi=623263229867776285&zyc=180&token=cloud4&sig=vw0QVOxNfLGyMGuPd4LWCKJ1VVc%3D', 'videoKbps': 0}}
2026-01-16 11:27:45 - app - INFO - 使用备用API成功获取文件 623263229867776285 的下载链接
2026-01-16 11:27:45 - app - INFO - [下载任务2] [调试] 多线程配置: enable=True, threshold=50MB
2026-01-16 11:27:45 - app - INFO - [下载任务2] [1/2] 文件大小 4883.65MB >= 50MB，使用多线程下载
2026-01-16 11:27:45 - app - INFO - [下载任务2] 🚀 使用多线程下载: Delinquent.to.Doctor.S01E01.S01E01.2026.1080p.friDay.WEB-DL.H264.AAC.mkv (4.77 GB)
2026-01-16 11:27:45 - app - INFO - [下载任务2]    配置: 4 个线程，每块 10.00 MB
2026-01-16 11:27:45 - app - INFO - [下载任务2]    分块数量: 489
2026-01-16 11:27:45 - app - INFO - [下载任务2]       线程 1/489 开始下载 (0.00 B-10.00 MB)
2026-01-16 11:27:45 - app - INFO - [下载任务2]       线程 2/489 开始下载 (10.00 MB-20.00 MB)
2026-01-16 11:27:45 - app - INFO - [下载任务2]       线程 3/489 开始下载 (20.00 MB-30.00 MB)
2026-01-16 11:27:45 - app - INFO - [下载任务2]       线程 4/489 开始下载 (30.00 MB-40.00 MB)
2026-01-16 11:28:40 - app - INFO - [下载任务2]       线程 2/489 完成 (10.00 MB)
2026-01-16 11:28:40 - app - INFO - [下载任务2]       线程 5/489 开始下载 (40.00 MB-50.00 MB)
2026-01-16 11:28:40 - app - INFO - [下载任务2]       线程 1/489 完成 (10.00 MB)
2026-01-16 11:28:40 - app - INFO - [下载任务2]       线程 6/489 开始下载 (50.00 MB-60.00 MB)
2026-01-16 11:28:40 - app - INFO - [下载任务2]       线程 3/489 完成 (10.00 MB)
2026-01-16 11:28:40 - app - INFO - [下载任务2]       线程 7/489 开始下载 (60.00 MB-70.00 MB)
2026-01-16 11:28:40 - app - INFO - [下载任务2]       线程 4/489 完成 (10.00 MB)
2026-01-16 11:28:40 - app - INFO - [下载任务2]       线程 8/489 开始下载 (70.00 MB-80.00 MB)
2026-01-16 11:28:51 - app - INFO - [下载任务2]       线程 7/489 失败，重试 1/3
2026-01-16 11:28:51 - app - INFO - [下载任务2]       线程 8/489 失败，重试 1/3
2026-01-16 11:28:56 - app - INFO - [下载任务2]       线程 7/489 开始下载 (60.00 MB-70.00 MB)
2026-01-16 11:28:56 - app - INFO - [下载任务2]       线程 8/489 开始下载 (70.00 MB-80.00 MB)
2026-01-16 11:29:02 - app - INFO - [下载任务2]       线程 7/489 失败，重试 2/3
2026-01-16 11:29:02 - app - INFO - [下载任务2]       线程 8/489 失败，重试 2/3
2026-01-16 11:29:07 - app - INFO - [下载任务2]       线程 7/489 开始下载 (60.00 MB-70.00 MB)
2026-01-16 11:29:07 - app - INFO - [下载任务2]       线程 8/489 开始下载 (70.00 MB-80.00 MB)
2026-01-16 11:29:13 - app - INFO - [下载任务2]       线程 7/489 失败，重试 3/3
2026-01-16 11:29:13 - app - INFO - [下载任务2]       线程 8/489 失败，重试 3/3
2026-01-16 11:29:18 - app - INFO - [下载任务2]       线程 7/489 开始下载 (60.00 MB-70.00 MB)
2026-01-16 11:29:18 - app - INFO - [下载任务2]       线程 8/489 开始下载 (70.00 MB-80.00 MB)
2026-01-16 11:29:18 - app - INFO - [下载任务2]       线程 5/489 完成 (10.00 MB)
2026-01-16 11:29:18 - app - INFO - [下载任务2]       线程 9/489 开始下载 (80.00 MB-90.00 MB)
2026-01-16 11:29:19 - app - INFO - [下载任务2]       线程 6/489 完成 (10.00 MB)
2026-01-16 11:29:19 - app - INFO - [下载任务2]       线程 10/489 开始下载 (90.00 MB-100.00 MB)
2026-01-16 11:29:24 - app - INFO - [下载任务2]       线程 7/489 失败: 状态码: 403
2026-01-16 11:29:24 - app - INFO - [下载任务2]       线程 11/489 开始下载 (100.00 MB-110.00 MB)
2026-01-16 11:29:24 - app - INFO - [下载任务2]       线程 8/489 失败: 状态码: 403
2026-01-16 11:29:24 - app - INFO - [下载任务2]       线程 10/489 失败，重试 1/3
2026-01-16 11:29:24 - app - INFO - [下载任务2]       线程 12/489 开始下载 (110.00 MB-120.00 MB)
2026-01-16 11:29:24 - app - INFO - [下载任务2]       线程 9/489 失败，重试 1/3
2026-01-16 11:29:24 - app - INFO - [下载任务2]       线程 11/489 失败，重试 1/3
2026-01-16 11:29:24 - app - INFO - [下载任务2]       线程 12/489 失败，重试 1/3
2026-01-16 11:29:29 - app - INFO - [下载任务2]       线程 10/489 开始下载 (90.00 MB-100.00 MB)
2026-01-16 11:29:29 - app - INFO - [下载任务2]       线程 9/489 开始下载 (80.00 MB-90.00 MB)
2026-01-16 11:29:29 - app - INFO - [下载任务2]       线程 11/489 开始下载 (100.00 MB-110.00 MB)
2026-01-16 11:29:29 - app - INFO - [下载任务2]       线程 12/489 开始下载 (110.00 MB-120.00 MB)
2026-01-16 11:29:35 - app - INFO - [下载任务2]       线程 10/489 失败，重试 2/3
2026-01-16 11:29:35 - app - INFO - [下载任务2]       线程 9/489 失败，重试 2/3
2026-01-16 11:29:35 - app - INFO - [下载任务2]       线程 12/489 失败，重试 2/3
2026-01-16 11:29:35 - app - INFO - [下载任务2]       线程 11/489 失败，重试 2/3
2026-01-16 11:29:40 - app - INFO - [下载任务2]       线程 10/489 开始下载 (90.00 MB-100.00 MB)
2026-01-16 11:29:40 - app - INFO - [下载任务2]       线程 9/489 开始下载 (80.00 MB-90.00 MB)
2026-01-16 11:29:40 - app - INFO - [下载任务2]       线程 12/489 开始下载 (110.00 MB-120.00 MB)
2026-01-16 11:29:40 - app - INFO - [下载任务2]       线程 11/489 开始下载 (100.00 MB-110.00 MB)
2026-01-16 11:29:46 - app - INFO - [下载任务2]       线程 9/489 失败，重试 3/3
2026-01-16 11:29:46 - app - INFO - [下载任务2]       线程 10/489 失败，重试 3/3
2026-01-16 11:29:46 - app - INFO - [下载任务2]       线程 12/489 失败，重试 3/3
2026-01-16 11:29:46 - app - INFO - [下载任务2]       线程 11/489 失败，重试 3/3
2026-01-16 11:29:51 - app - INFO - [下载任务2]       线程 12/489 开始下载 (110.00 MB-120.00 MB)
2026-01-16 11:29:51 - app - INFO - [下载任务2]       线程 10/489 开始下载 (90.00 MB-100.00 MB)
2026-01-16 11:29:51 - app - INFO - [下载任务2]       线程 9/489 开始下载 (80.00 MB-90.00 MB)
2026-01-16 11:29:51 - app - INFO - [下载任务2]       线程 11/489 开始下载 (100.00 MB-110.00 MB)
2026-01-16 11:29:57 - app - INFO - [下载任务2]       线程 12/489 失败: 状态码: 403
2026-01-16 11:29:57 - app - INFO - [下载任务2]       线程 10/489 失败: 状态码: 403
2026-01-16 11:29:57 - app - INFO - [下载任务2]       线程 13/489 开始下载 (120.00 MB-130.00 MB)
2026-01-16 11:29:57 - app - INFO - [下载任务2]       线程 14/489 开始下载 (130.00 MB-140.00 MB)
2026-01-16 11:29:57 - app - INFO - [下载任务2]       线程 9/489 失败: 状态码: 403
2026-01-16 11:29:57 - app - INFO - [下载任务2]       线程 11/489 失败: 状态码: 403
2026-01-16 11:29:57 - app - INFO - [下载任务2]       线程 15/489 开始下载 (140.00 MB-150.00 MB)
2026-01-16 11:29:57 - app - INFO - [下载任务2]       线程 16/489 开始下载 (150.00 MB-160.00 MB)
2026-01-16 11:29:57 - app - INFO - [下载任务2]       线程 13/489 失败，重试 1/3
2026-01-16 11:29:57 - app - INFO - [下载任务2]       线程 14/489 失败，重试 1/3
2026-01-16 11:29:57 - app - INFO - [下载任务2]       线程 15/489 失败，重试 1/3
2026-01-16 11:29:57 - app - INFO - [下载任务2]       线程 16/489 失败，重试 1/3
2026-01-16 11:30:02 - app - INFO - [下载任务2]       线程 13/489 开始下载 (120.00 MB-130.00 MB)
2026-01-16 11:30:02 - app - INFO - [下载任务2]       线程 14/489 开始下载 (130.00 MB-140.00 MB)
2026-01-16 11:30:02 - app - INFO - [下载任务2]       线程 15/489 开始下载 (140.00 MB-150.00 MB)
2026-01-16 11:30:02 - app - INFO - [下载任务2]       线程 16/489 开始下载 (150.00 MB-160.00 MB)
2026-01-16 11:30:08 - app - INFO - [下载任务2]       线程 14/489 失败，重试 2/3
2026-01-16 11:30:08 - app - INFO - [下载任务2]       线程 13/489 失败，重试 2/3
2026-01-16 11:30:08 - app - INFO - [下载任务2]       线程 15/489 失败，重试 2/3
2026-01-16 11:30:08 - app - INFO - [下载任务2]       线程 16/489 失败，重试 2/3
2026-01-16 11:30:13 - app - INFO - [下载任务2]       线程 14/489 开始下载 (130.00 MB-140.00 MB)
2026-01-16 11:30:13 - app - INFO - [下载任务2]       线程 13/489 开始下载 (120.00 MB-130.00 MB)
2026-01-16 11:30:13 - app - INFO - [下载任务2]       线程 15/489 开始下载 (140.00 MB-150.00 MB)
2026-01-16 11:30:13 - app - INFO - [下载任务2]       线程 16/489 开始下载 (150.00 MB-160.00 MB)
2026-01-16 11:30:19 - app - INFO - [下载任务2]       线程 14/489 失败，重试 3/3
2026-01-16 11:30:19 - app - INFO - [下载任务2]       线程 15/489 失败，重试 3/3
2026-01-16 11:30:19 - app - INFO - [下载任务2]       线程 13/489 失败，重试 3/3
2026-01-16 11:30:19 - app - INFO - [下载任务2]       线程 16/489 失败，重试 3/3
2026-01-16 11:30:24 - app - INFO - [下载任务2]       线程 14/489 开始下载 (130.00 MB-140.00 MB)
2026-01-16 11:30:24 - app - INFO - [下载任务2]       线程 15/489 开始下载 (140.00 MB-150.00 MB)
2026-01-16 11:30:24 - app - INFO - [下载任务2]       线程 13/489 开始下载 (120.00 MB-130.00 MB)
2026-01-16 11:30:24 - app - INFO - [下载任务2]       线程 16/489 开始下载 (150.00 MB-160.00 MB)
2026-01-16 11:30:30 - app - INFO - [下载任务2]       线程 14/489 失败: 状态码: 403
2026-01-16 11:30:30 - app - INFO - [下载任务2]       线程 17/489 开始下载 (160.00 MB-170.00 MB)
2026-01-16 11:30:30 - app - INFO - [下载任务2]       线程 16/489 失败: 状态码: 403
2026-01-16 11:30:30 - app - INFO - [下载任务2]       线程 18/489 开始下载 (170.00 MB-180.00 MB)
2026-01-16 11:30:30 - app - INFO - [下载任务2]       线程 15/489 失败: 状态码: 403
2026-01-16 11:30:30 - app - INFO - [下载任务2]       线程 13/489 失败: 状态码: 403
2026-01-16 11:30:30 - app - INFO - [下载任务2]       线程 19/489 开始下载 (180.00 MB-190.00 MB)
2026-01-16 11:30:30 - app - INFO - [下载任务2]       线程 20/489 开始下载 (190.00 MB-200.00 MB)
2026-01-16 11:30:31 - app - INFO - [下载任务2]       线程 17/489 失败，重试 1/3
2026-01-16 11:30:31 - app - INFO - [下载任务2]       线程 18/489 失败，重试 1/3
2026-01-16 11:30:31 - app - INFO - [下载任务2]       线程 19/489 失败，重试 1/3
2026-01-16 11:30:31 - app - INFO - [下载任务2]       线程 20/489 失败，重试 1/3
2026-01-16 11:30:36 - app - INFO - [下载任务2]       线程 17/489 开始下载 (160.00 MB-170.00 MB)
2026-01-16 11:30:36 - app - INFO - [下载任务2]       线程 18/489 开始下载 (170.00 MB-180.00 MB)
2026-01-16 11:30:36 - app - INFO - [下载任务2]       线程 19/489 开始下载 (180.00 MB-190.00 MB)
2026-01-16 11:30:36 - app - INFO - [下载任务2]       线程 20/489 开始下载 (190.00 MB-200.00 MB)
2026-01-16 11:30:41 - app - INFO - [下载任务2]       线程 17/489 失败，重试 2/3
2026-01-16 11:30:41 - app - INFO - [下载任务2]       线程 20/489 失败，重试 2/3
2026-01-16 11:30:41 - app - INFO - [下载任务2]       线程 19/489 失败，重试 2/3
2026-01-16 11:30:41 - app - INFO - [下载任务2]       线程 18/489 失败，重试 2/3
2026-01-16 11:30:46 - app - INFO - [下载任务2]       线程 17/489 开始下载 (160.00 MB-170.00 MB)
2026-01-16 11:30:46 - app - INFO - [下载任务2]       线程 20/489 开始下载 (190.00 MB-200.00 MB)
2026-01-16 11:30:46 - app - INFO - [下载任务2]       线程 19/489 开始下载 (180.00 MB-190.00 MB)
2026-01-16 11:30:46 - app - INFO - [下载任务2]       线程 18/489 开始下载 (170.00 MB-180.00 MB)
2026-01-16 11:30:52 - app - INFO - [下载任务2]       线程 17/489 失败，重试 3/3
2026-01-16 11:30:53 - app - INFO - [下载任务2]       线程 18/489 失败，重试 3/3
2026-01-16 11:30:53 - app - INFO - [下载任务2]       线程 20/489 失败，重试 3/3
2026-01-16 11:30:53 - app - INFO - [下载任务2]       线程 19/489 失败，重试 3/3
2026-01-16 11:30:58 - app - INFO - [下载任务2]       线程 17/489 开始下载 (160.00 MB-170.00 MB)
2026-01-16 11:30:58 - app - INFO - [下载任务2]       线程 18/489 开始下载 (170.00 MB-180.00 MB)
2026-01-16 11:30:58 - app - INFO - [下载任务2]       线程 20/489 开始下载 (190.00 MB-200.00 MB)
2026-01-16 11:30:58 - app - INFO - [下载任务2]       线程 19/489 开始下载 (180.00 MB-190.00 MB)
2026-01-16 11:31:04 - app - INFO - [下载任务2]       线程 18/489 失败: 状态码: 403
2026-01-16 11:31:04 - app - INFO - [下载任务2]       线程 17/489 失败: 状态码: 403
2026-01-16 11:31:04 - app - INFO - [下载任务2]       线程 21/489 开始下载 (200.00 MB-210.00 MB)
2026-01-16 11:31:04 - app - INFO - [下载任务2]       线程 22/489 开始下载 (210.00 MB-220.00 MB)
2026-01-16 11:31:04 - app - INFO - [下载任务2]       线程 20/489 失败: 状态码: 403
2026-01-16 11:31:04 - app - INFO - [下载任务2]       线程 19/489 失败: 状态码: 403
2026-01-16 11:31:04 - app - INFO - [下载任务2]       线程 23/489 开始下载 (220.00 MB-230.00 MB)
2026-01-16 11:31:04 - app - INFO - [下载任务2]       线程 24/489 开始下载 (230.00 MB-240.00 MB)
2026-01-16 11:31:04 - app - INFO - [下载任务2]       线程 22/489 失败，重试 1/3
2026-01-16 11:31:04 - app - INFO - [下载任务2]       线程 21/489 失败，重试 1/3
2026-01-16 11:31:04 - app - INFO - [下载任务2]       线程 23/489 失败，重试 1/3
2026-01-16 11:31:04 - app - INFO - [下载任务2]       线程 24/489 失败，重试 1/3
2026-01-16 11:31:09 - app - INFO - [下载任务2]       线程 22/489 开始下载 (210.00 MB-220.00 MB)
2026-01-16 11:31:09 - app - INFO - [下载任务2]       线程 21/489 开始下载 (200.00 MB-210.00 MB)
2026-01-16 11:31:09 - app - INFO - [下载任务2]       线程 23/489 开始下载 (220.00 MB-230.00 MB)
2026-01-16 11:31:09 - app - INFO - [下载任务2]       线程 24/489 开始下载 (230.00 MB-240.00 MB)
2026-01-16 11:31:15 - app - INFO - [下载任务2]       线程 22/489 失败，重试 2/3
2026-01-16 11:31:15 - app - INFO - [下载任务2]       线程 23/489 失败，重试 2/3
2026-01-16 11:31:15 - app - INFO - [下载任务2]       线程 24/489 失败，重试 2/3
2026-01-16 11:31:15 - app - INFO - [下载任务2]       线程 21/489 失败，重试 2/3
2026-01-16 11:31:20 - app - INFO - [下载任务2]       线程 22/489 开始下载 (210.00 MB-220.00 MB)
2026-01-16 11:31:20 - app - INFO - [下载任务2]       线程 23/489 开始下载 (220.00 MB-230.00 MB)
2026-01-16 11:31:20 - app - INFO - [下载任务2]       线程 24/489 开始下载 (230.00 MB-240.00 MB)
2026-01-16 11:31:20 - app - INFO - [下载任务2]       线程 21/489 开始下载 (200.00 MB-210.00 MB)
2026-01-16 11:31:26 - app - INFO - [下载任务2]       线程 23/489 失败，重试 3/3
2026-01-16 11:31:26 - app - INFO - [下载任务2]       线程 21/489 失败，重试 3/3
2026-01-16 11:31:26 - app - INFO - [下载任务2]       线程 24/489 失败，重试 3/3
2026-01-16 11:31:26 - app - INFO - [下载任务2]       线程 22/489 失败，重试 3/3
2026-01-16 11:31:31 - app - INFO - [下载任务2]       线程 23/489 开始下载 (220.00 MB-230.00 MB)
2026-01-16 11:31:31 - app - INFO - [下载任务2]       线程 21/489 开始下载 (200.00 MB-210.00 MB)
2026-01-16 11:31:31 - app - INFO - [下载任务2]       线程 24/489 开始下载 (230.00 MB-240.00 MB)
2026-01-16 11:31:31 - app - INFO - [下载任务2]       线程 22/489 开始下载 (210.00 MB-220.00 MB)
2026-01-16 11:31:37 - app - INFO - [下载任务2]       线程 23/489 失败: 状态码: 403
2026-01-16 11:31:37 - app - INFO - [下载任务2]       线程 25/489 开始下载 (240.00 MB-250.00 MB)
2026-01-16 11:31:37 - app - INFO - [下载任务2]       线程 22/489 失败: 状态码: 403
2026-01-16 11:31:37 - app - INFO - [下载任务2]       线程 26/489 开始下载 (250.00 MB-260.00 MB)
2026-01-16 11:31:37 - app - INFO - [下载任务2]       线程 21/489 失败: 状态码: 403
2026-01-16 11:31:37 - app - INFO - [下载任务2]       线程 24/489 失败: 状态码: 403
2026-01-16 11:31:37 - app - INFO - [下载任务2]       线程 27/489 开始下载 (260.00 MB-270.00 MB)
2026-01-16 11:31:37 - app - INFO - [下载任务2]       线程 28/489 开始下载 (270.00 MB-280.00 MB)
2026-01-16 11:31:37 - app - INFO - [下载任务2]       线程 25/489 失败，重试 1/3
2026-01-16 11:31:37 - app - INFO - [下载任务2]       线程 26/489 失败，重试 1/3
2026-01-16 11:31:37 - app - INFO - [下载任务2]       线程 27/489 失败，重试 1/3
2026-01-16 11:31:37 - app - INFO - [下载任务2]       线程 28/489 失败，重试 1/3
2026-01-16 11:31:42 - app - INFO - [下载任务2]       线程 25/489 开始下载 (240.00 MB-250.00 MB)
2026-01-16 11:31:42 - app - INFO - [下载任务2]       线程 26/489 开始下载 (250.00 MB-260.00 MB)
2026-01-16 11:31:42 - app - INFO - [下载任务2]       线程 27/489 开始下载 (260.00 MB-270.00 MB)
2026-01-16 11:31:42 - app - INFO - [下载任务2]       线程 28/489 开始下载 (270.00 MB-280.00 MB)
2026-01-16 11:31:48 - app - INFO - [下载任务2]       线程 25/489 失败，重试 2/3
2026-01-16 11:31:48 - app - INFO - [下载任务2]       线程 27/489 失败，重试 2/3
2026-01-16 11:31:48 - app - INFO - [下载任务2]       线程 26/489 失败，重试 2/3
2026-01-16 11:31:48 - app - INFO - [下载任务2]       线程 28/489 失败，重试 2/3
2026-01-16 11:31:53 - app - INFO - [下载任务2]       线程 25/489 开始下载 (240.00 MB-250.00 MB)
2026-01-16 11:31:53 - app - INFO - [下载任务2]       线程 27/489 开始下载 (260.00 MB-270.00 MB)
2026-01-16 11:31:53 - app - INFO - [下载任务2]       线程 26/489 开始下载 (250.00 MB-260.00 MB)
2026-01-16 11:31:53 - app - INFO - [下载任务2]       线程 28/489 开始下载 (270.00 MB-280.00 MB)
2026-01-16 11:31:59 - app - INFO - [下载任务2]       线程 25/489 失败，重试 3/3
2026-01-16 11:31:59 - app - INFO - [下载任务2]       线程 27/489 失败，重试 3/3
2026-01-16 11:31:59 - app - INFO - [下载任务2]       线程 26/489 失败，重试 3/3
2026-01-16 11:31:59 - app - INFO - [下载任务2]       线程 28/489 失败，重试 3/3
2026-01-16 11:32:04 - app - INFO - [下载任务2]       线程 25/489 开始下载 (240.00 MB-250.00 MB)
2026-01-16 11:32:04 - app - INFO - [下载任务2]       线程 27/489 开始下载 (260.00 MB-270.00 MB)
2026-01-16 11:32:04 - app - INFO - [下载任务2]       线程 26/489 开始下载 (250.00 MB-260.00 MB)
2026-01-16 11:32:04 - app - INFO - [下载任务2]       线程 28/489 开始下载 (270.00 MB-280.00 MB)
2026-01-16 11:32:10 - app - INFO - [下载任务2]       线程 25/489 失败: 状态码: 403
2026-01-16 11:32:10 - app - INFO - [下载任务2]       线程 29/489 开始下载 (280.00 MB-290.00 MB)
2026-01-16 11:32:10 - app - INFO - [下载任务2]       线程 28/489 失败: 状态码: 403
2026-01-16 11:32:10 - app - INFO - [下载任务2]       线程 27/489 失败: 状态码: 403
2026-01-16 11:32:10 - app - INFO - [下载任务2]       线程 30/489 开始下载 (290.00 MB-300.00 MB)
2026-01-16 11:32:10 - app - INFO - [下载任务2]       线程 31/489 开始下载 (300.00 MB-310.00 MB)
2026-01-16 11:32:10 - app - INFO - [下载任务2]       线程 26/489 失败: 状态码: 403
2026-01-16 11:32:10 - app - INFO - [下载任务2]       线程 32/489 开始下载 (310.00 MB-320.00 MB)
2026-01-16 11:32:10 - app - INFO - [下载任务2]       线程 29/489 失败，重试 1/3
2026-01-16 11:32:10 - app - INFO - [下载任务2]       线程 30/489 失败，重试 1/3
2026-01-16 11:32:10 - app - INFO - [下载任务2]       线程 31/489 失败，重试 1/3
2026-01-16 11:32:10 - app - INFO - [下载任务2]       线程 32/489 失败，重试 1/3
2026-01-16 11:32:15 - app - INFO - [下载任务2]       线程 29/489 开始下载 (280.00 MB-290.00 MB)
2026-01-16 11:32:15 - app - INFO - [下载任务2]       线程 30/489 开始下载 (290.00 MB-300.00 MB)
2026-01-16 11:32:15 - app - INFO - [下载任务2]       线程 31/489 开始下载 (300.00 MB-310.00 MB)
2026-01-16 11:32:15 - app - INFO - [下载任务2]       线程 32/489 开始下载 (310.00 MB-320.00 MB)
2026-01-16 11:32:21 - app - INFO - [下载任务2]       线程 31/489 失败，重试 2/3
2026-01-16 11:32:21 - app - INFO - [下载任务2]       线程 29/489 失败，重试 2/3
2026-01-16 11:32:21 - app - INFO - [下载任务2]       线程 30/489 失败，重试 2/3
2026-01-16 11:32:21 - app - INFO - [下载任务2]       线程 32/489 失败，重试 2/3
2026-01-16 11:32:26 - app - INFO - [下载任务2]       线程 31/489 开始下载 (300.00 MB-310.00 MB)
2026-01-16 11:32:26 - app - INFO - [下载任务2]       线程 29/489 开始下载 (280.00 MB-290.00 MB)
2026-01-16 11:32:26 - app - INFO - [下载任务2]       线程 30/489 开始下载 (290.00 MB-300.00 MB)
2026-01-16 11:32:26 - app - INFO - [下载任务2]       线程 32/489 开始下载 (310.00 MB-320.00 MB)
2026-01-16 11:32:32 - app - INFO - [下载任务2]       线程 29/489 失败，重试 3/3
2026-01-16 11:32:32 - app - INFO - [下载任务2]       线程 31/489 失败，重试 3/3
2026-01-16 11:32:32 - app - INFO - [下载任务2]       线程 32/489 失败，重试 3/3
2026-01-16 11:32:32 - app - INFO - [下载任务2]       线程 30/489 失败，重试 3/3
2026-01-16 11:32:37 - app - INFO - [下载任务2]       线程 29/489 开始下载 (280.00 MB-290.00 MB)
2026-01-16 11:32:37 - app - INFO - [下载任务2]       线程 31/489 开始下载 (300.00 MB-310.00 MB)
2026-01-16 11:32:37 - app - INFO - [下载任务2]       线程 32/489 开始下载 (310.00 MB-320.00 MB)
2026-01-16 11:32:37 - app - INFO - [下载任务2]       线程 30/489 开始下载 (290.00 MB-300.00 MB)
2026-01-16 11:32:43 - app - INFO - [下载任务2]       线程 29/489 失败: 状态码: 403
2026-01-16 11:32:43 - app - INFO - [下载任务2]       线程 33/489 开始下载 (320.00 MB-330.00 MB)
2026-01-16 11:32:43 - app - INFO - [下载任务2]       线程 30/489 失败: 状态码: 403
2026-01-16 11:32:43 - app - INFO - [下载任务2]       线程 32/489 失败: 状态码: 403
2026-01-16 11:32:43 - app - INFO - [下载任务2]       线程 34/489 开始下载 (330.00 MB-340.00 MB)
2026-01-16 11:32:43 - app - INFO - [下载任务2]       线程 35/489 开始下载 (340.00 MB-350.00 MB)
2026-01-16 11:32:43 - app - INFO - [下载任务2]       线程 31/489 失败: 状态码: 403
2026-01-16 11:32:43 - app - INFO - [下载任务2]       线程 36/489 开始下载 (350.00 MB-360.00 MB)
2026-01-16 11:32:43 - app - INFO - [下载任务2]       线程 33/489 失败，重试 1/3
2026-01-16 11:32:43 - app - INFO - [下载任务2]       线程 34/489 失败，重试 1/3
2026-01-16 11:32:43 - app - INFO - [下载任务2]       线程 35/489 失败，重试 1/3
2026-01-16 11:32:44 - app - INFO - [下载任务2]       线程 36/489 失败，重试 1/3
2026-01-16 11:32:48 - app - INFO - [下载任务2]       线程 33/489 开始下载 (320.00 MB-330.00 MB)
2026-01-16 11:32:48 - app - INFO - [下载任务2]       线程 34/489 开始下载 (330.00 MB-340.00 MB)
2026-01-16 11:32:48 - app - INFO - [下载任务2]       线程 35/489 开始下载 (340.00 MB-350.00 MB)
2026-01-16 11:32:49 - app - INFO - [下载任务2]       线程 36/489 开始下载 (350.00 MB-360.00 MB)
2026-01-16 11:32:54 - app - INFO - [下载任务2]       线程 34/489 失败，重试 2/3
2026-01-16 11:32:54 - app - INFO - [下载任务2]       线程 35/489 失败，重试 2/3
2026-01-16 11:32:54 - app - INFO - [下载任务2]       线程 36/489 失败，重试 2/3
2026-01-16 11:32:54 - app - INFO - [下载任务2]       线程 33/489 失败，重试 2/3
2026-01-16 11:32:59 - app - INFO - [下载任务2]       线程 34/489 开始下载 (330.00 MB-340.00 MB)
2026-01-16 11:32:59 - app - INFO - [下载任务2]       线程 35/489 开始下载 (340.00 MB-350.00 MB)
2026-01-16 11:32:59 - app - INFO - [下载任务2]       线程 33/489 开始下载 (320.00 MB-330.00 MB)
2026-01-16 11:32:59 - app - INFO - [下载任务2]       线程 36/489 开始下载 (350.00 MB-360.00 MB)
2026-01-16 11:33:05 - app - INFO - [下载任务2]       线程 34/489 失败，重试 3/3
2026-01-16 11:33:05 - app - INFO - [下载任务2]       线程 35/489 失败，重试 3/3
2026-01-16 11:33:05 - app - INFO - [下载任务2]       线程 33/489 失败，重试 3/3
2026-01-16 11:33:05 - app - INFO - [下载任务2]       线程 36/489 失败，重试 3/3
2026-01-16 11:33:10 - app - INFO - [下载任务2]       线程 34/489 开始下载 (330.00 MB-340.00 MB)
2026-01-16 11:33:10 - app - INFO - [下载任务2]       线程 33/489 开始下载 (320.00 MB-330.00 MB)
2026-01-16 11:33:10 - app - INFO - [下载任务2]       线程 35/489 开始下载 (340.00 MB-350.00 MB)
2026-01-16 11:33:10 - app - INFO - [下载任务2]       线程 36/489 开始下载 (350.00 MB-360.00 MB)
2026-01-16 11:33:16 - app - INFO - [下载任务2]       线程 33/489 失败: 状态码: 403
2026-01-16 11:33:16 - app - INFO - [下载任务2]       线程 34/489 失败: 状态码: 403
2026-01-16 11:33:16 - app - INFO - [下载任务2]       线程 37/489 开始下载 (360.00 MB-370.00 MB)
2026-01-16 11:33:16 - app - INFO - [下载任务2]       线程 38/489 开始下载 (370.00 MB-380.00 MB)
2026-01-16 11:33:16 - app - INFO - [下载任务2]       线程 35/489 失败: 状态码: 403
2026-01-16 11:33:16 - app - INFO - [下载任务2]       线程 36/489 失败: 状态码: 403
2026-01-16 11:33:16 - app - INFO - [下载任务2]       线程 39/489 开始下载 (380.00 MB-390.00 MB)
2026-01-16 11:33:17 - app - INFO - [下载任务2]       线程 40/489 开始下载 (390.00 MB-400.00 MB)
2026-01-16 11:33:17 - app - INFO - [下载任务2]       线程 37/489 失败，重试 1/3
2026-01-16 11:33:17 - app - INFO - [下载任务2]       线程 38/489 失败，重试 1/3
2026-01-16 11:33:17 - app - INFO - [下载任务2]       线程 39/489 失败，重试 1/3
2026-01-16 11:33:17 - app - INFO - [下载任务2]       线程 40/489 失败，重试 1/3
2026-01-16 11:33:22 - app - INFO - [下载任务2]       线程 37/489 开始下载 (360.00 MB-370.00 MB)
2026-01-16 11:33:22 - app - INFO - [下载任务2]       线程 38/489 开始下载 (370.00 MB-380.00 MB)
2026-01-16 11:33:22 - app - INFO - [下载任务2]       线程 39/489 开始下载 (380.00 MB-390.00 MB)
2026-01-16 11:33:22 - app - INFO - [下载任务2]       线程 40/489 开始下载 (390.00 MB-400.00 MB)
2026-01-16 11:33:27 - app - INFO - [下载任务2]       线程 37/489 失败，重试 2/3
2026-01-16 11:33:27 - app - INFO - [下载任务2]       线程 38/489 失败，重试 2/3
2026-01-16 11:33:27 - app - INFO - [下载任务2]       线程 39/489 失败，重试 2/3
2026-01-16 11:33:27 - app - INFO - [下载任务2]       线程 40/489 失败，重试 2/3
2026-01-16 11:33:32 - app - INFO - [下载任务2]       线程 37/489 开始下载 (360.00 MB-370.00 MB)
2026-01-16 11:33:32 - app - INFO - [下载任务2]       线程 38/489 开始下载 (370.00 MB-380.00 MB)
2026-01-16 11:33:32 - app - INFO - [下载任务2]       线程 39/489 开始下载 (380.00 MB-390.00 MB)
2026-01-16 11:33:32 - app - INFO - [下载任务2]       线程 40/489 开始下载 (390.00 MB-400.00 MB)
2026-01-16 11:33:39 - app - INFO - [下载任务2]       线程 39/489 失败，重试 3/3
2026-01-16 11:33:39 - app - INFO - [下载任务2]       线程 37/489 失败，重试 3/3
2026-01-16 11:33:39 - app - INFO - [下载任务2]       线程 40/489 失败，重试 3/3
2026-01-16 11:33:39 - app - INFO - [下载任务2]       线程 38/489 失败，重试 3/3
2026-01-16 11:33:44 - app - INFO - [下载任务2]       线程 37/489 开始下载 (360.00 MB-370.00 MB)
2026-01-16 11:33:44 - app - INFO - [下载任务2]       线程 39/489 开始下载 (380.00 MB-390.00 MB)
2026-01-16 11:33:44 - app - INFO - [下载任务2]       线程 40/489 开始下载 (390.00 MB-400.00 MB)
2026-01-16 11:33:44 - app - INFO - [下载任务2]       线程 38/489 开始下载 (370.00 MB-380.00 MB)
2026-01-16 11:33:50 - app - INFO - [下载任务2]       线程 37/489 失败: 状态码: 403
2026-01-16 11:33:50 - app - INFO - [下载任务2]       线程 38/489 失败: 状态码: 403
2026-01-16 11:33:50 - app - INFO - [下载任务2]       线程 40/489 失败: 状态码: 403
2026-01-16 11:33:50 - app - INFO - [下载任务2]       线程 42/489 开始下载 (410.00 MB-420.00 MB)
2026-01-16 11:33:50 - app - INFO - [下载任务2]       线程 43/489 开始下载 (420.00 MB-430.00 MB)
2026-01-16 11:33:50 - app - INFO - [下载任务2]       线程 39/489 失败: 状态码: 403
2026-01-16 11:33:50 - app - INFO - [下载任务2]       线程 41/489 开始下载 (400.00 MB-410.00 MB)
2026-01-16 11:33:50 - app - INFO - [下载任务2]       线程 44/489 开始下载 (430.00 MB-440.00 MB)
2026-01-16 11:33:50 - app - INFO - [下载任务2]       线程 42/489 失败，重试 1/3
2026-01-16 11:33:50 - app - INFO - [下载任务2]       线程 43/489 失败，重试 1/3
2026-01-16 11:33:50 - app - INFO - [下载任务2]       线程 44/489 失败，重试 1/3
2026-01-16 11:33:50 - app - INFO - [下载任务2]       线程 41/489 失败，重试 1/3
2026-01-16 11:33:55 - app - INFO - [下载任务2]       线程 42/489 开始下载 (410.00 MB-420.00 MB)
2026-01-16 11:33:55 - app - INFO - [下载任务2]       线程 43/489 开始下载 (420.00 MB-430.00 MB)
2026-01-16 11:33:55 - app - INFO - [下载任务2]       线程 44/489 开始下载 (430.00 MB-440.00 MB)
2026-01-16 11:33:55 - app - INFO - [下载任务2]       线程 41/489 开始下载 (400.00 MB-410.00 MB)
2026-01-16 11:34:01 - app - INFO - [下载任务2]       线程 42/489 失败，重试 2/3
2026-01-16 11:34:01 - app - INFO - [下载任务2]       线程 41/489 失败，重试 2/3
2026-01-16 11:34:01 - app - INFO - [下载任务2]       线程 43/489 失败，重试 2/3
2026-01-16 11:34:01 - app - INFO - [下载任务2]       线程 44/489 失败，重试 2/3
2026-01-16 11:34:06 - app - INFO - [下载任务2]       线程 42/489 开始下载 (410.00 MB-420.00 MB)
2026-01-16 11:34:06 - app - INFO - [下载任务2]       线程 41/489 开始下载 (400.00 MB-410.00 MB)
2026-01-16 11:34:06 - app - INFO - [下载任务2]       线程 43/489 开始下载 (420.00 MB-430.00 MB)
2026-01-16 11:34:06 - app - INFO - [下载任务2]       线程 44/489 开始下载 (430.00 MB-440.00 MB)
2026-01-16 11:34:12 - app - INFO - [下载任务2]       线程 43/489 失败，重试 3/3
2026-01-16 11:34:12 - app - INFO - [下载任务2]       线程 44/489 失败，重试 3/3
2026-01-16 11:34:12 - app - INFO - [下载任务2]       线程 42/489 失败，重试 3/3
2026-01-16 11:34:12 - app - INFO - [下载任务2]       线程 41/489 失败，重试 3/3
2026-01-16 11:34:17 - app - INFO - [下载任务2]       线程 44/489 开始下载 (430.00 MB-440.00 MB)
2026-01-16 11:34:17 - app - INFO - [下载任务2]       线程 43/489 开始下载 (420.00 MB-430.00 MB)
2026-01-16 11:34:17 - app - INFO - [下载任务2]       线程 42/489 开始下载 (410.00 MB-420.00 MB)
2026-01-16 11:34:17 - app - INFO - [下载任务2]       线程 41/489 开始下载 (400.00 MB-410.00 MB)
2026-01-16 11:34:23 - app - INFO - [下载任务2]       线程 44/489 失败: 状态码: 403
2026-01-16 11:34:23 - app - INFO - [下载任务2]       线程 45/489 开始下载 (440.00 MB-450.00 MB)
2026-01-16 11:34:23 - app - INFO - [下载任务2]       线程 41/489 失败: 状态码: 403
2026-01-16 11:34:23 - app - INFO - [下载任务2]       线程 43/489 失败: 状态码: 403
2026-01-16 11:34:23 - app - INFO - [下载任务2]       线程 46/489 开始下载 (450.00 MB-460.00 MB)
2026-01-16 11:34:23 - app - INFO - [下载任务2]       线程 42/489 失败: 状态码: 403
2026-01-16 11:34:23 - app - INFO - [下载任务2]       线程 47/489 开始下载 (460.00 MB-470.00 MB)
2026-01-16 11:34:23 - app - INFO - [下载任务2]       线程 48/489 开始下载 (470.00 MB-480.00 MB)
2026-01-16 11:34:23 - app - INFO - [下载任务2]       线程 45/489 失败，重试 1/3
2026-01-16 11:34:23 - app - INFO - [下载任务2]       线程 46/489 失败，重试 1/3
2026-01-16 11:34:23 - app - INFO - [下载任务2]       线程 47/489 失败，重试 1/3
2026-01-16 11:34:23 - app - INFO - [下载任务2]       线程 48/489 失败，重试 1/3
2026-01-16 11:34:28 - app - INFO - [下载任务2]       线程 45/489 开始下载 (440.00 MB-450.00 MB)
2026-01-16 11:34:28 - app - INFO - [下载任务2]       线程 46/489 开始下载 (450.00 MB-460.00 MB)
2026-01-16 11:34:28 - app - INFO - [下载任务2]       线程 48/489 开始下载 (470.00 MB-480.00 MB)
2026-01-16 11:34:28 - app - INFO - [下载任务2]       线程 47/489 开始下载 (460.00 MB-470.00 MB)
2026-01-16 11:34:34 - app - INFO - [下载任务2]       线程 45/489 失败，重试 2/3
2026-01-16 11:34:34 - app - INFO - [下载任务2]       线程 46/489 失败，重试 2/3
2026-01-16 11:34:34 - app - INFO - [下载任务2]       线程 47/489 失败，重试 2/3
2026-01-16 11:34:34 - app - INFO - [下载任务2]       线程 48/489 失败，重试 2/3
2026-01-16 11:34:39 - app - INFO - [下载任务2]       线程 45/489 开始下载 (440.00 MB-450.00 MB)
2026-01-16 11:34:39 - app - INFO - [下载任务2]       线程 46/489 开始下载 (450.00 MB-460.00 MB)
2026-01-16 11:34:39 - app - INFO - [下载任务2]       线程 47/489 开始下载 (460.00 MB-470.00 MB)
2026-01-16 11:34:39 - app - INFO - [下载任务2]       线程 48/489 开始下载 (470.00 MB-480.00 MB)
2026-01-16 11:34:45 - app - INFO - [下载任务2]       线程 45/489 失败，重试 3/3
2026-01-16 11:34:45 - app - INFO - [下载任务2]       线程 47/489 失败，重试 3/3
2026-01-16 11:34:45 - app - INFO - [下载任务2]       线程 48/489 失败，重试 3/3
2026-01-16 11:34:45 - app - INFO - [下载任务2]       线程 46/489 失败，重试 3/3
2026-01-16 11:34:50 - app - INFO - [下载任务2]       线程 45/489 开始下载 (440.00 MB-450.00 MB)
2026-01-16 11:34:50 - app - INFO - [下载任务2]       线程 47/489 开始下载 (460.00 MB-470.00 MB)
2026-01-16 11:34:50 - app - INFO - [下载任务2]       线程 48/489 开始下载 (470.00 MB-480.00 MB)
2026-01-16 11:34:50 - app - INFO - [下载任务2]       线程 46/489 开始下载 (450.00 MB-460.00 MB)
2026-01-16 11:34:56 - app - INFO - [下载任务2]       线程 45/489 失败: 状态码: 403
2026-01-16 11:34:56 - app - INFO - [下载任务2]       线程 48/489 失败: 状态码: 403
2026-01-16 11:34:56 - app - INFO - [下载任务2]       线程 49/489 开始下载 (480.00 MB-490.00 MB)
2026-01-16 11:34:56 - app - INFO - [下载任务2]       线程 50/489 开始下载 (490.00 MB-500.00 MB)
2026-01-16 11:34:56 - app - INFO - [下载任务2]       线程 47/489 失败: 状态码: 403
2026-01-16 11:34:56 - app - INFO - [下载任务2]       线程 46/489 失败: 状态码: 403
2026-01-16 11:34:56 - app - INFO - [下载任务2]       线程 51/489 开始下载 (500.00 MB-510.00 MB)
2026-01-16 11:34:56 - app - INFO - [下载任务2]       线程 52/489 开始下载 (510.00 MB-520.00 MB)
2026-01-16 11:34:56 - app - INFO - [下载任务2]       线程 50/489 失败，重试 1/3
2026-01-16 11:34:56 - app - INFO - [下载任务2]       线程 51/489 失败，重试 1/3
2026-01-16 11:34:56 - app - INFO - [下载任务2]       线程 52/489 失败，重试 1/3
2026-01-16 11:34:56 - app - INFO - [下载任务2]       线程 49/489 失败，重试 1/3
2026-01-16 11:35:01 - app - INFO - [下载任务2]       线程 50/489 开始下载 (490.00 MB-500.00 MB)
2026-01-16 11:35:01 - app - INFO - [下载任务2]       线程 51/489 开始下载 (500.00 MB-510.00 MB)
2026-01-16 11:35:01 - app - INFO - [下载任务2]       线程 52/489 开始下载 (510.00 MB-520.00 MB)
2026-01-16 11:35:01 - app - INFO - [下载任务2]       线程 49/489 开始下载 (480.00 MB-490.00 MB)
2026-01-16 11:35:07 - app - INFO - [下载任务2]       线程 52/489 失败，重试 2/3
2026-01-16 11:35:07 - app - INFO - [下载任务2]       线程 50/489 失败，重试 2/3
2026-01-16 11:35:07 - app - INFO - [下载任务2]       线程 51/489 失败，重试 2/3
2026-01-16 11:35:07 - app - INFO - [下载任务2]       线程 49/489 失败，重试 2/3
2026-01-16 11:35:12 - app - INFO - [下载任务2]       线程 52/489 开始下载 (510.00 MB-520.00 MB)
2026-01-16 11:35:12 - app - INFO - [下载任务2]       线程 50/489 开始下载 (490.00 MB-500.00 MB)
2026-01-16 11:35:12 - app - INFO - [下载任务2]       线程 51/489 开始下载 (500.00 MB-510.00 MB)
2026-01-16 11:35:12 - app - INFO - [下载任务2]       线程 49/489 开始下载 (480.00 MB-490.00 MB)
2026-01-16 11:35:18 - app - INFO - [下载任务2]       线程 52/489 失败，重试 3/3
2026-01-16 11:35:18 - app - INFO - [下载任务2]       线程 50/489 失败，重试 3/3
2026-01-16 11:35:18 - app - INFO - [下载任务2]       线程 49/489 失败，重试 3/3
2026-01-16 11:35:18 - app - INFO - [下载任务2]       线程 51/489 失败，重试 3/3
2026-01-16 11:35:23 - app - INFO - [下载任务2]       线程 52/489 开始下载 (510.00 MB-520.00 MB)
2026-01-16 11:35:23 - app - INFO - [下载任务2]       线程 50/489 开始下载 (490.00 MB-500.00 MB)
2026-01-16 11:35:23 - app - INFO - [下载任务2]       线程 49/489 开始下载 (480.00 MB-490.00 MB)
2026-01-16 11:35:23 - app - INFO - [下载任务2]       线程 51/489 开始下载 (500.00 MB-510.00 MB)
2026-01-16 11:35:29 - app - INFO - [下载任务2]       线程 52/489 失败: 状态码: 403
2026-01-16 11:35:29 - app - INFO - [下载任务2]       线程 53/489 开始下载 (520.00 MB-530.00 MB)
2026-01-16 11:35:29 - app - INFO - [下载任务2]       线程 49/489 失败: 状态码: 403
2026-01-16 11:35:29 - app - INFO - [下载任务2]       线程 54/489 开始下载 (530.00 MB-540.00 MB)
2026-01-16 11:35:29 - app - INFO - [下载任务2]       线程 50/489 失败: 状态码: 403
2026-01-16 11:35:29 - app - INFO - [下载任务2]       线程 51/489 失败: 状态码: 403
2026-01-16 11:35:29 - app - INFO - [下载任务2]       线程 55/489 开始下载 (540.00 MB-550.00 MB)
2026-01-16 11:35:29 - app - INFO - [下载任务2]       线程 56/489 开始下载 (550.00 MB-560.00 MB)
2026-01-16 11:35:29 - app - INFO - [下载任务2]       线程 53/489 失败，重试 1/3
2026-01-16 11:35:29 - app - INFO - [下载任务2]       线程 54/489 失败，重试 1/3
2026-01-16 11:35:30 - app - INFO - [下载任务2]       线程 55/489 失败，重试 1/3
2026-01-16 11:35:30 - app - INFO - [下载任务2]       线程 56/489 失败，重试 1/3
2026-01-16 11:35:34 - app - INFO - [下载任务2]       线程 53/489 开始下载 (520.00 MB-530.00 MB)
2026-01-16 11:35:34 - app - INFO - [下载任务2]       线程 54/489 开始下载 (530.00 MB-540.00 MB)
2026-01-16 11:35:35 - app - INFO - [下载任务2]       线程 55/489 开始下载 (540.00 MB-550.00 MB)
2026-01-16 11:35:35 - app - INFO - [下载任务2]       线程 56/489 开始下载 (550.00 MB-560.00 MB)
2026-01-16 11:35:40 - app - INFO - [下载任务2]       线程 54/489 失败，重试 2/3
2026-01-16 11:35:40 - app - INFO - [下载任务2]       线程 53/489 失败，重试 2/3
2026-01-16 11:35:40 - app - INFO - [下载任务2]       线程 56/489 失败，重试 2/3
2026-01-16 11:35:40 - app - INFO - [下载任务2]       线程 55/489 失败，重试 2/3
2026-01-16 11:35:45 - app - INFO - [下载任务2]       线程 54/489 开始下载 (530.00 MB-540.00 MB)
2026-01-16 11:35:45 - app - INFO - [下载任务2]       线程 53/489 开始下载 (520.00 MB-530.00 MB)
2026-01-16 11:35:45 - app - INFO - [下载任务2]       线程 56/489 开始下载 (550.00 MB-560.00 MB)
2026-01-16 11:35:45 - app - INFO - [下载任务2]       线程 55/489 开始下载 (540.00 MB-550.00 MB)
2026-01-16 11:35:51 - app - INFO - [下载任务2]       线程 56/489 失败，重试 3/3
2026-01-16 11:35:51 - app - INFO - [下载任务2]       线程 54/489 失败，重试 3/3
2026-01-16 11:35:51 - app - INFO - [下载任务2]       线程 53/489 失败，重试 3/3
2026-01-16 11:35:51 - app - INFO - [下载任务2]       线程 55/489 失败，重试 3/3
2026-01-16 11:35:56 - app - INFO - [下载任务2]       线程 56/489 开始下载 (550.00 MB-560.00 MB)
2026-01-16 11:35:56 - app - INFO - [下载任务2]       线程 53/489 开始下载 (520.00 MB-530.00 MB)
2026-01-16 11:35:56 - app - INFO - [下载任务2]       线程 54/489 开始下载 (530.00 MB-540.00 MB)
2026-01-16 11:35:56 - app - INFO - [下载任务2]       线程 55/489 开始下载 (540.00 MB-550.00 MB)
2026-01-16 11:36:02 - app - INFO - [下载任务2]       线程 56/489 失败: 状态码: 403
2026-01-16 11:36:02 - app - INFO - [下载任务2]       线程 57/489 开始下载 (560.00 MB-570.00 MB)
2026-01-16 11:36:02 - app - INFO - [下载任务2]       线程 54/489 失败: 状态码: 403
2026-01-16 11:36:03 - app - INFO - [下载任务2]       线程 53/489 失败: 状态码: 403
2026-01-16 11:36:03 - app - INFO - [下载任务2]       线程 55/489 失败: 状态码: 403
2026-01-16 11:36:03 - app - INFO - [下载任务2]       线程 58/489 开始下载 (570.00 MB-580.00 MB)
2026-01-16 11:36:03 - app - INFO - [下载任务2]       线程 59/489 开始下载 (580.00 MB-590.00 MB)
2026-01-16 11:36:03 - app - INFO - [下载任务2]       线程 60/489 开始下载 (590.00 MB-600.00 MB)
2026-01-16 11:36:03 - app - INFO - [下载任务2]       线程 57/489 失败，重试 1/3
2026-01-16 11:36:03 - app - INFO - [下载任务2]       线程 59/489 失败，重试 1/3
2026-01-16 11:36:03 - app - INFO - [下载任务2]       线程 60/489 失败，重试 1/3
2026-01-16 11:36:03 - app - INFO - [下载任务2]       线程 58/489 失败，重试 1/3
2026-01-16 11:36:08 - app - INFO - [下载任务2]       线程 57/489 开始下载 (560.00 MB-570.00 MB)
2026-01-16 11:36:08 - app - INFO - [下载任务2]       线程 59/489 开始下载 (580.00 MB-590.00 MB)
2026-01-16 11:36:08 - app - INFO - [下载任务2]       线程 60/489 开始下载 (590.00 MB-600.00 MB)
2026-01-16 11:36:08 - app - INFO - [下载任务2]       线程 58/489 开始下载 (570.00 MB-580.00 MB)
2026-01-16 11:36:13 - app - INFO - [下载任务2]       线程 57/489 失败，重试 2/3
2026-01-16 11:36:14 - app - INFO - [下载任务2]       线程 58/489 失败，重试 2/3
2026-01-16 11:36:14 - app - INFO - [下载任务2]       线程 59/489 失败，重试 2/3
2026-01-16 11:36:14 - app - INFO - [下载任务2]       线程 60/489 失败，重试 2/3
2026-01-16 11:36:19 - app - INFO - [下载任务2]       线程 57/489 开始下载 (560.00 MB-570.00 MB)
2026-01-16 11:36:19 - app - INFO - [下载任务2]       线程 58/489 开始下载 (570.00 MB-580.00 MB)
2026-01-16 11:36:19 - app - INFO - [下载任务2]       线程 59/489 开始下载 (580.00 MB-590.00 MB)
2026-01-16 11:36:19 - app - INFO - [下载任务2]       线程 60/489 开始下载 (590.00 MB-600.00 MB)
2026-01-16 11:36:25 - app - INFO - [下载任务2]       线程 58/489 失败，重试 3/3
2026-01-16 11:36:25 - app - INFO - [下载任务2]       线程 57/489 失败，重试 3/3
2026-01-16 11:36:25 - app - INFO - [下载任务2]       线程 60/489 失败，重试 3/3
2026-01-16 11:36:25 - app - INFO - [下载任务2]       线程 59/489 失败，重试 3/3
2026-01-16 11:36:30 - app - INFO - [下载任务2]       线程 58/489 开始下载 (570.00 MB-580.00 MB)
2026-01-16 11:36:30 - app - INFO - [下载任务2]       线程 57/489 开始下载 (560.00 MB-570.00 MB)
2026-01-16 11:36:30 - app - INFO - [下载任务2]       线程 60/489 开始下载 (590.00 MB-600.00 MB)
2026-01-16 11:36:30 - app - INFO - [下载任务2]       线程 59/489 开始下载 (580.00 MB-590.00 MB)
2026-01-16 11:36:36 - app - INFO - [下载任务2]       线程 57/489 失败: 状态码: 403
2026-01-16 11:36:36 - app - INFO - [下载任务2]       线程 61/489 开始下载 (600.00 MB-610.00 MB)
2026-01-16 11:36:36 - app - INFO - [下载任务2]       线程 60/489 失败: 状态码: 403
2026-01-16 11:36:36 - app - INFO - [下载任务2]       线程 62/489 开始下载 (610.00 MB-620.00 MB)
2026-01-16 11:36:36 - app - INFO - [下载任务2]       线程 59/489 失败: 状态码: 403
2026-01-16 11:36:36 - app - INFO - [下载任务2]       线程 63/489 开始下载 (620.00 MB-630.00 MB)
2026-01-16 11:36:36 - app - INFO - [下载任务2]       线程 61/489 失败，重试 1/3
2026-01-16 11:36:36 - app - INFO - [下载任务2]       线程 63/489 失败，重试 1/3
2026-01-16 11:36:36 - app - INFO - [下载任务2]       线程 58/489 失败: 状态码: 403
2026-01-16 11:36:36 - app - INFO - [下载任务2]       线程 64/489 开始下载 (630.00 MB-640.00 MB)
2026-01-16 11:36:36 - app - INFO - [下载任务2]       线程 64/489 失败，重试 1/3
2026-01-16 11:36:37 - app - INFO - [下载任务2]       线程 62/489 失败，重试 1/3
2026-01-16 11:36:41 - app - INFO - [下载任务2]       线程 61/489 开始下载 (600.00 MB-610.00 MB)
2026-01-16 11:36:41 - app - INFO - [下载任务2]       线程 63/489 开始下载 (620.00 MB-630.00 MB)
2026-01-16 11:36:41 - app - INFO - [下载任务2]       线程 64/489 开始下载 (630.00 MB-640.00 MB)
2026-01-16 11:36:42 - app - INFO - [下载任务2]       线程 62/489 开始下载 (610.00 MB-620.00 MB)
2026-01-16 11:36:47 - app - INFO - [下载任务2]       线程 62/489 失败，重试 2/3
2026-01-16 11:36:47 - app - INFO - [下载任务2]       线程 61/489 失败，重试 2/3
2026-01-16 11:36:47 - app - INFO - [下载任务2]       线程 64/489 失败，重试 2/3
2026-01-16 11:36:47 - app - INFO - [下载任务2]       线程 63/489 失败，重试 2/3
2026-01-16 11:36:52 - app - INFO - [下载任务2]       线程 62/489 开始下载 (610.00 MB-620.00 MB)
2026-01-16 11:36:52 - app - INFO - [下载任务2]       线程 61/489 开始下载 (600.00 MB-610.00 MB)
2026-01-16 11:36:52 - app - INFO - [下载任务2]       线程 63/489 开始下载 (620.00 MB-630.00 MB)
2026-01-16 11:36:52 - app - INFO - [下载任务2]       线程 64/489 开始下载 (630.00 MB-640.00 MB)
2026-01-16 11:36:58 - app - INFO - [下载任务2]       线程 62/489 失败，重试 3/3
2026-01-16 11:36:58 - app - INFO - [下载任务2]       线程 63/489 失败，重试 3/3
2026-01-16 11:36:58 - app - INFO - [下载任务2]       线程 61/489 失败，重试 3/3
2026-01-16 11:36:58 - app - INFO - [下载任务2]       线程 64/489 失败，重试 3/3
2026-01-16 11:37:03 - app - INFO - [下载任务2]       线程 62/489 开始下载 (610.00 MB-620.00 MB)
2026-01-16 11:37:03 - app - INFO - [下载任务2]       线程 63/489 开始下载 (620.00 MB-630.00 MB)
2026-01-16 11:37:03 - app - INFO - [下载任务2]       线程 61/489 开始下载 (600.00 MB-610.00 MB)
2026-01-16 11:37:03 - app - INFO - [下载任务2]       线程 64/489 开始下载 (630.00 MB-640.00 MB)
2026-01-16 11:37:09 - app - INFO - [下载任务2]       线程 63/489 失败: 状态码: 403
2026-01-16 11:37:09 - app - INFO - [下载任务2]       线程 65/489 开始下载 (640.00 MB-650.00 MB)
2026-01-16 11:37:09 - app - INFO - [下载任务2]       线程 61/489 失败: 状态码: 403
2026-01-16 11:37:09 - app - INFO - [下载任务2]       线程 62/489 失败: 状态码: 403
2026-01-16 11:37:09 - app - INFO - [下载任务2]       线程 66/489 开始下载 (650.00 MB-660.00 MB)
2026-01-16 11:37:09 - app - INFO - [下载任务2]       线程 64/489 失败: 状态码: 403
2026-01-16 11:37:09 - app - INFO - [下载任务2]       线程 67/489 开始下载 (660.00 MB-670.00 MB)
2026-01-16 11:37:09 - app - INFO - [下载任务2]       线程 68/489 开始下载 (670.00 MB-680.00 MB)
2026-01-16 11:37:09 - app - INFO - [下载任务2]       线程 65/489 失败，重试 1/3
2026-01-16 11:37:09 - app - INFO - [下载任务2]       线程 66/489 失败，重试 1/3
2026-01-16 11:37:09 - app - INFO - [下载任务2]       线程 67/489 失败，重试 1/3
2026-01-16 11:37:09 - app - INFO - [下载任务2]       线程 68/489 失败，重试 1/3
2026-01-16 11:37:14 - app - INFO - [下载任务2]       线程 65/489 开始下载 (640.00 MB-650.00 MB)
2026-01-16 11:37:14 - app - INFO - [下载任务2]       线程 66/489 开始下载 (650.00 MB-660.00 MB)
2026-01-16 11:37:14 - app - INFO - [下载任务2]       线程 67/489 开始下载 (660.00 MB-670.00 MB)
2026-01-16 11:37:14 - app - INFO - [下载任务2]       线程 68/489 开始下载 (670.00 MB-680.00 MB)
2026-01-16 11:37:20 - app - INFO - [下载任务2]       线程 65/489 失败，重试 2/3
2026-01-16 11:37:20 - app - INFO - [下载任务2]       线程 66/489 失败，重试 2/3
2026-01-16 11:37:20 - app - INFO - [下载任务2]       线程 67/489 失败，重试 2/3
2026-01-16 11:37:20 - app - INFO - [下载任务2]       线程 68/489 失败，重试 2/3
2026-01-16 11:37:25 - app - INFO - [下载任务2]       线程 65/489 开始下载 (640.00 MB-650.00 MB)
2026-01-16 11:37:25 - app - INFO - [下载任务2]       线程 66/489 开始下载 (650.00 MB-660.00 MB)
2026-01-16 11:37:25 - app - INFO - [下载任务2]       线程 67/489 开始下载 (660.00 MB-670.00 MB)
2026-01-16 11:37:25 - app - INFO - [下载任务2]       线程 68/489 开始下载 (670.00 MB-680.00 MB)
2026-01-16 11:37:31 - app - INFO - [下载任务2]       线程 65/489 失败，重试 3/3
2026-01-16 11:37:31 - app - INFO - [下载任务2]       线程 68/489 失败，重试 3/3
2026-01-16 11:37:31 - app - INFO - [下载任务2]       线程 67/489 失败，重试 3/3
2026-01-16 11:37:31 - app - INFO - [下载任务2]       线程 66/489 失败，重试 3/3
2026-01-16 11:37:36 - app - INFO - [下载任务2]       线程 65/489 开始下载 (640.00 MB-650.00 MB)
2026-01-16 11:37:36 - app - INFO - [下载任务2]       线程 68/489 开始下载 (670.00 MB-680.00 MB)
2026-01-16 11:37:36 - app - INFO - [下载任务2]       线程 66/489 开始下载 (650.00 MB-660.00 MB)
2026-01-16 11:37:36 - app - INFO - [下载任务2]       线程 67/489 开始下载 (660.00 MB-670.00 MB)
2026-01-16 11:37:42 - app - INFO - [下载任务2]       线程 68/489 失败: 状态码: 403
2026-01-16 11:37:42 - app - INFO - [下载任务2]       线程 65/489 失败: 状态码: 403
2026-01-16 11:37:42 - app - INFO - [下载任务2]       线程 69/489 开始下载 (680.00 MB-690.00 MB)
2026-01-16 11:37:42 - app - INFO - [下载任务2]       线程 66/489 失败: 状态码: 403
2026-01-16 11:37:42 - app - INFO - [下载任务2]       线程 67/489 失败: 状态码: 403
2026-01-16 11:37:42 - app - INFO - [下载任务2]       线程 70/489 开始下载 (690.00 MB-700.00 MB)
2026-01-16 11:37:42 - app - INFO - [下载任务2]       线程 71/489 开始下载 (700.00 MB-710.00 MB)
2026-01-16 11:37:42 - app - INFO - [下载任务2]       线程 72/489 开始下载 (710.00 MB-720.00 MB)
2026-01-16 11:37:42 - app - INFO - [下载任务2]       线程 69/489 失败，重试 1/3
2026-01-16 11:37:43 - app - INFO - [下载任务2]       线程 71/489 失败，重试 1/3
2026-01-16 11:37:43 - app - INFO - [下载任务2]       线程 70/489 失败，重试 1/3
2026-01-16 11:37:43 - app - INFO - [下载任务2]       线程 72/489 失败，重试 1/3
2026-01-16 11:37:47 - app - INFO - [下载任务2]       线程 69/489 开始下载 (680.00 MB-690.00 MB)
2026-01-16 11:37:48 - app - INFO - [下载任务2]       线程 71/489 开始下载 (700.00 MB-710.00 MB)
2026-01-16 11:37:48 - app - INFO - [下载任务2]       线程 70/489 开始下载 (690.00 MB-700.00 MB)
2026-01-16 11:37:48 - app - INFO - [下载任务2]       线程 72/489 开始下载 (710.00 MB-720.00 MB)
2026-01-16 11:37:53 - app - INFO - [下载任务2]       线程 70/489 失败，重试 2/3
2026-01-16 11:37:53 - app - INFO - [下载任务2]       线程 69/489 失败，重试 2/3
2026-01-16 11:37:53 - app - INFO - [下载任务2]       线程 71/489 失败，重试 2/3
2026-01-16 11:37:53 - app - INFO - [下载任务2]       线程 72/489 失败，重试 2/3
2026-01-16 11:37:58 - app - INFO - [下载任务2]       线程 70/489 开始下载 (690.00 MB-700.00 MB)
2026-01-16 11:37:58 - app - INFO - [下载任务2]       线程 69/489 开始下载 (680.00 MB-690.00 MB)
2026-01-16 11:37:58 - app - INFO - [下载任务2]       线程 71/489 开始下载 (700.00 MB-710.00 MB)
2026-01-16 11:37:58 - app - INFO - [下载任务2]       线程 72/489 开始下载 (710.00 MB-720.00 MB)
2026-01-16 11:38:04 - app - INFO - [下载任务2]       线程 70/489 失败，重试 3/3
2026-01-16 11:38:04 - app - INFO - [下载任务2]       线程 69/489 失败，重试 3/3
2026-01-16 11:38:04 - app - INFO - [下载任务2]       线程 72/489 失败，重试 3/3
2026-01-16 11:38:04 - app - INFO - [下载任务2]       线程 71/489 失败，重试 3/3
2026-01-16 11:38:09 - app - INFO - [下载任务2]       线程 70/489 开始下载 (690.00 MB-700.00 MB)
2026-01-16 11:38:09 - app - INFO - [下载任务2]       线程 69/489 开始下载 (680.00 MB-690.00 MB)
2026-01-16 11:38:09 - app - INFO - [下载任务2]       线程 72/489 开始下载 (710.00 MB-720.00 MB)
2026-01-16 11:38:09 - app - INFO - [下载任务2]       线程 71/489 开始下载 (700.00 MB-710.00 MB)
2026-01-16 11:38:15 - app - INFO - [下载任务2]       线程 70/489 失败: 状态码: 403
2026-01-16 11:38:15 - app - INFO - [下载任务2]       线程 69/489 失败: 状态码: 403
2026-01-16 11:38:15 - app - INFO - [下载任务2]       线程 73/489 开始下载 (720.00 MB-730.00 MB)
2026-01-16 11:38:15 - app - INFO - [下载任务2]       线程 74/489 开始下载 (730.00 MB-740.00 MB)
2026-01-16 11:38:15 - app - INFO - [下载任务2]       线程 72/489 失败: 状态码: 403
2026-01-16 11:38:15 - app - INFO - [下载任务2]       线程 71/489 失败: 状态码: 403
2026-01-16 11:38:15 - app - INFO - [下载任务2]       线程 75/489 开始下载 (740.00 MB-750.00 MB)
2026-01-16 11:38:15 - app - INFO - [下载任务2]       线程 76/489 开始下载 (750.00 MB-760.00 MB)
2026-01-16 11:38:15 - app - INFO - [下载任务2]       线程 73/489 失败，重试 1/3
2026-01-16 11:38:16 - app - INFO - [下载任务2]       线程 74/489 失败，重试 1/3
2026-01-16 11:38:16 - app - INFO - [下载任务2]       线程 75/489 失败，重试 1/3
2026-01-16 11:38:16 - app - INFO - [下载任务2]       线程 76/489 失败，重试 1/3
2026-01-16 11:38:21 - app - INFO - [下载任务2]       线程 73/489 开始下载 (720.00 MB-730.00 MB)
2026-01-16 11:38:21 - app - INFO - [下载任务2]       线程 74/489 开始下载 (730.00 MB-740.00 MB)
2026-01-16 11:38:21 - app - INFO - [下载任务2]       线程 75/489 开始下载 (740.00 MB-750.00 MB)
2026-01-16 11:38:21 - app - INFO - [下载任务2]       线程 76/489 开始下载 (750.00 MB-760.00 MB)
2026-01-16 11:38:26 - app - INFO - [下载任务2]       线程 73/489 失败，重试 2/3
2026-01-16 11:38:26 - app - INFO - [下载任务2]       线程 74/489 失败，重试 2/3
2026-01-16 11:38:26 - app - INFO - [下载任务2]       线程 75/489 失败，重试 2/3
2026-01-16 11:38:26 - app - INFO - [下载任务2]       线程 76/489 失败，重试 2/3
2026-01-16 11:38:31 - app - INFO - [下载任务2]       线程 73/489 开始下载 (720.00 MB-730.00 MB)
2026-01-16 11:38:31 - app - INFO - [下载任务2]       线程 74/489 开始下载 (730.00 MB-740.00 MB)
2026-01-16 11:38:31 - app - INFO - [下载任务2]       线程 75/489 开始下载 (740.00 MB-750.00 MB)
2026-01-16 11:38:31 - app - INFO - [下载任务2]       线程 76/489 开始下载 (750.00 MB-760.00 MB)
2026-01-16 11:38:37 - app - INFO - [下载任务2]       线程 73/489 失败，重试 3/3
2026-01-16 11:38:37 - app - INFO - [下载任务2]       线程 74/489 失败，重试 3/3
2026-01-16 11:38:37 - app - INFO - [下载任务2]       线程 75/489 失败，重试 3/3
2026-01-16 11:38:37 - app - INFO - [下载任务2]       线程 76/489 失败，重试 3/3
2026-01-16 11:38:42 - app - INFO - [下载任务2]       线程 73/489 开始下载 (720.00 MB-730.00 MB)
2026-01-16 11:38:42 - app - INFO - [下载任务2]       线程 74/489 开始下载 (730.00 MB-740.00 MB)
2026-01-16 11:38:42 - app - INFO - [下载任务2]       线程 75/489 开始下载 (740.00 MB-750.00 MB)
2026-01-16 11:38:42 - app - INFO - [下载任务2]       线程 76/489 开始下载 (750.00 MB-760.00 MB)
2026-01-16 11:38:48 - app - INFO - [下载任务2]       线程 73/489 失败: 状态码: 403
2026-01-16 11:38:48 - app - INFO - [下载任务2]       线程 77/489 开始下载 (760.00 MB-770.00 MB)
2026-01-16 11:38:48 - app - INFO - [下载任务2]       线程 74/489 失败: 状态码: 403
2026-01-16 11:38:48 - app - INFO - [下载任务2]       线程 76/489 失败: 状态码: 403
2026-01-16 11:38:49 - app - INFO - [下载任务2]       线程 75/489 失败: 状态码: 403
2026-01-16 11:38:49 - app - INFO - [下载任务2]       线程 78/489 开始下载 (770.00 MB-780.00 MB)
2026-01-16 11:38:49 - app - INFO - [下载任务2]       线程 79/489 开始下载 (780.00 MB-790.00 MB)
2026-01-16 11:38:49 - app - INFO - [下载任务2]       线程 80/489 开始下载 (790.00 MB-800.00 MB)
2026-01-16 11:38:49 - app - INFO - [下载任务2]       线程 77/489 失败，重试 1/3
2026-01-16 11:38:49 - app - INFO - [下载任务2]       线程 78/489 失败，重试 1/3
2026-01-16 11:38:49 - app - INFO - [下载任务2]       线程 79/489 失败，重试 1/3
2026-01-16 11:38:49 - app - INFO - [下载任务2]       线程 80/489 失败，重试 1/3
2026-01-16 11:38:54 - app - INFO - [下载任务2]       线程 77/489 开始下载 (760.00 MB-770.00 MB)
2026-01-16 11:38:54 - app - INFO - [下载任务2]       线程 78/489 开始下载 (770.00 MB-780.00 MB)
2026-01-16 11:38:54 - app - INFO - [下载任务2]       线程 79/489 开始下载 (780.00 MB-790.00 MB)
2026-01-16 11:38:54 - app - INFO - [下载任务2]       线程 80/489 开始下载 (790.00 MB-800.00 MB)
2026-01-16 11:38:59 - app - INFO - [下载任务2]       线程 77/489 失败，重试 2/3
2026-01-16 11:38:59 - app - INFO - [下载任务2]       线程 78/489 失败，重试 2/3
2026-01-16 11:39:00 - app - INFO - [下载任务2]       线程 79/489 失败，重试 2/3
2026-01-16 11:39:00 - app - INFO - [下载任务2]       线程 80/489 失败，重试 2/3
2026-01-16 11:39:16 - app - INFO - 许可证管理器初始化完成,服务器: http://license.22l2.com
2026-01-16 11:39:16 - app - INFO - 初始化许可证管理器...
2026-01-16 11:39:17 - app - INFO - 解密密钥设置成功
2026-01-16 11:39:17 - app - INFO - 解密密钥获取成功
2026-01-16 11:39:17 - app - INFO - 解密密钥获取成功，配置已就绪
2026-01-16 11:39:17 - app - INFO - 配置解密成功
2026-01-16 11:39:17 - app - INFO - 夸克API配置加载成功
2026-01-16 11:39:17 - app - INFO - 夸克API配置加载完成
2026-01-16 11:39:17 - app - INFO - 检查数据库...
2026-01-16 11:39:17 - app - INFO - 数据库检查完成
2026-01-16 11:39:17 - app - INFO - 检查数据库迁移...
2026-01-16 11:39:17 - app - INFO - 数据库迁移检查完成
2026-01-16 11:39:17 - app - INFO - 清理异常中断的任务状态...
2026-01-16 11:39:17 - app - INFO - 已清理 1 个异常中断的任务
2026-01-16 11:39:17 - app - INFO - 升级管理器初始化完成
2026-01-16 11:39:17 - app - INFO - Flask应用创建成功
2026-01-16 11:39:17 - app - INFO - 静态文件目录: C:\Data\夸克转存\client\frontend
2026-01-16 11:39:17 - app - INFO - 启动任务调度服务...
2026-01-16 11:39:17 - app - INFO - 检查被中断的影视下载任务...
2026-01-16 11:39:17 - app - INFO - 没有需要恢复的影视下载任务
2026-01-16 11:39:17 - app - INFO - 账期生成循环已启动
2026-01-16 11:39:17 - app - INFO - 账期生成线程已启动
2026-01-16 11:39:17 - app - INFO - 开始生成 2026-01-16 的任务账期
2026-01-16 11:39:17 - app - INFO - 任务执行循环已启动
2026-01-16 11:39:17 - app - INFO - 任务执行线程已启动
2026-01-16 11:39:17 - app - INFO - 日志清理循环已启动
2026-01-16 11:39:17 - app - INFO - 日志清理线程已启动
2026-01-16 11:39:17 - app - INFO - 下次日志清理时间: 2026-01-17 02:00:00
2026-01-16 11:39:17 - app - INFO - 跳过一次性执行任务: 测试
2026-01-16 11:39:17 - app - INFO - 启动Flask服务: http://0.0.0.0:8520
2026-01-16 11:39:17 - app - INFO - 跳过一次性执行任务: 测试谢谢谢谢
2026-01-16 11:39:17 - app - INFO - 跳过一次性执行任务: 测试189
2026-01-16 11:39:17 - app - INFO - 跳过一次性执行任务: 小城大事
2026-01-16 11:39:17 - app - INFO - ✅ 生成完成，共创建 0 条待执行记录
2026-01-16 11:39:17 - app - INFO - 下次生成账期时间: 2026-01-17 00:00:00, 等待 44442 秒
2026-01-16 11:39:30 - app - INFO - 许可证管理器初始化完成,服务器: http://license.22l2.com
2026-01-16 11:39:30 - app - INFO - 初始化许可证管理器...
2026-01-16 11:39:32 - app - INFO - 解密密钥设置成功
2026-01-16 11:39:32 - app - INFO - 解密密钥获取成功
2026-01-16 11:39:32 - app - INFO - 解密密钥获取成功，配置已就绪
2026-01-16 11:39:32 - app - INFO - 配置解密成功
2026-01-16 11:39:32 - app - INFO - 夸克API配置加载成功
2026-01-16 11:39:32 - app - INFO - 夸克API配置加载完成
2026-01-16 11:39:32 - app - INFO - 检查数据库...
2026-01-16 11:39:32 - app - INFO - 数据库检查完成
2026-01-16 11:39:32 - app - INFO - 检查数据库迁移...
2026-01-16 11:39:32 - app - INFO - 数据库迁移检查完成
2026-01-16 11:39:32 - app - INFO - 清理异常中断的任务状态...
2026-01-16 11:39:32 - app - INFO - 升级管理器初始化完成
2026-01-16 11:39:32 - app - INFO - Flask应用创建成功
2026-01-16 11:39:32 - app - INFO - 静态文件目录: C:\Data\夸克转存\client\frontend
2026-01-16 11:39:32 - app - INFO - 启动任务调度服务...
2026-01-16 11:39:32 - app - INFO - 检查被中断的影视下载任务...
2026-01-16 11:39:32 - app - INFO - 没有需要恢复的影视下载任务
2026-01-16 11:39:32 - app - INFO - 账期生成循环已启动
2026-01-16 11:39:32 - app - INFO - 账期生成线程已启动
2026-01-16 11:39:32 - app - INFO - 开始生成 2026-01-16 的任务账期
2026-01-16 11:39:32 - app - INFO - 任务执行循环已启动
2026-01-16 11:39:32 - app - INFO - 任务执行线程已启动
2026-01-16 11:39:32 - app - INFO - 日志清理循环已启动
2026-01-16 11:39:32 - app - INFO - 日志清理线程已启动
2026-01-16 11:39:32 - app - INFO - 下次日志清理时间: 2026-01-17 02:00:00
2026-01-16 11:39:32 - app - INFO - 启动Flask服务: http://0.0.0.0:8520
2026-01-16 11:39:32 - app - INFO - 跳过一次性执行任务: 测试
2026-01-16 11:39:32 - app - INFO - 跳过一次性执行任务: 测试谢谢谢谢
2026-01-16 11:39:32 - app - INFO - 跳过一次性执行任务: 测试189
2026-01-16 11:39:32 - app - INFO - 跳过一次性执行任务: 小城大事
2026-01-16 11:39:32 - app - INFO - ✅ 生成完成，共创建 0 条待执行记录
2026-01-16 11:39:32 - app - INFO - 下次生成账期时间: 2026-01-17 00:00:00, 等待 44428 秒
2026-01-16 11:39:59 - app - INFO - 检查登录状态, session内容: {'_permanent': True, 'user_id': 1, 'username': 'admin'}, cookies: ImmutableMultiDict([('session', 'eyJfcGVybWFuZW50Ijp0cnVlLCJ1c2VyX2lkIjoxLCJ1c2VybmFtZSI6ImFkbWluIn0.aWmzDw.ZWbKI2QR3KJ-eMOFU8oJGgp7E4o')])
2026-01-16 11:39:59 - app - INFO - 检查登录状态, session内容: {'_permanent': True, 'user_id': 1, 'username': 'admin'}, cookies: ImmutableMultiDict([('session', 'eyJfcGVybWFuZW50Ijp0cnVlLCJ1c2VyX2lkIjoxLCJ1c2VybmFtZSI6ImFkbWluIn0.aWmzDw.ZWbKI2QR3KJ-eMOFU8oJGgp7E4o')])
2026-01-16 11:40:02 - app - INFO - 检查更新: 当前版本 2.1.4
2026-01-16 11:40:12 - app - INFO - 检查更新成功: {'has_update': False, 'message': '当前已是最新版本'}
2026-01-16 11:40:14 - app - INFO - 许可证管理器初始化完成,服务器: http://license.22l2.com
2026-01-16 11:40:14 - app - INFO - 初始化许可证管理器...
2026-01-16 11:40:15 - app - INFO - 解密密钥设置成功
2026-01-16 11:40:15 - app - INFO - 解密密钥获取成功
2026-01-16 11:40:15 - app - INFO - 解密密钥获取成功，配置已就绪
2026-01-16 11:40:15 - app - INFO - 配置解密成功
2026-01-16 11:40:15 - app - INFO - 夸克API配置加载成功
2026-01-16 11:40:15 - app - INFO - 夸克API配置加载完成
2026-01-16 11:40:15 - app - INFO - 检查数据库...
2026-01-16 11:40:15 - app - INFO - 数据库检查完成
2026-01-16 11:40:15 - app - INFO - 检查数据库迁移...
2026-01-16 11:40:15 - app - INFO - 数据库迁移检查完成
2026-01-16 11:40:15 - app - INFO - 清理异常中断的任务状态...
2026-01-16 11:40:15 - app - INFO - 升级管理器初始化完成
2026-01-16 11:40:15 - app - INFO - Flask应用创建成功
2026-01-16 11:40:15 - app - INFO - 静态文件目录: C:\Data\夸克转存\client\frontend
2026-01-16 11:40:15 - app - INFO - 启动任务调度服务...
2026-01-16 11:40:15 - app - INFO - 检查被中断的影视下载任务...
2026-01-16 11:40:15 - app - INFO - 没有需要恢复的影视下载任务
2026-01-16 11:40:15 - app - INFO - 账期生成循环已启动
2026-01-16 11:40:15 - app - INFO - 账期生成线程已启动
2026-01-16 11:40:15 - app - INFO - 开始生成 2026-01-16 的任务账期
2026-01-16 11:40:15 - app - INFO - 任务执行循环已启动
2026-01-16 11:40:15 - app - INFO - 任务执行线程已启动
2026-01-16 11:40:15 - app - INFO - 日志清理循环已启动
2026-01-16 11:40:15 - app - INFO - 日志清理线程已启动
2026-01-16 11:40:15 - app - INFO - 下次日志清理时间: 2026-01-17 02:00:00
2026-01-16 11:40:15 - app - INFO - 跳过一次性执行任务: 测试
2026-01-16 11:40:15 - app - INFO - 启动Flask服务: http://0.0.0.0:8520
2026-01-16 11:40:15 - app - INFO - 跳过一次性执行任务: 测试谢谢谢谢
2026-01-16 11:40:15 - app - INFO - 跳过一次性执行任务: 测试189
2026-01-16 11:40:15 - app - INFO - 跳过一次性执行任务: 小城大事
2026-01-16 11:40:15 - app - INFO - ✅ 生成完成，共创建 0 条待执行记录
2026-01-16 11:40:15 - app - INFO - 下次生成账期时间: 2026-01-17 00:00:00, 等待 44384 秒
2026-01-16 11:41:12 - app - INFO - 准备重做任务: 测试189 (download)
2026-01-16 11:41:12 - app - INFO - 已删除任务 测试189 的历史记录
2026-01-16 11:41:12 - app - INFO - 已清除下载任务 2 的状态
2026-01-16 11:41:12 - app - INFO - [TaskExecutor] start_task 被调用: task_id=2, execution_id=None, schedule_period=None
2026-01-16 11:41:12 - app - INFO - [TaskExecutor] 任务 2 状态已初始化到 _running_tasks
2026-01-16 11:41:12 - app - INFO - [TaskExecutor] _execute_task 线程开始执行: task_id=2
2026-01-16 11:41:12 - app - INFO - [TaskExecutor] 任务 2 执行线程已启动
2026-01-16 11:41:12 - app - INFO - [TaskExecutor] 从_running_tasks获取: execution_id=None, schedule_period=None
2026-01-16 11:41:12 - app - INFO - [TaskExecutor] 开始获取任务信息: task_id=2
2026-01-16 11:41:12 - app - INFO - [TaskExecutor] 任务信息获取成功: 测试189
2026-01-16 11:41:12 - app - INFO - [TaskExecutor] 开始创建执行历史记录
2026-01-16 11:41:12 - app - INFO - [TaskExecutor] 执行历史记录创建成功: execution_id=39
2026-01-16 11:41:12 - app - INFO - [TaskExecutor] execution_id已更新到_running_tasks
2026-01-16 11:41:12 - app - INFO - [TaskExecutor] 开始记录日志
2026-01-16 11:41:12 - app - INFO - [下载任务2] 任务已启动，正在初始化...
2026-01-16 11:41:12 - app - INFO - [下载任务2] 执行历史记录ID: 39
2026-01-16 11:41:12 - app - INFO - [下载任务2] 开始执行任务: 测试189
2026-01-16 11:41:12 - app - INFO - [下载任务2] 使用账号: 天意
2026-01-16 11:41:12 - app - INFO - [下载任务2] 网盘目录: /测试
2026-01-16 11:41:12 - app - INFO - [下载任务2] 本地目录: C:\Data\下载
2026-01-16 11:41:12 - app - INFO - [下载任务2] 云盘类型: cloud189
2026-01-16 11:41:12 - app - INFO - 已设置 1 个Cookie字段
2026-01-16 11:41:12 - app - INFO - [下载任务2] 正在获取文件列表...
2026-01-16 11:41:12 - app - INFO - [下载任务2] 解析路径: 测试
2026-01-16 11:41:12 - app - INFO - 189获取文件列表请求: folder_id=-11, page=1, size=100
2026-01-16 11:41:24 - app - INFO - 189文件列表响应状态码: 200
2026-01-16 11:41:24 - app - INFO - 189文件列表获取成功: 文件夹11个, 文件2个
2026-01-16 11:41:24 - app - INFO - [下载任务2] 开始递归扫描文件...
2026-01-16 11:41:24 - app - INFO - 189获取文件列表请求: folder_id=323911228907722297, page=1, size=100
2026-01-16 11:41:24 - app - INFO - 189文件列表响应状态码: 200
2026-01-16 11:41:24 - app - INFO - 189文件列表获取成功: 文件夹1个, 文件0个
2026-01-16 11:41:24 - app - INFO - [下载任务2] 正在扫描文件夹: 123
2026-01-16 11:41:24 - app - INFO - 189获取文件列表请求: folder_id=223151229822520199, page=1, size=100
2026-01-16 11:41:24 - app - INFO - 189文件列表响应状态码: 200
2026-01-16 11:41:24 - app - INFO - 189文件列表获取成功: 文件夹1个, 文件1个
2026-01-16 11:41:24 - app - INFO - [下载任务2] 正在扫描文件夹: 123/Season 1
2026-01-16 11:41:24 - app - INFO - 189获取文件列表请求: folder_id=923263229867776282, page=1, size=100
2026-01-16 11:41:24 - app - INFO - 189文件列表响应状态码: 200
2026-01-16 11:41:24 - app - INFO - 189文件列表获取成功: 文件夹0个, 文件1个
2026-01-16 11:41:24 - app - INFO - [下载任务2] 递归扫描完成，共找到 2 个文件
2026-01-16 11:41:24 - app - INFO - [下载任务2] 准备下载 2 个文件
2026-01-16 11:41:24 - app - INFO - [下载任务2] [1/2] 正在下载: 123/Season 1/Delinquent.to.Doctor.S01E01.S01E01.2026.1080p.friDay.WEB-DL.H264.AAC.mkv (4883.65 MB)
2026-01-16 11:41:24 - app - INFO - 189下载链接响应: status=400
2026-01-16 11:41:24 - app - INFO - 文件 623263229867776285 太大,尝试使用备用API...
2026-01-16 11:41:24 - app - INFO - 189备用API响应: status=200
2026-01-16 11:41:24 - app - INFO - 189备用API结果: {'res_code': 0, 'res_message': '成功', 'normal': {'code': 1, 'message': 'normal', 'url': 'https://download.cloud.189.cn/file/downloadFile.action?dt=51&expired=1768546929370&play=1&sk=a71a498c-3f26-4370-ba80-5dc88c74c675&ufi=623263229867776285&zyc=180&token=cloud3&sig=R0QSUf0r3YifWvVMKByBfBWG%2FbY%3D', 'videoKbps': 0}}
2026-01-16 11:41:24 - app - INFO - 使用备用API成功获取文件 623263229867776285 的下载链接
2026-01-16 11:41:24 - app - INFO - [下载任务2] [调试] 多线程配置: enable=True, threshold=50MB
2026-01-16 11:41:24 - app - INFO - [下载任务2] [1/2] 文件大小 4883.65MB >= 50MB，使用多线程下载
2026-01-16 11:41:24 - app - INFO - [下载任务2] 🚀 使用多线程下载: Delinquent.to.Doctor.S01E01.S01E01.2026.1080p.friDay.WEB-DL.H264.AAC.mkv (4.77 GB)
2026-01-16 11:41:24 - app - INFO - [下载任务2]    配置: 4 个线程，每块 10.00 MB
2026-01-16 11:41:24 - app - INFO - [下载任务2]    分块数量: 489
2026-01-16 11:41:24 - app - INFO - [下载任务2]       线程 1/489 开始下载 (0.00 B-10.00 MB)
2026-01-16 11:41:24 - app - INFO - [下载任务2]       线程 3/489 开始下载 (20.00 MB-30.00 MB)
2026-01-16 11:41:24 - app - INFO - [下载任务2]       线程 2/489 开始下载 (10.00 MB-20.00 MB)
2026-01-16 11:41:24 - app - INFO - [下载任务2]       线程 4/489 开始下载 (30.00 MB-40.00 MB)
2026-01-16 11:42:19 - app - INFO - [下载任务2]       线程 3/489 完成 (10.00 MB)
2026-01-16 11:42:19 - app - INFO - [下载任务2]       线程 5/489 开始下载 (40.00 MB-50.00 MB)
2026-01-16 11:42:19 - app - INFO - [下载任务2]       线程 1/489 完成 (10.00 MB)
2026-01-16 11:42:19 - app - INFO - [下载任务2]       线程 6/489 开始下载 (50.00 MB-60.00 MB)
2026-01-16 11:42:19 - app - INFO - [下载任务2]       线程 4/489 完成 (10.00 MB)
2026-01-16 11:42:19 - app - INFO - [下载任务2]       线程 7/489 开始下载 (60.00 MB-70.00 MB)
2026-01-16 11:42:19 - app - INFO - [下载任务2]       线程 2/489 完成 (10.00 MB)
2026-01-16 11:42:19 - app - INFO - [下载任务2]       线程 8/489 开始下载 (70.00 MB-80.00 MB)
2026-01-16 11:42:30 - app - INFO - [下载任务2]       线程 7/489 失败，重试 1/3
2026-01-16 11:42:30 - app - INFO - [下载任务2]       线程 8/489 失败，重试 1/3
2026-01-16 11:42:36 - app - INFO - [下载任务2]       线程 7/489 开始下载 (60.00 MB-70.00 MB)
2026-01-16 11:42:36 - app - INFO - [下载任务2]       线程 8/489 开始下载 (70.00 MB-80.00 MB)
2026-01-16 11:42:42 - app - INFO - [下载任务2]       线程 7/489 失败，重试 2/3
2026-01-16 11:42:42 - app - INFO - [下载任务2]       线程 8/489 失败，重试 2/3
2026-01-16 11:42:47 - app - INFO - [下载任务2]       线程 7/489 开始下载 (60.00 MB-70.00 MB)
2026-01-16 11:42:47 - app - INFO - [下载任务2]       线程 8/489 开始下载 (70.00 MB-80.00 MB)
2026-01-16 11:42:53 - app - INFO - [下载任务2]       线程 7/489 失败，重试 3/3
2026-01-16 11:42:53 - app - INFO - [下载任务2]       线程 8/489 失败，重试 3/3
2026-01-16 11:42:58 - app - INFO - [下载任务2]       线程 7/489 开始下载 (60.00 MB-70.00 MB)
2026-01-16 11:42:58 - app - INFO - [下载任务2]       线程 8/489 开始下载 (70.00 MB-80.00 MB)
2026-01-16 11:42:58 - app - INFO - [下载任务2]       线程 5/489 完成 (10.00 MB)
2026-01-16 11:42:58 - app - INFO - [下载任务2]       线程 9/489 开始下载 (80.00 MB-90.00 MB)
2026-01-16 11:42:59 - app - INFO - [下载任务2]       线程 6/489 完成 (10.00 MB)
2026-01-16 11:42:59 - app - INFO - [下载任务2]       线程 10/489 开始下载 (90.00 MB-100.00 MB)
2026-01-16 11:43:04 - app - INFO - [下载任务2]       线程 8/489 失败: 状态码: 403
2026-01-16 11:43:04 - app - INFO - [下载任务2]       线程 11/489 开始下载 (100.00 MB-110.00 MB)
2026-01-16 11:43:04 - app - INFO - [下载任务2]       线程 7/489 失败: 状态码: 403
2026-01-16 11:43:04 - app - INFO - [下载任务2]       线程 12/489 开始下载 (110.00 MB-120.00 MB)
2026-01-16 11:43:04 - app - INFO - [下载任务2]       线程 10/489 失败，重试 1/3
2026-01-16 11:43:04 - app - INFO - [下载任务2]       线程 9/489 失败，重试 1/3
2026-01-16 11:43:04 - app - INFO - [下载任务2]       线程 11/489 失败，重试 1/3
2026-01-16 11:43:04 - app - INFO - [下载任务2]       线程 12/489 失败，重试 1/3
2026-01-16 11:43:09 - app - INFO - [下载任务2]       线程 9/489 开始下载 (80.00 MB-90.00 MB)
2026-01-16 11:43:09 - app - INFO - [下载任务2]       线程 10/489 开始下载 (90.00 MB-100.00 MB)
2026-01-16 11:43:09 - app - INFO - [下载任务2]       线程 11/489 开始下载 (100.00 MB-110.00 MB)
2026-01-16 11:43:09 - app - INFO - [下载任务2]       线程 12/489 开始下载 (110.00 MB-120.00 MB)
2026-01-16 11:43:15 - app - INFO - [下载任务2]       线程 9/489 失败，重试 2/3
2026-01-16 11:43:15 - app - INFO - [下载任务2]       线程 10/489 失败，重试 2/3
2026-01-16 11:43:15 - app - INFO - [下载任务2]       线程 11/489 失败，重试 2/3
2026-01-16 11:43:15 - app - INFO - [下载任务2]       线程 12/489 失败，重试 2/3
2026-01-16 11:43:20 - app - INFO - [下载任务2]       线程 9/489 开始下载 (80.00 MB-90.00 MB)
2026-01-16 11:43:20 - app - INFO - [下载任务2]       线程 10/489 开始下载 (90.00 MB-100.00 MB)
2026-01-16 11:43:20 - app - INFO - [下载任务2]       线程 12/489 开始下载 (110.00 MB-120.00 MB)
2026-01-16 11:43:20 - app - INFO - [下载任务2]       线程 11/489 开始下载 (100.00 MB-110.00 MB)
2026-01-16 11:43:26 - app - INFO - [下载任务2]       线程 9/489 失败，重试 3/3
2026-01-16 11:43:26 - app - INFO - [下载任务2]       线程 10/489 失败，重试 3/3
2026-01-16 11:43:26 - app - INFO - [下载任务2]       线程 12/489 失败，重试 3/3
2026-01-16 11:43:26 - app - INFO - [下载任务2]       线程 11/489 失败，重试 3/3
2026-01-16 11:43:31 - app - INFO - [下载任务2]       线程 9/489 开始下载 (80.00 MB-90.00 MB)
2026-01-16 11:43:31 - app - INFO - [下载任务2]       线程 10/489 开始下载 (90.00 MB-100.00 MB)
2026-01-16 11:43:31 - app - INFO - [下载任务2]       线程 11/489 开始下载 (100.00 MB-110.00 MB)
2026-01-16 11:43:31 - app - INFO - [下载任务2]       线程 12/489 开始下载 (110.00 MB-120.00 MB)
2026-01-16 11:43:37 - app - INFO - [下载任务2]       线程 9/489 失败: 状态码: 403
2026-01-16 11:43:37 - app - INFO - [下载任务2]       线程 13/489 开始下载 (120.00 MB-130.00 MB)
2026-01-16 11:43:37 - app - INFO - [下载任务2]       线程 10/489 失败: 状态码: 403
2026-01-16 11:43:37 - app - INFO - [下载任务2]       线程 11/489 失败: 状态码: 403
2026-01-16 11:43:37 - app - INFO - [下载任务2]       线程 14/489 开始下载 (130.00 MB-140.00 MB)
2026-01-16 11:43:37 - app - INFO - [下载任务2]       线程 15/489 开始下载 (140.00 MB-150.00 MB)
2026-01-16 11:43:37 - app - INFO - [下载任务2]       线程 12/489 失败: 状态码: 403
2026-01-16 11:43:37 - app - INFO - [下载任务2]       线程 16/489 开始下载 (150.00 MB-160.00 MB)
2026-01-16 11:43:37 - app - INFO - [下载任务2]       线程 13/489 失败，重试 1/3
2026-01-16 11:43:37 - app - INFO - [下载任务2]       线程 14/489 失败，重试 1/3
2026-01-16 11:43:37 - app - INFO - [下载任务2]       线程 15/489 失败，重试 1/3
2026-01-16 11:43:37 - app - INFO - [下载任务2]       线程 16/489 失败，重试 1/3
2026-01-16 11:43:42 - app - INFO - [下载任务2]       线程 13/489 开始下载 (120.00 MB-130.00 MB)
2026-01-16 11:43:42 - app - INFO - [下载任务2]       线程 14/489 开始下载 (130.00 MB-140.00 MB)
2026-01-16 11:43:42 - app - INFO - [下载任务2]       线程 15/489 开始下载 (140.00 MB-150.00 MB)
2026-01-16 11:43:42 - app - INFO - [下载任务2]       线程 16/489 开始下载 (150.00 MB-160.00 MB)
2026-01-16 11:43:48 - app - INFO - [下载任务2]       线程 13/489 失败，重试 2/3
2026-01-16 11:43:48 - app - INFO - [下载任务2]       线程 15/489 失败，重试 2/3
2026-01-16 11:43:48 - app - INFO - [下载任务2]       线程 14/489 失败，重试 2/3
2026-01-16 11:43:48 - app - INFO - [下载任务2]       线程 16/489 失败，重试 2/3
2026-01-16 11:43:53 - app - INFO - [下载任务2]       线程 14/489 开始下载 (130.00 MB-140.00 MB)
2026-01-16 11:43:53 - app - INFO - [下载任务2]       线程 15/489 开始下载 (140.00 MB-150.00 MB)
2026-01-16 11:43:53 - app - INFO - [下载任务2]       线程 13/489 开始下载 (120.00 MB-130.00 MB)
2026-01-16 11:43:53 - app - INFO - [下载任务2]       线程 16/489 开始下载 (150.00 MB-160.00 MB)
2026-01-16 11:43:59 - app - INFO - [下载任务2]       线程 14/489 失败，重试 3/3
2026-01-16 11:43:59 - app - INFO - [下载任务2]       线程 13/489 失败，重试 3/3
2026-01-16 11:43:59 - app - INFO - [下载任务2]       线程 15/489 失败，重试 3/3
2026-01-16 11:43:59 - app - INFO - [下载任务2]       线程 16/489 失败，重试 3/3
2026-01-16 11:44:04 - app - INFO - [下载任务2]       线程 13/489 开始下载 (120.00 MB-130.00 MB)
2026-01-16 11:44:04 - app - INFO - [下载任务2]       线程 14/489 开始下载 (130.00 MB-140.00 MB)
2026-01-16 11:44:04 - app - INFO - [下载任务2]       线程 16/489 开始下载 (150.00 MB-160.00 MB)
2026-01-16 11:44:04 - app - INFO - [下载任务2]       线程 15/489 开始下载 (140.00 MB-150.00 MB)
2026-01-16 11:44:10 - app - INFO - [下载任务2]       线程 13/489 失败: 状态码: 403
2026-01-16 11:44:10 - app - INFO - [下载任务2]       线程 17/489 开始下载 (160.00 MB-170.00 MB)
2026-01-16 11:44:10 - app - INFO - [下载任务2]       线程 16/489 失败: 状态码: 403
2026-01-16 11:44:10 - app - INFO - [下载任务2]       线程 14/489 失败: 状态码: 403
2026-01-16 11:44:10 - app - INFO - [下载任务2]       线程 18/489 开始下载 (170.00 MB-180.00 MB)
2026-01-16 11:44:10 - app - INFO - [下载任务2]       线程 19/489 开始下载 (180.00 MB-190.00 MB)
2026-01-16 11:44:10 - app - INFO - [下载任务2]       线程 15/489 失败: 状态码: 403
2026-01-16 11:44:10 - app - INFO - [下载任务2]       线程 20/489 开始下载 (190.00 MB-200.00 MB)
2026-01-16 11:44:10 - app - INFO - [下载任务2]       线程 17/489 失败，重试 1/3
2026-01-16 11:44:10 - app - INFO - [下载任务2]       线程 19/489 失败，重试 1/3
2026-01-16 11:44:10 - app - INFO - [下载任务2]       线程 18/489 失败，重试 1/3
2026-01-16 11:44:11 - app - INFO - [下载任务2]       线程 20/489 失败，重试 1/3
2026-01-16 11:44:15 - app - INFO - [下载任务2]       线程 19/489 开始下载 (180.00 MB-190.00 MB)
2026-01-16 11:44:15 - app - INFO - [下载任务2]       线程 17/489 开始下载 (160.00 MB-170.00 MB)
2026-01-16 11:44:15 - app - INFO - [下载任务2]       线程 18/489 开始下载 (170.00 MB-180.00 MB)
2026-01-16 11:44:16 - app - INFO - [下载任务2]       线程 20/489 开始下载 (190.00 MB-200.00 MB)
2026-01-16 11:44:21 - app - INFO - [下载任务2]       线程 19/489 失败，重试 2/3
2026-01-16 11:44:21 - app - INFO - [下载任务2]       线程 17/489 失败，重试 2/3
2026-01-16 11:44:21 - app - INFO - [下载任务2]       线程 18/489 失败，重试 2/3
2026-01-16 11:44:21 - app - INFO - [下载任务2]       线程 20/489 失败，重试 2/3
2026-01-16 11:44:26 - app - INFO - [下载任务2]       线程 19/489 开始下载 (180.00 MB-190.00 MB)
2026-01-16 11:44:26 - app - INFO - [下载任务2]       线程 18/489 开始下载 (170.00 MB-180.00 MB)
2026-01-16 11:44:26 - app - INFO - [下载任务2]       线程 17/489 开始下载 (160.00 MB-170.00 MB)
2026-01-16 11:44:26 - app - INFO - [下载任务2]       线程 20/489 开始下载 (190.00 MB-200.00 MB)
2026-01-16 11:44:32 - app - INFO - [下载任务2]       线程 19/489 失败，重试 3/3
2026-01-16 11:44:32 - app - INFO - [下载任务2]       线程 18/489 失败，重试 3/3
2026-01-16 11:44:32 - app - INFO - [下载任务2]       线程 20/489 失败，重试 3/3
2026-01-16 11:44:32 - app - INFO - [下载任务2]       线程 17/489 失败，重试 3/3
2026-01-16 11:44:37 - app - INFO - [下载任务2]       线程 19/489 开始下载 (180.00 MB-190.00 MB)
2026-01-16 11:44:37 - app - INFO - [下载任务2]       线程 18/489 开始下载 (170.00 MB-180.00 MB)
2026-01-16 11:44:37 - app - INFO - [下载任务2]       线程 20/489 开始下载 (190.00 MB-200.00 MB)
2026-01-16 11:44:37 - app - INFO - [下载任务2]       线程 17/489 开始下载 (160.00 MB-170.00 MB)
2026-01-16 11:44:43 - app - INFO - [下载任务2]       线程 18/489 失败: 状态码: 403
2026-01-16 11:44:43 - app - INFO - [下载任务2]       线程 21/489 开始下载 (200.00 MB-210.00 MB)
2026-01-16 11:44:43 - app - INFO - [下载任务2]       线程 19/489 失败: 状态码: 403
2026-01-16 11:44:43 - app - INFO - [下载任务2]       线程 22/489 开始下载 (210.00 MB-220.00 MB)
2026-01-16 11:44:43 - app - INFO - [下载任务2]       线程 20/489 失败: 状态码: 403
2026-01-16 11:44:43 - app - INFO - [下载任务2]       线程 17/489 失败: 状态码: 403
2026-01-16 11:44:43 - app - INFO - [下载任务2]       线程 23/489 开始下载 (220.00 MB-230.00 MB)
2026-01-16 11:44:43 - app - INFO - [下载任务2]       线程 24/489 开始下载 (230.00 MB-240.00 MB)
2026-01-16 11:44:43 - app - INFO - [下载任务2]       线程 21/489 失败，重试 1/3
2026-01-16 11:44:44 - app - INFO - [下载任务2]       线程 22/489 失败，重试 1/3
2026-01-16 11:44:44 - app - INFO - [下载任务2]       线程 23/489 失败，重试 1/3
2026-01-16 11:44:44 - app - INFO - [下载任务2]       线程 24/489 失败，重试 1/3
2026-01-16 11:44:48 - app - INFO - [下载任务2]       线程 21/489 开始下载 (200.00 MB-210.00 MB)
2026-01-16 11:44:49 - app - INFO - [下载任务2]       线程 22/489 开始下载 (210.00 MB-220.00 MB)
2026-01-16 11:44:49 - app - INFO - [下载任务2]       线程 23/489 开始下载 (220.00 MB-230.00 MB)
2026-01-16 11:44:49 - app - INFO - [下载任务2]       线程 24/489 开始下载 (230.00 MB-240.00 MB)
2026-01-16 11:44:54 - app - INFO - [下载任务2]       线程 21/489 失败，重试 2/3
2026-01-16 11:44:54 - app - INFO - [下载任务2]       线程 22/489 失败，重试 2/3
2026-01-16 11:44:54 - app - INFO - [下载任务2]       线程 23/489 失败，重试 2/3
2026-01-16 11:44:54 - app - INFO - [下载任务2]       线程 24/489 失败，重试 2/3
2026-01-16 11:44:59 - app - INFO - [下载任务2]       线程 22/489 开始下载 (210.00 MB-220.00 MB)
2026-01-16 11:44:59 - app - INFO - [下载任务2]       线程 21/489 开始下载 (200.00 MB-210.00 MB)
2026-01-16 11:44:59 - app - INFO - [下载任务2]       线程 23/489 开始下载 (220.00 MB-230.00 MB)
2026-01-16 11:44:59 - app - INFO - [下载任务2]       线程 24/489 开始下载 (230.00 MB-240.00 MB)
2026-01-16 11:45:05 - app - INFO - [下载任务2]       线程 22/489 失败，重试 3/3
2026-01-16 11:45:05 - app - INFO - [下载任务2]       线程 21/489 失败，重试 3/3
2026-01-16 11:45:05 - app - INFO - [下载任务2]       线程 24/489 失败，重试 3/3
2026-01-16 11:45:05 - app - INFO - [下载任务2]       线程 23/489 失败，重试 3/3
2026-01-16 11:45:10 - app - INFO - [下载任务2]       线程 22/489 开始下载 (210.00 MB-220.00 MB)
2026-01-16 11:45:10 - app - INFO - [下载任务2]       线程 21/489 开始下载 (200.00 MB-210.00 MB)
2026-01-16 11:45:10 - app - INFO - [下载任务2]       线程 24/489 开始下载 (230.00 MB-240.00 MB)
2026-01-16 11:45:10 - app - INFO - [下载任务2]       线程 23/489 开始下载 (220.00 MB-230.00 MB)
2026-01-16 11:45:16 - app - INFO - [下载任务2]       线程 22/489 失败: 状态码: 403
2026-01-16 11:45:16 - app - INFO - [下载任务2]       线程 25/489 开始下载 (240.00 MB-250.00 MB)
2026-01-16 11:45:16 - app - INFO - [下载任务2]       线程 24/489 失败: 状态码: 403
2026-01-16 11:45:16 - app - INFO - [下载任务2]       线程 26/489 开始下载 (250.00 MB-260.00 MB)
2026-01-16 11:45:16 - app - INFO - [下载任务2]       线程 21/489 失败: 状态码: 403
2026-01-16 11:45:16 - app - INFO - [下载任务2]       线程 23/489 失败: 状态码: 403
2026-01-16 11:45:16 - app - INFO - [下载任务2]       线程 27/489 开始下载 (260.00 MB-270.00 MB)
2026-01-16 11:45:16 - app - INFO - [下载任务2]       线程 28/489 开始下载 (270.00 MB-280.00 MB)
2026-01-16 11:45:17 - app - INFO - [下载任务2]       线程 25/489 失败，重试 1/3
2026-01-16 11:45:17 - app - INFO - [下载任务2]       线程 26/489 失败，重试 1/3
2026-01-16 11:45:17 - app - INFO - [下载任务2]       线程 27/489 失败，重试 1/3
2026-01-16 11:45:17 - app - INFO - [下载任务2]       线程 28/489 失败，重试 1/3
2026-01-16 11:45:22 - app - INFO - [下载任务2]       线程 26/489 开始下载 (250.00 MB-260.00 MB)
2026-01-16 11:45:22 - app - INFO - [下载任务2]       线程 25/489 开始下载 (240.00 MB-250.00 MB)
2026-01-16 11:45:22 - app - INFO - [下载任务2]       线程 28/489 开始下载 (270.00 MB-280.00 MB)
2026-01-16 11:45:22 - app - INFO - [下载任务2]       线程 27/489 开始下载 (260.00 MB-270.00 MB)
2026-01-16 11:45:28 - app - INFO - [下载任务2]       线程 26/489 失败，重试 2/3
2026-01-16 11:45:28 - app - INFO - [下载任务2]       线程 28/489 失败，重试 2/3
2026-01-16 11:45:28 - app - INFO - [下载任务2]       线程 27/489 失败，重试 2/3
2026-01-16 11:45:28 - app - INFO - [下载任务2]       线程 25/489 失败，重试 2/3
2026-01-16 11:45:33 - app - INFO - [下载任务2]       线程 28/489 开始下载 (270.00 MB-280.00 MB)
2026-01-16 11:45:33 - app - INFO - [下载任务2]       线程 26/489 开始下载 (250.00 MB-260.00 MB)
2026-01-16 11:45:33 - app - INFO - [下载任务2]       线程 27/489 开始下载 (260.00 MB-270.00 MB)
2026-01-16 11:45:33 - app - INFO - [下载任务2]       线程 25/489 开始下载 (240.00 MB-250.00 MB)
2026-01-16 11:45:39 - app - INFO - [下载任务2]       线程 27/489 失败，重试 3/3
2026-01-16 11:45:39 - app - INFO - [下载任务2]       线程 28/489 失败，重试 3/3
2026-01-16 11:45:39 - app - INFO - [下载任务2]       线程 26/489 失败，重试 3/3
2026-01-16 11:45:39 - app - INFO - [下载任务2]       线程 25/489 失败，重试 3/3
2026-01-16 11:45:44 - app - INFO - [下载任务2]       线程 28/489 开始下载 (270.00 MB-280.00 MB)
2026-01-16 11:45:44 - app - INFO - [下载任务2]       线程 26/489 开始下载 (250.00 MB-260.00 MB)
2026-01-16 11:45:44 - app - INFO - [下载任务2]       线程 27/489 开始下载 (260.00 MB-270.00 MB)
2026-01-16 11:45:44 - app - INFO - [下载任务2]       线程 25/489 开始下载 (240.00 MB-250.00 MB)
2026-01-16 11:45:50 - app - INFO - [下载任务2]       线程 28/489 失败: 状态码: 403
2026-01-16 11:45:50 - app - INFO - [下载任务2]       线程 29/489 开始下载 (280.00 MB-290.00 MB)
2026-01-16 11:45:50 - app - INFO - [下载任务2]       线程 27/489 失败: 状态码: 403
2026-01-16 11:45:50 - app - INFO - [下载任务2]       线程 26/489 失败: 状态码: 403
2026-01-16 11:45:50 - app - INFO - [下载任务2]       线程 30/489 开始下载 (290.00 MB-300.00 MB)
2026-01-16 11:45:50 - app - INFO - [下载任务2]       线程 25/489 失败: 状态码: 403
2026-01-16 11:45:50 - app - INFO - [下载任务2]       线程 31/489 开始下载 (300.00 MB-310.00 MB)
2026-01-16 11:45:50 - app - INFO - [下载任务2]       线程 32/489 开始下载 (310.00 MB-320.00 MB)
2026-01-16 11:45:50 - app - INFO - [下载任务2]       线程 29/489 失败，重试 1/3
2026-01-16 11:45:50 - app - INFO - [下载任务2]       线程 30/489 失败，重试 1/3
2026-01-16 11:45:50 - app - INFO - [下载任务2]       线程 31/489 失败，重试 1/3
2026-01-16 11:45:50 - app - INFO - [下载任务2]       线程 32/489 失败，重试 1/3
2026-01-16 11:45:55 - app - INFO - [下载任务2]       线程 29/489 开始下载 (280.00 MB-290.00 MB)
2026-01-16 11:45:55 - app - INFO - [下载任务2]       线程 30/489 开始下载 (290.00 MB-300.00 MB)
2026-01-16 11:45:55 - app - INFO - [下载任务2]       线程 31/489 开始下载 (300.00 MB-310.00 MB)
2026-01-16 11:45:55 - app - INFO - [下载任务2]       线程 32/489 开始下载 (310.00 MB-320.00 MB)
2026-01-16 11:46:01 - app - INFO - [下载任务2]       线程 29/489 失败，重试 2/3
2026-01-16 11:46:01 - app - INFO - [下载任务2]       线程 31/489 失败，重试 2/3
2026-01-16 11:46:01 - app - INFO - [下载任务2]       线程 32/489 失败，重试 2/3
2026-01-16 11:46:01 - app - INFO - [下载任务2]       线程 30/489 失败，重试 2/3
2026-01-16 11:46:06 - app - INFO - [下载任务2]       线程 29/489 开始下载 (280.00 MB-290.00 MB)
2026-01-16 11:46:06 - app - INFO - [下载任务2]       线程 31/489 开始下载 (300.00 MB-310.00 MB)
2026-01-16 11:46:06 - app - INFO - [下载任务2]       线程 32/489 开始下载 (310.00 MB-320.00 MB)
2026-01-16 11:46:06 - app - INFO - [下载任务2]       线程 30/489 开始下载 (290.00 MB-300.00 MB)
2026-01-16 11:46:12 - app - INFO - [下载任务2]       线程 29/489 失败，重试 3/3
2026-01-16 11:46:12 - app - INFO - [下载任务2]       线程 30/489 失败，重试 3/3
2026-01-16 11:46:12 - app - INFO - [下载任务2]       线程 31/489 失败，重试 3/3
2026-01-16 11:46:12 - app - INFO - [下载任务2]       线程 32/489 失败，重试 3/3
2026-01-16 11:46:17 - app - INFO - [下载任务2]       线程 29/489 开始下载 (280.00 MB-290.00 MB)
2026-01-16 11:46:17 - app - INFO - [下载任务2]       线程 31/489 开始下载 (300.00 MB-310.00 MB)
2026-01-16 11:46:17 - app - INFO - [下载任务2]       线程 30/489 开始下载 (290.00 MB-300.00 MB)
2026-01-16 11:46:17 - app - INFO - [下载任务2]       线程 32/489 开始下载 (310.00 MB-320.00 MB)
2026-01-16 11:46:23 - app - INFO - [下载任务2]       线程 29/489 失败: 状态码: 403
2026-01-16 11:46:23 - app - INFO - [下载任务2]       线程 33/489 开始下载 (320.00 MB-330.00 MB)
2026-01-16 11:46:23 - app - INFO - [下载任务2]       线程 31/489 失败: 状态码: 403
2026-01-16 11:46:23 - app - INFO - [下载任务2]       线程 30/489 失败: 状态码: 403
2026-01-16 11:46:23 - app - INFO - [下载任务2]       线程 34/489 开始下载 (330.00 MB-340.00 MB)
2026-01-16 11:46:23 - app - INFO - [下载任务2]       线程 35/489 开始下载 (340.00 MB-350.00 MB)
2026-01-16 11:46:23 - app - INFO - [下载任务2]       线程 32/489 失败: 状态码: 403
2026-01-16 11:46:23 - app - INFO - [下载任务2]       线程 36/489 开始下载 (350.00 MB-360.00 MB)
2026-01-16 11:46:23 - app - INFO - [下载任务2]       线程 33/489 失败，重试 1/3
2026-01-16 11:46:23 - app - INFO - [下载任务2]       线程 35/489 失败，重试 1/3
2026-01-16 11:46:23 - app - INFO - [下载任务2]       线程 34/489 失败，重试 1/3
2026-01-16 11:46:23 - app - INFO - [下载任务2]       线程 36/489 失败，重试 1/3
2026-01-16 11:46:28 - app - INFO - [下载任务2]       线程 33/489 开始下载 (320.00 MB-330.00 MB)
2026-01-16 11:46:28 - app - INFO - [下载任务2]       线程 35/489 开始下载 (340.00 MB-350.00 MB)
2026-01-16 11:46:28 - app - INFO - [下载任务2]       线程 34/489 开始下载 (330.00 MB-340.00 MB)
2026-01-16 11:46:28 - app - INFO - [下载任务2]       线程 36/489 开始下载 (350.00 MB-360.00 MB)
2026-01-16 11:46:34 - app - INFO - [下载任务2]       线程 33/489 失败，重试 2/3
2026-01-16 11:46:34 - app - INFO - [下载任务2]       线程 34/489 失败，重试 2/3
2026-01-16 11:46:34 - app - INFO - [下载任务2]       线程 36/489 失败，重试 2/3
2026-01-16 11:46:34 - app - INFO - [下载任务2]       线程 35/489 失败，重试 2/3
2026-01-16 11:46:39 - app - INFO - [下载任务2]       线程 33/489 开始下载 (320.00 MB-330.00 MB)
2026-01-16 11:46:39 - app - INFO - [下载任务2]       线程 35/489 开始下载 (340.00 MB-350.00 MB)
2026-01-16 11:46:39 - app - INFO - [下载任务2]       线程 34/489 开始下载 (330.00 MB-340.00 MB)
2026-01-16 11:46:39 - app - INFO - [下载任务2]       线程 36/489 开始下载 (350.00 MB-360.00 MB)
2026-01-16 11:46:45 - app - INFO - [下载任务2]       线程 33/489 失败，重试 3/3
2026-01-16 11:46:45 - app - INFO - [下载任务2]       线程 35/489 失败，重试 3/3
2026-01-16 11:46:45 - app - INFO - [下载任务2]       线程 34/489 失败，重试 3/3
2026-01-16 11:46:45 - app - INFO - [下载任务2]       线程 36/489 失败，重试 3/3
2026-01-16 11:46:58 - app - INFO - 许可证管理器初始化完成,服务器: http://license.22l2.com
2026-01-16 11:46:58 - app - INFO - 初始化许可证管理器...
2026-01-16 11:47:00 - app - INFO - 解密密钥设置成功
2026-01-16 11:47:00 - app - INFO - 解密密钥获取成功
2026-01-16 11:47:00 - app - INFO - 解密密钥获取成功，配置已就绪
2026-01-16 11:47:00 - app - INFO - 配置解密成功
2026-01-16 11:47:00 - app - INFO - 夸克API配置加载成功
2026-01-16 11:47:00 - app - INFO - 夸克API配置加载完成
2026-01-16 11:47:00 - app - INFO - 检查数据库...
2026-01-16 11:47:00 - app - INFO - 数据库检查完成
2026-01-16 11:47:00 - app - INFO - 检查数据库迁移...
2026-01-16 11:47:00 - app - INFO - 数据库迁移检查完成
2026-01-16 11:47:00 - app - INFO - 清理异常中断的任务状态...
2026-01-16 11:47:00 - app - INFO - 已清理 1 个异常中断的任务
2026-01-16 11:47:00 - app - INFO - 升级管理器初始化完成
2026-01-16 11:47:00 - app - INFO - Flask应用创建成功
2026-01-16 11:47:00 - app - INFO - 静态文件目录: C:\Data\夸克转存\client\frontend
2026-01-16 11:47:00 - app - INFO - 启动任务调度服务...
2026-01-16 11:47:00 - app - INFO - 检查被中断的影视下载任务...
2026-01-16 11:47:00 - app - INFO - 没有需要恢复的影视下载任务
2026-01-16 11:47:00 - app - INFO - 账期生成循环已启动
2026-01-16 11:47:00 - app - INFO - 账期生成线程已启动
2026-01-16 11:47:00 - app - INFO - 开始生成 2026-01-16 的任务账期
2026-01-16 11:47:00 - app - INFO - 任务执行循环已启动
2026-01-16 11:47:00 - app - INFO - 任务执行线程已启动
2026-01-16 11:47:00 - app - INFO - 日志清理循环已启动
2026-01-16 11:47:00 - app - INFO - 日志清理线程已启动
2026-01-16 11:47:00 - app - INFO - 下次日志清理时间: 2026-01-17 02:00:00
2026-01-16 11:47:00 - app - INFO - 启动Flask服务: http://0.0.0.0:8520
2026-01-16 11:47:00 - app - INFO - 跳过一次性执行任务: 测试
2026-01-16 11:47:00 - app - INFO - 跳过一次性执行任务: 测试谢谢谢谢
2026-01-16 11:47:00 - app - INFO - 跳过一次性执行任务: 测试189
2026-01-16 11:47:00 - app - INFO - 跳过一次性执行任务: 小城大事
2026-01-16 11:47:00 - app - INFO - ✅ 生成完成，共创建 0 条待执行记录
2026-01-16 11:47:00 - app - INFO - 下次生成账期时间: 2026-01-17 00:00:00, 等待 43980 秒
2026-01-16 11:47:13 - app - INFO - 许可证管理器初始化完成,服务器: http://license.22l2.com
2026-01-16 11:47:13 - app - INFO - 初始化许可证管理器...
2026-01-16 11:47:14 - app - INFO - 解密密钥设置成功
2026-01-16 11:47:14 - app - INFO - 解密密钥获取成功
2026-01-16 11:47:14 - app - INFO - 解密密钥获取成功，配置已就绪
2026-01-16 11:47:14 - app - INFO - 配置解密成功
2026-01-16 11:47:14 - app - INFO - 夸克API配置加载成功
2026-01-16 11:47:14 - app - INFO - 夸克API配置加载完成
2026-01-16 11:47:14 - app - INFO - 检查数据库...
2026-01-16 11:47:14 - app - INFO - 数据库检查完成
2026-01-16 11:47:14 - app - INFO - 检查数据库迁移...
2026-01-16 11:47:14 - app - INFO - 数据库迁移检查完成
2026-01-16 11:47:14 - app - INFO - 清理异常中断的任务状态...
2026-01-16 11:47:14 - app - INFO - 升级管理器初始化完成
2026-01-16 11:47:14 - app - INFO - Flask应用创建成功
2026-01-16 11:47:14 - app - INFO - 静态文件目录: C:\Data\夸克转存\client\frontend
2026-01-16 11:47:14 - app - INFO - 启动任务调度服务...
2026-01-16 11:47:14 - app - INFO - 检查被中断的影视下载任务...
2026-01-16 11:47:14 - app - INFO - 没有需要恢复的影视下载任务
2026-01-16 11:47:14 - app - INFO - 账期生成循环已启动
2026-01-16 11:47:14 - app - INFO - 账期生成线程已启动
2026-01-16 11:47:14 - app - INFO - 开始生成 2026-01-16 的任务账期
2026-01-16 11:47:14 - app - INFO - 任务执行循环已启动
2026-01-16 11:47:14 - app - INFO - 任务执行线程已启动
2026-01-16 11:47:14 - app - INFO - 日志清理循环已启动
2026-01-16 11:47:14 - app - INFO - 日志清理线程已启动
2026-01-16 11:47:14 - app - INFO - 下次日志清理时间: 2026-01-17 02:00:00
2026-01-16 11:47:14 - app - INFO - 跳过一次性执行任务: 测试
2026-01-16 11:47:14 - app - INFO - 启动Flask服务: http://0.0.0.0:8520
2026-01-16 11:47:14 - app - INFO - 跳过一次性执行任务: 测试谢谢谢谢
2026-01-16 11:47:14 - app - INFO - 跳过一次性执行任务: 测试189
2026-01-16 11:47:14 - app - INFO - 跳过一次性执行任务: 小城大事
2026-01-16 11:47:14 - app - INFO - ✅ 生成完成，共创建 0 条待执行记录
2026-01-16 11:47:14 - app - INFO - 下次生成账期时间: 2026-01-17 00:00:00, 等待 43965 秒
2026-01-16 11:50:01 - app - INFO - 检查登录状态, session内容: {'_permanent': True, 'user_id': 1, 'username': 'admin'}, cookies: ImmutableMultiDict([('session', 'eyJfcGVybWFuZW50Ijp0cnVlLCJ1c2VyX2lkIjoxLCJ1c2VybmFtZSI6ImFkbWluIn0.aWm1aQ.jAV8hEkFMOzaKXof67sKYJjh5ok')])
2026-01-16 11:50:01 - app - INFO - 检查登录状态, session内容: {'_permanent': True, 'user_id': 1, 'username': 'admin'}, cookies: ImmutableMultiDict([('session', 'eyJfcGVybWFuZW50Ijp0cnVlLCJ1c2VyX2lkIjoxLCJ1c2VybmFtZSI6ImFkbWluIn0.aWm1aQ.jAV8hEkFMOzaKXof67sKYJjh5ok')])
2026-01-16 11:50:04 - app - INFO - 检查更新: 当前版本 2.1.4
2026-01-16 11:50:13 - app - INFO - 检查更新成功: {'has_update': False, 'message': '当前已是最新版本'}
2026-01-16 11:51:17 - app - INFO - 准备重做任务: 测试189 (download)
2026-01-16 11:51:17 - app - INFO - 已删除任务 测试189 的历史记录
2026-01-16 11:51:17 - app - INFO - 已清除下载任务 2 的状态
2026-01-16 11:51:17 - app - INFO - [TaskExecutor] start_task 被调用: task_id=2, execution_id=None, schedule_period=None
2026-01-16 11:51:17 - app - INFO - [TaskExecutor] 任务 2 状态已初始化到 _running_tasks
2026-01-16 11:51:17 - app - INFO - [TaskExecutor] _execute_task 线程开始执行: task_id=2
2026-01-16 11:51:17 - app - INFO - [TaskExecutor] 任务 2 执行线程已启动
2026-01-16 11:51:17 - app - INFO - [TaskExecutor] 从_running_tasks获取: execution_id=None, schedule_period=None
2026-01-16 11:51:17 - app - INFO - [TaskExecutor] 开始获取任务信息: task_id=2
2026-01-16 11:51:17 - app - INFO - [TaskExecutor] 任务信息获取成功: 测试189
2026-01-16 11:51:17 - app - INFO - [TaskExecutor] 开始创建执行历史记录
2026-01-16 11:51:17 - app - INFO - [TaskExecutor] 执行历史记录创建成功: execution_id=40
2026-01-16 11:51:17 - app - INFO - [TaskExecutor] execution_id已更新到_running_tasks
2026-01-16 11:51:17 - app - INFO - [TaskExecutor] 开始记录日志
2026-01-16 11:51:17 - app - INFO - [下载任务2] 任务已启动，正在初始化...
2026-01-16 11:51:17 - app - INFO - [下载任务2] 执行历史记录ID: 40
2026-01-16 11:51:17 - app - INFO - [下载任务2] 开始执行任务: 测试189
2026-01-16 11:51:17 - app - INFO - [下载任务2] 使用账号: 天意
2026-01-16 11:51:17 - app - INFO - [下载任务2] 网盘目录: /测试
2026-01-16 11:51:17 - app - INFO - [下载任务2] 本地目录: C:\Data\下载
2026-01-16 11:51:17 - app - INFO - [下载任务2] 云盘类型: cloud189
2026-01-16 11:51:17 - app - INFO - 已设置 1 个Cookie字段
2026-01-16 11:51:17 - app - INFO - [下载任务2] 正在获取文件列表...
2026-01-16 11:51:17 - app - INFO - [下载任务2] 解析路径: 测试
2026-01-16 11:51:17 - app - INFO - 189获取文件列表请求: folder_id=-11, page=1, size=100
2026-01-16 11:51:18 - app - INFO - 从内存获取实时日志: execution_id=40, 日志数量=9
2026-01-16 11:51:20 - app - INFO - 从内存获取实时日志: execution_id=40, 日志数量=9
2026-01-16 11:51:22 - app - INFO - 从内存获取实时日志: execution_id=40, 日志数量=9
2026-01-16 11:51:24 - app - INFO - 从内存获取实时日志: execution_id=40, 日志数量=9
2026-01-16 11:51:26 - app - INFO - 从内存获取实时日志: execution_id=40, 日志数量=9
2026-01-16 11:51:28 - app - INFO - 从内存获取实时日志: execution_id=40, 日志数量=9
2026-01-16 11:51:28 - app - INFO - 189文件列表响应状态码: 200
2026-01-16 11:51:28 - app - INFO - 189文件列表获取成功: 文件夹11个, 文件2个
2026-01-16 11:51:28 - app - INFO - [下载任务2] 开始递归扫描文件...
2026-01-16 11:51:28 - app - INFO - 189获取文件列表请求: folder_id=323911228907722297, page=1, size=100
2026-01-16 11:51:29 - app - INFO - 189文件列表响应状态码: 200
2026-01-16 11:51:29 - app - INFO - 189文件列表获取成功: 文件夹1个, 文件0个
2026-01-16 11:51:29 - app - INFO - [下载任务2] 正在扫描文件夹: 123
2026-01-16 11:51:29 - app - INFO - 189获取文件列表请求: folder_id=223151229822520199, page=1, size=100
2026-01-16 11:51:29 - app - INFO - 189文件列表响应状态码: 200
2026-01-16 11:51:29 - app - INFO - 189文件列表获取成功: 文件夹1个, 文件1个
2026-01-16 11:51:29 - app - INFO - [下载任务2] 正在扫描文件夹: 123/Season 1
2026-01-16 11:51:29 - app - INFO - 189获取文件列表请求: folder_id=923263229867776282, page=1, size=100
2026-01-16 11:51:29 - app - INFO - 189文件列表响应状态码: 200
2026-01-16 11:51:29 - app - INFO - 189文件列表获取成功: 文件夹0个, 文件1个
2026-01-16 11:51:29 - app - INFO - [下载任务2] 递归扫描完成，共找到 2 个文件
2026-01-16 11:51:29 - app - INFO - [下载任务2] 准备下载 2 个文件
2026-01-16 11:51:29 - app - INFO - [下载任务2] [1/2] 正在下载: 123/Season 1/Delinquent.to.Doctor.S01E01.S01E01.2026.1080p.friDay.WEB-DL.H264.AAC.mkv (4883.65 MB)
2026-01-16 11:51:29 - app - INFO - 189下载链接响应: status=400
2026-01-16 11:51:29 - app - INFO - 文件 623263229867776285 太大,尝试使用备用API...
2026-01-16 11:51:29 - app - INFO - 189备用API响应: status=200
2026-01-16 11:51:29 - app - INFO - 189备用API结果: {'res_code': 0, 'res_message': '成功', 'normal': {'code': 1, 'message': 'normal', 'url': 'https://download.cloud.189.cn/file/downloadFile.action?dt=51&expired=1768547534059&play=1&sk=a71a498c-3f26-4370-ba80-5dc88c74c675&ufi=623263229867776285&zyc=180&token=cloud16&sig=wnHXZ7kLwSDtktmRcYOhOluiShU%3D', 'videoKbps': 0}}
2026-01-16 11:51:29 - app - INFO - 使用备用API成功获取文件 623263229867776285 的下载链接
2026-01-16 11:51:29 - app - INFO - [下载任务2] [调试] 多线程配置: enable=True, threshold=50MB
2026-01-16 11:51:29 - app - INFO - [下载任务2] [1/2] 文件大小 4883.65MB >= 50MB，使用多线程下载
2026-01-16 11:51:29 - app - INFO - [下载任务2] 🚀 使用多线程下载: Delinquent.to.Doctor.S01E01.S01E01.2026.1080p.friDay.WEB-DL.H264.AAC.mkv (4.77 GB)
2026-01-16 11:51:29 - app - INFO - [下载任务2]    配置: 4 个线程，每块 10.00 MB
2026-01-16 11:51:29 - app - INFO - [下载任务2]    分块数量: 489
2026-01-16 11:51:29 - app - INFO - [下载任务2]       线程 1/489 开始下载 (0.00 B-10.00 MB)
2026-01-16 11:51:29 - app - INFO - [下载任务2]       线程 2/489 开始下载 (10.00 MB-20.00 MB)
2026-01-16 11:51:29 - app - INFO - [下载任务2]       线程 3/489 开始下载 (20.00 MB-30.00 MB)
2026-01-16 11:51:29 - app - INFO - [下载任务2]       线程 4/489 开始下载 (30.00 MB-40.00 MB)
2026-01-16 11:51:30 - app - INFO - 从内存获取实时日志: execution_id=40, 日志数量=24
2026-01-16 11:51:32 - app - INFO - 从内存获取实时日志: execution_id=40, 日志数量=24
2026-01-16 11:51:34 - app - INFO - 从内存获取实时日志: execution_id=40, 日志数量=24
2026-01-16 11:51:36 - app - INFO - 从内存获取实时日志: execution_id=40, 日志数量=24
2026-01-16 11:51:38 - app - INFO - 从内存获取实时日志: execution_id=40, 日志数量=24
2026-01-16 11:51:40 - app - INFO - 从内存获取实时日志: execution_id=40, 日志数量=24
2026-01-16 11:51:42 - app - INFO - 从内存获取实时日志: execution_id=40, 日志数量=24
2026-01-16 11:51:44 - app - INFO - 从内存获取实时日志: execution_id=40, 日志数量=24
2026-01-16 11:51:46 - app - INFO - 从内存获取实时日志: execution_id=40, 日志数量=24
2026-01-16 11:51:48 - app - INFO - 从内存获取实时日志: execution_id=40, 日志数量=24
2026-01-16 11:51:50 - app - INFO - 从内存获取实时日志: execution_id=40, 日志数量=24
2026-01-16 11:51:52 - app - INFO - 从内存获取实时日志: execution_id=40, 日志数量=24
2026-01-16 11:51:54 - app - INFO - 从内存获取实时日志: execution_id=40, 日志数量=24
2026-01-16 11:51:56 - app - INFO - 从内存获取实时日志: execution_id=40, 日志数量=24
2026-01-16 11:51:57 - app - INFO - [下载任务2]       线程 2/489 完成 (10.00 MB)
2026-01-16 11:51:57 - app - INFO - [下载任务2]       线程 5/489 开始下载 (40.00 MB-50.00 MB)
2026-01-16 11:51:58 - app - INFO - 从内存获取实时日志: execution_id=40, 日志数量=26
2026-01-16 11:52:00 - app - INFO - 从内存获取实时日志: execution_id=40, 日志数量=26
2026-01-16 11:52:02 - app - INFO - 从内存获取实时日志: execution_id=40, 日志数量=26
2026-01-16 11:52:04 - app - INFO - 从内存获取实时日志: execution_id=40, 日志数量=26
2026-01-16 11:52:06 - app - INFO - 从内存获取实时日志: execution_id=40, 日志数量=26
2026-01-16 11:52:08 - app - INFO - 从内存获取实时日志: execution_id=40, 日志数量=26
2026-01-16 11:52:10 - app - INFO - 从内存获取实时日志: execution_id=40, 日志数量=26
2026-01-16 11:52:12 - app - INFO - 从内存获取实时日志: execution_id=40, 日志数量=26
2026-01-16 11:52:14 - app - INFO - 从内存获取实时日志: execution_id=40, 日志数量=26
2026-01-16 11:52:16 - app - INFO - 从内存获取实时日志: execution_id=40, 日志数量=26
2026-01-16 11:52:18 - app - INFO - 从内存获取实时日志: execution_id=40, 日志数量=26
2026-01-16 11:52:20 - app - INFO - 从内存获取实时日志: execution_id=40, 日志数量=26
2026-01-16 11:52:22 - app - INFO - 从内存获取实时日志: execution_id=40, 日志数量=26
2026-01-16 11:52:24 - app - INFO - 从内存获取实时日志: execution_id=40, 日志数量=26
2026-01-16 11:52:26 - app - INFO - 从内存获取实时日志: execution_id=40, 日志数量=26
2026-01-16 11:52:28 - app - INFO - 从内存获取实时日志: execution_id=40, 日志数量=26
2026-01-16 11:52:30 - app - INFO - 从内存获取实时日志: execution_id=40, 日志数量=26
2026-01-16 11:52:32 - app - INFO - 从内存获取实时日志: execution_id=40, 日志数量=26
2026-01-16 11:52:34 - app - INFO - 从内存获取实时日志: execution_id=40, 日志数量=26
2026-01-16 11:52:35 - app - INFO - [下载任务2]       线程 4/489 完成 (10.00 MB)
2026-01-16 11:52:35 - app - INFO - [下载任务2]       线程 6/489 开始下载 (50.00 MB-60.00 MB)
2026-01-16 11:52:36 - app - INFO - 从内存获取实时日志: execution_id=40, 日志数量=28
2026-01-16 11:52:38 - app - INFO - 从内存获取实时日志: execution_id=40, 日志数量=28
2026-01-16 11:52:38 - app - INFO - [下载任务2]       线程 5/489 完成 (10.00 MB)
2026-01-16 11:52:38 - app - INFO - [下载任务2]       线程 7/489 开始下载 (60.00 MB-70.00 MB)
2026-01-16 11:52:40 - app - INFO - [下载任务2]       线程 1/489 完成 (10.00 MB)
2026-01-16 11:52:40 - app - INFO - [下载任务2]       线程 8/489 开始下载 (70.00 MB-80.00 MB)
2026-01-16 11:52:40 - app - INFO - 从内存获取实时日志: execution_id=40, 日志数量=32
2026-01-16 11:52:41 - app - INFO - [下载任务2]       线程 3/489 完成 (10.00 MB)
2026-01-16 11:52:41 - app - INFO - [下载任务2]       线程 9/489 开始下载 (80.00 MB-90.00 MB)
2026-01-16 11:52:42 - app - INFO - 从内存获取实时日志: execution_id=40, 日志数量=34
2026-01-16 11:52:44 - app - INFO - 从内存获取实时日志: execution_id=40, 日志数量=34
2026-01-16 11:52:46 - app - INFO - [下载任务2]       线程 7/489 失败，重试 1/3
2026-01-16 11:52:46 - app - INFO - [下载任务2]       线程 8/489 失败，重试 1/3
2026-01-16 11:52:46 - app - INFO - [下载任务2]       线程 9/489 失败，重试 1/3
2026-01-16 11:52:46 - app - INFO - 从内存获取实时日志: execution_id=40, 日志数量=37
2026-01-16 11:52:48 - app - INFO - 从内存获取实时日志: execution_id=40, 日志数量=37
2026-01-16 11:52:51 - app - INFO - [下载任务2]       线程 7/489 开始下载 (60.00 MB-70.00 MB)
2026-01-16 11:52:51 - app - INFO - [下载任务2]       线程 8/489 开始下载 (70.00 MB-80.00 MB)
2026-01-16 11:52:51 - app - INFO - [下载任务2]       线程 9/489 开始下载 (80.00 MB-90.00 MB)
2026-01-16 11:52:55 - app - INFO - [下载任务2]       线程 6/489 完成 (10.00 MB)
2026-01-16 11:52:55 - app - INFO - [下载任务2]       线程 10/489 开始下载 (90.00 MB-100.00 MB)
2026-01-16 11:52:57 - app - INFO - [下载任务2]       线程 8/489 失败，重试 2/3
2026-01-16 11:52:57 - app - INFO - [下载任务2]       线程 7/489 失败，重试 2/3
2026-01-16 11:52:57 - app - INFO - [下载任务2]       线程 9/489 失败，重试 2/3
2026-01-16 11:52:57 - app - INFO - [下载任务2]       线程 10/489 失败，重试 1/3
2026-01-16 11:53:02 - app - INFO - [下载任务2]       线程 7/489 开始下载 (60.00 MB-70.00 MB)
2026-01-16 11:53:02 - app - INFO - [下载任务2]       线程 9/489 开始下载 (80.00 MB-90.00 MB)
2026-01-16 11:53:02 - app - INFO - [下载任务2]       线程 8/489 开始下载 (70.00 MB-80.00 MB)
2026-01-16 11:53:02 - app - INFO - [下载任务2]       线程 10/489 开始下载 (90.00 MB-100.00 MB)
2026-01-16 11:53:08 - app - INFO - [下载任务2]       线程 7/489 失败，重试 3/3
2026-01-16 11:53:08 - app - INFO - [下载任务2]       线程 9/489 失败，重试 3/3
2026-01-16 11:53:08 - app - INFO - [下载任务2]       线程 8/489 失败，重试 3/3
2026-01-16 11:53:08 - app - INFO - [下载任务2]       线程 10/489 失败，重试 2/3
2026-01-16 11:53:08 - app - ERROR - 获取今日统计失败: no such table: daily_usage_stats
2026-01-16 11:53:13 - app - INFO - [下载任务2]       线程 9/489 开始下载 (80.00 MB-90.00 MB)
2026-01-16 11:53:13 - app - INFO - [下载任务2]       线程 7/489 开始下载 (60.00 MB-70.00 MB)
2026-01-16 11:53:13 - app - INFO - [下载任务2]       线程 8/489 开始下载 (70.00 MB-80.00 MB)
2026-01-16 11:53:13 - app - INFO - [下载任务2]       线程 10/489 开始下载 (90.00 MB-100.00 MB)
2026-01-16 11:53:19 - app - INFO - [下载任务2]       线程 7/489 失败: 状态码: 403
2026-01-16 11:53:19 - app - INFO - [下载任务2]       线程 11/489 开始下载 (100.00 MB-110.00 MB)
2026-01-16 11:53:19 - app - INFO - [下载任务2]       线程 9/489 失败: 状态码: 403
2026-01-16 11:53:19 - app - INFO - [下载任务2]       线程 10/489 失败，重试 3/3
2026-01-16 11:53:19 - app - INFO - [下载任务2]       线程 8/489 失败: 状态码: 403
2026-01-16 11:53:19 - app - INFO - [下载任务2]       线程 12/489 开始下载 (110.00 MB-120.00 MB)
2026-01-16 11:53:19 - app - INFO - [下载任务2]       线程 13/489 开始下载 (120.00 MB-130.00 MB)
2026-01-16 11:53:19 - app - INFO - [下载任务2]       线程 11/489 失败，重试 1/3
2026-01-16 11:53:19 - app - INFO - [下载任务2]       线程 12/489 失败，重试 1/3
2026-01-16 11:53:19 - app - INFO - [下载任务2]       线程 13/489 失败，重试 1/3
2026-01-16 11:53:24 - app - INFO - [下载任务2]       线程 10/489 开始下载 (90.00 MB-100.00 MB)
2026-01-16 11:53:24 - app - INFO - [下载任务2]       线程 11/489 开始下载 (100.00 MB-110.00 MB)
2026-01-16 11:53:24 - app - INFO - [下载任务2]       线程 12/489 开始下载 (110.00 MB-120.00 MB)
2026-01-16 11:53:24 - app - INFO - [下载任务2]       线程 13/489 开始下载 (120.00 MB-130.00 MB)
2026-01-16 11:53:30 - app - INFO - [下载任务2]       线程 10/489 失败: 状态码: 403
2026-01-16 11:53:30 - app - INFO - [下载任务2]       线程 14/489 开始下载 (130.00 MB-140.00 MB)
2026-01-16 11:53:30 - app - INFO - [下载任务2]       线程 11/489 失败，重试 2/3
2026-01-16 11:53:30 - app - INFO - [下载任务2]       线程 12/489 失败，重试 2/3
2026-01-16 11:53:30 - app - INFO - [下载任务2]       线程 13/489 失败，重试 2/3
2026-01-16 11:53:30 - app - INFO - [下载任务2]       线程 14/489 失败，重试 1/3
2026-01-16 11:53:35 - app - INFO - [下载任务2]       线程 12/489 开始下载 (110.00 MB-120.00 MB)
2026-01-16 11:53:35 - app - INFO - [下载任务2]       线程 11/489 开始下载 (100.00 MB-110.00 MB)
2026-01-16 11:53:35 - app - INFO - [下载任务2]       线程 13/489 开始下载 (120.00 MB-130.00 MB)
2026-01-16 11:53:35 - app - INFO - [下载任务2]       线程 14/489 开始下载 (130.00 MB-140.00 MB)
2026-01-16 11:53:41 - app - INFO - [下载任务2]       线程 11/489 失败，重试 3/3
2026-01-16 11:53:41 - app - INFO - [下载任务2]       线程 13/489 失败，重试 3/3
2026-01-16 11:53:41 - app - INFO - [下载任务2]       线程 12/489 失败，重试 3/3
2026-01-16 11:53:41 - app - INFO - [下载任务2]       线程 14/489 失败，重试 2/3
2026-01-16 11:53:46 - app - INFO - [下载任务2]       线程 12/489 开始下载 (110.00 MB-120.00 MB)
2026-01-16 11:53:46 - app - INFO - [下载任务2]       线程 13/489 开始下载 (120.00 MB-130.00 MB)
2026-01-16 11:53:46 - app - INFO - [下载任务2]       线程 11/489 开始下载 (100.00 MB-110.00 MB)
2026-01-16 11:53:46 - app - INFO - [下载任务2]       线程 14/489 开始下载 (130.00 MB-140.00 MB)
2026-01-16 11:53:52 - app - INFO - [下载任务2]       线程 13/489 失败: 状态码: 403
2026-01-16 11:53:52 - app - INFO - [下载任务2]       线程 15/489 开始下载 (140.00 MB-150.00 MB)
2026-01-16 11:53:52 - app - INFO - [下载任务2]       线程 12/489 失败: 状态码: 403
2026-01-16 11:53:52 - app - INFO - [下载任务2]       线程 16/489 开始下载 (150.00 MB-160.00 MB)
2026-01-16 11:53:52 - app - INFO - [下载任务2]       线程 11/489 失败: 状态码: 403
2026-01-16 11:53:52 - app - INFO - [下载任务2]       线程 14/489 失败，重试 3/3
2026-01-16 11:53:52 - app - INFO - [下载任务2]       线程 17/489 开始下载 (160.00 MB-170.00 MB)
2026-01-16 11:53:52 - app - INFO - [下载任务2]       线程 15/489 失败，重试 1/3
2026-01-16 11:53:52 - app - INFO - [下载任务2]       线程 16/489 失败，重试 1/3
2026-01-16 11:53:52 - app - INFO - [下载任务2]       线程 17/489 失败，重试 1/3
2026-01-16 11:53:57 - app - INFO - [下载任务2]       线程 14/489 开始下载 (130.00 MB-140.00 MB)
2026-01-16 11:53:57 - app - INFO - [下载任务2]       线程 15/489 开始下载 (140.00 MB-150.00 MB)
2026-01-16 11:53:57 - app - INFO - [下载任务2]       线程 16/489 开始下载 (150.00 MB-160.00 MB)
2026-01-16 11:53:57 - app - INFO - [下载任务2]       线程 17/489 开始下载 (160.00 MB-170.00 MB)
2026-01-16 11:54:03 - app - INFO - [下载任务2]       线程 14/489 失败: 状态码: 403
2026-01-16 11:54:03 - app - INFO - [下载任务2]       线程 18/489 开始下载 (170.00 MB-180.00 MB)
2026-01-16 11:54:03 - app - INFO - [下载任务2]       线程 16/489 失败，重试 2/3
2026-01-16 11:54:03 - app - INFO - [下载任务2]       线程 15/489 失败，重试 2/3
2026-01-16 11:54:03 - app - INFO - [下载任务2]       线程 17/489 失败，重试 2/3
2026-01-16 11:54:03 - app - INFO - [下载任务2]       线程 18/489 失败，重试 1/3
2026-01-16 11:54:08 - app - INFO - [下载任务2]       线程 16/489 开始下载 (150.00 MB-160.00 MB)
2026-01-16 11:54:08 - app - INFO - [下载任务2]       线程 17/489 开始下载 (160.00 MB-170.00 MB)
2026-01-16 11:54:08 - app - INFO - [下载任务2]       线程 15/489 开始下载 (140.00 MB-150.00 MB)
2026-01-16 11:54:08 - app - INFO - [下载任务2]       线程 18/489 开始下载 (170.00 MB-180.00 MB)
2026-01-16 11:54:14 - app - INFO - [下载任务2]       线程 17/489 失败，重试 3/3
2026-01-16 11:54:14 - app - INFO - [下载任务2]       线程 15/489 失败，重试 3/3
2026-01-16 11:54:14 - app - INFO - [下载任务2]       线程 18/489 失败，重试 2/3
2026-01-16 11:54:14 - app - INFO - [下载任务2]       线程 16/489 失败，重试 3/3
2026-01-16 11:54:19 - app - INFO - [下载任务2]       线程 15/489 开始下载 (140.00 MB-150.00 MB)
2026-01-16 11:54:19 - app - INFO - [下载任务2]       线程 17/489 开始下载 (160.00 MB-170.00 MB)
2026-01-16 11:54:19 - app - INFO - [下载任务2]       线程 18/489 开始下载 (170.00 MB-180.00 MB)
2026-01-16 11:54:19 - app - INFO - [下载任务2]       线程 16/489 开始下载 (150.00 MB-160.00 MB)
2026-01-16 11:54:25 - app - INFO - [下载任务2]       线程 15/489 失败: 状态码: 403
2026-01-16 11:54:25 - app - INFO - [下载任务2]       线程 19/489 开始下载 (180.00 MB-190.00 MB)
2026-01-16 11:54:25 - app - INFO - [下载任务2]       线程 16/489 失败: 状态码: 403
2026-01-16 11:54:25 - app - INFO - [下载任务2]       线程 20/489 开始下载 (190.00 MB-200.00 MB)
2026-01-16 11:54:25 - app - INFO - [下载任务2]       线程 17/489 失败: 状态码: 403
2026-01-16 11:54:25 - app - INFO - [下载任务2]       线程 18/489 失败，重试 3/3
2026-01-16 11:54:25 - app - INFO - [下载任务2]       线程 21/489 开始下载 (200.00 MB-210.00 MB)
2026-01-16 11:54:26 - app - INFO - [下载任务2]       线程 19/489 失败，重试 1/3
2026-01-16 11:54:26 - app - INFO - [下载任务2]       线程 21/489 失败，重试 1/3
2026-01-16 11:54:26 - app - INFO - [下载任务2]       线程 20/489 失败，重试 1/3
2026-01-16 11:54:31 - app - INFO - [下载任务2]       线程 18/489 开始下载 (170.00 MB-180.00 MB)
2026-01-16 11:54:31 - app - INFO - [下载任务2]       线程 19/489 开始下载 (180.00 MB-190.00 MB)
2026-01-16 11:54:31 - app - INFO - [下载任务2]       线程 21/489 开始下载 (200.00 MB-210.00 MB)
2026-01-16 11:54:31 - app - INFO - [下载任务2]       线程 20/489 开始下载 (190.00 MB-200.00 MB)
2026-01-16 11:54:37 - app - INFO - [下载任务2]       线程 18/489 失败: 状态码: 403
2026-01-16 11:54:37 - app - INFO - [下载任务2]       线程 22/489 开始下载 (210.00 MB-220.00 MB)
2026-01-16 11:54:37 - app - INFO - [下载任务2]       线程 21/489 失败，重试 2/3
2026-01-16 11:54:37 - app - INFO - [下载任务2]       线程 19/489 失败，重试 2/3
2026-01-16 11:54:37 - app - INFO - [下载任务2]       线程 20/489 失败，重试 2/3
2026-01-16 11:54:37 - app - INFO - [下载任务2]       线程 22/489 失败，重试 1/3
2026-01-16 11:54:42 - app - INFO - [下载任务2]       线程 21/489 开始下载 (200.00 MB-210.00 MB)
2026-01-16 11:54:42 - app - INFO - [下载任务2]       线程 19/489 开始下载 (180.00 MB-190.00 MB)
2026-01-16 11:54:42 - app - INFO - [下载任务2]       线程 20/489 开始下载 (190.00 MB-200.00 MB)
2026-01-16 11:54:42 - app - INFO - [下载任务2]       线程 22/489 开始下载 (210.00 MB-220.00 MB)
2026-01-16 11:54:48 - app - INFO - [下载任务2]       线程 19/489 失败，重试 3/3
2026-01-16 11:54:48 - app - INFO - [下载任务2]       线程 21/489 失败，重试 3/3
2026-01-16 11:54:48 - app - INFO - [下载任务2]       线程 20/489 失败，重试 3/3
2026-01-16 11:54:48 - app - INFO - [下载任务2]       线程 22/489 失败，重试 2/3
2026-01-16 11:54:53 - app - INFO - [下载任务2]       线程 21/489 开始下载 (200.00 MB-210.00 MB)
2026-01-16 11:54:53 - app - INFO - [下载任务2]       线程 20/489 开始下载 (190.00 MB-200.00 MB)
2026-01-16 11:54:53 - app - INFO - [下载任务2]       线程 19/489 开始下载 (180.00 MB-190.00 MB)
2026-01-16 11:54:53 - app - INFO - [下载任务2]       线程 22/489 开始下载 (210.00 MB-220.00 MB)
2026-01-16 11:54:59 - app - INFO - [下载任务2]       线程 21/489 失败: 状态码: 403
2026-01-16 11:54:59 - app - INFO - [下载任务2]       线程 20/489 失败: 状态码: 403
2026-01-16 11:54:59 - app - INFO - [下载任务2]       线程 23/489 开始下载 (220.00 MB-230.00 MB)
2026-01-16 11:54:59 - app - INFO - [下载任务2]       线程 24/489 开始下载 (230.00 MB-240.00 MB)
2026-01-16 11:54:59 - app - INFO - [下载任务2]       线程 22/489 失败，重试 3/3
2026-01-16 11:54:59 - app - INFO - [下载任务2]       线程 19/489 失败: 状态码: 403
2026-01-16 11:54:59 - app - INFO - [下载任务2]       线程 25/489 开始下载 (240.00 MB-250.00 MB)
2026-01-16 11:54:59 - app - INFO - [下载任务2]       线程 23/489 失败，重试 1/3
2026-01-16 11:54:59 - app - INFO - [下载任务2]       线程 24/489 失败，重试 1/3
2026-01-16 11:54:59 - app - INFO - [下载任务2]       线程 25/489 失败，重试 1/3
2026-01-16 11:55:04 - app - INFO - [下载任务2]       线程 22/489 开始下载 (210.00 MB-220.00 MB)
2026-01-16 11:55:04 - app - INFO - [下载任务2]       线程 24/489 开始下载 (230.00 MB-240.00 MB)
2026-01-16 11:55:04 - app - INFO - [下载任务2]       线程 23/489 开始下载 (220.00 MB-230.00 MB)
2026-01-16 11:55:04 - app - INFO - [下载任务2]       线程 25/489 开始下载 (240.00 MB-250.00 MB)
2026-01-16 11:55:10 - app - INFO - [下载任务2]       线程 22/489 失败: 状态码: 403
2026-01-16 11:55:10 - app - INFO - [下载任务2]       线程 26/489 开始下载 (250.00 MB-260.00 MB)
2026-01-16 11:55:10 - app - INFO - [下载任务2]       线程 23/489 失败，重试 2/3
2026-01-16 11:55:10 - app - INFO - [下载任务2]       线程 25/489 失败，重试 2/3
2026-01-16 11:55:10 - app - INFO - [下载任务2]       线程 24/489 失败，重试 2/3
2026-01-16 11:55:10 - app - INFO - [下载任务2]       线程 26/489 失败，重试 1/3
2026-01-16 11:55:15 - app - INFO - [下载任务2]       线程 23/489 开始下载 (220.00 MB-230.00 MB)
2026-01-16 11:55:15 - app - INFO - [下载任务2]       线程 25/489 开始下载 (240.00 MB-250.00 MB)
2026-01-16 11:55:15 - app - INFO - [下载任务2]       线程 24/489 开始下载 (230.00 MB-240.00 MB)
2026-01-16 11:55:15 - app - INFO - [下载任务2]       线程 26/489 开始下载 (250.00 MB-260.00 MB)
2026-01-16 11:55:21 - app - INFO - [下载任务2]       线程 23/489 失败，重试 3/3
2026-01-16 11:55:21 - app - INFO - [下载任务2]       线程 24/489 失败，重试 3/3
2026-01-16 11:55:21 - app - INFO - [下载任务2]       线程 25/489 失败，重试 3/3
2026-01-16 11:55:21 - app - INFO - [下载任务2]       线程 26/489 失败，重试 2/3
2026-01-16 11:55:26 - app - INFO - [下载任务2]       线程 25/489 开始下载 (240.00 MB-250.00 MB)
2026-01-16 11:55:26 - app - INFO - [下载任务2]       线程 23/489 开始下载 (220.00 MB-230.00 MB)
2026-01-16 11:55:26 - app - INFO - [下载任务2]       线程 24/489 开始下载 (230.00 MB-240.00 MB)
2026-01-16 11:55:26 - app - INFO - [下载任务2]       线程 26/489 开始下载 (250.00 MB-260.00 MB)
2026-01-16 11:55:32 - app - INFO - [下载任务2]       线程 25/489 失败: 状态码: 403
2026-01-16 11:55:32 - app - INFO - [下载任务2]       线程 27/489 开始下载 (260.00 MB-270.00 MB)
2026-01-16 11:55:32 - app - INFO - [下载任务2]       线程 24/489 失败: 状态码: 403
2026-01-16 11:55:32 - app - INFO - [下载任务2]       线程 28/489 开始下载 (270.00 MB-280.00 MB)
2026-01-16 11:55:32 - app - INFO - [下载任务2]       线程 23/489 失败: 状态码: 403
2026-01-16 11:55:32 - app - INFO - [下载任务2]       线程 29/489 开始下载 (280.00 MB-290.00 MB)
2026-01-16 11:55:32 - app - INFO - [下载任务2]       线程 26/489 失败，重试 3/3
2026-01-16 11:55:32 - app - INFO - [下载任务2]       线程 28/489 失败，重试 1/3
2026-01-16 11:55:32 - app - INFO - [下载任务2]       线程 27/489 失败，重试 1/3
2026-01-16 11:55:32 - app - INFO - [下载任务2]       线程 29/489 失败，重试 1/3
2026-01-16 11:55:37 - app - INFO - [下载任务2]       线程 26/489 开始下载 (250.00 MB-260.00 MB)
2026-01-16 11:55:37 - app - INFO - [下载任务2]       线程 27/489 开始下载 (260.00 MB-270.00 MB)
2026-01-16 11:55:37 - app - INFO - [下载任务2]       线程 28/489 开始下载 (270.00 MB-280.00 MB)
2026-01-16 11:55:37 - app - INFO - [下载任务2]       线程 29/489 开始下载 (280.00 MB-290.00 MB)
2026-01-16 11:55:43 - app - INFO - [下载任务2]       线程 26/489 失败: 状态码: 403
2026-01-16 11:55:43 - app - INFO - [下载任务2]       线程 30/489 开始下载 (290.00 MB-300.00 MB)
2026-01-16 11:55:43 - app - INFO - [下载任务2]       线程 28/489 失败，重试 2/3
2026-01-16 11:55:43 - app - INFO - [下载任务2]       线程 29/489 失败，重试 2/3
2026-01-16 11:55:43 - app - INFO - [下载任务2]       线程 27/489 失败，重试 2/3
2026-01-16 11:55:43 - app - INFO - [下载任务2]       线程 30/489 失败，重试 1/3
2026-01-16 11:55:48 - app - INFO - [下载任务2]       线程 27/489 开始下载 (260.00 MB-270.00 MB)
2026-01-16 11:55:48 - app - INFO - [下载任务2]       线程 28/489 开始下载 (270.00 MB-280.00 MB)
2026-01-16 11:55:48 - app - INFO - [下载任务2]       线程 29/489 开始下载 (280.00 MB-290.00 MB)
2026-01-16 11:55:48 - app - INFO - [下载任务2]       线程 30/489 开始下载 (290.00 MB-300.00 MB)
2026-01-16 11:55:54 - app - INFO - [下载任务2]       线程 27/489 失败，重试 3/3
2026-01-16 11:55:54 - app - INFO - [下载任务2]       线程 28/489 失败，重试 3/3
2026-01-16 11:55:54 - app - INFO - [下载任务2]       线程 29/489 失败，重试 3/3
2026-01-16 11:55:54 - app - INFO - [下载任务2]       线程 30/489 失败，重试 2/3
2026-01-16 11:55:59 - app - INFO - [下载任务2]       线程 27/489 开始下载 (260.00 MB-270.00 MB)
2026-01-16 11:55:59 - app - INFO - [下载任务2]       线程 28/489 开始下载 (270.00 MB-280.00 MB)
2026-01-16 11:55:59 - app - INFO - [下载任务2]       线程 29/489 开始下载 (280.00 MB-290.00 MB)
2026-01-16 11:55:59 - app - INFO - [下载任务2]       线程 30/489 开始下载 (290.00 MB-300.00 MB)
2026-01-16 11:56:05 - app - INFO - [下载任务2]       线程 27/489 失败: 状态码: 403
2026-01-16 11:56:05 - app - INFO - [下载任务2]       线程 31/489 开始下载 (300.00 MB-310.00 MB)
2026-01-16 11:56:05 - app - INFO - [下载任务2]       线程 28/489 失败: 状态码: 403
2026-01-16 11:56:05 - app - INFO - [下载任务2]       线程 32/489 开始下载 (310.00 MB-320.00 MB)
2026-01-16 11:56:05 - app - INFO - [下载任务2]       线程 29/489 失败: 状态码: 403
2026-01-16 11:56:05 - app - INFO - [下载任务2]       线程 30/489 失败，重试 3/3
2026-01-16 11:56:05 - app - INFO - [下载任务2]       线程 33/489 开始下载 (320.00 MB-330.00 MB)
2026-01-16 11:56:05 - app - INFO - [下载任务2]       线程 31/489 失败，重试 1/3
2026-01-16 11:56:05 - app - INFO - [下载任务2]       线程 32/489 失败，重试 1/3
2026-01-16 11:56:05 - app - INFO - [下载任务2]       线程 33/489 失败，重试 1/3
2026-01-16 11:56:10 - app - INFO - [下载任务2]       线程 30/489 开始下载 (290.00 MB-300.00 MB)
2026-01-16 11:56:10 - app - INFO - [下载任务2]       线程 31/489 开始下载 (300.00 MB-310.00 MB)
2026-01-16 11:56:10 - app - INFO - [下载任务2]       线程 32/489 开始下载 (310.00 MB-320.00 MB)
2026-01-16 11:56:10 - app - INFO - [下载任务2]       线程 33/489 开始下载 (320.00 MB-330.00 MB)
2026-01-16 11:56:16 - app - INFO - [下载任务2]       线程 30/489 失败: 状态码: 403
2026-01-16 11:56:16 - app - INFO - [下载任务2]       线程 31/489 失败，重试 2/3
2026-01-16 11:56:16 - app - INFO - [下载任务2]       线程 34/489 开始下载 (330.00 MB-340.00 MB)
2026-01-16 11:56:16 - app - INFO - [下载任务2]       线程 33/489 失败，重试 2/3
2026-01-16 11:56:16 - app - INFO - [下载任务2]       线程 32/489 失败，重试 2/3
2026-01-16 11:56:16 - app - INFO - [下载任务2]       线程 34/489 失败，重试 1/3
2026-01-16 11:56:21 - app - INFO - [下载任务2]       线程 31/489 开始下载 (300.00 MB-310.00 MB)
2026-01-16 11:56:21 - app - INFO - [下载任务2]       线程 32/489 开始下载 (310.00 MB-320.00 MB)
2026-01-16 11:56:21 - app - INFO - [下载任务2]       线程 33/489 开始下载 (320.00 MB-330.00 MB)
2026-01-16 11:56:21 - app - INFO - [下载任务2]       线程 34/489 开始下载 (330.00 MB-340.00 MB)
2026-01-16 11:56:27 - app - INFO - [下载任务2]       线程 31/489 失败，重试 3/3
2026-01-16 11:56:27 - app - INFO - [下载任务2]       线程 32/489 失败，重试 3/3
2026-01-16 11:56:27 - app - INFO - [下载任务2]       线程 33/489 失败，重试 3/3
2026-01-16 11:56:27 - app - INFO - [下载任务2]       线程 34/489 失败，重试 2/3
2026-01-16 11:56:32 - app - INFO - [下载任务2]       线程 31/489 开始下载 (300.00 MB-310.00 MB)
2026-01-16 11:56:32 - app - INFO - [下载任务2]       线程 33/489 开始下载 (320.00 MB-330.00 MB)
2026-01-16 11:56:32 - app - INFO - [下载任务2]       线程 32/489 开始下载 (310.00 MB-320.00 MB)
2026-01-16 11:56:32 - app - INFO - [下载任务2]       线程 34/489 开始下载 (330.00 MB-340.00 MB)
2026-01-16 11:56:38 - app - INFO - [下载任务2]       线程 31/489 失败: 状态码: 403
2026-01-16 11:56:38 - app - INFO - [下载任务2]       线程 35/489 开始下载 (340.00 MB-350.00 MB)
2026-01-16 11:56:38 - app - INFO - [下载任务2]       线程 32/489 失败: 状态码: 403
2026-01-16 11:56:38 - app - INFO - [下载任务2]       线程 36/489 开始下载 (350.00 MB-360.00 MB)
2026-01-16 11:56:38 - app - INFO - [下载任务2]       线程 33/489 失败: 状态码: 403
2026-01-16 11:56:38 - app - INFO - [下载任务2]       线程 34/489 失败，重试 3/3
2026-01-16 11:56:38 - app - INFO - [下载任务2]       线程 37/489 开始下载 (360.00 MB-370.00 MB)
2026-01-16 11:56:38 - app - INFO - [下载任务2]       线程 35/489 失败，重试 1/3
2026-01-16 11:56:38 - app - INFO - [下载任务2]       线程 36/489 失败，重试 1/3
2026-01-16 11:56:38 - app - INFO - [下载任务2]       线程 37/489 失败，重试 1/3
2026-01-16 11:56:43 - app - INFO - [下载任务2]       线程 34/489 开始下载 (330.00 MB-340.00 MB)
2026-01-16 11:56:43 - app - INFO - [下载任务2]       线程 35/489 开始下载 (340.00 MB-350.00 MB)
2026-01-16 11:56:43 - app - INFO - [下载任务2]       线程 37/489 开始下载 (360.00 MB-370.00 MB)
2026-01-16 11:56:43 - app - INFO - [下载任务2]       线程 36/489 开始下载 (350.00 MB-360.00 MB)
2026-01-16 11:56:49 - app - INFO - [下载任务2]       线程 34/489 失败: 状态码: 403
2026-01-16 11:56:49 - app - INFO - [下载任务2]       线程 38/489 开始下载 (370.00 MB-380.00 MB)
2026-01-16 11:56:49 - app - INFO - [下载任务2]       线程 37/489 失败，重试 2/3
2026-01-16 11:56:49 - app - INFO - [下载任务2]       线程 35/489 失败，重试 2/3
2026-01-16 11:56:49 - app - INFO - [下载任务2]       线程 36/489 失败，重试 2/3
2026-01-16 11:56:49 - app - INFO - [下载任务2]       线程 38/489 失败，重试 1/3
2026-01-16 11:56:54 - app - INFO - [下载任务2]       线程 36/489 开始下载 (350.00 MB-360.00 MB)
2026-01-16 11:56:54 - app - INFO - [下载任务2]       线程 35/489 开始下载 (340.00 MB-350.00 MB)
2026-01-16 11:56:54 - app - INFO - [下载任务2]       线程 37/489 开始下载 (360.00 MB-370.00 MB)
2026-01-16 11:56:54 - app - INFO - [下载任务2]       线程 38/489 开始下载 (370.00 MB-380.00 MB)
2026-01-16 11:57:00 - app - INFO - [下载任务2]       线程 36/489 失败，重试 3/3
2026-01-16 11:57:00 - app - INFO - [下载任务2]       线程 37/489 失败，重试 3/3
2026-01-16 11:57:00 - app - INFO - [下载任务2]       线程 35/489 失败，重试 3/3
2026-01-16 11:57:00 - app - INFO - [下载任务2]       线程 38/489 失败，重试 2/3
2026-01-16 11:57:05 - app - INFO - [下载任务2]       线程 36/489 开始下载 (350.00 MB-360.00 MB)
2026-01-16 11:57:05 - app - INFO - [下载任务2]       线程 37/489 开始下载 (360.00 MB-370.00 MB)
2026-01-16 11:57:05 - app - INFO - [下载任务2]       线程 35/489 开始下载 (340.00 MB-350.00 MB)
2026-01-16 11:57:05 - app - INFO - [下载任务2]       线程 38/489 开始下载 (370.00 MB-380.00 MB)
2026-01-16 11:57:11 - app - INFO - [下载任务2]       线程 36/489 失败: 状态码: 403
2026-01-16 11:57:11 - app - INFO - [下载任务2]       线程 39/489 开始下载 (380.00 MB-390.00 MB)
2026-01-16 11:57:11 - app - INFO - [下载任务2]       线程 37/489 失败: 状态码: 403
2026-01-16 11:57:11 - app - INFO - [下载任务2]       线程 40/489 开始下载 (390.00 MB-400.00 MB)
2026-01-16 11:57:11 - app - INFO - [下载任务2]       线程 35/489 失败: 状态码: 403
2026-01-16 11:57:11 - app - INFO - [下载任务2]       线程 38/489 失败，重试 3/3
2026-01-16 11:57:11 - app - INFO - [下载任务2]       线程 41/489 开始下载 (400.00 MB-410.00 MB)
2026-01-16 11:57:12 - app - INFO - [下载任务2]       线程 39/489 失败，重试 1/3
2026-01-16 11:57:12 - app - INFO - [下载任务2]       线程 40/489 失败，重试 1/3
2026-01-16 11:57:12 - app - INFO - [下载任务2]       线程 41/489 失败，重试 1/3
2026-01-16 11:57:16 - app - INFO - [下载任务2]       线程 38/489 开始下载 (370.00 MB-380.00 MB)
2026-01-16 11:57:17 - app - INFO - [下载任务2]       线程 39/489 开始下载 (380.00 MB-390.00 MB)
2026-01-16 11:57:17 - app - INFO - [下载任务2]       线程 41/489 开始下载 (400.00 MB-410.00 MB)
2026-01-16 11:57:17 - app - INFO - [下载任务2]       线程 40/489 开始下载 (390.00 MB-400.00 MB)
2026-01-16 11:57:22 - app - INFO - [下载任务2]       线程 38/489 失败: 状态码: 403
2026-01-16 11:57:22 - app - INFO - [下载任务2]       线程 42/489 开始下载 (410.00 MB-420.00 MB)
2026-01-16 11:57:22 - app - INFO - [下载任务2]       线程 40/489 失败，重试 2/3
2026-01-16 11:57:22 - app - INFO - [下载任务2]       线程 41/489 失败，重试 2/3
2026-01-16 11:57:22 - app - INFO - [下载任务2]       线程 39/489 失败，重试 2/3
2026-01-16 11:57:23 - app - INFO - [下载任务2]       线程 42/489 失败，重试 1/3
2026-01-16 11:57:27 - app - INFO - [下载任务2]       线程 39/489 开始下载 (380.00 MB-390.00 MB)
2026-01-16 11:57:27 - app - INFO - [下载任务2]       线程 40/489 开始下载 (390.00 MB-400.00 MB)
2026-01-16 11:57:27 - app - INFO - [下载任务2]       线程 41/489 开始下载 (400.00 MB-410.00 MB)
2026-01-16 11:57:28 - app - INFO - [下载任务2]       线程 42/489 开始下载 (410.00 MB-420.00 MB)
2026-01-16 11:57:34 - app - INFO - [下载任务2]       线程 39/489 失败，重试 3/3
2026-01-16 11:57:34 - app - INFO - [下载任务2]       线程 40/489 失败，重试 3/3
2026-01-16 11:57:34 - app - INFO - [下载任务2]       线程 42/489 失败，重试 2/3
2026-01-16 11:57:34 - app - INFO - [下载任务2]       线程 41/489 失败，重试 3/3
2026-01-16 11:57:39 - app - INFO - [下载任务2]       线程 39/489 开始下载 (380.00 MB-390.00 MB)
2026-01-16 11:57:39 - app - INFO - [下载任务2]       线程 40/489 开始下载 (390.00 MB-400.00 MB)
2026-01-16 11:57:39 - app - INFO - [下载任务2]       线程 42/489 开始下载 (410.00 MB-420.00 MB)
2026-01-16 11:57:39 - app - INFO - [下载任务2]       线程 41/489 开始下载 (400.00 MB-410.00 MB)
2026-01-16 11:57:45 - app - INFO - [下载任务2]       线程 39/489 失败: 状态码: 403
2026-01-16 11:57:45 - app - INFO - [下载任务2]       线程 43/489 开始下载 (420.00 MB-430.00 MB)
2026-01-16 11:57:45 - app - INFO - [下载任务2]       线程 42/489 失败，重试 3/3
2026-01-16 11:57:45 - app - INFO - [下载任务2]       线程 41/489 失败: 状态码: 403
2026-01-16 11:57:45 - app - INFO - [下载任务2]       线程 44/489 开始下载 (430.00 MB-440.00 MB)
2026-01-16 11:57:45 - app - INFO - [下载任务2]       线程 40/489 失败: 状态码: 403
2026-01-16 11:57:45 - app - INFO - [下载任务2]       线程 45/489 开始下载 (440.00 MB-450.00 MB)
2026-01-16 11:57:45 - app - INFO - [下载任务2]       线程 43/489 失败，重试 1/3
2026-01-16 11:57:45 - app - INFO - [下载任务2]       线程 44/489 失败，重试 1/3
2026-01-16 11:57:45 - app - INFO - [下载任务2]       线程 45/489 失败，重试 1/3
2026-01-16 11:57:50 - app - INFO - [下载任务2]       线程 42/489 开始下载 (410.00 MB-420.00 MB)
2026-01-16 11:57:50 - app - INFO - [下载任务2]       线程 43/489 开始下载 (420.00 MB-430.00 MB)
2026-01-16 11:57:50 - app - INFO - [下载任务2]       线程 44/489 开始下载 (430.00 MB-440.00 MB)
2026-01-16 11:57:50 - app - INFO - [下载任务2]       线程 45/489 开始下载 (440.00 MB-450.00 MB)
2026-01-16 11:57:56 - app - INFO - [下载任务2]       线程 43/489 失败，重试 2/3
2026-01-16 11:57:56 - app - INFO - [下载任务2]       线程 42/489 失败: 状态码: 403
2026-01-16 11:57:56 - app - INFO - [下载任务2]       线程 44/489 失败，重试 2/3
2026-01-16 11:57:56 - app - INFO - [下载任务2]       线程 46/489 开始下载 (450.00 MB-460.00 MB)
2026-01-16 11:57:56 - app - INFO - [下载任务2]       线程 45/489 失败，重试 2/3
2026-01-16 11:57:56 - app - INFO - [下载任务2]       线程 46/489 失败，重试 1/3
2026-01-16 11:58:01 - app - INFO - [下载任务2]       线程 43/489 开始下载 (420.00 MB-430.00 MB)
2026-01-16 11:58:01 - app - INFO - [下载任务2]       线程 44/489 开始下载 (430.00 MB-440.00 MB)
2026-01-16 11:58:01 - app - INFO - [下载任务2]       线程 45/489 开始下载 (440.00 MB-450.00 MB)
2026-01-16 11:58:01 - app - INFO - [下载任务2]       线程 46/489 开始下载 (450.00 MB-460.00 MB)
2026-01-16 11:58:07 - app - INFO - [下载任务2]       线程 43/489 失败，重试 3/3
2026-01-16 11:58:07 - app - INFO - [下载任务2]       线程 44/489 失败，重试 3/3
2026-01-16 11:58:07 - app - INFO - [下载任务2]       线程 46/489 失败，重试 2/3
2026-01-16 11:58:07 - app - INFO - [下载任务2]       线程 45/489 失败，重试 3/3
2026-01-16 11:58:12 - app - INFO - [下载任务2]       线程 43/489 开始下载 (420.00 MB-430.00 MB)
2026-01-16 11:58:12 - app - INFO - [下载任务2]       线程 44/489 开始下载 (430.00 MB-440.00 MB)
2026-01-16 11:58:12 - app - INFO - [下载任务2]       线程 45/489 开始下载 (440.00 MB-450.00 MB)
2026-01-16 11:58:12 - app - INFO - [下载任务2]       线程 46/489 开始下载 (450.00 MB-460.00 MB)
2026-01-16 11:58:18 - app - INFO - [下载任务2]       线程 43/489 失败: 状态码: 403
2026-01-16 11:58:18 - app - INFO - [下载任务2]       线程 47/489 开始下载 (460.00 MB-470.00 MB)
2026-01-16 11:58:18 - app - INFO - [下载任务2]       线程 46/489 失败，重试 3/3
2026-01-16 11:58:18 - app - INFO - [下载任务2]       线程 44/489 失败: 状态码: 403
2026-01-16 11:58:18 - app - INFO - [下载任务2]       线程 45/489 失败: 状态码: 403
2026-01-16 11:58:18 - app - INFO - [下载任务2]       线程 48/489 开始下载 (470.00 MB-480.00 MB)
2026-01-16 11:58:18 - app - INFO - [下载任务2]       线程 49/489 开始下载 (480.00 MB-490.00 MB)
2026-01-16 11:58:18 - app - INFO - [下载任务2]       线程 47/489 失败，重试 1/3
2026-01-16 11:58:18 - app - INFO - [下载任务2]       线程 48/489 失败，重试 1/3
2026-01-16 11:58:18 - app - INFO - [下载任务2]       线程 49/489 失败，重试 1/3
2026-01-16 11:58:23 - app - INFO - [下载任务2]       线程 46/489 开始下载 (450.00 MB-460.00 MB)
2026-01-16 11:58:23 - app - INFO - [下载任务2]       线程 47/489 开始下载 (460.00 MB-470.00 MB)
2026-01-16 11:58:23 - app - INFO - [下载任务2]       线程 48/489 开始下载 (470.00 MB-480.00 MB)
2026-01-16 11:58:23 - app - INFO - [下载任务2]       线程 49/489 开始下载 (480.00 MB-490.00 MB)
2026-01-16 11:58:29 - app - INFO - [下载任务2]       线程 47/489 失败，重试 2/3
2026-01-16 11:58:29 - app - INFO - [下载任务2]       线程 48/489 失败，重试 2/3
2026-01-16 11:58:29 - app - INFO - [下载任务2]       线程 46/489 失败: 状态码: 403
2026-01-16 11:58:29 - app - INFO - [下载任务2]       线程 50/489 开始下载 (490.00 MB-500.00 MB)
2026-01-16 11:58:29 - app - INFO - [下载任务2]       线程 49/489 失败，重试 2/3
2026-01-16 11:58:29 - app - INFO - [下载任务2]       线程 50/489 失败，重试 1/3
2026-01-16 11:58:34 - app - INFO - [下载任务2]       线程 47/489 开始下载 (460.00 MB-470.00 MB)
2026-01-16 11:58:34 - app - INFO - [下载任务2]       线程 48/489 开始下载 (470.00 MB-480.00 MB)
2026-01-16 11:58:34 - app - INFO - [下载任务2]       线程 49/489 开始下载 (480.00 MB-490.00 MB)
2026-01-16 11:58:34 - app - INFO - [下载任务2]       线程 50/489 开始下载 (490.00 MB-500.00 MB)
2026-01-16 11:58:40 - app - INFO - [下载任务2]       线程 47/489 失败，重试 3/3
2026-01-16 11:58:40 - app - INFO - [下载任务2]       线程 48/489 失败，重试 3/3
2026-01-16 11:58:40 - app - INFO - [下载任务2]       线程 49/489 失败，重试 3/3
2026-01-16 11:58:40 - app - INFO - [下载任务2]       线程 50/489 失败，重试 2/3
2026-01-16 11:58:45 - app - INFO - [下载任务2]       线程 47/489 开始下载 (460.00 MB-470.00 MB)
2026-01-16 11:58:45 - app - INFO - [下载任务2]       线程 48/489 开始下载 (470.00 MB-480.00 MB)
2026-01-16 11:58:45 - app - INFO - [下载任务2]       线程 49/489 开始下载 (480.00 MB-490.00 MB)
2026-01-16 11:58:45 - app - INFO - [下载任务2]       线程 50/489 开始下载 (490.00 MB-500.00 MB)
2026-01-16 11:58:51 - app - INFO - [下载任务2]       线程 48/489 失败: 状态码: 403
2026-01-16 11:58:51 - app - INFO - [下载任务2]       线程 51/489 开始下载 (500.00 MB-510.00 MB)
2026-01-16 11:58:51 - app - INFO - [下载任务2]       线程 49/489 失败: 状态码: 403
2026-01-16 11:58:51 - app - INFO - [下载任务2]       线程 52/489 开始下载 (510.00 MB-520.00 MB)
2026-01-16 11:58:51 - app - INFO - [下载任务2]       线程 47/489 失败: 状态码: 403
2026-01-16 11:58:51 - app - INFO - [下载任务2]       线程 53/489 开始下载 (520.00 MB-530.00 MB)
2026-01-16 11:58:51 - app - INFO - [下载任务2]       线程 50/489 失败，重试 3/3
2026-01-16 11:58:51 - app - INFO - [下载任务2]       线程 51/489 失败，重试 1/3
2026-01-16 11:58:51 - app - INFO - [下载任务2]       线程 52/489 失败，重试 1/3
2026-01-16 11:58:51 - app - INFO - [下载任务2]       线程 53/489 失败，重试 1/3
2026-01-16 11:58:56 - app - INFO - [下载任务2]       线程 50/489 开始下载 (490.00 MB-500.00 MB)
2026-01-16 11:58:56 - app - INFO - [下载任务2]       线程 51/489 开始下载 (500.00 MB-510.00 MB)
2026-01-16 11:58:56 - app - INFO - [下载任务2]       线程 52/489 开始下载 (510.00 MB-520.00 MB)
2026-01-16 11:58:56 - app - INFO - [下载任务2]       线程 53/489 开始下载 (520.00 MB-530.00 MB)
2026-01-16 11:59:02 - app - INFO - [下载任务2]       线程 51/489 失败，重试 2/3
2026-01-16 11:59:02 - app - INFO - [下载任务2]       线程 50/489 失败: 状态码: 403
2026-01-16 11:59:02 - app - INFO - [下载任务2]       线程 54/489 开始下载 (530.00 MB-540.00 MB)
2026-01-16 11:59:02 - app - INFO - [下载任务2]       线程 53/489 失败，重试 2/3
2026-01-16 11:59:02 - app - INFO - [下载任务2]       线程 52/489 失败，重试 2/3
2026-01-16 11:59:02 - app - INFO - [下载任务2]       线程 54/489 失败，重试 1/3
2026-01-16 11:59:07 - app - INFO - [下载任务2]       线程 51/489 开始下载 (500.00 MB-510.00 MB)
2026-01-16 11:59:07 - app - INFO - [下载任务2]       线程 53/489 开始下载 (520.00 MB-530.00 MB)
2026-01-16 11:59:07 - app - INFO - [下载任务2]       线程 52/489 开始下载 (510.00 MB-520.00 MB)
2026-01-16 11:59:07 - app - INFO - [下载任务2]       线程 54/489 开始下载 (530.00 MB-540.00 MB)
2026-01-16 11:59:13 - app - INFO - [下载任务2]       线程 53/489 失败，重试 3/3
2026-01-16 11:59:13 - app - INFO - [下载任务2]       线程 51/489 失败，重试 3/3
2026-01-16 11:59:13 - app - INFO - [下载任务2]       线程 52/489 失败，重试 3/3
2026-01-16 11:59:13 - app - INFO - [下载任务2]       线程 54/489 失败，重试 2/3
2026-01-16 11:59:18 - app - INFO - [下载任务2]       线程 53/489 开始下载 (520.00 MB-530.00 MB)
2026-01-16 11:59:18 - app - INFO - [下载任务2]       线程 51/489 开始下载 (500.00 MB-510.00 MB)
2026-01-16 11:59:18 - app - INFO - [下载任务2]       线程 52/489 开始下载 (510.00 MB-520.00 MB)
2026-01-16 11:59:18 - app - INFO - [下载任务2]       线程 54/489 开始下载 (530.00 MB-540.00 MB)
2026-01-16 11:59:24 - app - INFO - [下载任务2]       线程 51/489 失败: 状态码: 403
2026-01-16 11:59:24 - app - INFO - [下载任务2]       线程 52/489 失败: 状态码: 403
2026-01-16 11:59:24 - app - INFO - [下载任务2]       线程 55/489 开始下载 (540.00 MB-550.00 MB)
2026-01-16 11:59:24 - app - INFO - [下载任务2]       线程 56/489 开始下载 (550.00 MB-560.00 MB)
2026-01-16 11:59:24 - app - INFO - [下载任务2]       线程 53/489 失败: 状态码: 403
2026-01-16 11:59:24 - app - INFO - [下载任务2]       线程 54/489 失败，重试 3/3
2026-01-16 11:59:24 - app - INFO - [下载任务2]       线程 57/489 开始下载 (560.00 MB-570.00 MB)
2026-01-16 11:59:24 - app - INFO - [下载任务2]       线程 55/489 失败，重试 1/3
2026-01-16 11:59:24 - app - INFO - [下载任务2]       线程 56/489 失败，重试 1/3
2026-01-16 11:59:24 - app - INFO - [下载任务2]       线程 57/489 失败，重试 1/3
2026-01-16 11:59:29 - app - INFO - [下载任务2]       线程 54/489 开始下载 (530.00 MB-540.00 MB)
2026-01-16 11:59:29 - app - INFO - [下载任务2]       线程 55/489 开始下载 (540.00 MB-550.00 MB)
2026-01-16 11:59:29 - app - INFO - [下载任务2]       线程 57/489 开始下载 (560.00 MB-570.00 MB)
2026-01-16 11:59:29 - app - INFO - [下载任务2]       线程 56/489 开始下载 (550.00 MB-560.00 MB)
2026-01-16 11:59:35 - app - INFO - [下载任务2]       线程 56/489 失败，重试 2/3
2026-01-16 11:59:35 - app - INFO - [下载任务2]       线程 55/489 失败，重试 2/3
2026-01-16 11:59:35 - app - INFO - [下载任务2]       线程 54/489 失败: 状态码: 403
2026-01-16 11:59:35 - app - INFO - [下载任务2]       线程 58/489 开始下载 (570.00 MB-580.00 MB)
2026-01-16 11:59:35 - app - INFO - [下载任务2]       线程 57/489 失败，重试 2/3
2026-01-16 11:59:35 - app - INFO - [下载任务2]       线程 58/489 失败，重试 1/3
2026-01-16 11:59:40 - app - INFO - [下载任务2]       线程 55/489 开始下载 (540.00 MB-550.00 MB)
2026-01-16 11:59:40 - app - INFO - [下载任务2]       线程 56/489 开始下载 (550.00 MB-560.00 MB)
2026-01-16 11:59:40 - app - INFO - [下载任务2]       线程 57/489 开始下载 (560.00 MB-570.00 MB)
2026-01-16 11:59:40 - app - INFO - [下载任务2]       线程 58/489 开始下载 (570.00 MB-580.00 MB)
2026-01-16 11:59:46 - app - INFO - [下载任务2]       线程 56/489 失败，重试 3/3
2026-01-16 11:59:46 - app - INFO - [下载任务2]       线程 55/489 失败，重试 3/3
2026-01-16 11:59:46 - app - INFO - [下载任务2]       线程 57/489 失败，重试 3/3
2026-01-16 11:59:46 - app - INFO - [下载任务2]       线程 58/489 失败，重试 2/3
2026-01-16 11:59:51 - app - INFO - [下载任务2]       线程 56/489 开始下载 (550.00 MB-560.00 MB)
2026-01-16 11:59:51 - app - INFO - [下载任务2]       线程 55/489 开始下载 (540.00 MB-550.00 MB)
2026-01-16 11:59:51 - app - INFO - [下载任务2]       线程 58/489 开始下载 (570.00 MB-580.00 MB)
2026-01-16 11:59:51 - app - INFO - [下载任务2]       线程 57/489 开始下载 (560.00 MB-570.00 MB)
2026-01-16 11:59:57 - app - INFO - [下载任务2]       线程 56/489 失败: 状态码: 403
2026-01-16 11:59:57 - app - INFO - [下载任务2]       线程 59/489 开始下载 (580.00 MB-590.00 MB)
2026-01-16 11:59:57 - app - INFO - [下载任务2]       线程 58/489 失败，重试 3/3
2026-01-16 11:59:57 - app - INFO - [下载任务2]       线程 57/489 失败: 状态码: 403
2026-01-16 11:59:57 - app - INFO - [下载任务2]       线程 55/489 失败: 状态码: 403
2026-01-16 11:59:57 - app - INFO - [下载任务2]       线程 60/489 开始下载 (590.00 MB-600.00 MB)
2026-01-16 11:59:57 - app - INFO - [下载任务2]       线程 61/489 开始下载 (600.00 MB-610.00 MB)
2026-01-16 11:59:58 - app - INFO - [下载任务2]       线程 59/489 失败，重试 1/3
2026-01-16 11:59:58 - app - INFO - [下载任务2]       线程 61/489 失败，重试 1/3
2026-01-16 11:59:58 - app - INFO - [下载任务2]       线程 60/489 失败，重试 1/3
2026-01-16 12:00:02 - app - INFO - [下载任务2]       线程 58/489 开始下载 (570.00 MB-580.00 MB)
2026-01-16 12:00:03 - app - INFO - [下载任务2]       线程 59/489 开始下载 (580.00 MB-590.00 MB)
2026-01-16 12:00:03 - app - INFO - [下载任务2]       线程 61/489 开始下载 (600.00 MB-610.00 MB)
2026-01-16 12:00:03 - app - INFO - [下载任务2]       线程 60/489 开始下载 (590.00 MB-600.00 MB)
2026-01-16 12:00:08 - app - INFO - [下载任务2]       线程 59/489 失败，重试 2/3
2026-01-16 12:00:08 - app - INFO - [下载任务2]       线程 58/489 失败: 状态码: 403
2026-01-16 12:00:08 - app - INFO - [下载任务2]       线程 62/489 开始下载 (610.00 MB-620.00 MB)
2026-01-16 12:00:08 - app - INFO - [下载任务2]       线程 61/489 失败，重试 2/3
2026-01-16 12:00:08 - app - INFO - [下载任务2]       线程 60/489 失败，重试 2/3
2026-01-16 12:00:09 - app - INFO - [下载任务2]       线程 62/489 失败，重试 1/3
2026-01-16 12:00:13 - app - INFO - [下载任务2]       线程 59/489 开始下载 (580.00 MB-590.00 MB)
2026-01-16 12:00:13 - app - INFO - [下载任务2]       线程 61/489 开始下载 (600.00 MB-610.00 MB)
2026-01-16 12:00:13 - app - INFO - [下载任务2]       线程 60/489 开始下载 (590.00 MB-600.00 MB)
2026-01-16 12:00:14 - app - INFO - [下载任务2]       线程 62/489 开始下载 (610.00 MB-620.00 MB)
2026-01-16 12:00:19 - app - INFO - [下载任务2]       线程 61/489 失败，重试 3/3
2026-01-16 12:00:19 - app - INFO - [下载任务2]       线程 59/489 失败，重试 3/3
2026-01-16 12:00:19 - app - INFO - [下载任务2]       线程 62/489 失败，重试 2/3
2026-01-16 12:00:20 - app - INFO - [下载任务2]       线程 60/489 失败，重试 3/3
2026-01-16 12:00:24 - app - INFO - [下载任务2]       线程 59/489 开始下载 (580.00 MB-590.00 MB)
2026-01-16 12:00:24 - app - INFO - [下载任务2]       线程 61/489 开始下载 (600.00 MB-610.00 MB)
2026-01-16 12:00:24 - app - INFO - [下载任务2]       线程 62/489 开始下载 (610.00 MB-620.00 MB)
2026-01-16 12:00:25 - app - INFO - [下载任务2]       线程 60/489 开始下载 (590.00 MB-600.00 MB)
2026-01-16 12:00:31 - app - INFO - [下载任务2]       线程 59/489 失败: 状态码: 403
2026-01-16 12:00:31 - app - INFO - [下载任务2]       线程 61/489 失败: 状态码: 403
2026-01-16 12:00:31 - app - INFO - [下载任务2]       线程 63/489 开始下载 (620.00 MB-630.00 MB)
2026-01-16 12:00:31 - app - INFO - [下载任务2]       线程 64/489 开始下载 (630.00 MB-640.00 MB)
2026-01-16 12:00:31 - app - INFO - [下载任务2]       线程 62/489 失败，重试 3/3
2026-01-16 12:00:31 - app - INFO - [下载任务2]       线程 60/489 失败: 状态码: 403
2026-01-16 12:00:31 - app - INFO - [下载任务2]       线程 65/489 开始下载 (640.00 MB-650.00 MB)
2026-01-16 12:00:31 - app - INFO - [下载任务2]       线程 63/489 失败，重试 1/3
2026-01-16 12:00:31 - app - INFO - [下载任务2]       线程 64/489 失败，重试 1/3
2026-01-16 12:00:31 - app - INFO - [下载任务2]       线程 65/489 失败，重试 1/3
2026-01-16 12:00:36 - app - INFO - [下载任务2]       线程 62/489 开始下载 (610.00 MB-620.00 MB)
2026-01-16 12:00:36 - app - INFO - [下载任务2]       线程 63/489 开始下载 (620.00 MB-630.00 MB)
2026-01-16 12:00:36 - app - INFO - [下载任务2]       线程 64/489 开始下载 (630.00 MB-640.00 MB)
2026-01-16 12:00:36 - app - INFO - [下载任务2]       线程 65/489 开始下载 (640.00 MB-650.00 MB)
2026-01-16 12:00:42 - app - INFO - [下载任务2]       线程 62/489 失败: 状态码: 403
2026-01-16 12:00:42 - app - INFO - [下载任务2]       线程 66/489 开始下载 (650.00 MB-660.00 MB)
2026-01-16 12:00:42 - app - INFO - [下载任务2]       线程 64/489 失败，重试 2/3
2026-01-16 12:00:42 - app - INFO - [下载任务2]       线程 63/489 失败，重试 2/3
2026-01-16 12:00:42 - app - INFO - [下载任务2]       线程 65/489 失败，重试 2/3
2026-01-16 12:00:42 - app - INFO - [下载任务2]       线程 66/489 失败，重试 1/3
2026-01-16 12:00:47 - app - INFO - [下载任务2]       线程 63/489 开始下载 (620.00 MB-630.00 MB)
2026-01-16 12:00:47 - app - INFO - [下载任务2]       线程 64/489 开始下载 (630.00 MB-640.00 MB)
2026-01-16 12:00:47 - app - INFO - [下载任务2]       线程 65/489 开始下载 (640.00 MB-650.00 MB)
2026-01-16 12:00:47 - app - INFO - [下载任务2]       线程 66/489 开始下载 (650.00 MB-660.00 MB)
2026-01-16 12:00:53 - app - INFO - [下载任务2]       线程 66/489 失败，重试 2/3
2026-01-16 12:00:53 - app - INFO - [下载任务2]       线程 64/489 失败，重试 3/3
2026-01-16 12:00:53 - app - INFO - [下载任务2]       线程 63/489 失败，重试 3/3
2026-01-16 12:00:53 - app - INFO - [下载任务2]       线程 65/489 失败，重试 3/3
2026-01-16 12:00:58 - app - INFO - [下载任务2]       线程 64/489 开始下载 (630.00 MB-640.00 MB)
2026-01-16 12:00:58 - app - INFO - [下载任务2]       线程 65/489 开始下载 (640.00 MB-650.00 MB)
2026-01-16 12:00:58 - app - INFO - [下载任务2]       线程 66/489 开始下载 (650.00 MB-660.00 MB)
2026-01-16 12:00:58 - app - INFO - [下载任务2]       线程 63/489 开始下载 (620.00 MB-630.00 MB)
2026-01-16 12:01:04 - app - INFO - [下载任务2]       线程 64/489 失败: 状态码: 403
2026-01-16 12:01:04 - app - INFO - [下载任务2]       线程 67/489 开始下载 (660.00 MB-670.00 MB)
2026-01-16 12:01:04 - app - INFO - [下载任务2]       线程 65/489 失败: 状态码: 403
2026-01-16 12:01:04 - app - INFO - [下载任务2]       线程 68/489 开始下载 (670.00 MB-680.00 MB)
2026-01-16 12:01:04 - app - INFO - [下载任务2]       线程 63/489 失败: 状态码: 403
2026-01-16 12:01:04 - app - INFO - [下载任务2]       线程 69/489 开始下载 (680.00 MB-690.00 MB)
2026-01-16 12:01:04 - app - INFO - [下载任务2]       线程 66/489 失败，重试 3/3
2026-01-16 12:01:04 - app - INFO - [下载任务2]       线程 67/489 失败，重试 1/3
2026-01-16 12:01:04 - app - INFO - [下载任务2]       线程 68/489 失败，重试 1/3
2026-01-16 12:01:04 - app - INFO - [下载任务2]       线程 69/489 失败，重试 1/3
2026-01-16 12:01:09 - app - INFO - [下载任务2]       线程 66/489 开始下载 (650.00 MB-660.00 MB)
2026-01-16 12:01:09 - app - INFO - [下载任务2]       线程 67/489 开始下载 (660.00 MB-670.00 MB)
2026-01-16 12:01:09 - app - INFO - [下载任务2]       线程 69/489 开始下载 (680.00 MB-690.00 MB)
2026-01-16 12:01:09 - app - INFO - [下载任务2]       线程 68/489 开始下载 (670.00 MB-680.00 MB)
2026-01-16 12:01:15 - app - INFO - [下载任务2]       线程 67/489 失败，重试 2/3
2026-01-16 12:01:15 - app - INFO - [下载任务2]       线程 66/489 失败: 状态码: 403
2026-01-16 12:01:15 - app - INFO - [下载任务2]       线程 70/489 开始下载 (690.00 MB-700.00 MB)
2026-01-16 12:01:15 - app - INFO - [下载任务2]       线程 69/489 失败，重试 2/3
2026-01-16 12:01:15 - app - INFO - [下载任务2]       线程 68/489 失败，重试 2/3
2026-01-16 12:01:15 - app - INFO - [下载任务2]       线程 70/489 失败，重试 1/3
2026-01-16 12:01:20 - app - INFO - [下载任务2]       线程 67/489 开始下载 (660.00 MB-670.00 MB)
2026-01-16 12:01:20 - app - INFO - [下载任务2]       线程 69/489 开始下载 (680.00 MB-690.00 MB)
2026-01-16 12:01:20 - app - INFO - [下载任务2]       线程 68/489 开始下载 (670.00 MB-680.00 MB)
2026-01-16 12:01:20 - app - INFO - [下载任务2]       线程 70/489 开始下载 (690.00 MB-700.00 MB)
2026-01-16 12:01:26 - app - INFO - [下载任务2]       线程 69/489 失败，重试 3/3
2026-01-16 12:01:26 - app - INFO - [下载任务2]       线程 67/489 失败，重试 3/3
2026-01-16 12:01:26 - app - INFO - [下载任务2]       线程 70/489 失败，重试 2/3
2026-01-16 12:01:26 - app - INFO - [下载任务2]       线程 68/489 失败，重试 3/3
2026-01-16 12:01:31 - app - INFO - [下载任务2]       线程 67/489 开始下载 (660.00 MB-670.00 MB)
2026-01-16 12:01:31 - app - INFO - [下载任务2]       线程 69/489 开始下载 (680.00 MB-690.00 MB)
2026-01-16 12:01:31 - app - INFO - [下载任务2]       线程 70/489 开始下载 (690.00 MB-700.00 MB)
2026-01-16 12:01:31 - app - INFO - [下载任务2]       线程 68/489 开始下载 (670.00 MB-680.00 MB)
2026-01-16 12:01:37 - app - INFO - [下载任务2]       线程 67/489 失败: 状态码: 403
2026-01-16 12:01:37 - app - INFO - [下载任务2]       线程 71/489 开始下载 (700.00 MB-710.00 MB)
2026-01-16 12:01:37 - app - INFO - [下载任务2]       线程 70/489 失败，重试 3/3
2026-01-16 12:01:37 - app - INFO - [下载任务2]       线程 69/489 失败: 状态码: 403
2026-01-16 12:01:37 - app - INFO - [下载任务2]       线程 68/489 失败: 状态码: 403
2026-01-16 12:01:37 - app - INFO - [下载任务2]       线程 72/489 开始下载 (710.00 MB-720.00 MB)
2026-01-16 12:01:37 - app - INFO - [下载任务2]       线程 73/489 开始下载 (720.00 MB-730.00 MB)
2026-01-16 12:01:37 - app - INFO - [下载任务2]       线程 71/489 失败，重试 1/3
2026-01-16 12:01:37 - app - INFO - [下载任务2]       线程 72/489 失败，重试 1/3
2026-01-16 12:01:37 - app - INFO - [下载任务2]       线程 73/489 失败，重试 1/3
2026-01-16 12:01:42 - app - INFO - [下载任务2]       线程 70/489 开始下载 (690.00 MB-700.00 MB)
2026-01-16 12:01:42 - app - INFO - [下载任务2]       线程 71/489 开始下载 (700.00 MB-710.00 MB)
2026-01-16 12:01:42 - app - INFO - [下载任务2]       线程 72/489 开始下载 (710.00 MB-720.00 MB)
2026-01-16 12:01:42 - app - INFO - [下载任务2]       线程 73/489 开始下载 (720.00 MB-730.00 MB)
2026-01-16 12:01:48 - app - INFO - [下载任务2]       线程 72/489 失败，重试 2/3
2026-01-16 12:01:48 - app - INFO - [下载任务2]       线程 70/489 失败: 状态码: 403
2026-01-16 12:01:48 - app - INFO - [下载任务2]       线程 71/489 失败，重试 2/3
2026-01-16 12:01:48 - app - INFO - [下载任务2]       线程 74/489 开始下载 (730.00 MB-740.00 MB)
2026-01-16 12:01:48 - app - INFO - [下载任务2]       线程 73/489 失败，重试 2/3
2026-01-16 12:01:48 - app - INFO - [下载任务2]       线程 74/489 失败，重试 1/3
2026-01-16 12:01:53 - app - INFO - [下载任务2]       线程 72/489 开始下载 (710.00 MB-720.00 MB)
2026-01-16 12:01:53 - app - INFO - [下载任务2]       线程 73/489 开始下载 (720.00 MB-730.00 MB)
2026-01-16 12:01:53 - app - INFO - [下载任务2]       线程 71/489 开始下载 (700.00 MB-710.00 MB)
2026-01-16 12:01:53 - app - INFO - [下载任务2]       线程 74/489 开始下载 (730.00 MB-740.00 MB)
2026-01-16 12:01:59 - app - INFO - [下载任务2]       线程 72/489 失败，重试 3/3
2026-01-16 12:01:59 - app - INFO - [下载任务2]       线程 73/489 失败，重试 3/3
2026-01-16 12:01:59 - app - INFO - [下载任务2]       线程 74/489 失败，重试 2/3
2026-01-16 12:01:59 - app - INFO - [下载任务2]       线程 71/489 失败，重试 3/3
2026-01-16 12:02:04 - app - INFO - [下载任务2]       线程 72/489 开始下载 (710.00 MB-720.00 MB)
2026-01-16 12:02:04 - app - INFO - [下载任务2]       线程 73/489 开始下载 (720.00 MB-730.00 MB)
2026-01-16 12:02:04 - app - INFO - [下载任务2]       线程 74/489 开始下载 (730.00 MB-740.00 MB)
2026-01-16 12:02:04 - app - INFO - [下载任务2]       线程 71/489 开始下载 (700.00 MB-710.00 MB)
2026-01-16 12:02:10 - app - INFO - [下载任务2]       线程 72/489 失败: 状态码: 403
2026-01-16 12:02:10 - app - INFO - [下载任务2]       线程 73/489 失败: 状态码: 403
2026-01-16 12:02:10 - app - INFO - [下载任务2]       线程 75/489 开始下载 (740.00 MB-750.00 MB)
2026-01-16 12:02:10 - app - INFO - [下载任务2]       线程 76/489 开始下载 (750.00 MB-760.00 MB)
2026-01-16 12:02:10 - app - INFO - [下载任务2]       线程 71/489 失败: 状态码: 403
2026-01-16 12:02:10 - app - INFO - [下载任务2]       线程 77/489 开始下载 (760.00 MB-770.00 MB)
2026-01-16 12:02:10 - app - INFO - [下载任务2]       线程 74/489 失败，重试 3/3
2026-01-16 12:02:10 - app - INFO - [下载任务2]       线程 75/489 失败，重试 1/3
2026-01-16 12:02:10 - app - INFO - [下载任务2]       线程 76/489 失败，重试 1/3
2026-01-16 12:02:10 - app - INFO - [下载任务2]       线程 77/489 失败，重试 1/3
2026-01-16 12:02:15 - app - INFO - [下载任务2]       线程 74/489 开始下载 (730.00 MB-740.00 MB)
2026-01-16 12:02:15 - app - INFO - [下载任务2]       线程 75/489 开始下载 (740.00 MB-750.00 MB)
2026-01-16 12:02:15 - app - INFO - [下载任务2]       线程 76/489 开始下载 (750.00 MB-760.00 MB)
2026-01-16 12:02:15 - app - INFO - [下载任务2]       线程 77/489 开始下载 (760.00 MB-770.00 MB)
2026-01-16 12:02:21 - app - INFO - [下载任务2]       线程 74/489 失败: 状态码: 403
2026-01-16 12:02:21 - app - INFO - [下载任务2]       线程 78/489 开始下载 (770.00 MB-780.00 MB)
2026-01-16 12:02:21 - app - INFO - [下载任务2]       线程 76/489 失败，重试 2/3
2026-01-16 12:02:21 - app - INFO - [下载任务2]       线程 77/489 失败，重试 2/3
2026-01-16 12:02:21 - app - INFO - [下载任务2]       线程 75/489 失败，重试 2/3
2026-01-16 12:02:21 - app - INFO - [下载任务2]       线程 78/489 失败，重试 1/3
2026-01-16 12:02:26 - app - INFO - [下载任务2]       线程 76/489 开始下载 (750.00 MB-760.00 MB)
2026-01-16 12:02:26 - app - INFO - [下载任务2]       线程 75/489 开始下载 (740.00 MB-750.00 MB)
2026-01-16 12:02:26 - app - INFO - [下载任务2]       线程 77/489 开始下载 (760.00 MB-770.00 MB)
2026-01-16 12:02:26 - app - INFO - [下载任务2]       线程 78/489 开始下载 (770.00 MB-780.00 MB)
2026-01-16 12:02:32 - app - INFO - [下载任务2]       线程 75/489 失败，重试 3/3
2026-01-16 12:02:32 - app - INFO - [下载任务2]       线程 78/489 失败，重试 2/3
2026-01-16 12:02:32 - app - INFO - [下载任务2]       线程 77/489 失败，重试 3/3
2026-01-16 12:02:32 - app - INFO - [下载任务2]       线程 76/489 失败，重试 3/3
2026-01-16 12:02:37 - app - INFO - [下载任务2]       线程 75/489 开始下载 (740.00 MB-750.00 MB)
2026-01-16 12:02:37 - app - INFO - [下载任务2]       线程 78/489 开始下载 (770.00 MB-780.00 MB)
2026-01-16 12:02:37 - app - INFO - [下载任务2]       线程 76/489 开始下载 (750.00 MB-760.00 MB)
2026-01-16 12:02:37 - app - INFO - [下载任务2]       线程 77/489 开始下载 (760.00 MB-770.00 MB)
2026-01-16 12:02:43 - app - INFO - [下载任务2]       线程 75/489 失败: 状态码: 403
2026-01-16 12:02:43 - app - INFO - [下载任务2]       线程 79/489 开始下载 (780.00 MB-790.00 MB)
2026-01-16 12:02:43 - app - INFO - [下载任务2]       线程 78/489 失败，重试 3/3
2026-01-16 12:02:43 - app - INFO - [下载任务2]       线程 76/489 失败: 状态码: 403
2026-01-16 12:02:43 - app - INFO - [下载任务2]       线程 80/489 开始下载 (790.00 MB-800.00 MB)
2026-01-16 12:02:43 - app - INFO - [下载任务2]       线程 77/489 失败: 状态码: 403
2026-01-16 12:02:43 - app - INFO - [下载任务2]       线程 81/489 开始下载 (800.00 MB-810.00 MB)
2026-01-16 12:02:43 - app - INFO - [下载任务2]       线程 79/489 失败，重试 1/3
2026-01-16 12:02:43 - app - INFO - [下载任务2]       线程 80/489 失败，重试 1/3
2026-01-16 12:02:43 - app - INFO - [下载任务2]       线程 81/489 失败，重试 1/3
2026-01-16 12:02:48 - app - INFO - [下载任务2]       线程 78/489 开始下载 (770.00 MB-780.00 MB)
2026-01-16 12:02:48 - app - INFO - [下载任务2]       线程 79/489 开始下载 (780.00 MB-790.00 MB)
2026-01-16 12:02:48 - app - INFO - [下载任务2]       线程 80/489 开始下载 (790.00 MB-800.00 MB)
2026-01-16 12:02:48 - app - INFO - [下载任务2]       线程 81/489 开始下载 (800.00 MB-810.00 MB)
2026-01-16 12:02:54 - app - INFO - [下载任务2]       线程 78/489 失败: 状态码: 403
2026-01-16 12:02:54 - app - INFO - [下载任务2]       线程 79/489 失败，重试 2/3
2026-01-16 12:02:54 - app - INFO - [下载任务2]       线程 82/489 开始下载 (810.00 MB-820.00 MB)
2026-01-16 12:02:54 - app - INFO - [下载任务2]       线程 80/489 失败，重试 2/3
2026-01-16 12:02:54 - app - INFO - [下载任务2]       线程 81/489 失败，重试 2/3
2026-01-16 12:02:55 - app - INFO - [下载任务2]       线程 82/489 失败，重试 1/3
2026-01-16 12:02:59 - app - INFO - [下载任务2]       线程 80/489 开始下载 (790.00 MB-800.00 MB)
2026-01-16 12:02:59 - app - INFO - [下载任务2]       线程 79/489 开始下载 (780.00 MB-790.00 MB)
2026-01-16 12:02:59 - app - INFO - [下载任务2]       线程 81/489 开始下载 (800.00 MB-810.00 MB)
2026-01-16 12:03:00 - app - INFO - [下载任务2]       线程 82/489 开始下载 (810.00 MB-820.00 MB)
2026-01-16 12:03:05 - app - INFO - [下载任务2]       线程 80/489 失败，重试 3/3
2026-01-16 12:03:05 - app - INFO - [下载任务2]       线程 79/489 失败，重试 3/3
2026-01-16 12:03:05 - app - INFO - [下载任务2]       线程 81/489 失败，重试 3/3
2026-01-16 12:03:05 - app - INFO - [下载任务2]       线程 82/489 失败，重试 2/3
2026-01-16 12:03:10 - app - INFO - [下载任务2]       线程 79/489 开始下载 (780.00 MB-790.00 MB)
2026-01-16 12:03:10 - app - INFO - [下载任务2]       线程 80/489 开始下载 (790.00 MB-800.00 MB)
2026-01-16 12:03:10 - app - INFO - [下载任务2]       线程 81/489 开始下载 (800.00 MB-810.00 MB)
2026-01-16 12:03:10 - app - INFO - [下载任务2]       线程 82/489 开始下载 (810.00 MB-820.00 MB)
2026-01-16 12:03:16 - app - INFO - [下载任务2]       线程 79/489 失败: 状态码: 403
2026-01-16 12:03:16 - app - INFO - [下载任务2]       线程 80/489 失败: 状态码: 403
2026-01-16 12:03:16 - app - INFO - [下载任务2]       线程 83/489 开始下载 (820.00 MB-830.00 MB)
2026-01-16 12:03:16 - app - INFO - [下载任务2]       线程 84/489 开始下载 (830.00 MB-840.00 MB)
2026-01-16 12:03:16 - app - INFO - [下载任务2]       线程 81/489 失败: 状态码: 403
2026-01-16 12:03:16 - app - INFO - [下载任务2]       线程 82/489 失败，重试 3/3
2026-01-16 12:03:16 - app - INFO - [下载任务2]       线程 85/489 开始下载 (840.00 MB-850.00 MB)
2026-01-16 12:03:17 - app - INFO - [下载任务2]       线程 84/489 失败，重试 1/3
2026-01-16 12:03:17 - app - INFO - [下载任务2]       线程 83/489 失败，重试 1/3
2026-01-16 12:03:17 - app - INFO - [下载任务2]       线程 85/489 失败，重试 1/3
2026-01-16 12:03:21 - app - INFO - [下载任务2]       线程 82/489 开始下载 (810.00 MB-820.00 MB)
2026-01-16 12:03:22 - app - INFO - [下载任务2]       线程 83/489 开始下载 (820.00 MB-830.00 MB)
2026-01-16 12:03:22 - app - INFO - [下载任务2]       线程 84/489 开始下载 (830.00 MB-840.00 MB)
2026-01-16 12:03:22 - app - INFO - [下载任务2]       线程 85/489 开始下载 (840.00 MB-850.00 MB)
2026-01-16 12:03:27 - app - INFO - [下载任务2]       线程 82/489 失败: 状态码: 403
2026-01-16 12:03:27 - app - INFO - [下载任务2]       线程 86/489 开始下载 (850.00 MB-860.00 MB)
2026-01-16 12:03:27 - app - INFO - [下载任务2]       线程 83/489 失败，重试 2/3
2026-01-16 12:03:27 - app - INFO - [下载任务2]       线程 85/489 失败，重试 2/3
2026-01-16 12:03:27 - app - INFO - [下载任务2]       线程 84/489 失败，重试 2/3
2026-01-16 12:03:28 - app - INFO - [下载任务2]       线程 86/489 失败，重试 1/3
2026-01-16 12:03:33 - app - INFO - [下载任务2]       线程 85/489 开始下载 (840.00 MB-850.00 MB)
2026-01-16 12:03:33 - app - INFO - [下载任务2]       线程 84/489 开始下载 (830.00 MB-840.00 MB)
2026-01-16 12:03:33 - app - INFO - [下载任务2]       线程 83/489 开始下载 (820.00 MB-830.00 MB)
2026-01-16 12:03:33 - app - INFO - [下载任务2]       线程 86/489 开始下载 (850.00 MB-860.00 MB)
2026-01-16 12:03:39 - app - INFO - [下载任务2]       线程 85/489 失败，重试 3/3
2026-01-16 12:03:39 - app - INFO - [下载任务2]       线程 86/489 失败，重试 2/3
2026-01-16 12:03:39 - app - INFO - [下载任务2]       线程 84/489 失败，重试 3/3
2026-01-16 12:03:39 - app - INFO - [下载任务2]       线程 83/489 失败，重试 3/3
2026-01-16 12:03:44 - app - INFO - [下载任务2]       线程 85/489 开始下载 (840.00 MB-850.00 MB)
2026-01-16 12:03:44 - app - INFO - [下载任务2]       线程 84/489 开始下载 (830.00 MB-840.00 MB)
2026-01-16 12:03:44 - app - INFO - [下载任务2]       线程 86/489 开始下载 (850.00 MB-860.00 MB)
2026-01-16 12:03:44 - app - INFO - [下载任务2]       线程 83/489 开始下载 (820.00 MB-830.00 MB)
2026-01-16 12:03:50 - app - INFO - [下载任务2]       线程 85/489 失败: 状态码: 403
2026-01-16 12:03:50 - app - INFO - [下载任务2]       线程 87/489 开始下载 (860.00 MB-870.00 MB)
2026-01-16 12:03:50 - app - INFO - [下载任务2]       线程 84/489 失败: 状态码: 403
2026-01-16 12:03:50 - app - INFO - [下载任务2]       线程 88/489 开始下载 (870.00 MB-880.00 MB)
2026-01-16 12:03:50 - app - INFO - [下载任务2]       线程 83/489 失败: 状态码: 403
2026-01-16 12:03:50 - app - INFO - [下载任务2]       线程 86/489 失败，重试 3/3
2026-01-16 12:03:50 - app - INFO - [下载任务2]       线程 89/489 开始下载 (880.00 MB-890.00 MB)
2026-01-16 12:03:50 - app - INFO - [下载任务2]       线程 87/489 失败，重试 1/3
2026-01-16 12:03:50 - app - INFO - [下载任务2]       线程 88/489 失败，重试 1/3
2026-01-16 12:03:50 - app - INFO - [下载任务2]       线程 89/489 失败，重试 1/3
2026-01-16 12:03:55 - app - INFO - [下载任务2]       线程 86/489 开始下载 (850.00 MB-860.00 MB)
2026-01-16 12:03:55 - app - INFO - [下载任务2]       线程 87/489 开始下载 (860.00 MB-870.00 MB)
2026-01-16 12:03:55 - app - INFO - [下载任务2]       线程 88/489 开始下载 (870.00 MB-880.00 MB)
2026-01-16 12:03:55 - app - INFO - [下载任务2]       线程 89/489 开始下载 (880.00 MB-890.00 MB)
2026-01-16 12:04:01 - app - INFO - [下载任务2]       线程 86/489 失败: 状态码: 403
2026-01-16 12:04:01 - app - INFO - [下载任务2]       线程 90/489 开始下载 (890.00 MB-900.00 MB)
2026-01-16 12:04:01 - app - INFO - [下载任务2]       线程 88/489 失败，重试 2/3
2026-01-16 12:04:01 - app - INFO - [下载任务2]       线程 87/489 失败，重试 2/3
2026-01-16 12:04:01 - app - INFO - [下载任务2]       线程 89/489 失败，重试 2/3
2026-01-16 12:04:01 - app - INFO - [下载任务2]       线程 90/489 失败，重试 1/3
2026-01-16 12:04:06 - app - INFO - [下载任务2]       线程 88/489 开始下载 (870.00 MB-880.00 MB)
2026-01-16 12:04:06 - app - INFO - [下载任务2]       线程 87/489 开始下载 (860.00 MB-870.00 MB)
2026-01-16 12:04:06 - app - INFO - [下载任务2]       线程 89/489 开始下载 (880.00 MB-890.00 MB)
2026-01-16 12:04:06 - app - INFO - [下载任务2]       线程 90/489 开始下载 (890.00 MB-900.00 MB)
2026-01-16 12:04:12 - app - INFO - [下载任务2]       线程 88/489 失败，重试 3/3
2026-01-16 12:04:12 - app - INFO - [下载任务2]       线程 87/489 失败，重试 3/3
2026-01-16 12:04:12 - app - INFO - [下载任务2]       线程 90/489 失败，重试 2/3
2026-01-16 12:04:12 - app - INFO - [下载任务2]       线程 89/489 失败，重试 3/3
2026-01-16 12:04:17 - app - INFO - [下载任务2]       线程 88/489 开始下载 (870.00 MB-880.00 MB)
2026-01-16 12:04:17 - app - INFO - [下载任务2]       线程 87/489 开始下载 (860.00 MB-870.00 MB)
2026-01-16 12:04:17 - app - INFO - [下载任务2]       线程 90/489 开始下载 (890.00 MB-900.00 MB)
2026-01-16 12:04:17 - app - INFO - [下载任务2]       线程 89/489 开始下载 (880.00 MB-890.00 MB)
2026-01-16 12:04:23 - app - INFO - [下载任务2]       线程 87/489 失败: 状态码: 403
2026-01-16 12:04:23 - app - INFO - [下载任务2]       线程 88/489 失败: 状态码: 403
2026-01-16 12:04:23 - app - INFO - [下载任务2]       线程 91/489 开始下载 (900.00 MB-910.00 MB)
2026-01-16 12:04:23 - app - INFO - [下载任务2]       线程 92/489 开始下载 (910.00 MB-920.00 MB)
2026-01-16 12:04:23 - app - INFO - [下载任务2]       线程 90/489 失败，重试 3/3
2026-01-16 12:04:23 - app - INFO - [下载任务2]       线程 89/489 失败: 状态码: 403
2026-01-16 12:04:23 - app - INFO - [下载任务2]       线程 93/489 开始下载 (920.00 MB-930.00 MB)
2026-01-16 12:04:23 - app - INFO - [下载任务2]       线程 92/489 失败，重试 1/3
2026-01-16 12:04:23 - app - INFO - [下载任务2]       线程 91/489 失败，重试 1/3
2026-01-16 12:04:23 - app - INFO - [下载任务2]       线程 93/489 失败，重试 1/3
2026-01-16 12:04:28 - app - INFO - [下载任务2]       线程 90/489 开始下载 (890.00 MB-900.00 MB)
2026-01-16 12:04:28 - app - INFO - [下载任务2]       线程 92/489 开始下载 (910.00 MB-920.00 MB)
2026-01-16 12:04:28 - app - INFO - [下载任务2]       线程 91/489 开始下载 (900.00 MB-910.00 MB)
2026-01-16 12:04:28 - app - INFO - [下载任务2]       线程 93/489 开始下载 (920.00 MB-930.00 MB)
2026-01-16 12:04:34 - app - INFO - [下载任务2]       线程 92/489 失败，重试 2/3
2026-01-16 12:04:34 - app - INFO - [下载任务2]       线程 93/489 失败，重试 2/3
2026-01-16 12:04:34 - app - INFO - [下载任务2]       线程 90/489 失败: 状态码: 403
2026-01-16 12:04:34 - app - INFO - [下载任务2]       线程 94/489 开始下载 (930.00 MB-940.00 MB)
2026-01-16 12:04:34 - app - INFO - [下载任务2]       线程 91/489 失败，重试 2/3
2026-01-16 12:04:34 - app - INFO - [下载任务2]       线程 94/489 失败，重试 1/3
2026-01-16 12:04:39 - app - INFO - [下载任务2]       线程 93/489 开始下载 (920.00 MB-930.00 MB)
2026-01-16 12:04:39 - app - INFO - [下载任务2]       线程 92/489 开始下载 (910.00 MB-920.00 MB)
2026-01-16 12:04:39 - app - INFO - [下载任务2]       线程 91/489 开始下载 (900.00 MB-910.00 MB)
2026-01-16 12:04:39 - app - INFO - [下载任务2]       线程 94/489 开始下载 (930.00 MB-940.00 MB)
2026-01-16 12:04:45 - app - INFO - [下载任务2]       线程 92/489 失败，重试 3/3
2026-01-16 12:04:45 - app - INFO - [下载任务2]       线程 93/489 失败，重试 3/3
2026-01-16 12:04:45 - app - INFO - [下载任务2]       线程 94/489 失败，重试 2/3
2026-01-16 12:04:45 - app - INFO - [下载任务2]       线程 91/489 失败，重试 3/3
2026-01-16 12:04:50 - app - INFO - [下载任务2]       线程 92/489 开始下载 (910.00 MB-920.00 MB)
2026-01-16 12:04:50 - app - INFO - [下载任务2]       线程 94/489 开始下载 (930.00 MB-940.00 MB)
2026-01-16 12:04:50 - app - INFO - [下载任务2]       线程 93/489 开始下载 (920.00 MB-930.00 MB)
2026-01-16 12:04:50 - app - INFO - [下载任务2]       线程 91/489 开始下载 (900.00 MB-910.00 MB)
2026-01-16 12:04:56 - app - INFO - [下载任务2]       线程 94/489 失败，重试 3/3
2026-01-16 12:04:56 - app - INFO - [下载任务2]       线程 93/489 失败: 状态码: 403
2026-01-16 12:04:56 - app - INFO - [下载任务2]       线程 91/489 失败: 状态码: 403
2026-01-16 12:04:56 - app - INFO - [下载任务2]       线程 95/489 开始下载 (940.00 MB-950.00 MB)
2026-01-16 12:04:56 - app - INFO - [下载任务2]       线程 96/489 开始下载 (950.00 MB-960.00 MB)
2026-01-16 12:04:56 - app - INFO - [下载任务2]       线程 92/489 失败: 状态码: 403
2026-01-16 12:04:56 - app - INFO - [下载任务2]       线程 97/489 开始下载 (960.00 MB-970.00 MB)
2026-01-16 12:04:56 - app - INFO - [下载任务2]       线程 95/489 失败，重试 1/3
2026-01-16 12:04:56 - app - INFO - [下载任务2]       线程 96/489 失败，重试 1/3
2026-01-16 12:04:56 - app - INFO - [下载任务2]       线程 97/489 失败，重试 1/3
2026-01-16 12:05:01 - app - INFO - [下载任务2]       线程 94/489 开始下载 (930.00 MB-940.00 MB)
2026-01-16 12:05:01 - app - INFO - [下载任务2]       线程 95/489 开始下载 (940.00 MB-950.00 MB)
2026-01-16 12:05:01 - app - INFO - [下载任务2]       线程 96/489 开始下载 (950.00 MB-960.00 MB)
2026-01-16 12:05:01 - app - INFO - [下载任务2]       线程 97/489 开始下载 (960.00 MB-970.00 MB)
2026-01-16 12:05:07 - app - INFO - [下载任务2]       线程 96/489 失败，重试 2/3
2026-01-16 12:05:07 - app - INFO - [下载任务2]       线程 94/489 失败: 状态码: 403
2026-01-16 12:05:07 - app - INFO - [下载任务2]       线程 95/489 失败，重试 2/3
2026-01-16 12:05:07 - app - INFO - [下载任务2]       线程 98/489 开始下载 (970.00 MB-980.00 MB)
2026-01-16 12:05:07 - app - INFO - [下载任务2]       线程 97/489 失败，重试 2/3
2026-01-16 12:05:07 - app - INFO - [下载任务2]       线程 98/489 失败，重试 1/3
2026-01-16 12:05:12 - app - INFO - [下载任务2]       线程 96/489 开始下载 (950.00 MB-960.00 MB)
2026-01-16 12:05:12 - app - INFO - [下载任务2]       线程 97/489 开始下载 (960.00 MB-970.00 MB)
2026-01-16 12:05:12 - app - INFO - [下载任务2]       线程 95/489 开始下载 (940.00 MB-950.00 MB)
2026-01-16 12:05:12 - app - INFO - [下载任务2]       线程 98/489 开始下载 (970.00 MB-980.00 MB)
2026-01-16 12:05:18 - app - INFO - [下载任务2]       线程 97/489 失败，重试 3/3
2026-01-16 12:05:18 - app - INFO - [下载任务2]       线程 98/489 失败，重试 2/3
2026-01-16 12:05:18 - app - INFO - [下载任务2]       线程 95/489 失败，重试 3/3
2026-01-16 12:05:19 - app - INFO - [下载任务2]       线程 96/489 失败，重试 3/3
2026-01-16 12:05:23 - app - INFO - [下载任务2]       线程 97/489 开始下载 (960.00 MB-970.00 MB)
2026-01-16 12:05:23 - app - INFO - [下载任务2]       线程 98/489 开始下载 (970.00 MB-980.00 MB)
2026-01-16 12:05:23 - app - INFO - [下载任务2]       线程 95/489 开始下载 (940.00 MB-950.00 MB)
2026-01-16 12:05:24 - app - INFO - [下载任务2]       线程 96/489 开始下载 (950.00 MB-960.00 MB)
2026-01-16 12:05:29 - app - INFO - [下载任务2]       线程 97/489 失败: 状态码: 403
2026-01-16 12:05:29 - app - INFO - [下载任务2]       线程 99/489 开始下载 (980.00 MB-990.00 MB)
2026-01-16 12:05:29 - app - INFO - [下载任务2]       线程 98/489 失败，重试 3/3
2026-01-16 12:05:29 - app - INFO - [下载任务2]       线程 95/489 失败: 状态码: 403
2026-01-16 12:05:29 - app - INFO - [下载任务2]       线程 100/489 开始下载 (990.00 MB-1000.00 MB)
2026-01-16 12:05:29 - app - INFO - [下载任务2]       线程 96/489 失败: 状态码: 403
2026-01-16 12:05:29 - app - INFO - [下载任务2]       线程 101/489 开始下载 (1000.00 MB-1010.00 MB)
2026-01-16 12:05:29 - app - INFO - [下载任务2]       线程 99/489 失败，重试 1/3
2026-01-16 12:05:29 - app - INFO - [下载任务2]       线程 100/489 失败，重试 1/3
2026-01-16 12:05:29 - app - INFO - [下载任务2]       线程 101/489 失败，重试 1/3
2026-01-16 12:05:34 - app - INFO - [下载任务2]       线程 98/489 开始下载 (970.00 MB-980.00 MB)
2026-01-16 12:05:34 - app - INFO - [下载任务2]       线程 99/489 开始下载 (980.00 MB-990.00 MB)
2026-01-16 12:05:34 - app - INFO - [下载任务2]       线程 100/489 开始下载 (990.00 MB-1000.00 MB)
2026-01-16 12:05:34 - app - INFO - [下载任务2]       线程 101/489 开始下载 (1000.00 MB-1010.00 MB)
2026-01-16 12:05:40 - app - INFO - [下载任务2]       线程 98/489 失败: 状态码: 403
2026-01-16 12:05:40 - app - INFO - [下载任务2]       线程 100/489 失败，重试 2/3
2026-01-16 12:05:40 - app - INFO - [下载任务2]       线程 102/489 开始下载 (1010.00 MB-1020.00 MB)
2026-01-16 12:05:40 - app - INFO - [下载任务2]       线程 99/489 失败，重试 2/3
2026-01-16 12:05:40 - app - INFO - [下载任务2]       线程 101/489 失败，重试 2/3
2026-01-16 12:05:40 - app - INFO - [下载任务2]       线程 102/489 失败，重试 1/3
2026-01-16 12:05:45 - app - INFO - [下载任务2]       线程 100/489 开始下载 (990.00 MB-1000.00 MB)
2026-01-16 12:05:45 - app - INFO - [下载任务2]       线程 99/489 开始下载 (980.00 MB-990.00 MB)
2026-01-16 12:05:45 - app - INFO - [下载任务2]       线程 101/489 开始下载 (1000.00 MB-1010.00 MB)
2026-01-16 12:05:45 - app - INFO - [下载任务2]       线程 102/489 开始下载 (1010.00 MB-1020.00 MB)
2026-01-16 12:05:51 - app - INFO - [下载任务2]       线程 99/489 失败，重试 3/3
2026-01-16 12:05:51 - app - INFO - [下载任务2]       线程 100/489 失败，重试 3/3
2026-01-16 12:05:51 - app - INFO - [下载任务2]       线程 101/489 失败，重试 3/3
2026-01-16 12:05:51 - app - INFO - [下载任务2]       线程 102/489 失败，重试 2/3
2026-01-16 12:05:56 - app - INFO - [下载任务2]       线程 102/489 开始下载 (1010.00 MB-1020.00 MB)
2026-01-16 12:05:56 - app - INFO - [下载任务2]       线程 101/489 开始下载 (1000.00 MB-1010.00 MB)
2026-01-16 12:05:56 - app - INFO - [下载任务2]       线程 100/489 开始下载 (990.00 MB-1000.00 MB)
2026-01-16 12:05:56 - app - INFO - [下载任务2]       线程 99/489 开始下载 (980.00 MB-990.00 MB)
2026-01-16 12:06:02 - app - INFO - [下载任务2]       线程 102/489 失败，重试 3/3
2026-01-16 12:06:02 - app - INFO - [下载任务2]       线程 99/489 失败: 状态码: 403
2026-01-16 12:06:02 - app - INFO - [下载任务2]       线程 103/489 开始下载 (1020.00 MB-1.01 GB)
2026-01-16 12:06:02 - app - INFO - [下载任务2]       线程 101/489 失败: 状态码: 403
2026-01-16 12:06:02 - app - INFO - [下载任务2]       线程 104/489 开始下载 (1.01 GB-1.02 GB)
2026-01-16 12:06:02 - app - INFO - [下载任务2]       线程 100/489 失败: 状态码: 403
2026-01-16 12:06:03 - app - INFO - [下载任务2]       线程 105/489 开始下载 (1.02 GB-1.03 GB)
2026-01-16 12:06:03 - app - INFO - [下载任务2]       线程 103/489 失败，重试 1/3
2026-01-16 12:06:03 - app - INFO - [下载任务2]       线程 104/489 失败，重试 1/3
2026-01-16 12:06:03 - app - INFO - [下载任务2]       线程 105/489 失败，重试 1/3
2026-01-16 12:06:07 - app - INFO - [下载任务2]       线程 102/489 开始下载 (1010.00 MB-1020.00 MB)
2026-01-16 12:06:08 - app - INFO - [下载任务2]       线程 103/489 开始下载 (1020.00 MB-1.01 GB)
2026-01-16 12:06:08 - app - INFO - [下载任务2]       线程 104/489 开始下载 (1.01 GB-1.02 GB)
2026-01-16 12:06:08 - app - INFO - [下载任务2]       线程 105/489 开始下载 (1.02 GB-1.03 GB)
2026-01-16 12:06:14 - app - INFO - [下载任务2]       线程 102/489 失败: 状态码: 403
2026-01-16 12:06:14 - app - INFO - [下载任务2]       线程 106/489 开始下载 (1.03 GB-1.04 GB)
2026-01-16 12:06:14 - app - INFO - [下载任务2]       线程 103/489 失败，重试 2/3
2026-01-16 12:06:14 - app - INFO - [下载任务2]       线程 104/489 失败，重试 2/3
2026-01-16 12:06:14 - app - INFO - [下载任务2]       线程 105/489 失败，重试 2/3
2026-01-16 12:06:14 - app - INFO - [下载任务2]       线程 106/489 失败，重试 1/3
2026-01-16 12:06:19 - app - INFO - [下载任务2]       线程 103/489 开始下载 (1020.00 MB-1.01 GB)
2026-01-16 12:06:19 - app - INFO - [下载任务2]       线程 104/489 开始下载 (1.01 GB-1.02 GB)
2026-01-16 12:06:19 - app - INFO - [下载任务2]       线程 105/489 开始下载 (1.02 GB-1.03 GB)
2026-01-16 12:06:19 - app - INFO - [下载任务2]       线程 106/489 开始下载 (1.03 GB-1.04 GB)
2026-01-16 12:06:25 - app - INFO - [下载任务2]       线程 103/489 失败，重试 3/3
2026-01-16 12:06:25 - app - INFO - [下载任务2]       线程 104/489 失败，重试 3/3
2026-01-16 12:06:25 - app - INFO - [下载任务2]       线程 105/489 失败，重试 3/3
2026-01-16 12:06:25 - app - INFO - [下载任务2]       线程 106/489 失败，重试 2/3
2026-01-16 12:06:30 - app - INFO - [下载任务2]       线程 103/489 开始下载 (1020.00 MB-1.01 GB)
2026-01-16 12:06:30 - app - INFO - [下载任务2]       线程 104/489 开始下载 (1.01 GB-1.02 GB)
2026-01-16 12:06:30 - app - INFO - [下载任务2]       线程 105/489 开始下载 (1.02 GB-1.03 GB)
2026-01-16 12:06:30 - app - INFO - [下载任务2]       线程 106/489 开始下载 (1.03 GB-1.04 GB)
2026-01-16 12:06:36 - app - INFO - [下载任务2]       线程 103/489 失败: 状态码: 403
2026-01-16 12:06:36 - app - INFO - [下载任务2]       线程 107/489 开始下载 (1.04 GB-1.04 GB)
2026-01-16 12:06:36 - app - INFO - [下载任务2]       线程 106/489 失败，重试 3/3
2026-01-16 12:06:36 - app - INFO - [下载任务2]       线程 104/489 失败: 状态码: 403
2026-01-16 12:06:36 - app - INFO - [下载任务2]       线程 108/489 开始下载 (1.04 GB-1.05 GB)
2026-01-16 12:06:36 - app - INFO - [下载任务2]       线程 105/489 失败: 状态码: 403
2026-01-16 12:06:36 - app - INFO - [下载任务2]       线程 109/489 开始下载 (1.05 GB-1.06 GB)
2026-01-16 12:06:36 - app - INFO - [下载任务2]       线程 107/489 失败，重试 1/3
2026-01-16 12:06:36 - app - INFO - [下载任务2]       线程 108/489 失败，重试 1/3
2026-01-16 12:06:36 - app - INFO - [下载任务2]       线程 109/489 失败，重试 1/3
2026-01-16 12:06:41 - app - INFO - [下载任务2]       线程 106/489 开始下载 (1.03 GB-1.04 GB)
2026-01-16 12:06:41 - app - INFO - [下载任务2]       线程 107/489 开始下载 (1.04 GB-1.04 GB)
2026-01-16 12:06:41 - app - INFO - [下载任务2]       线程 108/489 开始下载 (1.04 GB-1.05 GB)
2026-01-16 12:06:41 - app - INFO - [下载任务2]       线程 109/489 开始下载 (1.05 GB-1.06 GB)
2026-01-16 12:06:47 - app - INFO - [下载任务2]       线程 106/489 失败: 状态码: 403
2026-01-16 12:06:47 - app - INFO - [下载任务2]       线程 110/489 开始下载 (1.06 GB-1.07 GB)
2026-01-16 12:06:47 - app - INFO - [下载任务2]       线程 107/489 失败，重试 2/3
2026-01-16 12:06:47 - app - INFO - [下载任务2]       线程 108/489 失败，重试 2/3
2026-01-16 12:06:47 - app - INFO - [下载任务2]       线程 109/489 失败，重试 2/3
2026-01-16 12:06:47 - app - INFO - [下载任务2]       线程 110/489 失败，重试 1/3
2026-01-16 12:06:52 - app - INFO - [下载任务2]       线程 108/489 开始下载 (1.04 GB-1.05 GB)
2026-01-16 12:06:52 - app - INFO - [下载任务2]       线程 107/489 开始下载 (1.04 GB-1.04 GB)
2026-01-16 12:06:52 - app - INFO - [下载任务2]       线程 109/489 开始下载 (1.05 GB-1.06 GB)
2026-01-16 12:06:52 - app - INFO - [下载任务2]       线程 110/489 开始下载 (1.06 GB-1.07 GB)
2026-01-16 12:06:58 - app - INFO - [下载任务2]       线程 107/489 失败，重试 3/3
2026-01-16 12:06:58 - app - INFO - [下载任务2]       线程 108/489 失败，重试 3/3
2026-01-16 12:06:58 - app - INFO - [下载任务2]       线程 109/489 失败，重试 3/3
2026-01-16 12:06:58 - app - INFO - [下载任务2]       线程 110/489 失败，重试 2/3
2026-01-16 12:07:03 - app - INFO - [下载任务2]       线程 109/489 开始下载 (1.05 GB-1.06 GB)
2026-01-16 12:07:03 - app - INFO - [下载任务2]       线程 107/489 开始下载 (1.04 GB-1.04 GB)
2026-01-16 12:07:03 - app - INFO - [下载任务2]       线程 108/489 开始下载 (1.04 GB-1.05 GB)
2026-01-16 12:07:03 - app - INFO - [下载任务2]       线程 110/489 开始下载 (1.06 GB-1.07 GB)
2026-01-16 12:07:09 - app - INFO - [下载任务2]       线程 109/489 失败: 状态码: 403
2026-01-16 12:07:09 - app - INFO - [下载任务2]       线程 111/489 开始下载 (1.07 GB-1.08 GB)
2026-01-16 12:07:09 - app - INFO - [下载任务2]       线程 107/489 失败: 状态码: 403
2026-01-16 12:07:09 - app - INFO - [下载任务2]       线程 108/489 失败: 状态码: 403
2026-01-16 12:07:09 - app - INFO - [下载任务2]       线程 112/489 开始下载 (1.08 GB-1.09 GB)
2026-01-16 12:07:09 - app - INFO - [下载任务2]       线程 113/489 开始下载 (1.09 GB-1.10 GB)
2026-01-16 12:07:09 - app - INFO - [下载任务2]       线程 110/489 失败，重试 3/3
2026-01-16 12:07:09 - app - INFO - [下载任务2]       线程 111/489 失败，重试 1/3
2026-01-16 12:07:09 - app - INFO - [下载任务2]       线程 112/489 失败，重试 1/3
2026-01-16 12:07:09 - app - INFO - [下载任务2]       线程 113/489 失败，重试 1/3
2026-01-16 12:07:14 - app - INFO - [下载任务2]       线程 110/489 开始下载 (1.06 GB-1.07 GB)
2026-01-16 12:07:14 - app - INFO - [下载任务2]       线程 111/489 开始下载 (1.07 GB-1.08 GB)
2026-01-16 12:07:14 - app - INFO - [下载任务2]       线程 113/489 开始下载 (1.09 GB-1.10 GB)
2026-01-16 12:07:14 - app - INFO - [下载任务2]       线程 112/489 开始下载 (1.08 GB-1.09 GB)
2026-01-16 12:07:20 - app - INFO - [下载任务2]       线程 110/489 失败: 状态码: 403
2026-01-16 12:07:20 - app - INFO - [下载任务2]       线程 113/489 失败，重试 2/3
2026-01-16 12:07:20 - app - INFO - [下载任务2]       线程 111/489 失败，重试 2/3
2026-01-16 12:07:20 - app - INFO - [下载任务2]       线程 114/489 开始下载 (1.10 GB-1.11 GB)
2026-01-16 12:07:20 - app - INFO - [下载任务2]       线程 112/489 失败，重试 2/3
2026-01-16 12:07:20 - app - INFO - [下载任务2]       线程 114/489 失败，重试 1/3
2026-01-16 12:07:25 - app - INFO - [下载任务2]       线程 111/489 开始下载 (1.07 GB-1.08 GB)
2026-01-16 12:07:25 - app - INFO - [下载任务2]       线程 113/489 开始下载 (1.09 GB-1.10 GB)
2026-01-16 12:07:25 - app - INFO - [下载任务2]       线程 112/489 开始下载 (1.08 GB-1.09 GB)
2026-01-16 12:07:25 - app - INFO - [下载任务2]       线程 114/489 开始下载 (1.10 GB-1.11 GB)
2026-01-16 12:07:31 - app - INFO - [下载任务2]       线程 112/489 失败，重试 3/3
2026-01-16 12:07:31 - app - INFO - [下载任务2]       线程 113/489 失败，重试 3/3
2026-01-16 12:07:31 - app - INFO - [下载任务2]       线程 114/489 失败，重试 2/3
2026-01-16 12:07:31 - app - INFO - [下载任务2]       线程 111/489 失败，重试 3/3
2026-01-16 12:07:36 - app - INFO - [下载任务2]       线程 114/489 开始下载 (1.10 GB-1.11 GB)
2026-01-16 12:07:36 - app - INFO - [下载任务2]       线程 112/489 开始下载 (1.08 GB-1.09 GB)
2026-01-16 12:07:36 - app - INFO - [下载任务2]       线程 113/489 开始下载 (1.09 GB-1.10 GB)
2026-01-16 12:07:36 - app - INFO - [下载任务2]       线程 111/489 开始下载 (1.07 GB-1.08 GB)
2026-01-16 12:07:42 - app - INFO - [下载任务2]       线程 113/489 失败: 状态码: 403
2026-01-16 12:07:42 - app - INFO - [下载任务2]       线程 114/489 失败，重试 3/3
2026-01-16 12:07:42 - app - INFO - [下载任务2]       线程 115/489 开始下载 (1.11 GB-1.12 GB)
2026-01-16 12:07:42 - app - INFO - [下载任务2]       线程 112/489 失败: 状态码: 403
2026-01-16 12:07:42 - app - INFO - [下载任务2]       线程 111/489 失败: 状态码: 403
2026-01-16 12:07:42 - app - INFO - [下载任务2]       线程 116/489 开始下载 (1.12 GB-1.13 GB)
2026-01-16 12:07:42 - app - INFO - [下载任务2]       线程 117/489 开始下载 (1.13 GB-1.14 GB)
2026-01-16 12:07:42 - app - INFO - [下载任务2]       线程 115/489 失败，重试 1/3
2026-01-16 12:07:42 - app - INFO - [下载任务2]       线程 116/489 失败，重试 1/3
2026-01-16 12:07:42 - app - INFO - [下载任务2]       线程 117/489 失败，重试 1/3
2026-01-16 12:07:47 - app - INFO - [下载任务2]       线程 114/489 开始下载 (1.10 GB-1.11 GB)
2026-01-16 12:07:47 - app - INFO - [下载任务2]       线程 115/489 开始下载 (1.11 GB-1.12 GB)
2026-01-16 12:07:47 - app - INFO - [下载任务2]       线程 116/489 开始下载 (1.12 GB-1.13 GB)
2026-01-16 12:07:47 - app - INFO - [下载任务2]       线程 117/489 开始下载 (1.13 GB-1.14 GB)
2026-01-16 12:07:53 - app - INFO - [下载任务2]       线程 114/489 失败: 状态码: 403
2026-01-16 12:07:53 - app - INFO - [下载任务2]       线程 118/489 开始下载 (1.14 GB-1.15 GB)
2026-01-16 12:07:53 - app - INFO - [下载任务2]       线程 115/489 失败，重试 2/3
2026-01-16 12:07:53 - app - INFO - [下载任务2]       线程 116/489 失败，重试 2/3
2026-01-16 12:07:53 - app - INFO - [下载任务2]       线程 117/489 失败，重试 2/3
2026-01-16 12:07:53 - app - INFO - [下载任务2]       线程 118/489 失败，重试 1/3
2026-01-16 12:07:58 - app - INFO - [下载任务2]       线程 115/489 开始下载 (1.11 GB-1.12 GB)
2026-01-16 12:07:58 - app - INFO - [下载任务2]       线程 117/489 开始下载 (1.13 GB-1.14 GB)
2026-01-16 12:07:58 - app - INFO - [下载任务2]       线程 116/489 开始下载 (1.12 GB-1.13 GB)
2026-01-16 12:07:58 - app - INFO - [下载任务2]       线程 118/489 开始下载 (1.14 GB-1.15 GB)
2026-01-16 12:08:04 - app - INFO - [下载任务2]       线程 115/489 失败，重试 3/3
2026-01-16 12:08:04 - app - INFO - [下载任务2]       线程 116/489 失败，重试 3/3
2026-01-16 12:08:04 - app - INFO - [下载任务2]       线程 118/489 失败，重试 2/3
2026-01-16 12:08:04 - app - INFO - [下载任务2]       线程 117/489 失败，重试 3/3
2026-01-16 12:08:09 - app - INFO - [下载任务2]       线程 116/489 开始下载 (1.12 GB-1.13 GB)
2026-01-16 12:08:09 - app - INFO - [下载任务2]       线程 115/489 开始下载 (1.11 GB-1.12 GB)
2026-01-16 12:08:09 - app - INFO - [下载任务2]       线程 117/489 开始下载 (1.13 GB-1.14 GB)
2026-01-16 12:08:09 - app - INFO - [下载任务2]       线程 118/489 开始下载 (1.14 GB-1.15 GB)
2026-01-16 12:08:15 - app - INFO - [下载任务2]       线程 117/489 失败: 状态码: 403
2026-01-16 12:08:15 - app - INFO - [下载任务2]       线程 115/489 失败: 状态码: 403
2026-01-16 12:08:15 - app - INFO - [下载任务2]       线程 118/489 失败，重试 3/3
2026-01-16 12:08:15 - app - INFO - [下载任务2]       线程 116/489 失败: 状态码: 403
2026-01-16 12:08:15 - app - INFO - [下载任务2]       线程 119/489 开始下载 (1.15 GB-1.16 GB)
2026-01-16 12:08:15 - app - INFO - [下载任务2]       线程 120/489 开始下载 (1.16 GB-1.17 GB)
2026-01-16 12:08:15 - app - INFO - [下载任务2]       线程 121/489 开始下载 (1.17 GB-1.18 GB)
2026-01-16 12:08:15 - app - INFO - [下载任务2]       线程 120/489 失败，重试 1/3
2026-01-16 12:08:15 - app - INFO - [下载任务2]       线程 119/489 失败，重试 1/3
2026-01-16 12:08:15 - app - INFO - [下载任务2]       线程 121/489 失败，重试 1/3
2026-01-16 12:08:20 - app - INFO - [下载任务2]       线程 118/489 开始下载 (1.14 GB-1.15 GB)
2026-01-16 12:08:20 - app - INFO - [下载任务2]       线程 120/489 开始下载 (1.16 GB-1.17 GB)
2026-01-16 12:08:20 - app - INFO - [下载任务2]       线程 121/489 开始下载 (1.17 GB-1.18 GB)
2026-01-16 12:08:20 - app - INFO - [下载任务2]       线程 119/489 开始下载 (1.15 GB-1.16 GB)
2026-01-16 12:08:26 - app - INFO - [下载任务2]       线程 118/489 失败: 状态码: 403
2026-01-16 12:08:26 - app - INFO - [下载任务2]       线程 122/489 开始下载 (1.18 GB-1.19 GB)
2026-01-16 12:08:26 - app - INFO - [下载任务2]       线程 120/489 失败，重试 2/3
2026-01-16 12:08:26 - app - INFO - [下载任务2]       线程 119/489 失败，重试 2/3
2026-01-16 12:08:26 - app - INFO - [下载任务2]       线程 121/489 失败，重试 2/3
2026-01-16 12:08:26 - app - INFO - [下载任务2]       线程 122/489 失败，重试 1/3
2026-01-16 12:08:31 - app - INFO - [下载任务2]       线程 120/489 开始下载 (1.16 GB-1.17 GB)
2026-01-16 12:08:31 - app - INFO - [下载任务2]       线程 121/489 开始下载 (1.17 GB-1.18 GB)
2026-01-16 12:08:31 - app - INFO - [下载任务2]       线程 119/489 开始下载 (1.15 GB-1.16 GB)
2026-01-16 12:08:31 - app - INFO - [下载任务2]       线程 122/489 开始下载 (1.18 GB-1.19 GB)
2026-01-16 12:08:37 - app - INFO - [下载任务2]       线程 121/489 失败，重试 3/3
2026-01-16 12:08:37 - app - INFO - [下载任务2]       线程 119/489 失败，重试 3/3
2026-01-16 12:08:37 - app - INFO - [下载任务2]       线程 122/489 失败，重试 2/3
2026-01-16 12:08:37 - app - INFO - [下载任务2]       线程 120/489 失败，重试 3/3
2026-01-16 12:08:42 - app - INFO - [下载任务2]       线程 121/489 开始下载 (1.17 GB-1.18 GB)
2026-01-16 12:08:42 - app - INFO - [下载任务2]       线程 119/489 开始下载 (1.15 GB-1.16 GB)
2026-01-16 12:08:42 - app - INFO - [下载任务2]       线程 120/489 开始下载 (1.16 GB-1.17 GB)
2026-01-16 12:08:42 - app - INFO - [下载任务2]       线程 122/489 开始下载 (1.18 GB-1.19 GB)
2026-01-16 12:08:48 - app - INFO - [下载任务2]       线程 121/489 失败: 状态码: 403
2026-01-16 12:08:48 - app - INFO - [下载任务2]       线程 123/489 开始下载 (1.19 GB-1.20 GB)
2026-01-16 12:08:48 - app - INFO - [下载任务2]       线程 119/489 失败: 状态码: 403
2026-01-16 12:08:48 - app - INFO - [下载任务2]       线程 124/489 开始下载 (1.20 GB-1.21 GB)
2026-01-16 12:08:48 - app - INFO - [下载任务2]       线程 122/489 失败，重试 3/3
2026-01-16 12:08:48 - app - INFO - [下载任务2]       线程 120/489 失败: 状态码: 403
2026-01-16 12:08:48 - app - INFO - [下载任务2]       线程 125/489 开始下载 (1.21 GB-1.22 GB)
2026-01-16 12:08:49 - app - INFO - [下载任务2]       线程 123/489 失败，重试 1/3
2026-01-16 12:08:49 - app - INFO - [下载任务2]       线程 124/489 失败，重试 1/3
2026-01-16 12:08:49 - app - INFO - [下载任务2]       线程 125/489 失败，重试 1/3
2026-01-16 12:08:53 - app - INFO - [下载任务2]       线程 122/489 开始下载 (1.18 GB-1.19 GB)
2026-01-16 12:08:54 - app - INFO - [下载任务2]       线程 123/489 开始下载 (1.19 GB-1.20 GB)
2026-01-16 12:08:54 - app - INFO - [下载任务2]       线程 124/489 开始下载 (1.20 GB-1.21 GB)
2026-01-16 12:08:54 - app - INFO - [下载任务2]       线程 125/489 开始下载 (1.21 GB-1.22 GB)
2026-01-16 12:08:59 - app - INFO - [下载任务2]       线程 124/489 失败，重试 2/3
2026-01-16 12:08:59 - app - INFO - [下载任务2]       线程 122/489 失败: 状态码: 403
2026-01-16 12:08:59 - app - INFO - [下载任务2]       线程 126/489 开始下载 (1.22 GB-1.23 GB)
2026-01-16 12:08:59 - app - INFO - [下载任务2]       线程 123/489 失败，重试 2/3
2026-01-16 12:08:59 - app - INFO - [下载任务2]       线程 125/489 失败，重试 2/3
2026-01-16 12:09:00 - app - INFO - [下载任务2]       线程 126/489 失败，重试 1/3
2026-01-16 12:09:04 - app - INFO - [下载任务2]       线程 124/489 开始下载 (1.20 GB-1.21 GB)
2026-01-16 12:09:04 - app - INFO - [下载任务2]       线程 125/489 开始下载 (1.21 GB-1.22 GB)
2026-01-16 12:09:05 - app - INFO - [下载任务2]       线程 123/489 开始下载 (1.19 GB-1.20 GB)
2026-01-16 12:09:05 - app - INFO - [下载任务2]       线程 126/489 开始下载 (1.22 GB-1.23 GB)
2026-01-16 12:09:11 - app - INFO - [下载任务2]       线程 124/489 失败，重试 3/3
2026-01-16 12:09:11 - app - INFO - [下载任务2]       线程 125/489 失败，重试 3/3
2026-01-16 12:09:11 - app - INFO - [下载任务2]       线程 123/489 失败，重试 3/3
2026-01-16 12:09:11 - app - INFO - [下载任务2]       线程 126/489 失败，重试 2/3
2026-01-16 12:09:16 - app - INFO - [下载任务2]       线程 124/489 开始下载 (1.20 GB-1.21 GB)
2026-01-16 12:09:16 - app - INFO - [下载任务2]       线程 125/489 开始下载 (1.21 GB-1.22 GB)
2026-01-16 12:09:16 - app - INFO - [下载任务2]       线程 123/489 开始下载 (1.19 GB-1.20 GB)
2026-01-16 12:09:16 - app - INFO - [下载任务2]       线程 126/489 开始下载 (1.22 GB-1.23 GB)
2026-01-16 12:09:22 - app - INFO - [下载任务2]       线程 123/489 失败: 状态码: 403
2026-01-16 12:09:22 - app - INFO - [下载任务2]       线程 127/489 开始下载 (1.23 GB-1.24 GB)
2026-01-16 12:09:22 - app - INFO - [下载任务2]       线程 124/489 失败: 状态码: 403
2026-01-16 12:09:22 - app - INFO - [下载任务2]       线程 125/489 失败: 状态码: 403
2026-01-16 12:09:22 - app - INFO - [下载任务2]       线程 126/489 失败，重试 3/3
2026-01-16 12:09:22 - app - INFO - [下载任务2]       线程 128/489 开始下载 (1.24 GB-1.25 GB)
2026-01-16 12:09:22 - app - INFO - [下载任务2]       线程 129/489 开始下载 (1.25 GB-1.26 GB)
2026-01-16 12:09:22 - app - INFO - [下载任务2]       线程 127/489 失败，重试 1/3
2026-01-16 12:09:22 - app - INFO - [下载任务2]       线程 129/489 失败，重试 1/3
2026-01-16 12:09:22 - app - INFO - [下载任务2]       线程 128/489 失败，重试 1/3
2026-01-16 12:09:27 - app - INFO - [下载任务2]       线程 126/489 开始下载 (1.22 GB-1.23 GB)
2026-01-16 12:09:27 - app - INFO - [下载任务2]       线程 127/489 开始下载 (1.23 GB-1.24 GB)
2026-01-16 12:09:27 - app - INFO - [下载任务2]       线程 129/489 开始下载 (1.25 GB-1.26 GB)
2026-01-16 12:09:27 - app - INFO - [下载任务2]       线程 128/489 开始下载 (1.24 GB-1.25 GB)
2026-01-16 12:09:33 - app - INFO - [下载任务2]       线程 127/489 失败，重试 2/3
2026-01-16 12:09:33 - app - INFO - [下载任务2]       线程 128/489 失败，重试 2/3
2026-01-16 12:09:33 - app - INFO - [下载任务2]       线程 126/489 失败: 状态码: 403
2026-01-16 12:09:33 - app - INFO - [下载任务2]       线程 130/489 开始下载 (1.26 GB-1.27 GB)
2026-01-16 12:09:33 - app - INFO - [下载任务2]       线程 129/489 失败，重试 2/3
2026-01-16 12:09:33 - app - INFO - [下载任务2]       线程 130/489 失败，重试 1/3
2026-01-16 12:09:38 - app - INFO - [下载任务2]       线程 127/489 开始下载 (1.23 GB-1.24 GB)
2026-01-16 12:09:38 - app - INFO - [下载任务2]       线程 128/489 开始下载 (1.24 GB-1.25 GB)
2026-01-16 12:09:38 - app - INFO - [下载任务2]       线程 129/489 开始下载 (1.25 GB-1.26 GB)
2026-01-16 12:09:38 - app - INFO - [下载任务2]       线程 130/489 开始下载 (1.26 GB-1.27 GB)
2026-01-16 12:09:44 - app - INFO - [下载任务2]       线程 130/489 失败，重试 2/3
2026-01-16 12:09:44 - app - INFO - [下载任务2]       线程 128/489 失败，重试 3/3
2026-01-16 12:09:44 - app - INFO - [下载任务2]       线程 127/489 失败，重试 3/3
2026-01-16 12:09:44 - app - INFO - [下载任务2]       线程 129/489 失败，重试 3/3
2026-01-16 12:09:49 - app - INFO - [下载任务2]       线程 130/489 开始下载 (1.26 GB-1.27 GB)
2026-01-16 12:09:49 - app - INFO - [下载任务2]       线程 129/489 开始下载 (1.25 GB-1.26 GB)
2026-01-16 12:09:49 - app - INFO - [下载任务2]       线程 128/489 开始下载 (1.24 GB-1.25 GB)
2026-01-16 12:09:49 - app - INFO - [下载任务2]       线程 127/489 开始下载 (1.23 GB-1.24 GB)
2026-01-16 12:09:55 - app - INFO - [下载任务2]       线程 129/489 失败: 状态码: 403
2026-01-16 12:09:55 - app - INFO - [下载任务2]       线程 131/489 开始下载 (1.27 GB-1.28 GB)
2026-01-16 12:09:55 - app - INFO - [下载任务2]       线程 130/489 失败，重试 3/3
2026-01-16 12:09:55 - app - INFO - [下载任务2]       线程 127/489 失败: 状态码: 403
2026-01-16 12:09:55 - app - INFO - [下载任务2]       线程 132/489 开始下载 (1.28 GB-1.29 GB)
2026-01-16 12:09:55 - app - INFO - [下载任务2]       线程 128/489 失败: 状态码: 403
2026-01-16 12:09:55 - app - INFO - [下载任务2]       线程 133/489 开始下载 (1.29 GB-1.30 GB)
2026-01-16 12:09:55 - app - INFO - [下载任务2]       线程 131/489 失败，重试 1/3
2026-01-16 12:09:55 - app - INFO - [下载任务2]       线程 132/489 失败，重试 1/3
2026-01-16 12:09:55 - app - INFO - [下载任务2]       线程 133/489 失败，重试 1/3
2026-01-16 12:10:00 - app - INFO - [下载任务2]       线程 130/489 开始下载 (1.26 GB-1.27 GB)
2026-01-16 12:10:00 - app - INFO - [下载任务2]       线程 131/489 开始下载 (1.27 GB-1.28 GB)
2026-01-16 12:10:00 - app - INFO - [下载任务2]       线程 132/489 开始下载 (1.28 GB-1.29 GB)
2026-01-16 12:10:00 - app - INFO - [下载任务2]       线程 133/489 开始下载 (1.29 GB-1.30 GB)
2026-01-16 12:10:06 - app - INFO - [下载任务2]       线程 132/489 失败，重试 2/3
2026-01-16 12:10:06 - app - INFO - [下载任务2]       线程 130/489 失败: 状态码: 403
2026-01-16 12:10:06 - app - INFO - [下载任务2]       线程 134/489 开始下载 (1.30 GB-1.31 GB)
2026-01-16 12:10:06 - app - INFO - [下载任务2]       线程 131/489 失败，重试 2/3
2026-01-16 12:10:06 - app - INFO - [下载任务2]       线程 133/489 失败，重试 2/3
2026-01-16 12:10:06 - app - INFO - [下载任务2]       线程 134/489 失败，重试 1/3
2026-01-16 12:10:11 - app - INFO - [下载任务2]       线程 132/489 开始下载 (1.28 GB-1.29 GB)
2026-01-16 12:10:11 - app - INFO - [下载任务2]       线程 131/489 开始下载 (1.27 GB-1.28 GB)
2026-01-16 12:10:11 - app - INFO - [下载任务2]       线程 133/489 开始下载 (1.29 GB-1.30 GB)
2026-01-16 12:10:11 - app - INFO - [下载任务2]       线程 134/489 开始下载 (1.30 GB-1.31 GB)
2026-01-16 12:10:17 - app - INFO - [下载任务2]       线程 132/489 失败，重试 3/3
2026-01-16 12:10:17 - app - INFO - [下载任务2]       线程 134/489 失败，重试 2/3
2026-01-16 12:10:17 - app - INFO - [下载任务2]       线程 131/489 失败，重试 3/3
2026-01-16 12:10:17 - app - INFO - [下载任务2]       线程 133/489 失败，重试 3/3
2026-01-16 12:10:22 - app - INFO - [下载任务2]       线程 132/489 开始下载 (1.28 GB-1.29 GB)
2026-01-16 12:10:22 - app - INFO - [下载任务2]       线程 131/489 开始下载 (1.27 GB-1.28 GB)
2026-01-16 12:10:22 - app - INFO - [下载任务2]       线程 134/489 开始下载 (1.30 GB-1.31 GB)
2026-01-16 12:10:22 - app - INFO - [下载任务2]       线程 133/489 开始下载 (1.29 GB-1.30 GB)
2026-01-16 12:10:28 - app - INFO - [下载任务2]       线程 131/489 失败: 状态码: 403
2026-01-16 12:10:28 - app - INFO - [下载任务2]       线程 135/489 开始下载 (1.31 GB-1.32 GB)
2026-01-16 12:10:28 - app - INFO - [下载任务2]       线程 134/489 失败，重试 3/3
2026-01-16 12:10:28 - app - INFO - [下载任务2]       线程 133/489 失败: 状态码: 403
2026-01-16 12:10:28 - app - INFO - [下载任务2]       线程 136/489 开始下载 (1.32 GB-1.33 GB)
2026-01-16 12:10:28 - app - INFO - [下载任务2]       线程 132/489 失败: 状态码: 403
2026-01-16 12:10:28 - app - INFO - [下载任务2]       线程 137/489 开始下载 (1.33 GB-1.34 GB)
2026-01-16 12:10:28 - app - INFO - [下载任务2]       线程 135/489 失败，重试 1/3
2026-01-16 12:10:28 - app - INFO - [下载任务2]       线程 136/489 失败，重试 1/3
2026-01-16 12:10:28 - app - INFO - [下载任务2]       线程 137/489 失败，重试 1/3
2026-01-16 12:10:33 - app - INFO - [下载任务2]       线程 134/489 开始下载 (1.30 GB-1.31 GB)
2026-01-16 12:10:33 - app - INFO - [下载任务2]       线程 135/489 开始下载 (1.31 GB-1.32 GB)
2026-01-16 12:10:33 - app - INFO - [下载任务2]       线程 136/489 开始下载 (1.32 GB-1.33 GB)
2026-01-16 12:10:33 - app - INFO - [下载任务2]       线程 137/489 开始下载 (1.33 GB-1.34 GB)
2026-01-16 12:10:39 - app - INFO - [下载任务2]       线程 134/489 失败: 状态码: 403
2026-01-16 12:10:39 - app - INFO - [下载任务2]       线程 135/489 失败，重试 2/3
2026-01-16 12:10:39 - app - INFO - [下载任务2]       线程 138/489 开始下载 (1.34 GB-1.35 GB)
2026-01-16 12:10:39 - app - INFO - [下载任务2]       线程 136/489 失败，重试 2/3
2026-01-16 12:10:39 - app - INFO - [下载任务2]       线程 137/489 失败，重试 2/3
2026-01-16 12:10:39 - app - INFO - [下载任务2]       线程 138/489 失败，重试 1/3
2026-01-16 12:10:44 - app - INFO - [下载任务2]       线程 136/489 开始下载 (1.32 GB-1.33 GB)
2026-01-16 12:10:44 - app - INFO - [下载任务2]       线程 135/489 开始下载 (1.31 GB-1.32 GB)
2026-01-16 12:10:44 - app - INFO - [下载任务2]       线程 137/489 开始下载 (1.33 GB-1.34 GB)
2026-01-16 12:10:44 - app - INFO - [下载任务2]       线程 138/489 开始下载 (1.34 GB-1.35 GB)
2026-01-16 12:10:50 - app - INFO - [下载任务2]       线程 135/489 失败，重试 3/3
2026-01-16 12:10:50 - app - INFO - [下载任务2]       线程 136/489 失败，重试 3/3
2026-01-16 12:10:50 - app - INFO - [下载任务2]       线程 137/489 失败，重试 3/3
2026-01-16 12:10:50 - app - INFO - [下载任务2]       线程 138/489 失败，重试 2/3
2026-01-16 12:10:55 - app - INFO - [下载任务2]       线程 135/489 开始下载 (1.31 GB-1.32 GB)
2026-01-16 12:10:55 - app - INFO - [下载任务2]       线程 136/489 开始下载 (1.32 GB-1.33 GB)
2026-01-16 12:10:55 - app - INFO - [下载任务2]       线程 137/489 开始下载 (1.33 GB-1.34 GB)
2026-01-16 12:10:55 - app - INFO - [下载任务2]       线程 138/489 开始下载 (1.34 GB-1.35 GB)
2026-01-16 12:11:01 - app - INFO - [下载任务2]       线程 135/489 失败: 状态码: 403
2026-01-16 12:11:01 - app - INFO - [下载任务2]       线程 139/489 开始下载 (1.35 GB-1.36 GB)
2026-01-16 12:11:01 - app - INFO - [下载任务2]       线程 138/489 失败，重试 3/3
2026-01-16 12:11:01 - app - INFO - [下载任务2]       线程 137/489 失败: 状态码: 403
2026-01-16 12:11:01 - app - INFO - [下载任务2]       线程 140/489 开始下载 (1.36 GB-1.37 GB)
2026-01-16 12:11:01 - app - INFO - [下载任务2]       线程 136/489 失败: 状态码: 403
2026-01-16 12:11:01 - app - INFO - [下载任务2]       线程 141/489 开始下载 (1.37 GB-1.38 GB)
2026-01-16 12:11:01 - app - INFO - [下载任务2]       线程 139/489 失败，重试 1/3
2026-01-16 12:11:01 - app - INFO - [下载任务2]       线程 140/489 失败，重试 1/3
2026-01-16 12:11:01 - app - INFO - [下载任务2]       线程 141/489 失败，重试 1/3
2026-01-16 12:11:06 - app - INFO - [下载任务2]       线程 138/489 开始下载 (1.34 GB-1.35 GB)
2026-01-16 12:11:06 - app - INFO - [下载任务2]       线程 139/489 开始下载 (1.35 GB-1.36 GB)
2026-01-16 12:11:06 - app - INFO - [下载任务2]       线程 140/489 开始下载 (1.36 GB-1.37 GB)
2026-01-16 12:11:06 - app - INFO - [下载任务2]       线程 141/489 开始下载 (1.37 GB-1.38 GB)
2026-01-16 12:11:12 - app - INFO - [下载任务2]       线程 138/489 失败: 状态码: 403
2026-01-16 12:11:12 - app - INFO - [下载任务2]       线程 142/489 开始下载 (1.38 GB-1.39 GB)
2026-01-16 12:11:12 - app - INFO - [下载任务2]       线程 139/489 失败，重试 2/3
2026-01-16 12:11:12 - app - INFO - [下载任务2]       线程 140/489 失败，重试 2/3
2026-01-16 12:11:12 - app - INFO - [下载任务2]       线程 141/489 失败，重试 2/3
2026-01-16 12:11:12 - app - INFO - [下载任务2]       线程 142/489 失败，重试 1/3
2026-01-16 12:11:17 - app - INFO - [下载任务2]       线程 140/489 开始下载 (1.36 GB-1.37 GB)
2026-01-16 12:11:17 - app - INFO - [下载任务2]       线程 139/489 开始下载 (1.35 GB-1.36 GB)
2026-01-16 12:11:17 - app - INFO - [下载任务2]       线程 141/489 开始下载 (1.37 GB-1.38 GB)
2026-01-16 12:11:17 - app - INFO - [下载任务2]       线程 142/489 开始下载 (1.38 GB-1.39 GB)
2026-01-16 12:11:23 - app - INFO - [下载任务2]       线程 140/489 失败，重试 3/3
2026-01-16 12:11:23 - app - INFO - [下载任务2]       线程 139/489 失败，重试 3/3
2026-01-16 12:11:23 - app - INFO - [下载任务2]       线程 142/489 失败，重试 2/3
2026-01-16 12:11:24 - app - INFO - [下载任务2]       线程 141/489 失败，重试 3/3
2026-01-16 12:11:28 - app - INFO - [下载任务2]       线程 140/489 开始下载 (1.36 GB-1.37 GB)
2026-01-16 12:11:28 - app - INFO - [下载任务2]       线程 139/489 开始下载 (1.35 GB-1.36 GB)
2026-01-16 12:11:28 - app - INFO - [下载任务2]       线程 142/489 开始下载 (1.38 GB-1.39 GB)
2026-01-16 12:11:29 - app - INFO - [下载任务2]       线程 141/489 开始下载 (1.37 GB-1.38 GB)
2026-01-16 12:11:34 - app - INFO - [下载任务2]       线程 140/489 失败: 状态码: 403
2026-01-16 12:11:34 - app - INFO - [下载任务2]       线程 143/489 开始下载 (1.39 GB-1.40 GB)
2026-01-16 12:11:34 - app - INFO - [下载任务2]       线程 142/489 失败，重试 3/3
2026-01-16 12:11:34 - app - INFO - [下载任务2]       线程 139/489 失败: 状态码: 403
2026-01-16 12:11:34 - app - INFO - [下载任务2]       线程 141/489 失败: 状态码: 403
2026-01-16 12:11:34 - app - INFO - [下载任务2]       线程 144/489 开始下载 (1.40 GB-1.41 GB)
2026-01-16 12:11:34 - app - INFO - [下载任务2]       线程 145/489 开始下载 (1.41 GB-1.42 GB)
2026-01-16 12:11:34 - app - INFO - [下载任务2]       线程 143/489 失败，重试 1/3
2026-01-16 12:11:34 - app - INFO - [下载任务2]       线程 144/489 失败，重试 1/3
2026-01-16 12:11:35 - app - INFO - [下载任务2]       线程 145/489 失败，重试 1/3
2026-01-16 12:11:39 - app - INFO - [下载任务2]       线程 142/489 开始下载 (1.38 GB-1.39 GB)
2026-01-16 12:11:39 - app - INFO - [下载任务2]       线程 143/489 开始下载 (1.39 GB-1.40 GB)
2026-01-16 12:11:40 - app - INFO - [下载任务2]       线程 144/489 开始下载 (1.40 GB-1.41 GB)
2026-01-16 12:11:40 - app - INFO - [下载任务2]       线程 145/489 开始下载 (1.41 GB-1.42 GB)
2026-01-16 12:11:45 - app - INFO - [下载任务2]       线程 142/489 失败: 状态码: 403
2026-01-16 12:11:45 - app - INFO - [下载任务2]       线程 146/489 开始下载 (1.42 GB-1.43 GB)
2026-01-16 12:11:45 - app - INFO - [下载任务2]       线程 143/489 失败，重试 2/3
2026-01-16 12:11:45 - app - INFO - [下载任务2]       线程 144/489 失败，重试 2/3
2026-01-16 12:11:45 - app - INFO - [下载任务2]       线程 145/489 失败，重试 2/3
2026-01-16 12:11:46 - app - INFO - [下载任务2]       线程 146/489 失败，重试 1/3
2026-01-16 12:11:50 - app - INFO - [下载任务2]       线程 143/489 开始下载 (1.39 GB-1.40 GB)
2026-01-16 12:11:50 - app - INFO - [下载任务2]       线程 145/489 开始下载 (1.41 GB-1.42 GB)
2026-01-16 12:11:50 - app - INFO - [下载任务2]       线程 144/489 开始下载 (1.40 GB-1.41 GB)
2026-01-16 12:11:51 - app - INFO - [下载任务2]       线程 146/489 开始下载 (1.42 GB-1.43 GB)
2026-01-16 12:11:56 - app - INFO - [下载任务2]       线程 145/489 失败，重试 3/3
2026-01-16 12:11:56 - app - INFO - [下载任务2]       线程 143/489 失败，重试 3/3
2026-01-16 12:11:56 - app - INFO - [下载任务2]       线程 144/489 失败，重试 3/3
2026-01-16 12:11:56 - app - INFO - [下载任务2]       线程 146/489 失败，重试 2/3
2026-01-16 12:12:01 - app - INFO - [下载任务2]       线程 145/489 开始下载 (1.41 GB-1.42 GB)
2026-01-16 12:12:01 - app - INFO - [下载任务2]       线程 143/489 开始下载 (1.39 GB-1.40 GB)
2026-01-16 12:12:01 - app - INFO - [下载任务2]       线程 144/489 开始下载 (1.40 GB-1.41 GB)
2026-01-16 12:12:01 - app - INFO - [下载任务2]       线程 146/489 开始下载 (1.42 GB-1.43 GB)
2026-01-16 12:12:07 - app - INFO - [下载任务2]       线程 145/489 失败: 状态码: 403
2026-01-16 12:12:07 - app - INFO - [下载任务2]       线程 147/489 开始下载 (1.43 GB-1.44 GB)
2026-01-16 12:12:08 - app - INFO - [下载任务2]       线程 146/489 失败，重试 3/3
2026-01-16 12:12:08 - app - INFO - [下载任务2]       线程 144/489 失败: 状态码: 403
2026-01-16 12:12:08 - app - INFO - [下载任务2]       线程 148/489 开始下载 (1.44 GB-1.45 GB)
2026-01-16 12:12:08 - app - INFO - [下载任务2]       线程 143/489 失败: 状态码: 403
2026-01-16 12:12:08 - app - INFO - [下载任务2]       线程 149/489 开始下载 (1.45 GB-1.46 GB)
2026-01-16 12:12:08 - app - INFO - [下载任务2]       线程 147/489 失败，重试 1/3
2026-01-16 12:12:08 - app - INFO - [下载任务2]       线程 148/489 失败，重试 1/3
2026-01-16 12:12:08 - app - INFO - [下载任务2]       线程 149/489 失败，重试 1/3
2026-01-16 12:12:13 - app - INFO - [下载任务2]       线程 146/489 开始下载 (1.42 GB-1.43 GB)
2026-01-16 12:12:13 - app - INFO - [下载任务2]       线程 148/489 开始下载 (1.44 GB-1.45 GB)
2026-01-16 12:12:13 - app - INFO - [下载任务2]       线程 147/489 开始下载 (1.43 GB-1.44 GB)
2026-01-16 12:12:13 - app - INFO - [下载任务2]       线程 149/489 开始下载 (1.45 GB-1.46 GB)
2026-01-16 12:12:19 - app - INFO - [下载任务2]       线程 146/489 失败: 状态码: 403
2026-01-16 12:12:19 - app - INFO - [下载任务2]       线程 148/489 失败，重试 2/3
2026-01-16 12:12:19 - app - INFO - [下载任务2]       线程 149/489 失败，重试 2/3
2026-01-16 12:12:19 - app - INFO - [下载任务2]       线程 150/489 开始下载 (1.46 GB-1.46 GB)
2026-01-16 12:12:19 - app - INFO - [下载任务2]       线程 147/489 失败，重试 2/3
2026-01-16 12:12:19 - app - INFO - [下载任务2]       线程 150/489 失败，重试 1/3
2026-01-16 12:12:24 - app - INFO - [下载任务2]       线程 149/489 开始下载 (1.45 GB-1.46 GB)
2026-01-16 12:12:24 - app - INFO - [下载任务2]       线程 148/489 开始下载 (1.44 GB-1.45 GB)
2026-01-16 12:12:24 - app - INFO - [下载任务2]       线程 147/489 开始下载 (1.43 GB-1.44 GB)
2026-01-16 12:12:24 - app - INFO - [下载任务2]       线程 150/489 开始下载 (1.46 GB-1.46 GB)
2026-01-16 12:12:30 - app - INFO - [下载任务2]       线程 149/489 失败，重试 3/3
2026-01-16 12:12:30 - app - INFO - [下载任务2]       线程 148/489 失败，重试 3/3
2026-01-16 12:12:30 - app - INFO - [下载任务2]       线程 150/489 失败，重试 2/3
2026-01-16 12:12:30 - app - INFO - [下载任务2]       线程 147/489 失败，重试 3/3
2026-01-16 12:12:35 - app - INFO - [下载任务2]       线程 149/489 开始下载 (1.45 GB-1.46 GB)
2026-01-16 12:12:35 - app - INFO - [下载任务2]       线程 147/489 开始下载 (1.43 GB-1.44 GB)
2026-01-16 12:12:35 - app - INFO - [下载任务2]       线程 148/489 开始下载 (1.44 GB-1.45 GB)
2026-01-16 12:12:35 - app - INFO - [下载任务2]       线程 150/489 开始下载 (1.46 GB-1.46 GB)
2026-01-16 12:12:41 - app - INFO - [下载任务2]       线程 149/489 失败: 状态码: 403
2026-01-16 12:12:41 - app - INFO - [下载任务2]       线程 151/489 开始下载 (1.46 GB-1.47 GB)
2026-01-16 12:12:41 - app - INFO - [下载任务2]       线程 147/489 失败: 状态码: 403
2026-01-16 12:12:41 - app - INFO - [下载任务2]       线程 152/489 开始下载 (1.47 GB-1.48 GB)
2026-01-16 12:12:41 - app - INFO - [下载任务2]       线程 150/489 失败，重试 3/3
2026-01-16 12:12:41 - app - INFO - [下载任务2]       线程 148/489 失败: 状态码: 403
2026-01-16 12:12:41 - app - INFO - [下载任务2]       线程 153/489 开始下载 (1.48 GB-1.49 GB)
2026-01-16 12:12:41 - app - INFO - [下载任务2]       线程 151/489 失败，重试 1/3
2026-01-16 12:12:41 - app - INFO - [下载任务2]       线程 152/489 失败，重试 1/3
2026-01-16 12:12:41 - app - INFO - [下载任务2]       线程 153/489 失败，重试 1/3
2026-01-16 12:12:46 - app - INFO - [下载任务2]       线程 150/489 开始下载 (1.46 GB-1.46 GB)
2026-01-16 12:12:46 - app - INFO - [下载任务2]       线程 151/489 开始下载 (1.46 GB-1.47 GB)
2026-01-16 12:12:46 - app - INFO - [下载任务2]       线程 152/489 开始下载 (1.47 GB-1.48 GB)
2026-01-16 12:12:46 - app - INFO - [下载任务2]       线程 153/489 开始下载 (1.48 GB-1.49 GB)
2026-01-16 12:12:52 - app - INFO - [下载任务2]       线程 150/489 失败: 状态码: 403
2026-01-16 12:12:52 - app - INFO - [下载任务2]       线程 154/489 开始下载 (1.49 GB-1.50 GB)
2026-01-16 12:12:52 - app - INFO - [下载任务2]       线程 153/489 失败，重试 2/3
2026-01-16 12:12:52 - app - INFO - [下载任务2]       线程 151/489 失败，重试 2/3
2026-01-16 12:12:52 - app - INFO - [下载任务2]       线程 152/489 失败，重试 2/3
2026-01-16 12:12:52 - app - INFO - [下载任务2]       线程 154/489 失败，重试 1/3
2026-01-16 12:12:57 - app - INFO - [下载任务2]       线程 153/489 开始下载 (1.48 GB-1.49 GB)
2026-01-16 12:12:57 - app - INFO - [下载任务2]       线程 151/489 开始下载 (1.46 GB-1.47 GB)
2026-01-16 12:12:57 - app - INFO - [下载任务2]       线程 152/489 开始下载 (1.47 GB-1.48 GB)
2026-01-16 12:12:57 - app - INFO - [下载任务2]       线程 154/489 开始下载 (1.49 GB-1.50 GB)
2026-01-16 12:13:03 - app - INFO - [下载任务2]       线程 151/489 失败，重试 3/3
2026-01-16 12:13:03 - app - INFO - [下载任务2]       线程 152/489 失败，重试 3/3
2026-01-16 12:13:03 - app - INFO - [下载任务2]       线程 154/489 失败，重试 2/3
2026-01-16 12:13:03 - app - INFO - [下载任务2]       线程 153/489 失败，重试 3/3
2026-01-16 12:13:08 - app - INFO - [下载任务2]       线程 152/489 开始下载 (1.47 GB-1.48 GB)
2026-01-16 12:13:08 - app - INFO - [下载任务2]       线程 151/489 开始下载 (1.46 GB-1.47 GB)
2026-01-16 12:13:08 - app - INFO - [下载任务2]       线程 153/489 开始下载 (1.48 GB-1.49 GB)
2026-01-16 12:13:08 - app - INFO - [下载任务2]       线程 154/489 开始下载 (1.49 GB-1.50 GB)
2026-01-16 12:13:14 - app - INFO - [下载任务2]       线程 152/489 失败: 状态码: 403
2026-01-16 12:13:14 - app - INFO - [下载任务2]       线程 155/489 开始下载 (1.50 GB-1.51 GB)
2026-01-16 12:13:14 - app - INFO - [下载任务2]       线程 151/489 失败: 状态码: 403
2026-01-16 12:13:14 - app - INFO - [下载任务2]       线程 156/489 开始下载 (1.51 GB-1.52 GB)
2026-01-16 12:13:14 - app - INFO - [下载任务2]       线程 153/489 失败: 状态码: 403
2026-01-16 12:13:14 - app - INFO - [下载任务2]       线程 154/489 失败，重试 3/3
2026-01-16 12:13:14 - app - INFO - [下载任务2]       线程 157/489 开始下载 (1.52 GB-1.53 GB)
2026-01-16 12:13:14 - app - INFO - [下载任务2]       线程 155/489 失败，重试 1/3
2026-01-16 12:13:14 - app - INFO - [下载任务2]       线程 156/489 失败，重试 1/3
2026-01-16 12:13:14 - app - INFO - [下载任务2]       线程 157/489 失败，重试 1/3
2026-01-16 12:13:19 - app - INFO - [下载任务2]       线程 154/489 开始下载 (1.49 GB-1.50 GB)
2026-01-16 12:13:19 - app - INFO - [下载任务2]       线程 155/489 开始下载 (1.50 GB-1.51 GB)
2026-01-16 12:13:19 - app - INFO - [下载任务2]       线程 157/489 开始下载 (1.52 GB-1.53 GB)
2026-01-16 12:13:19 - app - INFO - [下载任务2]       线程 156/489 开始下载 (1.51 GB-1.52 GB)
2026-01-16 12:13:25 - app - INFO - [下载任务2]       线程 154/489 失败: 状态码: 403
2026-01-16 12:13:25 - app - INFO - [下载任务2]       线程 158/489 开始下载 (1.53 GB-1.54 GB)
2026-01-16 12:13:25 - app - INFO - [下载任务2]       线程 157/489 失败，重试 2/3
2026-01-16 12:13:25 - app - INFO - [下载任务2]       线程 156/489 失败，重试 2/3
2026-01-16 12:13:25 - app - INFO - [下载任务2]       线程 155/489 失败，重试 2/3
2026-01-16 12:13:25 - app - INFO - [下载任务2]       线程 158/489 失败，重试 1/3
2026-01-16 12:13:30 - app - INFO - [下载任务2]       线程 155/489 开始下载 (1.50 GB-1.51 GB)
2026-01-16 12:13:30 - app - INFO - [下载任务2]       线程 156/489 开始下载 (1.51 GB-1.52 GB)
2026-01-16 12:13:30 - app - INFO - [下载任务2]       线程 157/489 开始下载 (1.52 GB-1.53 GB)
2026-01-16 12:13:30 - app - INFO - [下载任务2]       线程 158/489 开始下载 (1.53 GB-1.54 GB)
2026-01-16 12:13:36 - app - INFO - [下载任务2]       线程 157/489 失败，重试 3/3
2026-01-16 12:13:36 - app - INFO - [下载任务2]       线程 156/489 失败，重试 3/3
2026-01-16 12:13:36 - app - INFO - [下载任务2]       线程 158/489 失败，重试 2/3
2026-01-16 12:13:36 - app - INFO - [下载任务2]       线程 155/489 失败，重试 3/3
2026-01-16 12:13:41 - app - INFO - [下载任务2]       线程 157/489 开始下载 (1.52 GB-1.53 GB)
2026-01-16 12:13:41 - app - INFO - [下载任务2]       线程 156/489 开始下载 (1.51 GB-1.52 GB)
2026-01-16 12:13:41 - app - INFO - [下载任务2]       线程 155/489 开始下载 (1.50 GB-1.51 GB)
2026-01-16 12:13:41 - app - INFO - [下载任务2]       线程 158/489 开始下载 (1.53 GB-1.54 GB)
2026-01-16 12:13:47 - app - INFO - [下载任务2]       线程 157/489 失败: 状态码: 403
2026-01-16 12:13:47 - app - INFO - [下载任务2]       线程 155/489 失败: 状态码: 403
2026-01-16 12:13:47 - app - INFO - [下载任务2]       线程 159/489 开始下载 (1.54 GB-1.55 GB)
2026-01-16 12:13:47 - app - INFO - [下载任务2]       线程 160/489 开始下载 (1.55 GB-1.56 GB)
2026-01-16 12:13:47 - app - INFO - [下载任务2]       线程 156/489 失败: 状态码: 403
2026-01-16 12:13:47 - app - INFO - [下载任务2]       线程 158/489 失败，重试 3/3
2026-01-16 12:13:47 - app - INFO - [下载任务2]       线程 161/489 开始下载 (1.56 GB-1.57 GB)
2026-01-16 12:13:47 - app - INFO - [下载任务2]       线程 159/489 失败，重试 1/3
2026-01-16 12:13:47 - app - INFO - [下载任务2]       线程 160/489 失败，重试 1/3
2026-01-16 12:13:47 - app - INFO - [下载任务2]       线程 161/489 失败，重试 1/3
2026-01-16 12:13:52 - app - INFO - [下载任务2]       线程 158/489 开始下载 (1.53 GB-1.54 GB)
2026-01-16 12:13:52 - app - INFO - [下载任务2]       线程 160/489 开始下载 (1.55 GB-1.56 GB)
2026-01-16 12:13:52 - app - INFO - [下载任务2]       线程 159/489 开始下载 (1.54 GB-1.55 GB)
2026-01-16 12:13:52 - app - INFO - [下载任务2]       线程 161/489 开始下载 (1.56 GB-1.57 GB)
2026-01-16 12:13:58 - app - INFO - [下载任务2]       线程 158/489 失败: 状态码: 403
2026-01-16 12:13:58 - app - INFO - [下载任务2]       线程 162/489 开始下载 (1.57 GB-1.58 GB)
2026-01-16 12:13:58 - app - INFO - [下载任务2]       线程 161/489 失败，重试 2/3
2026-01-16 12:13:58 - app - INFO - [下载任务2]       线程 159/489 失败，重试 2/3
2026-01-16 12:13:58 - app - INFO - [下载任务2]       线程 160/489 失败，重试 2/3
2026-01-16 12:13:58 - app - INFO - [下载任务2]       线程 162/489 失败，重试 1/3
2026-01-16 12:14:03 - app - INFO - [下载任务2]       线程 161/489 开始下载 (1.56 GB-1.57 GB)
2026-01-16 12:14:03 - app - INFO - [下载任务2]       线程 159/489 开始下载 (1.54 GB-1.55 GB)
2026-01-16 12:14:03 - app - INFO - [下载任务2]       线程 160/489 开始下载 (1.55 GB-1.56 GB)
2026-01-16 12:14:03 - app - INFO - [下载任务2]       线程 162/489 开始下载 (1.57 GB-1.58 GB)
2026-01-16 12:14:09 - app - INFO - [下载任务2]       线程 161/489 失败，重试 3/3
2026-01-16 12:14:09 - app - INFO - [下载任务2]       线程 159/489 失败，重试 3/3
2026-01-16 12:14:09 - app - INFO - [下载任务2]       线程 160/489 失败，重试 3/3
2026-01-16 12:14:09 - app - INFO - [下载任务2]       线程 162/489 失败，重试 2/3
2026-01-16 12:14:14 - app - INFO - [下载任务2]       线程 161/489 开始下载 (1.56 GB-1.57 GB)
2026-01-16 12:14:14 - app - INFO - [下载任务2]       线程 159/489 开始下载 (1.54 GB-1.55 GB)
2026-01-16 12:14:14 - app - INFO - [下载任务2]       线程 160/489 开始下载 (1.55 GB-1.56 GB)
2026-01-16 12:14:14 - app - INFO - [下载任务2]       线程 162/489 开始下载 (1.57 GB-1.58 GB)
2026-01-16 12:14:20 - app - INFO - [下载任务2]       线程 160/489 失败: 状态码: 403
2026-01-16 12:14:20 - app - INFO - [下载任务2]       线程 163/489 开始下载 (1.58 GB-1.59 GB)
2026-01-16 12:14:20 - app - INFO - [下载任务2]       线程 159/489 失败: 状态码: 403
2026-01-16 12:14:20 - app - INFO - [下载任务2]       线程 161/489 失败: 状态码: 403
2026-01-16 12:14:20 - app - INFO - [下载任务2]       线程 164/489 开始下载 (1.59 GB-1.60 GB)
2026-01-16 12:14:20 - app - INFO - [下载任务2]       线程 165/489 开始下载 (1.60 GB-1.61 GB)
2026-01-16 12:14:20 - app - INFO - [下载任务2]       线程 162/489 失败，重试 3/3
2026-01-16 12:14:20 - app - INFO - [下载任务2]       线程 163/489 失败，重试 1/3
2026-01-16 12:14:20 - app - INFO - [下载任务2]       线程 165/489 失败，重试 1/3
2026-01-16 12:14:20 - app - INFO - [下载任务2]       线程 164/489 失败，重试 1/3
2026-01-16 12:14:25 - app - INFO - [下载任务2]       线程 162/489 开始下载 (1.57 GB-1.58 GB)
2026-01-16 12:14:25 - app - INFO - [下载任务2]       线程 163/489 开始下载 (1.58 GB-1.59 GB)
2026-01-16 12:14:25 - app - INFO - [下载任务2]       线程 165/489 开始下载 (1.60 GB-1.61 GB)
2026-01-16 12:14:25 - app - INFO - [下载任务2]       线程 164/489 开始下载 (1.59 GB-1.60 GB)
2026-01-16 12:14:31 - app - INFO - [下载任务2]       线程 162/489 失败: 状态码: 403
2026-01-16 12:14:31 - app - INFO - [下载任务2]       线程 166/489 开始下载 (1.61 GB-1.62 GB)
2026-01-16 12:14:31 - app - INFO - [下载任务2]       线程 163/489 失败，重试 2/3
2026-01-16 12:14:31 - app - INFO - [下载任务2]       线程 165/489 失败，重试 2/3
2026-01-16 12:14:31 - app - INFO - [下载任务2]       线程 164/489 失败，重试 2/3
2026-01-16 12:14:31 - app - INFO - [下载任务2]       线程 166/489 失败，重试 1/3
2026-01-16 12:14:36 - app - INFO - [下载任务2]       线程 163/489 开始下载 (1.58 GB-1.59 GB)
2026-01-16 12:14:36 - app - INFO - [下载任务2]       线程 165/489 开始下载 (1.60 GB-1.61 GB)
2026-01-16 12:14:36 - app - INFO - [下载任务2]       线程 164/489 开始下载 (1.59 GB-1.60 GB)
2026-01-16 12:14:37 - app - INFO - [下载任务2]       线程 166/489 开始下载 (1.61 GB-1.62 GB)
2026-01-16 12:14:42 - app - INFO - [下载任务2]       线程 163/489 失败，重试 3/3
2026-01-16 12:14:42 - app - INFO - [下载任务2]       线程 164/489 失败，重试 3/3
2026-01-16 12:14:42 - app - INFO - [下载任务2]       线程 166/489 失败，重试 2/3
2026-01-16 12:14:42 - app - INFO - [下载任务2]       线程 165/489 失败，重试 3/3
2026-01-16 12:14:47 - app - INFO - [下载任务2]       线程 163/489 开始下载 (1.58 GB-1.59 GB)
2026-01-16 12:14:47 - app - INFO - [下载任务2]       线程 164/489 开始下载 (1.59 GB-1.60 GB)
2026-01-16 12:14:47 - app - INFO - [下载任务2]       线程 166/489 开始下载 (1.61 GB-1.62 GB)
2026-01-16 12:14:47 - app - INFO - [下载任务2]       线程 165/489 开始下载 (1.60 GB-1.61 GB)
2026-01-16 12:14:53 - app - INFO - [下载任务2]       线程 163/489 失败: 状态码: 403
2026-01-16 12:14:53 - app - INFO - [下载任务2]       线程 164/489 失败: 状态码: 403
2026-01-16 12:14:53 - app - INFO - [下载任务2]       线程 167/489 开始下载 (1.62 GB-1.63 GB)
2026-01-16 12:14:53 - app - INFO - [下载任务2]       线程 168/489 开始下载 (1.63 GB-1.64 GB)
2026-01-16 12:14:54 - app - INFO - [下载任务2]       线程 166/489 失败，重试 3/3
2026-01-16 12:14:54 - app - INFO - [下载任务2]       线程 165/489 失败: 状态码: 403
2026-01-16 12:14:54 - app - INFO - [下载任务2]       线程 169/489 开始下载 (1.64 GB-1.65 GB)
2026-01-16 12:14:54 - app - INFO - [下载任务2]       线程 167/489 失败，重试 1/3
2026-01-16 12:14:54 - app - INFO - [下载任务2]       线程 168/489 失败，重试 1/3
2026-01-16 12:14:54 - app - INFO - [下载任务2]       线程 169/489 失败，重试 1/3
2026-01-16 12:14:59 - app - INFO - [下载任务2]       线程 166/489 开始下载 (1.61 GB-1.62 GB)
2026-01-16 12:14:59 - app - INFO - [下载任务2]       线程 168/489 开始下载 (1.63 GB-1.64 GB)
2026-01-16 12:14:59 - app - INFO - [下载任务2]       线程 167/489 开始下载 (1.62 GB-1.63 GB)
2026-01-16 12:14:59 - app - INFO - [下载任务2]       线程 169/489 开始下载 (1.64 GB-1.65 GB)
2026-01-16 12:15:05 - app - INFO - [下载任务2]       线程 167/489 失败，重试 2/3
2026-01-16 12:15:05 - app - INFO - [下载任务2]       线程 166/489 失败: 状态码: 403
2026-01-16 12:15:05 - app - INFO - [下载任务2]       线程 169/489 失败，重试 2/3
2026-01-16 12:15:05 - app - INFO - [下载任务2]       线程 170/489 开始下载 (1.65 GB-1.66 GB)
2026-01-16 12:15:05 - app - INFO - [下载任务2]       线程 168/489 失败，重试 2/3
2026-01-16 12:15:05 - app - INFO - [下载任务2]       线程 170/489 失败，重试 1/3
2026-01-16 12:15:10 - app - INFO - [下载任务2]       线程 167/489 开始下载 (1.62 GB-1.63 GB)
2026-01-16 12:15:10 - app - INFO - [下载任务2]       线程 169/489 开始下载 (1.64 GB-1.65 GB)
2026-01-16 12:15:10 - app - INFO - [下载任务2]       线程 168/489 开始下载 (1.63 GB-1.64 GB)
2026-01-16 12:15:10 - app - INFO - [下载任务2]       线程 170/489 开始下载 (1.65 GB-1.66 GB)
2026-01-16 12:15:16 - app - INFO - [下载任务2]       线程 170/489 失败，重试 2/3
2026-01-16 12:15:16 - app - INFO - [下载任务2]       线程 168/489 失败，重试 3/3
2026-01-16 12:15:16 - app - INFO - [下载任务2]       线程 167/489 失败，重试 3/3
2026-01-16 12:15:16 - app - INFO - [下载任务2]       线程 169/489 失败，重试 3/3
2026-01-16 12:15:21 - app - INFO - [下载任务2]       线程 170/489 开始下载 (1.65 GB-1.66 GB)
2026-01-16 12:15:21 - app - INFO - [下载任务2]       线程 167/489 开始下载 (1.62 GB-1.63 GB)
2026-01-16 12:15:21 - app - INFO - [下载任务2]       线程 168/489 开始下载 (1.63 GB-1.64 GB)
2026-01-16 12:15:21 - app - INFO - [下载任务2]       线程 169/489 开始下载 (1.64 GB-1.65 GB)
2026-01-16 12:15:27 - app - INFO - [下载任务2]       线程 167/489 失败: 状态码: 403
2026-01-16 12:15:27 - app - INFO - [下载任务2]       线程 170/489 失败，重试 3/3
2026-01-16 12:15:27 - app - INFO - [下载任务2]       线程 171/489 开始下载 (1.66 GB-1.67 GB)
2026-01-16 12:15:27 - app - INFO - [下载任务2]       线程 168/489 失败: 状态码: 403
2026-01-16 12:15:27 - app - INFO - [下载任务2]       线程 172/489 开始下载 (1.67 GB-1.68 GB)
2026-01-16 12:15:27 - app - INFO - [下载任务2]       线程 169/489 失败: 状态码: 403
2026-01-16 12:15:27 - app - INFO - [下载任务2]       线程 173/489 开始下载 (1.68 GB-1.69 GB)
2026-01-16 12:15:27 - app - INFO - [下载任务2]       线程 171/489 失败，重试 1/3
2026-01-16 12:15:27 - app - INFO - [下载任务2]       线程 172/489 失败，重试 1/3
2026-01-16 12:15:27 - app - INFO - [下载任务2]       线程 173/489 失败，重试 1/3
2026-01-16 12:15:32 - app - INFO - [下载任务2]       线程 170/489 开始下载 (1.65 GB-1.66 GB)
2026-01-16 12:15:32 - app - INFO - [下载任务2]       线程 171/489 开始下载 (1.66 GB-1.67 GB)
2026-01-16 12:15:32 - app - INFO - [下载任务2]       线程 172/489 开始下载 (1.67 GB-1.68 GB)
2026-01-16 12:15:32 - app - INFO - [下载任务2]       线程 173/489 开始下载 (1.68 GB-1.69 GB)
2026-01-16 12:15:38 - app - INFO - [下载任务2]       线程 171/489 失败，重试 2/3
2026-01-16 12:15:38 - app - INFO - [下载任务2]       线程 170/489 失败: 状态码: 403
2026-01-16 12:15:38 - app - INFO - [下载任务2]       线程 174/489 开始下载 (1.69 GB-1.70 GB)
2026-01-16 12:15:38 - app - INFO - [下载任务2]       线程 172/489 失败，重试 2/3
2026-01-16 12:15:38 - app - INFO - [下载任务2]       线程 173/489 失败，重试 2/3
2026-01-16 12:15:38 - app - INFO - [下载任务2]       线程 174/489 失败，重试 1/3
2026-01-16 12:15:43 - app - INFO - [下载任务2]       线程 172/489 开始下载 (1.67 GB-1.68 GB)
2026-01-16 12:15:43 - app - INFO - [下载任务2]       线程 171/489 开始下载 (1.66 GB-1.67 GB)
2026-01-16 12:15:43 - app - INFO - [下载任务2]       线程 173/489 开始下载 (1.68 GB-1.69 GB)
2026-01-16 12:15:43 - app - INFO - [下载任务2]       线程 174/489 开始下载 (1.69 GB-1.70 GB)
2026-01-16 12:15:49 - app - INFO - [下载任务2]       线程 172/489 失败，重试 3/3
2026-01-16 12:15:49 - app - INFO - [下载任务2]       线程 171/489 失败，重试 3/3
2026-01-16 12:15:49 - app - INFO - [下载任务2]       线程 174/489 失败，重试 2/3
2026-01-16 12:15:49 - app - INFO - [下载任务2]       线程 173/489 失败，重试 3/3
2026-01-16 12:15:54 - app - INFO - [下载任务2]       线程 171/489 开始下载 (1.66 GB-1.67 GB)
2026-01-16 12:15:54 - app - INFO - [下载任务2]       线程 172/489 开始下载 (1.67 GB-1.68 GB)
2026-01-16 12:15:54 - app - INFO - [下载任务2]       线程 174/489 开始下载 (1.69 GB-1.70 GB)
2026-01-16 12:15:54 - app - INFO - [下载任务2]       线程 173/489 开始下载 (1.68 GB-1.69 GB)
2026-01-16 12:16:00 - app - INFO - [下载任务2]       线程 171/489 失败: 状态码: 403
2026-01-16 12:16:00 - app - INFO - [下载任务2]       线程 175/489 开始下载 (1.70 GB-1.71 GB)
2026-01-16 12:16:00 - app - INFO - [下载任务2]       线程 172/489 失败: 状态码: 403
2026-01-16 12:16:00 - app - INFO - [下载任务2]       线程 176/489 开始下载 (1.71 GB-1.72 GB)
2026-01-16 12:16:00 - app - INFO - [下载任务2]       线程 174/489 失败，重试 3/3
2026-01-16 12:16:00 - app - INFO - [下载任务2]       线程 173/489 失败: 状态码: 403
2026-01-16 12:16:00 - app - INFO - [下载任务2]       线程 177/489 开始下载 (1.72 GB-1.73 GB)
2026-01-16 12:16:00 - app - INFO - [下载任务2]       线程 175/489 失败，重试 1/3
2026-01-16 12:16:00 - app - INFO - [下载任务2]       线程 176/489 失败，重试 1/3
2026-01-16 12:16:00 - app - INFO - [下载任务2]       线程 177/489 失败，重试 1/3
2026-01-16 12:16:05 - app - INFO - [下载任务2]       线程 174/489 开始下载 (1.69 GB-1.70 GB)
2026-01-16 12:16:05 - app - INFO - [下载任务2]       线程 175/489 开始下载 (1.70 GB-1.71 GB)
2026-01-16 12:16:05 - app - INFO - [下载任务2]       线程 176/489 开始下载 (1.71 GB-1.72 GB)
2026-01-16 12:16:05 - app - INFO - [下载任务2]       线程 177/489 开始下载 (1.72 GB-1.73 GB)
2026-01-16 12:16:11 - app - INFO - [下载任务2]       线程 174/489 失败: 状态码: 403
2026-01-16 12:16:11 - app - INFO - [下载任务2]       线程 175/489 失败，重试 2/3
2026-01-16 12:16:11 - app - INFO - [下载任务2]       线程 178/489 开始下载 (1.73 GB-1.74 GB)
2026-01-16 12:16:11 - app - INFO - [下载任务2]       线程 177/489 失败，重试 2/3
2026-01-16 12:16:11 - app - INFO - [下载任务2]       线程 176/489 失败，重试 2/3
2026-01-16 12:16:11 - app - INFO - [下载任务2]       线程 178/489 失败，重试 1/3
2026-01-16 12:16:16 - app - INFO - [下载任务2]       线程 175/489 开始下载 (1.70 GB-1.71 GB)
2026-01-16 12:16:16 - app - INFO - [下载任务2]       线程 177/489 开始下载 (1.72 GB-1.73 GB)
2026-01-16 12:16:16 - app - INFO - [下载任务2]       线程 176/489 开始下载 (1.71 GB-1.72 GB)
2026-01-16 12:16:16 - app - INFO - [下载任务2]       线程 178/489 开始下载 (1.73 GB-1.74 GB)
2026-01-16 12:16:22 - app - INFO - [下载任务2]       线程 175/489 失败，重试 3/3
2026-01-16 12:16:22 - app - INFO - [下载任务2]       线程 177/489 失败，重试 3/3
2026-01-16 12:16:22 - app - INFO - [下载任务2]       线程 178/489 失败，重试 2/3
2026-01-16 12:16:22 - app - INFO - [下载任务2]       线程 176/489 失败，重试 3/3
2026-01-16 12:16:27 - app - INFO - [下载任务2]       线程 177/489 开始下载 (1.72 GB-1.73 GB)
2026-01-16 12:16:27 - app - INFO - [下载任务2]       线程 178/489 开始下载 (1.73 GB-1.74 GB)
2026-01-16 12:16:27 - app - INFO - [下载任务2]       线程 175/489 开始下载 (1.70 GB-1.71 GB)
2026-01-16 12:16:27 - app - INFO - [下载任务2]       线程 176/489 开始下载 (1.71 GB-1.72 GB)
2026-01-16 12:16:33 - app - INFO - [下载任务2]       线程 177/489 失败: 状态码: 403
2026-01-16 12:16:33 - app - INFO - [下载任务2]       线程 179/489 开始下载 (1.74 GB-1.75 GB)
2026-01-16 12:16:33 - app - INFO - [下载任务2]       线程 178/489 失败，重试 3/3
2026-01-16 12:16:33 - app - INFO - [下载任务2]       线程 175/489 失败: 状态码: 403
2026-01-16 12:16:33 - app - INFO - [下载任务2]       线程 176/489 失败: 状态码: 403
2026-01-16 12:16:33 - app - INFO - [下载任务2]       线程 181/489 开始下载 (1.76 GB-1.77 GB)
2026-01-16 12:16:33 - app - INFO - [下载任务2]       线程 180/489 开始下载 (1.75 GB-1.76 GB)
2026-01-16 12:16:33 - app - INFO - [下载任务2]       线程 179/489 失败，重试 1/3
2026-01-16 12:16:33 - app - INFO - [下载任务2]       线程 181/489 失败，重试 1/3
2026-01-16 12:16:33 - app - INFO - [下载任务2]       线程 180/489 失败，重试 1/3
2026-01-16 12:16:38 - app - INFO - [下载任务2]       线程 178/489 开始下载 (1.73 GB-1.74 GB)
2026-01-16 12:16:38 - app - INFO - [下载任务2]       线程 179/489 开始下载 (1.74 GB-1.75 GB)
2026-01-16 12:16:38 - app - INFO - [下载任务2]       线程 181/489 开始下载 (1.76 GB-1.77 GB)
2026-01-16 12:16:38 - app - INFO - [下载任务2]       线程 180/489 开始下载 (1.75 GB-1.76 GB)
2026-01-16 12:16:44 - app - INFO - [下载任务2]       线程 180/489 失败，重试 2/3
2026-01-16 12:16:44 - app - INFO - [下载任务2]       线程 179/489 失败，重试 2/3
2026-01-16 12:16:44 - app - INFO - [下载任务2]       线程 181/489 失败，重试 2/3
2026-01-16 12:16:44 - app - INFO - [下载任务2]       线程 178/489 失败: 状态码: 403
2026-01-16 12:16:44 - app - INFO - [下载任务2]       线程 182/489 开始下载 (1.77 GB-1.78 GB)
2026-01-16 12:16:44 - app - INFO - [下载任务2]       线程 182/489 失败，重试 1/3
2026-01-16 12:16:49 - app - INFO - [下载任务2]       线程 180/489 开始下载 (1.75 GB-1.76 GB)
2026-01-16 12:16:49 - app - INFO - [下载任务2]       线程 179/489 开始下载 (1.74 GB-1.75 GB)
2026-01-16 12:16:49 - app - INFO - [下载任务2]       线程 181/489 开始下载 (1.76 GB-1.77 GB)
2026-01-16 12:16:49 - app - INFO - [下载任务2]       线程 182/489 开始下载 (1.77 GB-1.78 GB)
2026-01-16 12:16:55 - app - INFO - [下载任务2]       线程 179/489 失败，重试 3/3
2026-01-16 12:16:55 - app - INFO - [下载任务2]       线程 181/489 失败，重试 3/3
2026-01-16 12:16:55 - app - INFO - [下载任务2]       线程 182/489 失败，重试 2/3
2026-01-16 12:16:55 - app - INFO - [下载任务2]       线程 180/489 失败，重试 3/3
2026-01-16 12:17:00 - app - INFO - [下载任务2]       线程 179/489 开始下载 (1.74 GB-1.75 GB)
2026-01-16 12:17:00 - app - INFO - [下载任务2]       线程 181/489 开始下载 (1.76 GB-1.77 GB)
2026-01-16 12:17:00 - app - INFO - [下载任务2]       线程 182/489 开始下载 (1.77 GB-1.78 GB)
2026-01-16 12:17:00 - app - INFO - [下载任务2]       线程 180/489 开始下载 (1.75 GB-1.76 GB)
2026-01-16 12:17:06 - app - INFO - [下载任务2]       线程 179/489 失败: 状态码: 403
2026-01-16 12:17:06 - app - INFO - [下载任务2]       线程 183/489 开始下载 (1.78 GB-1.79 GB)
2026-01-16 12:17:06 - app - INFO - [下载任务2]       线程 182/489 失败，重试 3/3
2026-01-16 12:17:06 - app - INFO - [下载任务2]       线程 181/489 失败: 状态码: 403
2026-01-16 12:17:06 - app - INFO - [下载任务2]       线程 180/489 失败: 状态码: 403
2026-01-16 12:17:06 - app - INFO - [下载任务2]       线程 184/489 开始下载 (1.79 GB-1.80 GB)
2026-01-16 12:17:06 - app - INFO - [下载任务2]       线程 185/489 开始下载 (1.80 GB-1.81 GB)
2026-01-16 12:17:06 - app - INFO - [下载任务2]       线程 183/489 失败，重试 1/3
2026-01-16 12:17:06 - app - INFO - [下载任务2]       线程 184/489 失败，重试 1/3
2026-01-16 12:17:06 - app - INFO - [下载任务2]       线程 185/489 失败，重试 1/3
2026-01-16 12:17:11 - app - INFO - [下载任务2]       线程 182/489 开始下载 (1.77 GB-1.78 GB)
2026-01-16 12:17:11 - app - INFO - [下载任务2]       线程 183/489 开始下载 (1.78 GB-1.79 GB)
2026-01-16 12:17:11 - app - INFO - [下载任务2]       线程 185/489 开始下载 (1.80 GB-1.81 GB)
2026-01-16 12:17:11 - app - INFO - [下载任务2]       线程 184/489 开始下载 (1.79 GB-1.80 GB)
2026-01-16 12:17:17 - app - INFO - [下载任务2]       线程 182/489 失败: 状态码: 403
2026-01-16 12:17:17 - app - INFO - [下载任务2]       线程 184/489 失败，重试 2/3
2026-01-16 12:17:17 - app - INFO - [下载任务2]       线程 183/489 失败，重试 2/3
2026-01-16 12:17:17 - app - INFO - [下载任务2]       线程 186/489 开始下载 (1.81 GB-1.82 GB)
2026-01-16 12:17:17 - app - INFO - [下载任务2]       线程 185/489 失败，重试 2/3
2026-01-16 12:17:17 - app - INFO - [下载任务2]       线程 186/489 失败，重试 1/3
2026-01-16 12:17:22 - app - INFO - [下载任务2]       线程 183/489 开始下载 (1.78 GB-1.79 GB)
2026-01-16 12:17:22 - app - INFO - [下载任务2]       线程 184/489 开始下载 (1.79 GB-1.80 GB)
2026-01-16 12:17:22 - app - INFO - [下载任务2]       线程 185/489 开始下载 (1.80 GB-1.81 GB)
2026-01-16 12:17:22 - app - INFO - [下载任务2]       线程 186/489 开始下载 (1.81 GB-1.82 GB)
2026-01-16 12:17:28 - app - INFO - [下载任务2]       线程 183/489 失败，重试 3/3
2026-01-16 12:17:28 - app - INFO - [下载任务2]       线程 184/489 失败，重试 3/3
2026-01-16 12:17:28 - app - INFO - [下载任务2]       线程 185/489 失败，重试 3/3
2026-01-16 12:17:28 - app - INFO - [下载任务2]       线程 186/489 失败，重试 2/3
2026-01-16 12:17:33 - app - INFO - [下载任务2]       线程 184/489 开始下载 (1.79 GB-1.80 GB)
2026-01-16 12:17:33 - app - INFO - [下载任务2]       线程 183/489 开始下载 (1.78 GB-1.79 GB)
2026-01-16 12:17:33 - app - INFO - [下载任务2]       线程 185/489 开始下载 (1.80 GB-1.81 GB)
2026-01-16 12:17:33 - app - INFO - [下载任务2]       线程 186/489 开始下载 (1.81 GB-1.82 GB)
2026-01-16 12:17:39 - app - INFO - [下载任务2]       线程 184/489 失败: 状态码: 403
2026-01-16 12:17:39 - app - INFO - [下载任务2]       线程 183/489 失败: 状态码: 403
2026-01-16 12:17:39 - app - INFO - [下载任务2]       线程 187/489 开始下载 (1.82 GB-1.83 GB)
2026-01-16 12:17:39 - app - INFO - [下载任务2]       线程 188/489 开始下载 (1.83 GB-1.84 GB)
2026-01-16 12:17:39 - app - INFO - [下载任务2]       线程 185/489 失败: 状态码: 403
2026-01-16 12:17:39 - app - INFO - [下载任务2]       线程 189/489 开始下载 (1.84 GB-1.85 GB)
2026-01-16 12:17:40 - app - INFO - [下载任务2]       线程 188/489 失败，重试 1/3
2026-01-16 12:17:40 - app - INFO - [下载任务2]       线程 187/489 失败，重试 1/3
2026-01-16 12:17:40 - app - INFO - [下载任务2]       线程 189/489 失败，重试 1/3
2026-01-16 12:17:40 - app - INFO - [下载任务2]       线程 186/489 失败，重试 3/3
2026-01-16 12:17:45 - app - INFO - [下载任务2]       线程 188/489 开始下载 (1.83 GB-1.84 GB)
2026-01-16 12:17:45 - app - INFO - [下载任务2]       线程 189/489 开始下载 (1.84 GB-1.85 GB)
2026-01-16 12:17:45 - app - INFO - [下载任务2]       线程 187/489 开始下载 (1.82 GB-1.83 GB)
2026-01-16 12:17:45 - app - INFO - [下载任务2]       线程 186/489 开始下载 (1.81 GB-1.82 GB)
2026-01-16 12:17:50 - app - INFO - [下载任务2]       线程 186/489 失败: 状态码: 403
2026-01-16 12:17:50 - app - INFO - [下载任务2]       线程 190/489 开始下载 (1.85 GB-1.86 GB)
2026-01-16 12:17:50 - app - INFO - [下载任务2]       线程 187/489 失败，重试 2/3
2026-01-16 12:17:50 - app - INFO - [下载任务2]       线程 189/489 失败，重试 2/3
2026-01-16 12:17:51 - app - INFO - [下载任务2]       线程 188/489 失败，重试 2/3
2026-01-16 12:17:51 - app - INFO - [下载任务2]       线程 190/489 失败，重试 1/3
2026-01-16 12:17:55 - app - INFO - [下载任务2]       线程 189/489 开始下载 (1.84 GB-1.85 GB)
2026-01-16 12:17:55 - app - INFO - [下载任务2]       线程 187/489 开始下载 (1.82 GB-1.83 GB)
2026-01-16 12:17:56 - app - INFO - [下载任务2]       线程 188/489 开始下载 (1.83 GB-1.84 GB)
2026-01-16 12:17:56 - app - INFO - [下载任务2]       线程 190/489 开始下载 (1.85 GB-1.86 GB)
2026-01-16 12:18:02 - app - INFO - [下载任务2]       线程 189/489 失败，重试 3/3
2026-01-16 12:18:02 - app - INFO - [下载任务2]       线程 188/489 失败，重试 3/3
2026-01-16 12:18:02 - app - INFO - [下载任务2]       线程 187/489 失败，重试 3/3
2026-01-16 12:18:02 - app - INFO - [下载任务2]       线程 190/489 失败，重试 2/3
2026-01-16 12:18:07 - app - INFO - [下载任务2]       线程 189/489 开始下载 (1.84 GB-1.85 GB)
2026-01-16 12:18:07 - app - INFO - [下载任务2]       线程 190/489 开始下载 (1.85 GB-1.86 GB)
2026-01-16 12:18:07 - app - INFO - [下载任务2]       线程 187/489 开始下载 (1.82 GB-1.83 GB)
2026-01-16 12:18:07 - app - INFO - [下载任务2]       线程 188/489 开始下载 (1.83 GB-1.84 GB)
2026-01-16 12:18:13 - app - INFO - [下载任务2]       线程 189/489 失败: 状态码: 403
2026-01-16 12:18:13 - app - INFO - [下载任务2]       线程 191/489 开始下载 (1.86 GB-1.87 GB)
2026-01-16 12:18:13 - app - INFO - [下载任务2]       线程 190/489 失败，重试 3/3
2026-01-16 12:18:13 - app - INFO - [下载任务2]       线程 188/489 失败: 状态码: 403
2026-01-16 12:18:13 - app - INFO - [下载任务2]       线程 192/489 开始下载 (1.87 GB-1.87 GB)
2026-01-16 12:18:13 - app - INFO - [下载任务2]       线程 187/489 失败: 状态码: 403
2026-01-16 12:18:13 - app - INFO - [下载任务2]       线程 193/489 开始下载 (1.88 GB-1.88 GB)
2026-01-16 12:18:13 - app - INFO - [下载任务2]       线程 191/489 失败，重试 1/3
2026-01-16 12:18:13 - app - INFO - [下载任务2]       线程 192/489 失败，重试 1/3
2026-01-16 12:18:13 - app - INFO - [下载任务2]       线程 193/489 失败，重试 1/3
2026-01-16 12:18:18 - app - INFO - [下载任务2]       线程 190/489 开始下载 (1.85 GB-1.86 GB)
2026-01-16 12:18:18 - app - INFO - [下载任务2]       线程 193/489 开始下载 (1.88 GB-1.88 GB)
2026-01-16 12:18:18 - app - INFO - [下载任务2]       线程 192/489 开始下载 (1.87 GB-1.87 GB)
2026-01-16 12:18:18 - app - INFO - [下载任务2]       线程 191/489 开始下载 (1.86 GB-1.87 GB)
2026-01-16 12:18:24 - app - INFO - [下载任务2]       线程 190/489 失败: 状态码: 403
2026-01-16 12:18:24 - app - INFO - [下载任务2]       线程 194/489 开始下载 (1.88 GB-1.89 GB)
2026-01-16 12:18:24 - app - INFO - [下载任务2]       线程 193/489 失败，重试 2/3
2026-01-16 12:18:24 - app - INFO - [下载任务2]       线程 191/489 失败，重试 2/3
2026-01-16 12:18:24 - app - INFO - [下载任务2]       线程 192/489 失败，重试 2/3
2026-01-16 12:18:24 - app - INFO - [下载任务2]       线程 194/489 失败，重试 1/3
2026-01-16 12:18:29 - app - INFO - [下载任务2]       线程 193/489 开始下载 (1.88 GB-1.88 GB)
2026-01-16 12:18:29 - app - INFO - [下载任务2]       线程 192/489 开始下载 (1.87 GB-1.87 GB)
2026-01-16 12:18:29 - app - INFO - [下载任务2]       线程 191/489 开始下载 (1.86 GB-1.87 GB)
2026-01-16 12:18:29 - app - INFO - [下载任务2]       线程 194/489 开始下载 (1.88 GB-1.89 GB)
2026-01-16 12:18:35 - app - INFO - [下载任务2]       线程 194/489 失败，重试 2/3
2026-01-16 12:18:35 - app - INFO - [下载任务2]       线程 193/489 失败，重试 3/3
2026-01-16 12:18:35 - app - INFO - [下载任务2]       线程 192/489 失败，重试 3/3
2026-01-16 12:18:35 - app - INFO - [下载任务2]       线程 191/489 失败，重试 3/3
2026-01-16 12:18:40 - app - INFO - [下载任务2]       线程 192/489 开始下载 (1.87 GB-1.87 GB)
2026-01-16 12:18:40 - app - INFO - [下载任务2]       线程 193/489 开始下载 (1.88 GB-1.88 GB)
2026-01-16 12:18:40 - app - INFO - [下载任务2]       线程 194/489 开始下载 (1.88 GB-1.89 GB)
2026-01-16 12:18:40 - app - INFO - [下载任务2]       线程 191/489 开始下载 (1.86 GB-1.87 GB)
2026-01-16 12:18:46 - app - INFO - [下载任务2]       线程 192/489 失败: 状态码: 403
2026-01-16 12:18:46 - app - INFO - [下载任务2]       线程 195/489 开始下载 (1.89 GB-1.90 GB)
2026-01-16 12:18:46 - app - INFO - [下载任务2]       线程 193/489 失败: 状态码: 403
2026-01-16 12:18:46 - app - INFO - [下载任务2]       线程 196/489 开始下载 (1.90 GB-1.91 GB)
2026-01-16 12:18:46 - app - INFO - [下载任务2]       线程 191/489 失败: 状态码: 403
2026-01-16 12:18:46 - app - INFO - [下载任务2]       线程 194/489 失败，重试 3/3
2026-01-16 12:18:46 - app - INFO - [下载任务2]       线程 197/489 开始下载 (1.91 GB-1.92 GB)
2026-01-16 12:18:46 - app - INFO - [下载任务2]       线程 196/489 失败，重试 1/3
2026-01-16 12:18:46 - app - INFO - [下载任务2]       线程 195/489 失败，重试 1/3
2026-01-16 12:18:46 - app - INFO - [下载任务2]       线程 197/489 失败，重试 1/3
2026-01-16 12:18:51 - app - INFO - [下载任务2]       线程 194/489 开始下载 (1.88 GB-1.89 GB)
2026-01-16 12:18:51 - app - INFO - [下载任务2]       线程 196/489 开始下载 (1.90 GB-1.91 GB)
2026-01-16 12:18:51 - app - INFO - [下载任务2]       线程 195/489 开始下载 (1.89 GB-1.90 GB)
2026-01-16 12:18:51 - app - INFO - [下载任务2]       线程 197/489 开始下载 (1.91 GB-1.92 GB)
2026-01-16 12:18:57 - app - INFO - [下载任务2]       线程 194/489 失败: 状态码: 403
2026-01-16 12:18:57 - app - INFO - [下载任务2]       线程 198/489 开始下载 (1.92 GB-1.93 GB)
2026-01-16 12:18:57 - app - INFO - [下载任务2]       线程 196/489 失败，重试 2/3
2026-01-16 12:18:57 - app - INFO - [下载任务2]       线程 197/489 失败，重试 2/3
2026-01-16 12:18:57 - app - INFO - [下载任务2]       线程 195/489 失败，重试 2/3
2026-01-16 12:18:57 - app - INFO - [下载任务2]       线程 198/489 失败，重试 1/3
2026-01-16 12:19:02 - app - INFO - [下载任务2]       线程 195/489 开始下载 (1.89 GB-1.90 GB)
2026-01-16 12:19:02 - app - INFO - [下载任务2]       线程 196/489 开始下载 (1.90 GB-1.91 GB)
2026-01-16 12:19:02 - app - INFO - [下载任务2]       线程 197/489 开始下载 (1.91 GB-1.92 GB)
2026-01-16 12:19:02 - app - INFO - [下载任务2]       线程 198/489 开始下载 (1.92 GB-1.93 GB)
2026-01-16 12:19:08 - app - INFO - [下载任务2]       线程 195/489 失败，重试 3/3
2026-01-16 12:19:08 - app - INFO - [下载任务2]       线程 198/489 失败，重试 2/3
2026-01-16 12:19:08 - app - INFO - [下载任务2]       线程 196/489 失败，重试 3/3
2026-01-16 12:19:08 - app - INFO - [下载任务2]       线程 197/489 失败，重试 3/3
2026-01-16 12:19:13 - app - INFO - [下载任务2]       线程 195/489 开始下载 (1.89 GB-1.90 GB)
2026-01-16 12:19:13 - app - INFO - [下载任务2]       线程 198/489 开始下载 (1.92 GB-1.93 GB)
2026-01-16 12:19:13 - app - INFO - [下载任务2]       线程 196/489 开始下载 (1.90 GB-1.91 GB)
2026-01-16 12:19:13 - app - INFO - [下载任务2]       线程 197/489 开始下载 (1.91 GB-1.92 GB)
2026-01-16 12:19:19 - app - INFO - [下载任务2]       线程 198/489 失败，重试 3/3
2026-01-16 12:19:19 - app - INFO - [下载任务2]       线程 195/489 失败: 状态码: 403
2026-01-16 12:19:19 - app - INFO - [下载任务2]       线程 199/489 开始下载 (1.93 GB-1.94 GB)
2026-01-16 12:19:19 - app - INFO - [下载任务2]       线程 196/489 失败: 状态码: 403
2026-01-16 12:19:19 - app - INFO - [下载任务2]       线程 200/489 开始下载 (1.94 GB-1.95 GB)
2026-01-16 12:19:19 - app - INFO - [下载任务2]       线程 197/489 失败: 状态码: 403
2026-01-16 12:19:19 - app - INFO - [下载任务2]       线程 201/489 开始下载 (1.95 GB-1.96 GB)
2026-01-16 12:19:19 - app - INFO - [下载任务2]       线程 199/489 失败，重试 1/3
2026-01-16 12:19:19 - app - INFO - [下载任务2]       线程 200/489 失败，重试 1/3
2026-01-16 12:19:19 - app - INFO - [下载任务2]       线程 201/489 失败，重试 1/3
2026-01-16 12:19:24 - app - INFO - [下载任务2]       线程 198/489 开始下载 (1.92 GB-1.93 GB)
2026-01-16 12:19:24 - app - INFO - [下载任务2]       线程 199/489 开始下载 (1.93 GB-1.94 GB)
2026-01-16 12:19:24 - app - INFO - [下载任务2]       线程 200/489 开始下载 (1.94 GB-1.95 GB)
2026-01-16 12:19:24 - app - INFO - [下载任务2]       线程 201/489 开始下载 (1.95 GB-1.96 GB)
2026-01-16 12:19:30 - app - INFO - [下载任务2]       线程 200/489 失败，重试 2/3
2026-01-16 12:19:30 - app - INFO - [下载任务2]       线程 201/489 失败，重试 2/3
2026-01-16 12:19:30 - app - INFO - [下载任务2]       线程 198/489 失败: 状态码: 403
2026-01-16 12:19:30 - app - INFO - [下载任务2]       线程 202/489 开始下载 (1.96 GB-1.97 GB)
2026-01-16 12:19:30 - app - INFO - [下载任务2]       线程 199/489 失败，重试 2/3
2026-01-16 12:19:30 - app - INFO - [下载任务2]       线程 202/489 失败，重试 1/3
2026-01-16 12:19:35 - app - INFO - [下载任务2]       线程 200/489 开始下载 (1.94 GB-1.95 GB)
2026-01-16 12:19:35 - app - INFO - [下载任务2]       线程 201/489 开始下载 (1.95 GB-1.96 GB)
2026-01-16 12:19:35 - app - INFO - [下载任务2]       线程 199/489 开始下载 (1.93 GB-1.94 GB)
2026-01-16 12:19:35 - app - INFO - [下载任务2]       线程 202/489 开始下载 (1.96 GB-1.97 GB)
2026-01-16 12:19:41 - app - INFO - [下载任务2]       线程 200/489 失败，重试 3/3
2026-01-16 12:19:41 - app - INFO - [下载任务2]       线程 201/489 失败，重试 3/3
2026-01-16 12:19:41 - app - INFO - [下载任务2]       线程 199/489 失败，重试 3/3
2026-01-16 12:19:41 - app - INFO - [下载任务2]       线程 202/489 失败，重试 2/3
2026-01-16 12:19:46 - app - INFO - [下载任务2]       线程 200/489 开始下载 (1.94 GB-1.95 GB)
2026-01-16 12:19:46 - app - INFO - [下载任务2]       线程 201/489 开始下载 (1.95 GB-1.96 GB)
2026-01-16 12:19:46 - app - INFO - [下载任务2]       线程 199/489 开始下载 (1.93 GB-1.94 GB)
2026-01-16 12:19:46 - app - INFO - [下载任务2]       线程 202/489 开始下载 (1.96 GB-1.97 GB)
2026-01-16 12:19:52 - app - INFO - [下载任务2]       线程 199/489 失败: 状态码: 403
2026-01-16 12:19:52 - app - INFO - [下载任务2]       线程 203/489 开始下载 (1.97 GB-1.98 GB)
2026-01-16 12:19:52 - app - INFO - [下载任务2]       线程 201/489 失败: 状态码: 403
2026-01-16 12:19:52 - app - INFO - [下载任务2]       线程 204/489 开始下载 (1.98 GB-1.99 GB)
2026-01-16 12:19:52 - app - INFO - [下载任务2]       线程 200/489 失败: 状态码: 403
2026-01-16 12:19:52 - app - INFO - [下载任务2]       线程 205/489 开始下载 (1.99 GB-2.00 GB)
2026-01-16 12:19:52 - app - INFO - [下载任务2]       线程 202/489 失败，重试 3/3
2026-01-16 12:19:52 - app - INFO - [下载任务2]       线程 203/489 失败，重试 1/3
2026-01-16 12:19:52 - app - INFO - [下载任务2]       线程 204/489 失败，重试 1/3
2026-01-16 12:19:52 - app - INFO - [下载任务2]       线程 205/489 失败，重试 1/3
2026-01-16 12:19:57 - app - INFO - [下载任务2]       线程 202/489 开始下载 (1.96 GB-1.97 GB)
2026-01-16 12:19:57 - app - INFO - [下载任务2]       线程 203/489 开始下载 (1.97 GB-1.98 GB)
2026-01-16 12:19:57 - app - INFO - [下载任务2]       线程 204/489 开始下载 (1.98 GB-1.99 GB)
2026-01-16 12:19:57 - app - INFO - [下载任务2]       线程 205/489 开始下载 (1.99 GB-2.00 GB)
2026-01-16 12:20:03 - app - INFO - [下载任务2]       线程 202/489 失败: 状态码: 403
2026-01-16 12:20:03 - app - INFO - [下载任务2]       线程 206/489 开始下载 (2.00 GB-2.01 GB)
2026-01-16 12:20:03 - app - INFO - [下载任务2]       线程 203/489 失败，重试 2/3
2026-01-16 12:20:03 - app - INFO - [下载任务2]       线程 204/489 失败，重试 2/3
2026-01-16 12:20:03 - app - INFO - [下载任务2]       线程 205/489 失败，重试 2/3
2026-01-16 12:20:03 - app - INFO - [下载任务2]       线程 206/489 失败，重试 1/3
2026-01-16 12:20:08 - app - INFO - [下载任务2]       线程 203/489 开始下载 (1.97 GB-1.98 GB)
2026-01-16 12:20:08 - app - INFO - [下载任务2]       线程 204/489 开始下载 (1.98 GB-1.99 GB)
2026-01-16 12:20:08 - app - INFO - [下载任务2]       线程 205/489 开始下载 (1.99 GB-2.00 GB)
2026-01-16 12:20:08 - app - INFO - [下载任务2]       线程 206/489 开始下载 (2.00 GB-2.01 GB)
2026-01-16 12:20:14 - app - INFO - [下载任务2]       线程 204/489 失败，重试 3/3
2026-01-16 12:20:14 - app - INFO - [下载任务2]       线程 203/489 失败，重试 3/3
2026-01-16 12:20:14 - app - INFO - [下载任务2]       线程 205/489 失败，重试 3/3
2026-01-16 12:20:14 - app - INFO - [下载任务2]       线程 206/489 失败，重试 2/3
2026-01-16 12:20:19 - app - INFO - [下载任务2]       线程 204/489 开始下载 (1.98 GB-1.99 GB)
2026-01-16 12:20:19 - app - INFO - [下载任务2]       线程 205/489 开始下载 (1.99 GB-2.00 GB)
2026-01-16 12:20:19 - app - INFO - [下载任务2]       线程 206/489 开始下载 (2.00 GB-2.01 GB)
2026-01-16 12:20:19 - app - INFO - [下载任务2]       线程 203/489 开始下载 (1.97 GB-1.98 GB)
2026-01-16 12:20:25 - app - INFO - [下载任务2]       线程 204/489 失败: 状态码: 403
2026-01-16 12:20:25 - app - INFO - [下载任务2]       线程 207/489 开始下载 (2.01 GB-2.02 GB)
2026-01-16 12:20:25 - app - INFO - [下载任务2]       线程 205/489 失败: 状态码: 403
2026-01-16 12:20:25 - app - INFO - [下载任务2]       线程 208/489 开始下载 (2.02 GB-2.03 GB)
2026-01-16 12:20:25 - app - INFO - [下载任务2]       线程 206/489 失败，重试 3/3
2026-01-16 12:20:25 - app - INFO - [下载任务2]       线程 203/489 失败: 状态码: 403
2026-01-16 12:20:25 - app - INFO - [下载任务2]       线程 209/489 开始下载 (2.03 GB-2.04 GB)
2026-01-16 12:20:25 - app - INFO - [下载任务2]       线程 207/489 失败，重试 1/3
2026-01-16 12:20:26 - app - INFO - [下载任务2]       线程 208/489 失败，重试 1/3
2026-01-16 12:20:26 - app - INFO - [下载任务2]       线程 209/489 失败，重试 1/3
2026-01-16 12:20:30 - app - INFO - [下载任务2]       线程 206/489 开始下载 (2.00 GB-2.01 GB)
2026-01-16 12:20:31 - app - INFO - [下载任务2]       线程 208/489 开始下载 (2.02 GB-2.03 GB)
2026-01-16 12:20:31 - app - INFO - [下载任务2]       线程 207/489 开始下载 (2.01 GB-2.02 GB)
2026-01-16 12:20:31 - app - INFO - [下载任务2]       线程 209/489 开始下载 (2.03 GB-2.04 GB)
2026-01-16 12:20:36 - app - INFO - [下载任务2]       线程 207/489 失败，重试 2/3
2026-01-16 12:20:36 - app - INFO - [下载任务2]       线程 206/489 失败: 状态码: 403
2026-01-16 12:20:36 - app - INFO - [下载任务2]       线程 210/489 开始下载 (2.04 GB-2.05 GB)
2026-01-16 12:20:36 - app - INFO - [下载任务2]       线程 208/489 失败，重试 2/3
2026-01-16 12:20:36 - app - INFO - [下载任务2]       线程 209/489 失败，重试 2/3
2026-01-16 12:20:37 - app - INFO - [下载任务2]       线程 210/489 失败，重试 1/3
2026-01-16 12:20:41 - app - INFO - [下载任务2]       线程 207/489 开始下载 (2.01 GB-2.02 GB)
2026-01-16 12:20:41 - app - INFO - [下载任务2]       线程 208/489 开始下载 (2.02 GB-2.03 GB)
2026-01-16 12:20:41 - app - INFO - [下载任务2]       线程 209/489 开始下载 (2.03 GB-2.04 GB)
2026-01-16 12:20:42 - app - INFO - [下载任务2]       线程 210/489 开始下载 (2.04 GB-2.05 GB)
2026-01-16 12:20:47 - app - INFO - [下载任务2]       线程 207/489 失败，重试 3/3
2026-01-16 12:20:47 - app - INFO - [下载任务2]       线程 208/489 失败，重试 3/3
2026-01-16 12:20:47 - app - INFO - [下载任务2]       线程 210/489 失败，重试 2/3
2026-01-16 12:20:48 - app - INFO - [下载任务2]       线程 209/489 失败，重试 3/3
2026-01-16 12:20:52 - app - INFO - [下载任务2]       线程 207/489 开始下载 (2.01 GB-2.02 GB)
2026-01-16 12:20:52 - app - INFO - [下载任务2]       线程 208/489 开始下载 (2.02 GB-2.03 GB)
2026-01-16 12:20:53 - app - INFO - [下载任务2]       线程 210/489 开始下载 (2.04 GB-2.05 GB)
2026-01-16 12:20:53 - app - INFO - [下载任务2]       线程 209/489 开始下载 (2.03 GB-2.04 GB)
2026-01-16 12:20:59 - app - INFO - [下载任务2]       线程 207/489 失败: 状态码: 403
2026-01-16 12:20:59 - app - INFO - [下载任务2]       线程 211/489 开始下载 (2.05 GB-2.06 GB)
2026-01-16 12:20:59 - app - INFO - [下载任务2]       线程 209/489 失败: 状态码: 403
2026-01-16 12:20:59 - app - INFO - [下载任务2]       线程 208/489 失败: 状态码: 403
2026-01-16 12:20:59 - app - INFO - [下载任务2]       线程 212/489 开始下载 (2.06 GB-2.07 GB)
2026-01-16 12:20:59 - app - INFO - [下载任务2]       线程 213/489 开始下载 (2.07 GB-2.08 GB)
2026-01-16 12:20:59 - app - INFO - [下载任务2]       线程 210/489 失败，重试 3/3
2026-01-16 12:20:59 - app - INFO - [下载任务2]       线程 211/489 失败，重试 1/3
2026-01-16 12:20:59 - app - INFO - [下载任务2]       线程 213/489 失败，重试 1/3
2026-01-16 12:20:59 - app - INFO - [下载任务2]       线程 212/489 失败，重试 1/3
2026-01-16 12:21:04 - app - INFO - [下载任务2]       线程 210/489 开始下载 (2.04 GB-2.05 GB)
2026-01-16 12:21:04 - app - INFO - [下载任务2]       线程 211/489 开始下载 (2.05 GB-2.06 GB)
2026-01-16 12:21:04 - app - INFO - [下载任务2]       线程 213/489 开始下载 (2.07 GB-2.08 GB)
2026-01-16 12:21:04 - app - INFO - [下载任务2]       线程 212/489 开始下载 (2.06 GB-2.07 GB)
2026-01-16 12:21:10 - app - INFO - [下载任务2]       线程 211/489 失败，重试 2/3
2026-01-16 12:21:10 - app - INFO - [下载任务2]       线程 210/489 失败: 状态码: 403
2026-01-16 12:21:10 - app - INFO - [下载任务2]       线程 214/489 开始下载 (2.08 GB-2.09 GB)
2026-01-16 12:21:10 - app - INFO - [下载任务2]       线程 213/489 失败，重试 2/3
2026-01-16 12:21:10 - app - INFO - [下载任务2]       线程 212/489 失败，重试 2/3
2026-01-16 12:21:10 - app - INFO - [下载任务2]       线程 214/489 失败，重试 1/3
2026-01-16 12:21:15 - app - INFO - [下载任务2]       线程 213/489 开始下载 (2.07 GB-2.08 GB)
2026-01-16 12:21:15 - app - INFO - [下载任务2]       线程 211/489 开始下载 (2.05 GB-2.06 GB)
2026-01-16 12:21:15 - app - INFO - [下载任务2]       线程 212/489 开始下载 (2.06 GB-2.07 GB)
2026-01-16 12:21:15 - app - INFO - [下载任务2]       线程 214/489 开始下载 (2.08 GB-2.09 GB)
2026-01-16 12:21:21 - app - INFO - [下载任务2]       线程 213/489 失败，重试 3/3
2026-01-16 12:21:21 - app - INFO - [下载任务2]       线程 211/489 失败，重试 3/3
2026-01-16 12:21:21 - app - INFO - [下载任务2]       线程 212/489 失败，重试 3/3
2026-01-16 12:21:21 - app - INFO - [下载任务2]       线程 214/489 失败，重试 2/3
2026-01-16 12:21:26 - app - INFO - [下载任务2]       线程 211/489 开始下载 (2.05 GB-2.06 GB)
2026-01-16 12:21:26 - app - INFO - [下载任务2]       线程 212/489 开始下载 (2.06 GB-2.07 GB)
2026-01-16 12:21:26 - app - INFO - [下载任务2]       线程 213/489 开始下载 (2.07 GB-2.08 GB)
2026-01-16 12:21:26 - app - INFO - [下载任务2]       线程 214/489 开始下载 (2.08 GB-2.09 GB)
2026-01-16 12:21:32 - app - INFO - [下载任务2]       线程 211/489 失败: 状态码: 403
2026-01-16 12:21:32 - app - INFO - [下载任务2]       线程 215/489 开始下载 (2.09 GB-2.10 GB)
2026-01-16 12:21:32 - app - INFO - [下载任务2]       线程 212/489 失败: 状态码: 403
2026-01-16 12:21:32 - app - INFO - [下载任务2]       线程 213/489 失败: 状态码: 403
2026-01-16 12:21:32 - app - INFO - [下载任务2]       线程 216/489 开始下载 (2.10 GB-2.11 GB)
2026-01-16 12:21:32 - app - INFO - [下载任务2]       线程 217/489 开始下载 (2.11 GB-2.12 GB)
2026-01-16 12:21:32 - app - INFO - [下载任务2]       线程 214/489 失败，重试 3/3
2026-01-16 12:21:32 - app - INFO - [下载任务2]       线程 215/489 失败，重试 1/3
2026-01-16 12:21:32 - app - INFO - [下载任务2]       线程 216/489 失败，重试 1/3
2026-01-16 12:21:32 - app - INFO - [下载任务2]       线程 217/489 失败，重试 1/3
2026-01-16 12:21:37 - app - INFO - [下载任务2]       线程 214/489 开始下载 (2.08 GB-2.09 GB)
2026-01-16 12:21:37 - app - INFO - [下载任务2]       线程 215/489 开始下载 (2.09 GB-2.10 GB)
2026-01-16 12:21:37 - app - INFO - [下载任务2]       线程 216/489 开始下载 (2.10 GB-2.11 GB)
2026-01-16 12:21:37 - app - INFO - [下载任务2]       线程 217/489 开始下载 (2.11 GB-2.12 GB)
2026-01-16 12:21:43 - app - INFO - [下载任务2]       线程 214/489 失败: 状态码: 403
2026-01-16 12:21:43 - app - INFO - [下载任务2]       线程 215/489 失败，重试 2/3
2026-01-16 12:21:43 - app - INFO - [下载任务2]       线程 218/489 开始下载 (2.12 GB-2.13 GB)
2026-01-16 12:21:43 - app - INFO - [下载任务2]       线程 216/489 失败，重试 2/3
2026-01-16 12:21:43 - app - INFO - [下载任务2]       线程 217/489 失败，重试 2/3
2026-01-16 12:21:43 - app - INFO - [下载任务2]       线程 218/489 失败，重试 1/3
2026-01-16 12:21:48 - app - INFO - [下载任务2]       线程 215/489 开始下载 (2.09 GB-2.10 GB)
2026-01-16 12:21:48 - app - INFO - [下载任务2]       线程 216/489 开始下载 (2.10 GB-2.11 GB)
2026-01-16 12:21:48 - app - INFO - [下载任务2]       线程 217/489 开始下载 (2.11 GB-2.12 GB)
2026-01-16 12:21:48 - app - INFO - [下载任务2]       线程 218/489 开始下载 (2.12 GB-2.13 GB)
2026-01-16 12:21:54 - app - INFO - [下载任务2]       线程 215/489 失败，重试 3/3
2026-01-16 12:21:54 - app - INFO - [下载任务2]       线程 216/489 失败，重试 3/3
2026-01-16 12:21:54 - app - INFO - [下载任务2]       线程 218/489 失败，重试 2/3
2026-01-16 12:21:54 - app - INFO - [下载任务2]       线程 217/489 失败，重试 3/3
2026-01-16 12:21:59 - app - INFO - [下载任务2]       线程 218/489 开始下载 (2.12 GB-2.13 GB)
2026-01-16 12:21:59 - app - INFO - [下载任务2]       线程 215/489 开始下载 (2.09 GB-2.10 GB)
2026-01-16 12:21:59 - app - INFO - [下载任务2]       线程 216/489 开始下载 (2.10 GB-2.11 GB)
2026-01-16 12:21:59 - app - INFO - [下载任务2]       线程 217/489 开始下载 (2.11 GB-2.12 GB)
2026-01-16 12:22:05 - app - INFO - [下载任务2]       线程 216/489 失败: 状态码: 403
2026-01-16 12:22:05 - app - INFO - [下载任务2]       线程 215/489 失败: 状态码: 403
2026-01-16 12:22:05 - app - INFO - [下载任务2]       线程 219/489 开始下载 (2.13 GB-2.14 GB)
2026-01-16 12:22:05 - app - INFO - [下载任务2]       线程 220/489 开始下载 (2.14 GB-2.15 GB)
2026-01-16 12:22:05 - app - INFO - [下载任务2]       线程 217/489 失败: 状态码: 403
2026-01-16 12:22:05 - app - INFO - [下载任务2]       线程 221/489 开始下载 (2.15 GB-2.16 GB)
2026-01-16 12:22:05 - app - INFO - [下载任务2]       线程 218/489 失败，重试 3/3
2026-01-16 12:22:05 - app - INFO - [下载任务2]       线程 219/489 失败，重试 1/3
2026-01-16 12:22:05 - app - INFO - [下载任务2]       线程 220/489 失败，重试 1/3
2026-01-16 12:22:05 - app - INFO - [下载任务2]       线程 221/489 失败，重试 1/3
2026-01-16 12:22:10 - app - INFO - [下载任务2]       线程 218/489 开始下载 (2.12 GB-2.13 GB)
2026-01-16 12:22:10 - app - INFO - [下载任务2]       线程 219/489 开始下载 (2.13 GB-2.14 GB)
2026-01-16 12:22:10 - app - INFO - [下载任务2]       线程 221/489 开始下载 (2.15 GB-2.16 GB)
2026-01-16 12:22:10 - app - INFO - [下载任务2]       线程 220/489 开始下载 (2.14 GB-2.15 GB)
2026-01-16 12:22:16 - app - INFO - [下载任务2]       线程 218/489 失败: 状态码: 403
2026-01-16 12:22:16 - app - INFO - [下载任务2]       线程 222/489 开始下载 (2.16 GB-2.17 GB)
2026-01-16 12:22:16 - app - INFO - [下载任务2]       线程 219/489 失败，重试 2/3
2026-01-16 12:22:16 - app - INFO - [下载任务2]       线程 221/489 失败，重试 2/3
2026-01-16 12:22:16 - app - INFO - [下载任务2]       线程 220/489 失败，重试 2/3
2026-01-16 12:22:16 - app - INFO - [下载任务2]       线程 222/489 失败，重试 1/3
2026-01-16 12:22:21 - app - INFO - [下载任务2]       线程 221/489 开始下载 (2.15 GB-2.16 GB)
2026-01-16 12:22:21 - app - INFO - [下载任务2]       线程 219/489 开始下载 (2.13 GB-2.14 GB)
2026-01-16 12:22:21 - app - INFO - [下载任务2]       线程 220/489 开始下载 (2.14 GB-2.15 GB)
2026-01-16 12:22:21 - app - INFO - [下载任务2]       线程 222/489 开始下载 (2.16 GB-2.17 GB)
2026-01-16 12:22:27 - app - INFO - [下载任务2]       线程 221/489 失败，重试 3/3
2026-01-16 12:22:27 - app - INFO - [下载任务2]       线程 219/489 失败，重试 3/3
2026-01-16 12:22:27 - app - INFO - [下载任务2]       线程 220/489 失败，重试 3/3
2026-01-16 12:22:27 - app - INFO - [下载任务2]       线程 222/489 失败，重试 2/3
2026-01-16 12:22:32 - app - INFO - [下载任务2]       线程 221/489 开始下载 (2.15 GB-2.16 GB)
2026-01-16 12:22:32 - app - INFO - [下载任务2]       线程 219/489 开始下载 (2.13 GB-2.14 GB)
2026-01-16 12:22:32 - app - INFO - [下载任务2]       线程 220/489 开始下载 (2.14 GB-2.15 GB)
2026-01-16 12:22:32 - app - INFO - [下载任务2]       线程 222/489 开始下载 (2.16 GB-2.17 GB)
2026-01-16 12:22:38 - app - INFO - [下载任务2]       线程 219/489 失败: 状态码: 403
2026-01-16 12:22:38 - app - INFO - [下载任务2]       线程 223/489 开始下载 (2.17 GB-2.18 GB)
2026-01-16 12:22:38 - app - INFO - [下载任务2]       线程 220/489 失败: 状态码: 403
2026-01-16 12:22:38 - app - INFO - [下载任务2]       线程 221/489 失败: 状态码: 403
2026-01-16 12:22:38 - app - INFO - [下载任务2]       线程 224/489 开始下载 (2.18 GB-2.19 GB)
2026-01-16 12:22:38 - app - INFO - [下载任务2]       线程 225/489 开始下载 (2.19 GB-2.20 GB)
2026-01-16 12:22:38 - app - INFO - [下载任务2]       线程 222/489 失败，重试 3/3
2026-01-16 12:22:38 - app - INFO - [下载任务2]       线程 223/489 失败，重试 1/3
2026-01-16 12:22:38 - app - INFO - [下载任务2]       线程 224/489 失败，重试 1/3
2026-01-16 12:22:38 - app - INFO - [下载任务2]       线程 225/489 失败，重试 1/3
2026-01-16 12:22:43 - app - INFO - [下载任务2]       线程 222/489 开始下载 (2.16 GB-2.17 GB)
2026-01-16 12:22:43 - app - INFO - [下载任务2]       线程 223/489 开始下载 (2.17 GB-2.18 GB)
2026-01-16 12:22:43 - app - INFO - [下载任务2]       线程 224/489 开始下载 (2.18 GB-2.19 GB)
2026-01-16 12:22:43 - app - INFO - [下载任务2]       线程 225/489 开始下载 (2.19 GB-2.20 GB)
2026-01-16 12:22:49 - app - INFO - [下载任务2]       线程 222/489 失败: 状态码: 403
2026-01-16 12:22:49 - app - INFO - [下载任务2]       线程 226/489 开始下载 (2.20 GB-2.21 GB)
2026-01-16 12:22:49 - app - INFO - [下载任务2]       线程 225/489 失败，重试 2/3
2026-01-16 12:22:49 - app - INFO - [下载任务2]       线程 224/489 失败，重试 2/3
2026-01-16 12:22:49 - app - INFO - [下载任务2]       线程 223/489 失败，重试 2/3
2026-01-16 12:22:49 - app - INFO - [下载任务2]       线程 226/489 失败，重试 1/3
2026-01-16 12:22:54 - app - INFO - [下载任务2]       线程 224/489 开始下载 (2.18 GB-2.19 GB)
2026-01-16 12:22:54 - app - INFO - [下载任务2]       线程 223/489 开始下载 (2.17 GB-2.18 GB)
2026-01-16 12:22:54 - app - INFO - [下载任务2]       线程 225/489 开始下载 (2.19 GB-2.20 GB)
2026-01-16 12:22:54 - app - INFO - [下载任务2]       线程 226/489 开始下载 (2.20 GB-2.21 GB)
2026-01-16 12:23:00 - app - INFO - [下载任务2]       线程 224/489 失败，重试 3/3
2026-01-16 12:23:00 - app - INFO - [下载任务2]       线程 226/489 失败，重试 2/3
2026-01-16 12:23:00 - app - INFO - [下载任务2]       线程 223/489 失败，重试 3/3
2026-01-16 12:23:00 - app - INFO - [下载任务2]       线程 225/489 失败，重试 3/3
2026-01-16 12:23:05 - app - INFO - [下载任务2]       线程 224/489 开始下载 (2.18 GB-2.19 GB)
2026-01-16 12:23:05 - app - INFO - [下载任务2]       线程 226/489 开始下载 (2.20 GB-2.21 GB)
2026-01-16 12:23:05 - app - INFO - [下载任务2]       线程 223/489 开始下载 (2.17 GB-2.18 GB)
2026-01-16 12:23:05 - app - INFO - [下载任务2]       线程 225/489 开始下载 (2.19 GB-2.20 GB)
2026-01-16 12:23:11 - app - INFO - [下载任务2]       线程 224/489 失败: 状态码: 403
2026-01-16 12:23:11 - app - INFO - [下载任务2]       线程 227/489 开始下载 (2.21 GB-2.22 GB)
2026-01-16 12:23:11 - app - INFO - [下载任务2]       线程 223/489 失败: 状态码: 403
2026-01-16 12:23:11 - app - INFO - [下载任务2]       线程 228/489 开始下载 (2.22 GB-2.23 GB)
2026-01-16 12:23:11 - app - INFO - [下载任务2]       线程 225/489 失败: 状态码: 403
2026-01-16 12:23:11 - app - INFO - [下载任务2]       线程 229/489 开始下载 (2.23 GB-2.24 GB)
2026-01-16 12:23:11 - app - INFO - [下载任务2]       线程 226/489 失败，重试 3/3
2026-01-16 12:23:11 - app - INFO - [下载任务2]       线程 227/489 失败，重试 1/3
2026-01-16 12:23:11 - app - INFO - [下载任务2]       线程 228/489 失败，重试 1/3
2026-01-16 12:23:11 - app - INFO - [下载任务2]       线程 229/489 失败，重试 1/3
2026-01-16 12:23:16 - app - INFO - [下载任务2]       线程 226/489 开始下载 (2.20 GB-2.21 GB)
2026-01-16 12:23:16 - app - INFO - [下载任务2]       线程 227/489 开始下载 (2.21 GB-2.22 GB)
2026-01-16 12:23:16 - app - INFO - [下载任务2]       线程 228/489 开始下载 (2.22 GB-2.23 GB)
2026-01-16 12:23:16 - app - INFO - [下载任务2]       线程 229/489 开始下载 (2.23 GB-2.24 GB)
2026-01-16 12:23:22 - app - INFO - [下载任务2]       线程 226/489 失败: 状态码: 403
2026-01-16 12:23:22 - app - INFO - [下载任务2]       线程 230/489 开始下载 (2.24 GB-2.25 GB)
2026-01-16 12:23:22 - app - INFO - [下载任务2]       线程 228/489 失败，重试 2/3
2026-01-16 12:23:22 - app - INFO - [下载任务2]       线程 227/489 失败，重试 2/3
2026-01-16 12:23:22 - app - INFO - [下载任务2]       线程 229/489 失败，重试 2/3
2026-01-16 12:23:22 - app - INFO - [下载任务2]       线程 230/489 失败，重试 1/3
2026-01-16 12:23:27 - app - INFO - [下载任务2]       线程 229/489 开始下载 (2.23 GB-2.24 GB)
2026-01-16 12:23:27 - app - INFO - [下载任务2]       线程 227/489 开始下载 (2.21 GB-2.22 GB)
2026-01-16 12:23:27 - app - INFO - [下载任务2]       线程 228/489 开始下载 (2.22 GB-2.23 GB)
2026-01-16 12:23:27 - app - INFO - [下载任务2]       线程 230/489 开始下载 (2.24 GB-2.25 GB)
2026-01-16 12:23:33 - app - INFO - [下载任务2]       线程 229/489 失败，重试 3/3
2026-01-16 12:23:33 - app - INFO - [下载任务2]       线程 227/489 失败，重试 3/3
2026-01-16 12:23:33 - app - INFO - [下载任务2]       线程 228/489 失败，重试 3/3
2026-01-16 12:23:33 - app - INFO - [下载任务2]       线程 230/489 失败，重试 2/3
2026-01-16 12:23:38 - app - INFO - [下载任务2]       线程 229/489 开始下载 (2.23 GB-2.24 GB)
2026-01-16 12:23:38 - app - INFO - [下载任务2]       线程 228/489 开始下载 (2.22 GB-2.23 GB)
2026-01-16 12:23:38 - app - INFO - [下载任务2]       线程 227/489 开始下载 (2.21 GB-2.22 GB)
2026-01-16 12:23:38 - app - INFO - [下载任务2]       线程 230/489 开始下载 (2.24 GB-2.25 GB)
2026-01-16 12:23:44 - app - INFO - [下载任务2]       线程 229/489 失败: 状态码: 403
2026-01-16 12:23:44 - app - INFO - [下载任务2]       线程 231/489 开始下载 (2.25 GB-2.26 GB)
2026-01-16 12:23:44 - app - INFO - [下载任务2]       线程 230/489 失败，重试 3/3
2026-01-16 12:23:44 - app - INFO - [下载任务2]       线程 228/489 失败: 状态码: 403
2026-01-16 12:23:44 - app - INFO - [下载任务2]       线程 232/489 开始下载 (2.26 GB-2.27 GB)
2026-01-16 12:23:44 - app - INFO - [下载任务2]       线程 227/489 失败: 状态码: 403
2026-01-16 12:23:44 - app - INFO - [下载任务2]       线程 233/489 开始下载 (2.27 GB-2.28 GB)
2026-01-16 12:23:45 - app - INFO - [下载任务2]       线程 231/489 失败，重试 1/3
2026-01-16 12:23:45 - app - INFO - [下载任务2]       线程 232/489 失败，重试 1/3
2026-01-16 12:23:45 - app - INFO - [下载任务2]       线程 233/489 失败，重试 1/3
2026-01-16 12:23:49 - app - INFO - [下载任务2]       线程 230/489 开始下载 (2.24 GB-2.25 GB)
2026-01-16 12:23:50 - app - INFO - [下载任务2]       线程 231/489 开始下载 (2.25 GB-2.26 GB)
2026-01-16 12:23:50 - app - INFO - [下载任务2]       线程 233/489 开始下载 (2.27 GB-2.28 GB)
2026-01-16 12:23:50 - app - INFO - [下载任务2]       线程 232/489 开始下载 (2.26 GB-2.27 GB)
2026-01-16 12:23:56 - app - INFO - [下载任务2]       线程 230/489 失败: 状态码: 403
2026-01-16 12:23:56 - app - INFO - [下载任务2]       线程 234/489 开始下载 (2.28 GB-2.29 GB)
2026-01-16 12:23:56 - app - INFO - [下载任务2]       线程 233/489 失败，重试 2/3
2026-01-16 12:23:56 - app - INFO - [下载任务2]       线程 231/489 失败，重试 2/3
2026-01-16 12:23:56 - app - INFO - [下载任务2]       线程 232/489 失败，重试 2/3
2026-01-16 12:23:56 - app - INFO - [下载任务2]       线程 234/489 失败，重试 1/3
2026-01-16 12:24:01 - app - INFO - [下载任务2]       线程 233/489 开始下载 (2.27 GB-2.28 GB)
2026-01-16 12:24:01 - app - INFO - [下载任务2]       线程 231/489 开始下载 (2.25 GB-2.26 GB)
2026-01-16 12:24:01 - app - INFO - [下载任务2]       线程 232/489 开始下载 (2.26 GB-2.27 GB)
2026-01-16 12:24:01 - app - INFO - [下载任务2]       线程 234/489 开始下载 (2.28 GB-2.29 GB)
2026-01-16 12:24:07 - app - INFO - [下载任务2]       线程 233/489 失败，重试 3/3
2026-01-16 12:24:07 - app - INFO - [下载任务2]       线程 232/489 失败，重试 3/3
2026-01-16 12:24:07 - app - INFO - [下载任务2]       线程 234/489 失败，重试 2/3
2026-01-16 12:24:07 - app - INFO - [下载任务2]       线程 231/489 失败，重试 3/3
2026-01-16 12:24:12 - app - INFO - [下载任务2]       线程 232/489 开始下载 (2.26 GB-2.27 GB)
2026-01-16 12:24:12 - app - INFO - [下载任务2]       线程 233/489 开始下载 (2.27 GB-2.28 GB)
2026-01-16 12:24:12 - app - INFO - [下载任务2]       线程 231/489 开始下载 (2.25 GB-2.26 GB)
2026-01-16 12:24:12 - app - INFO - [下载任务2]       线程 234/489 开始下载 (2.28 GB-2.29 GB)
2026-01-16 12:24:18 - app - INFO - [下载任务2]       线程 233/489 失败: 状态码: 403
2026-01-16 12:24:18 - app - INFO - [下载任务2]       线程 235/489 开始下载 (2.29 GB-2.29 GB)
2026-01-16 12:24:18 - app - INFO - [下载任务2]       线程 231/489 失败: 状态码: 403
2026-01-16 12:24:18 - app - INFO - [下载任务2]       线程 236/489 开始下载 (2.29 GB-2.30 GB)
2026-01-16 12:24:18 - app - INFO - [下载任务2]       线程 234/489 失败，重试 3/3
2026-01-16 12:24:18 - app - INFO - [下载任务2]       线程 235/489 失败，重试 1/3
2026-01-16 12:24:18 - app - INFO - [下载任务2]       线程 236/489 失败，重试 1/3
2026-01-16 12:24:18 - app - INFO - [下载任务2]       线程 232/489 失败: 状态码: 403
2026-01-16 12:24:18 - app - INFO - [下载任务2]       线程 237/489 开始下载 (2.30 GB-2.31 GB)
2026-01-16 12:24:18 - app - INFO - [下载任务2]       线程 237/489 失败，重试 1/3
2026-01-16 12:24:23 - app - INFO - [下载任务2]       线程 234/489 开始下载 (2.28 GB-2.29 GB)
2026-01-16 12:24:23 - app - INFO - [下载任务2]       线程 235/489 开始下载 (2.29 GB-2.29 GB)
2026-01-16 12:24:23 - app - INFO - [下载任务2]       线程 236/489 开始下载 (2.29 GB-2.30 GB)
2026-01-16 12:24:23 - app - INFO - [下载任务2]       线程 237/489 开始下载 (2.30 GB-2.31 GB)
2026-01-16 12:24:29 - app - INFO - [下载任务2]       线程 234/489 失败: 状态码: 403
2026-01-16 12:24:29 - app - INFO - [下载任务2]       线程 238/489 开始下载 (2.31 GB-2.32 GB)
2026-01-16 12:24:29 - app - INFO - [下载任务2]       线程 237/489 失败，重试 2/3
2026-01-16 12:24:29 - app - INFO - [下载任务2]       线程 236/489 失败，重试 2/3
2026-01-16 12:24:29 - app - INFO - [下载任务2]       线程 235/489 失败，重试 2/3
2026-01-16 12:24:29 - app - INFO - [下载任务2]       线程 238/489 失败，重试 1/3
2026-01-16 12:24:34 - app - INFO - [下载任务2]       线程 235/489 开始下载 (2.29 GB-2.29 GB)
2026-01-16 12:24:34 - app - INFO - [下载任务2]       线程 236/489 开始下载 (2.29 GB-2.30 GB)
2026-01-16 12:24:34 - app - INFO - [下载任务2]       线程 237/489 开始下载 (2.30 GB-2.31 GB)
2026-01-16 12:24:34 - app - INFO - [下载任务2]       线程 238/489 开始下载 (2.31 GB-2.32 GB)
2026-01-16 12:24:40 - app - INFO - [下载任务2]       线程 235/489 失败，重试 3/3
2026-01-16 12:24:40 - app - INFO - [下载任务2]       线程 237/489 失败，重试 3/3
2026-01-16 12:24:40 - app - INFO - [下载任务2]       线程 236/489 失败，重试 3/3
2026-01-16 12:24:40 - app - INFO - [下载任务2]       线程 238/489 失败，重试 2/3
2026-01-16 12:24:45 - app - INFO - [下载任务2]       线程 235/489 开始下载 (2.29 GB-2.29 GB)
2026-01-16 12:24:45 - app - INFO - [下载任务2]       线程 236/489 开始下载 (2.29 GB-2.30 GB)
2026-01-16 12:24:45 - app - INFO - [下载任务2]       线程 237/489 开始下载 (2.30 GB-2.31 GB)
2026-01-16 12:24:45 - app - INFO - [下载任务2]       线程 238/489 开始下载 (2.31 GB-2.32 GB)
2026-01-16 12:24:51 - app - INFO - [下载任务2]       线程 235/489 失败: 状态码: 403
2026-01-16 12:24:51 - app - INFO - [下载任务2]       线程 239/489 开始下载 (2.32 GB-2.33 GB)
2026-01-16 12:24:51 - app - INFO - [下载任务2]       线程 236/489 失败: 状态码: 403
2026-01-16 12:24:51 - app - INFO - [下载任务2]       线程 238/489 失败，重试 3/3
2026-01-16 12:24:51 - app - INFO - [下载任务2]       线程 240/489 开始下载 (2.33 GB-2.34 GB)
2026-01-16 12:24:51 - app - INFO - [下载任务2]       线程 237/489 失败: 状态码: 403
2026-01-16 12:24:51 - app - INFO - [下载任务2]       线程 241/489 开始下载 (2.34 GB-2.35 GB)
2026-01-16 12:24:51 - app - INFO - [下载任务2]       线程 239/489 失败，重试 1/3
2026-01-16 12:24:51 - app - INFO - [下载任务2]       线程 240/489 失败，重试 1/3
2026-01-16 12:24:51 - app - INFO - [下载任务2]       线程 241/489 失败，重试 1/3
2026-01-16 12:24:56 - app - INFO - [下载任务2]       线程 238/489 开始下载 (2.31 GB-2.32 GB)
2026-01-16 12:24:56 - app - INFO - [下载任务2]       线程 239/489 开始下载 (2.32 GB-2.33 GB)
2026-01-16 12:24:56 - app - INFO - [下载任务2]       线程 240/489 开始下载 (2.33 GB-2.34 GB)
2026-01-16 12:24:56 - app - INFO - [下载任务2]       线程 241/489 开始下载 (2.34 GB-2.35 GB)
2026-01-16 12:25:02 - app - INFO - [下载任务2]       线程 238/489 失败: 状态码: 403
2026-01-16 12:25:02 - app - INFO - [下载任务2]       线程 242/489 开始下载 (2.35 GB-2.36 GB)
2026-01-16 12:25:02 - app - INFO - [下载任务2]       线程 241/489 失败，重试 2/3
2026-01-16 12:25:02 - app - INFO - [下载任务2]       线程 239/489 失败，重试 2/3
2026-01-16 12:25:02 - app - INFO - [下载任务2]       线程 240/489 失败，重试 2/3
2026-01-16 12:25:02 - app - INFO - [下载任务2]       线程 242/489 失败，重试 1/3
2026-01-16 12:25:07 - app - INFO - [下载任务2]       线程 240/489 开始下载 (2.33 GB-2.34 GB)
2026-01-16 12:25:07 - app - INFO - [下载任务2]       线程 241/489 开始下载 (2.34 GB-2.35 GB)
2026-01-16 12:25:07 - app - INFO - [下载任务2]       线程 239/489 开始下载 (2.32 GB-2.33 GB)
2026-01-16 12:25:07 - app - INFO - [下载任务2]       线程 242/489 开始下载 (2.35 GB-2.36 GB)
2026-01-16 12:25:13 - app - INFO - [下载任务2]       线程 241/489 失败，重试 3/3
2026-01-16 12:25:13 - app - INFO - [下载任务2]       线程 242/489 失败，重试 2/3
2026-01-16 12:25:13 - app - INFO - [下载任务2]       线程 239/489 失败，重试 3/3
2026-01-16 12:25:13 - app - INFO - [下载任务2]       线程 240/489 失败，重试 3/3
2026-01-16 12:25:18 - app - INFO - [下载任务2]       线程 240/489 开始下载 (2.33 GB-2.34 GB)
2026-01-16 12:25:18 - app - INFO - [下载任务2]       线程 239/489 开始下载 (2.32 GB-2.33 GB)
2026-01-16 12:25:18 - app - INFO - [下载任务2]       线程 242/489 开始下载 (2.35 GB-2.36 GB)
2026-01-16 12:25:18 - app - INFO - [下载任务2]       线程 241/489 开始下载 (2.34 GB-2.35 GB)
2026-01-16 12:25:24 - app - INFO - [下载任务2]       线程 240/489 失败: 状态码: 403
2026-01-16 12:25:24 - app - INFO - [下载任务2]       线程 239/489 失败: 状态码: 403
2026-01-16 12:25:24 - app - INFO - [下载任务2]       线程 243/489 开始下载 (2.36 GB-2.37 GB)
2026-01-16 12:25:24 - app - INFO - [下载任务2]       线程 244/489 开始下载 (2.37 GB-2.38 GB)
2026-01-16 12:25:24 - app - INFO - [下载任务2]       线程 242/489 失败，重试 3/3
2026-01-16 12:25:24 - app - INFO - [下载任务2]       线程 241/489 失败: 状态码: 403
2026-01-16 12:25:24 - app - INFO - [下载任务2]       线程 245/489 开始下载 (2.38 GB-2.39 GB)
2026-01-16 12:25:24 - app - INFO - [下载任务2]       线程 243/489 失败，重试 1/3
2026-01-16 12:25:24 - app - INFO - [下载任务2]       线程 244/489 失败，重试 1/3
2026-01-16 12:25:24 - app - INFO - [下载任务2]       线程 245/489 失败，重试 1/3
2026-01-16 12:25:29 - app - INFO - [下载任务2]       线程 242/489 开始下载 (2.35 GB-2.36 GB)
2026-01-16 12:25:29 - app - INFO - [下载任务2]       线程 244/489 开始下载 (2.37 GB-2.38 GB)
2026-01-16 12:25:29 - app - INFO - [下载任务2]       线程 243/489 开始下载 (2.36 GB-2.37 GB)
2026-01-16 12:25:29 - app - INFO - [下载任务2]       线程 245/489 开始下载 (2.38 GB-2.39 GB)
2026-01-16 12:25:35 - app - INFO - [下载任务2]       线程 242/489 失败: 状态码: 403
2026-01-16 12:25:35 - app - INFO - [下载任务2]       线程 246/489 开始下载 (2.39 GB-2.40 GB)
2026-01-16 12:25:35 - app - INFO - [下载任务2]       线程 243/489 失败，重试 2/3
2026-01-16 12:25:35 - app - INFO - [下载任务2]       线程 244/489 失败，重试 2/3
2026-01-16 12:25:35 - app - INFO - [下载任务2]       线程 245/489 失败，重试 2/3
2026-01-16 12:25:35 - app - INFO - [下载任务2]       线程 246/489 失败，重试 1/3
2026-01-16 12:25:40 - app - INFO - [下载任务2]       线程 243/489 开始下载 (2.36 GB-2.37 GB)
2026-01-16 12:25:40 - app - INFO - [下载任务2]       线程 245/489 开始下载 (2.38 GB-2.39 GB)
2026-01-16 12:25:40 - app - INFO - [下载任务2]       线程 244/489 开始下载 (2.37 GB-2.38 GB)
2026-01-16 12:25:40 - app - INFO - [下载任务2]       线程 246/489 开始下载 (2.39 GB-2.40 GB)
2026-01-16 12:25:46 - app - INFO - [下载任务2]       线程 243/489 失败，重试 3/3
2026-01-16 12:25:46 - app - INFO - [下载任务2]       线程 245/489 失败，重试 3/3
2026-01-16 12:25:46 - app - INFO - [下载任务2]       线程 244/489 失败，重试 3/3
2026-01-16 12:25:46 - app - INFO - [下载任务2]       线程 246/489 失败，重试 2/3
2026-01-16 12:25:51 - app - INFO - [下载任务2]       线程 243/489 开始下载 (2.36 GB-2.37 GB)
2026-01-16 12:25:51 - app - INFO - [下载任务2]       线程 245/489 开始下载 (2.38 GB-2.39 GB)
2026-01-16 12:25:51 - app - INFO - [下载任务2]       线程 244/489 开始下载 (2.37 GB-2.38 GB)
2026-01-16 12:25:51 - app - INFO - [下载任务2]       线程 246/489 开始下载 (2.39 GB-2.40 GB)
2026-01-16 12:25:57 - app - INFO - [下载任务2]       线程 243/489 失败: 状态码: 403
2026-01-16 12:25:57 - app - INFO - [下载任务2]       线程 247/489 开始下载 (2.40 GB-2.41 GB)
2026-01-16 12:25:57 - app - INFO - [下载任务2]       线程 245/489 失败: 状态码: 403
2026-01-16 12:25:57 - app - INFO - [下载任务2]       线程 248/489 开始下载 (2.41 GB-2.42 GB)
2026-01-16 12:25:57 - app - INFO - [下载任务2]       线程 244/489 失败: 状态码: 403
2026-01-16 12:25:57 - app - INFO - [下载任务2]       线程 249/489 开始下载 (2.42 GB-2.43 GB)
2026-01-16 12:25:57 - app - INFO - [下载任务2]       线程 246/489 失败，重试 3/3
2026-01-16 12:25:57 - app - INFO - [下载任务2]       线程 247/489 失败，重试 1/3
2026-01-16 12:25:57 - app - INFO - [下载任务2]       线程 248/489 失败，重试 1/3
2026-01-16 12:25:57 - app - INFO - [下载任务2]       线程 249/489 失败，重试 1/3
2026-01-16 12:26:02 - app - INFO - [下载任务2]       线程 246/489 开始下载 (2.39 GB-2.40 GB)
2026-01-16 12:26:02 - app - INFO - [下载任务2]       线程 247/489 开始下载 (2.40 GB-2.41 GB)
2026-01-16 12:26:02 - app - INFO - [下载任务2]       线程 248/489 开始下载 (2.41 GB-2.42 GB)
2026-01-16 12:26:02 - app - INFO - [下载任务2]       线程 249/489 开始下载 (2.42 GB-2.43 GB)
2026-01-16 12:26:08 - app - INFO - [下载任务2]       线程 246/489 失败: 状态码: 403
2026-01-16 12:26:08 - app - INFO - [下载任务2]       线程 250/489 开始下载 (2.43 GB-2.44 GB)
2026-01-16 12:26:08 - app - INFO - [下载任务2]       线程 247/489 失败，重试 2/3
2026-01-16 12:26:08 - app - INFO - [下载任务2]       线程 248/489 失败，重试 2/3
2026-01-16 12:26:08 - app - INFO - [下载任务2]       线程 249/489 失败，重试 2/3
2026-01-16 12:26:08 - app - INFO - [下载任务2]       线程 250/489 失败，重试 1/3
2026-01-16 12:26:13 - app - INFO - [下载任务2]       线程 248/489 开始下载 (2.41 GB-2.42 GB)
2026-01-16 12:26:13 - app - INFO - [下载任务2]       线程 249/489 开始下载 (2.42 GB-2.43 GB)
2026-01-16 12:26:13 - app - INFO - [下载任务2]       线程 247/489 开始下载 (2.40 GB-2.41 GB)
2026-01-16 12:26:13 - app - INFO - [下载任务2]       线程 250/489 开始下载 (2.43 GB-2.44 GB)
2026-01-16 12:26:19 - app - INFO - [下载任务2]       线程 247/489 失败，重试 3/3
2026-01-16 12:26:19 - app - INFO - [下载任务2]       线程 250/489 失败，重试 2/3
2026-01-16 12:26:19 - app - INFO - [下载任务2]       线程 249/489 失败，重试 3/3
2026-01-16 12:26:19 - app - INFO - [下载任务2]       线程 248/489 失败，重试 3/3
2026-01-16 12:26:24 - app - INFO - [下载任务2]       线程 247/489 开始下载 (2.40 GB-2.41 GB)
2026-01-16 12:26:24 - app - INFO - [下载任务2]       线程 248/489 开始下载 (2.41 GB-2.42 GB)
2026-01-16 12:26:24 - app - INFO - [下载任务2]       线程 249/489 开始下载 (2.42 GB-2.43 GB)
2026-01-16 12:26:24 - app - INFO - [下载任务2]       线程 250/489 开始下载 (2.43 GB-2.44 GB)
2026-01-16 12:26:30 - app - INFO - [下载任务2]       线程 247/489 失败: 状态码: 403
2026-01-16 12:26:30 - app - INFO - [下载任务2]       线程 251/489 开始下载 (2.44 GB-2.45 GB)
2026-01-16 12:26:30 - app - INFO - [下载任务2]       线程 248/489 失败: 状态码: 403
2026-01-16 12:26:30 - app - INFO - [下载任务2]       线程 252/489 开始下载 (2.45 GB-2.46 GB)
2026-01-16 12:26:30 - app - INFO - [下载任务2]       线程 249/489 失败: 状态码: 403
2026-01-16 12:26:30 - app - INFO - [下载任务2]       线程 250/489 失败，重试 3/3
2026-01-16 12:26:30 - app - INFO - [下载任务2]       线程 253/489 开始下载 (2.46 GB-2.47 GB)
2026-01-16 12:26:31 - app - INFO - [下载任务2]       线程 251/489 失败，重试 1/3
2026-01-16 12:26:31 - app - INFO - [下载任务2]       线程 252/489 失败，重试 1/3
2026-01-16 12:26:31 - app - INFO - [下载任务2]       线程 253/489 失败，重试 1/3
2026-01-16 12:26:35 - app - INFO - [下载任务2]       线程 250/489 开始下载 (2.43 GB-2.44 GB)
2026-01-16 12:26:36 - app - INFO - [下载任务2]       线程 251/489 开始下载 (2.44 GB-2.45 GB)
2026-01-16 12:26:36 - app - INFO - [下载任务2]       线程 252/489 开始下载 (2.45 GB-2.46 GB)
2026-01-16 12:26:36 - app - INFO - [下载任务2]       线程 253/489 开始下载 (2.46 GB-2.47 GB)
2026-01-16 12:26:41 - app - INFO - [下载任务2]       线程 250/489 失败: 状态码: 403
2026-01-16 12:26:41 - app - INFO - [下载任务2]       线程 254/489 开始下载 (2.47 GB-2.48 GB)
2026-01-16 12:26:41 - app - INFO - [下载任务2]       线程 251/489 失败，重试 2/3
2026-01-16 12:26:41 - app - INFO - [下载任务2]       线程 252/489 失败，重试 2/3
2026-01-16 12:26:42 - app - INFO - [下载任务2]       线程 253/489 失败，重试 2/3
2026-01-16 12:26:42 - app - INFO - [下载任务2]       线程 254/489 失败，重试 1/3
2026-01-16 12:26:46 - app - INFO - [下载任务2]       线程 251/489 开始下载 (2.44 GB-2.45 GB)
2026-01-16 12:26:47 - app - INFO - [下载任务2]       线程 252/489 开始下载 (2.45 GB-2.46 GB)
2026-01-16 12:26:47 - app - INFO - [下载任务2]       线程 253/489 开始下载 (2.46 GB-2.47 GB)
2026-01-16 12:26:47 - app - INFO - [下载任务2]       线程 254/489 开始下载 (2.47 GB-2.48 GB)
2026-01-16 12:26:53 - app - INFO - [下载任务2]       线程 251/489 失败，重试 3/3
2026-01-16 12:26:53 - app - INFO - [下载任务2]       线程 252/489 失败，重试 3/3
2026-01-16 12:26:53 - app - INFO - [下载任务2]       线程 254/489 失败，重试 2/3
2026-01-16 12:26:53 - app - INFO - [下载任务2]       线程 253/489 失败，重试 3/3
2026-01-16 12:26:58 - app - INFO - [下载任务2]       线程 252/489 开始下载 (2.45 GB-2.46 GB)
2026-01-16 12:26:58 - app - INFO - [下载任务2]       线程 253/489 开始下载 (2.46 GB-2.47 GB)
2026-01-16 12:26:58 - app - INFO - [下载任务2]       线程 254/489 开始下载 (2.47 GB-2.48 GB)
2026-01-16 12:26:58 - app - INFO - [下载任务2]       线程 251/489 开始下载 (2.44 GB-2.45 GB)
2026-01-16 12:27:04 - app - INFO - [下载任务2]       线程 252/489 失败: 状态码: 403
2026-01-16 12:27:04 - app - INFO - [下载任务2]       线程 255/489 开始下载 (2.48 GB-2.49 GB)
2026-01-16 12:27:04 - app - INFO - [下载任务2]       线程 253/489 失败: 状态码: 403
2026-01-16 12:27:04 - app - INFO - [下载任务2]       线程 256/489 开始下载 (2.49 GB-2.50 GB)
2026-01-16 12:27:04 - app - INFO - [下载任务2]       线程 254/489 失败，重试 3/3
2026-01-16 12:27:04 - app - INFO - [下载任务2]       线程 251/489 失败: 状态码: 403
2026-01-16 12:27:04 - app - INFO - [下载任务2]       线程 257/489 开始下载 (2.50 GB-2.51 GB)
2026-01-16 12:27:04 - app - INFO - [下载任务2]       线程 255/489 失败，重试 1/3
2026-01-16 12:27:04 - app - INFO - [下载任务2]       线程 256/489 失败，重试 1/3
2026-01-16 12:27:04 - app - INFO - [下载任务2]       线程 257/489 失败，重试 1/3
2026-01-16 12:27:09 - app - INFO - [下载任务2]       线程 254/489 开始下载 (2.47 GB-2.48 GB)
2026-01-16 12:27:09 - app - INFO - [下载任务2]       线程 255/489 开始下载 (2.48 GB-2.49 GB)
2026-01-16 12:27:09 - app - INFO - [下载任务2]       线程 256/489 开始下载 (2.49 GB-2.50 GB)
2026-01-16 12:27:09 - app - INFO - [下载任务2]       线程 257/489 开始下载 (2.50 GB-2.51 GB)
2026-01-16 12:27:15 - app - INFO - [下载任务2]       线程 254/489 失败: 状态码: 403
2026-01-16 12:27:15 - app - INFO - [下载任务2]       线程 258/489 开始下载 (2.51 GB-2.52 GB)
2026-01-16 12:27:15 - app - INFO - [下载任务2]       线程 255/489 失败，重试 2/3
2026-01-16 12:27:15 - app - INFO - [下载任务2]       线程 257/489 失败，重试 2/3
2026-01-16 12:27:15 - app - INFO - [下载任务2]       线程 256/489 失败，重试 2/3
2026-01-16 12:27:15 - app - INFO - [下载任务2]       线程 258/489 失败，重试 1/3
2026-01-16 12:27:20 - app - INFO - [下载任务2]       线程 255/489 开始下载 (2.48 GB-2.49 GB)
2026-01-16 12:27:20 - app - INFO - [下载任务2]       线程 257/489 开始下载 (2.50 GB-2.51 GB)
2026-01-16 12:27:20 - app - INFO - [下载任务2]       线程 256/489 开始下载 (2.49 GB-2.50 GB)
2026-01-16 12:27:20 - app - INFO - [下载任务2]       线程 258/489 开始下载 (2.51 GB-2.52 GB)
2026-01-16 12:27:26 - app - INFO - [下载任务2]       线程 257/489 失败，重试 3/3
2026-01-16 12:27:26 - app - INFO - [下载任务2]       线程 256/489 失败，重试 3/3
2026-01-16 12:27:26 - app - INFO - [下载任务2]       线程 255/489 失败，重试 3/3
2026-01-16 12:27:26 - app - INFO - [下载任务2]       线程 258/489 失败，重试 2/3
2026-01-16 12:27:31 - app - INFO - [下载任务2]       线程 257/489 开始下载 (2.50 GB-2.51 GB)
2026-01-16 12:27:31 - app - INFO - [下载任务2]       线程 256/489 开始下载 (2.49 GB-2.50 GB)
2026-01-16 12:27:31 - app - INFO - [下载任务2]       线程 258/489 开始下载 (2.51 GB-2.52 GB)
2026-01-16 12:27:31 - app - INFO - [下载任务2]       线程 255/489 开始下载 (2.48 GB-2.49 GB)
2026-01-16 12:27:37 - app - INFO - [下载任务2]       线程 257/489 失败: 状态码: 403
2026-01-16 12:27:37 - app - INFO - [下载任务2]       线程 256/489 失败: 状态码: 403
2026-01-16 12:27:37 - app - INFO - [下载任务2]       线程 259/489 开始下载 (2.52 GB-2.53 GB)
2026-01-16 12:27:37 - app - INFO - [下载任务2]       线程 260/489 开始下载 (2.53 GB-2.54 GB)
2026-01-16 12:27:37 - app - INFO - [下载任务2]       线程 258/489 失败，重试 3/3
2026-01-16 12:27:37 - app - INFO - [下载任务2]       线程 255/489 失败: 状态码: 403
2026-01-16 12:27:37 - app - INFO - [下载任务2]       线程 261/489 开始下载 (2.54 GB-2.55 GB)
2026-01-16 12:27:37 - app - INFO - [下载任务2]       线程 260/489 失败，重试 1/3
2026-01-16 12:27:37 - app - INFO - [下载任务2]       线程 259/489 失败，重试 1/3
2026-01-16 12:27:37 - app - INFO - [下载任务2]       线程 261/489 失败，重试 1/3
2026-01-16 12:27:42 - app - INFO - [下载任务2]       线程 258/489 开始下载 (2.51 GB-2.52 GB)
2026-01-16 12:27:42 - app - INFO - [下载任务2]       线程 259/489 开始下载 (2.52 GB-2.53 GB)
2026-01-16 12:27:42 - app - INFO - [下载任务2]       线程 260/489 开始下载 (2.53 GB-2.54 GB)
2026-01-16 12:27:42 - app - INFO - [下载任务2]       线程 261/489 开始下载 (2.54 GB-2.55 GB)
2026-01-16 12:27:48 - app - INFO - [下载任务2]       线程 258/489 失败: 状态码: 403
2026-01-16 12:27:48 - app - INFO - [下载任务2]       线程 262/489 开始下载 (2.55 GB-2.56 GB)
2026-01-16 12:27:48 - app - INFO - [下载任务2]       线程 260/489 失败，重试 2/3
2026-01-16 12:27:48 - app - INFO - [下载任务2]       线程 261/489 失败，重试 2/3
2026-01-16 12:27:48 - app - INFO - [下载任务2]       线程 259/489 失败，重试 2/3
2026-01-16 12:27:48 - app - INFO - [下载任务2]       线程 262/489 失败，重试 1/3
2026-01-16 12:27:53 - app - INFO - [下载任务2]       线程 259/489 开始下载 (2.52 GB-2.53 GB)
2026-01-16 12:27:53 - app - INFO - [下载任务2]       线程 261/489 开始下载 (2.54 GB-2.55 GB)
2026-01-16 12:27:53 - app - INFO - [下载任务2]       线程 260/489 开始下载 (2.53 GB-2.54 GB)
2026-01-16 12:27:53 - app - INFO - [下载任务2]       线程 262/489 开始下载 (2.55 GB-2.56 GB)
2026-01-16 12:27:59 - app - INFO - [下载任务2]       线程 259/489 失败，重试 3/3
2026-01-16 12:27:59 - app - INFO - [下载任务2]       线程 262/489 失败，重试 2/3
2026-01-16 12:27:59 - app - INFO - [下载任务2]       线程 260/489 失败，重试 3/3
2026-01-16 12:27:59 - app - INFO - [下载任务2]       线程 261/489 失败，重试 3/3
2026-01-16 12:28:04 - app - INFO - [下载任务2]       线程 259/489 开始下载 (2.52 GB-2.53 GB)
2026-01-16 12:28:04 - app - INFO - [下载任务2]       线程 262/489 开始下载 (2.55 GB-2.56 GB)
2026-01-16 12:28:04 - app - INFO - [下载任务2]       线程 260/489 开始下载 (2.53 GB-2.54 GB)
2026-01-16 12:28:04 - app - INFO - [下载任务2]       线程 261/489 开始下载 (2.54 GB-2.55 GB)
2026-01-16 12:28:10 - app - INFO - [下载任务2]       线程 262/489 失败，重试 3/3
2026-01-16 12:28:10 - app - INFO - [下载任务2]       线程 260/489 失败: 状态码: 403
2026-01-16 12:28:10 - app - INFO - [下载任务2]       线程 259/489 失败: 状态码: 403
2026-01-16 12:28:10 - app - INFO - [下载任务2]       线程 263/489 开始下载 (2.56 GB-2.57 GB)
2026-01-16 12:28:10 - app - INFO - [下载任务2]       线程 264/489 开始下载 (2.57 GB-2.58 GB)
2026-01-16 12:28:10 - app - INFO - [下载任务2]       线程 261/489 失败: 状态码: 403
2026-01-16 12:28:10 - app - INFO - [下载任务2]       线程 265/489 开始下载 (2.58 GB-2.59 GB)
2026-01-16 12:28:10 - app - INFO - [下载任务2]       线程 263/489 失败，重试 1/3
2026-01-16 12:28:10 - app - INFO - [下载任务2]       线程 264/489 失败，重试 1/3
2026-01-16 12:28:10 - app - INFO - [下载任务2]       线程 265/489 失败，重试 1/3
2026-01-16 12:28:15 - app - INFO - [下载任务2]       线程 262/489 开始下载 (2.55 GB-2.56 GB)
2026-01-16 12:28:15 - app - INFO - [下载任务2]       线程 263/489 开始下载 (2.56 GB-2.57 GB)
2026-01-16 12:28:15 - app - INFO - [下载任务2]       线程 264/489 开始下载 (2.57 GB-2.58 GB)
2026-01-16 12:28:15 - app - INFO - [下载任务2]       线程 265/489 开始下载 (2.58 GB-2.59 GB)
2026-01-16 12:28:21 - app - INFO - [下载任务2]       线程 263/489 失败，重试 2/3
2026-01-16 12:28:21 - app - INFO - [下载任务2]       线程 262/489 失败: 状态码: 403
2026-01-16 12:28:21 - app - INFO - [下载任务2]       线程 266/489 开始下载 (2.59 GB-2.60 GB)
2026-01-16 12:28:21 - app - INFO - [下载任务2]       线程 264/489 失败，重试 2/3
2026-01-16 12:28:21 - app - INFO - [下载任务2]       线程 265/489 失败，重试 2/3
2026-01-16 12:28:21 - app - INFO - [下载任务2]       线程 266/489 失败，重试 1/3
2026-01-16 12:28:26 - app - INFO - [下载任务2]       线程 263/489 开始下载 (2.56 GB-2.57 GB)
2026-01-16 12:28:26 - app - INFO - [下载任务2]       线程 264/489 开始下载 (2.57 GB-2.58 GB)
2026-01-16 12:28:26 - app - INFO - [下载任务2]       线程 265/489 开始下载 (2.58 GB-2.59 GB)
2026-01-16 12:28:26 - app - INFO - [下载任务2]       线程 266/489 开始下载 (2.59 GB-2.60 GB)
2026-01-16 12:28:32 - app - INFO - [下载任务2]       线程 263/489 失败，重试 3/3
2026-01-16 12:28:32 - app - INFO - [下载任务2]       线程 266/489 失败，重试 2/3
2026-01-16 12:28:32 - app - INFO - [下载任务2]       线程 264/489 失败，重试 3/3
2026-01-16 12:28:32 - app - INFO - [下载任务2]       线程 265/489 失败，重试 3/3
2026-01-16 12:28:37 - app - INFO - [下载任务2]       线程 263/489 开始下载 (2.56 GB-2.57 GB)
2026-01-16 12:28:37 - app - INFO - [下载任务2]       线程 264/489 开始下载 (2.57 GB-2.58 GB)
2026-01-16 12:28:37 - app - INFO - [下载任务2]       线程 265/489 开始下载 (2.58 GB-2.59 GB)
2026-01-16 12:28:37 - app - INFO - [下载任务2]       线程 266/489 开始下载 (2.59 GB-2.60 GB)
2026-01-16 12:28:43 - app - INFO - [下载任务2]       线程 263/489 失败: 状态码: 403
2026-01-16 12:28:43 - app - INFO - [下载任务2]       线程 267/489 开始下载 (2.60 GB-2.61 GB)
2026-01-16 12:28:43 - app - INFO - [下载任务2]       线程 265/489 失败: 状态码: 403
2026-01-16 12:28:43 - app - INFO - [下载任务2]       线程 264/489 失败: 状态码: 403
2026-01-16 12:28:43 - app - INFO - [下载任务2]       线程 268/489 开始下载 (2.61 GB-2.62 GB)
2026-01-16 12:28:43 - app - INFO - [下载任务2]       线程 269/489 开始下载 (2.62 GB-2.63 GB)
2026-01-16 12:28:43 - app - INFO - [下载任务2]       线程 266/489 失败，重试 3/3
2026-01-16 12:28:43 - app - INFO - [下载任务2]       线程 267/489 失败，重试 1/3
2026-01-16 12:28:43 - app - INFO - [下载任务2]       线程 268/489 失败，重试 1/3
2026-01-16 12:28:43 - app - INFO - [下载任务2]       线程 269/489 失败，重试 1/3
2026-01-16 12:28:48 - app - INFO - [下载任务2]       线程 266/489 开始下载 (2.59 GB-2.60 GB)
2026-01-16 12:28:48 - app - INFO - [下载任务2]       线程 267/489 开始下载 (2.60 GB-2.61 GB)
2026-01-16 12:28:48 - app - INFO - [下载任务2]       线程 268/489 开始下载 (2.61 GB-2.62 GB)
2026-01-16 12:28:48 - app - INFO - [下载任务2]       线程 269/489 开始下载 (2.62 GB-2.63 GB)
2026-01-16 12:28:54 - app - INFO - [下载任务2]       线程 266/489 失败: 状态码: 403
2026-01-16 12:28:54 - app - INFO - [下载任务2]       线程 270/489 开始下载 (2.63 GB-2.64 GB)
2026-01-16 12:28:54 - app - INFO - [下载任务2]       线程 267/489 失败，重试 2/3
2026-01-16 12:28:54 - app - INFO - [下载任务2]       线程 268/489 失败，重试 2/3
2026-01-16 12:28:54 - app - INFO - [下载任务2]       线程 269/489 失败，重试 2/3
2026-01-16 12:28:54 - app - INFO - [下载任务2]       线程 270/489 失败，重试 1/3
2026-01-16 12:28:59 - app - INFO - [下载任务2]       线程 267/489 开始下载 (2.60 GB-2.61 GB)
2026-01-16 12:28:59 - app - INFO - [下载任务2]       线程 269/489 开始下载 (2.62 GB-2.63 GB)
2026-01-16 12:28:59 - app - INFO - [下载任务2]       线程 268/489 开始下载 (2.61 GB-2.62 GB)
2026-01-16 12:28:59 - app - INFO - [下载任务2]       线程 270/489 开始下载 (2.63 GB-2.64 GB)
2026-01-16 12:29:05 - app - INFO - [下载任务2]       线程 267/489 失败，重试 3/3
2026-01-16 12:29:05 - app - INFO - [下载任务2]       线程 268/489 失败，重试 3/3
2026-01-16 12:29:05 - app - INFO - [下载任务2]       线程 269/489 失败，重试 3/3
2026-01-16 12:29:05 - app - INFO - [下载任务2]       线程 270/489 失败，重试 2/3
2026-01-16 12:29:10 - app - INFO - [下载任务2]       线程 267/489 开始下载 (2.60 GB-2.61 GB)
2026-01-16 12:29:10 - app - INFO - [下载任务2]       线程 270/489 开始下载 (2.63 GB-2.64 GB)
2026-01-16 12:29:10 - app - INFO - [下载任务2]       线程 268/489 开始下载 (2.61 GB-2.62 GB)
2026-01-16 12:29:10 - app - INFO - [下载任务2]       线程 269/489 开始下载 (2.62 GB-2.63 GB)
2026-01-16 12:29:17 - app - INFO - [下载任务2]       线程 267/489 失败: 状态码: 403
2026-01-16 12:29:17 - app - INFO - [下载任务2]       线程 271/489 开始下载 (2.64 GB-2.65 GB)
2026-01-16 12:29:17 - app - INFO - [下载任务2]       线程 269/489 失败: 状态码: 403
2026-01-16 12:29:17 - app - INFO - [下载任务2]       线程 268/489 失败: 状态码: 403
2026-01-16 12:29:17 - app - INFO - [下载任务2]       线程 273/489 开始下载 (2.66 GB-2.67 GB)
2026-01-16 12:29:17 - app - INFO - [下载任务2]       线程 272/489 开始下载 (2.65 GB-2.66 GB)
2026-01-16 12:29:17 - app - INFO - [下载任务2]       线程 271/489 失败，重试 1/3
2026-01-16 12:29:17 - app - INFO - [下载任务2]       线程 272/489 失败，重试 1/3
2026-01-16 12:29:17 - app - INFO - [下载任务2]       线程 273/489 失败，重试 1/3
2026-01-16 12:29:17 - app - INFO - [下载任务2]       线程 270/489 失败，重试 3/3
2026-01-16 12:29:22 - app - INFO - [下载任务2]       线程 271/489 开始下载 (2.64 GB-2.65 GB)
2026-01-16 12:29:22 - app - INFO - [下载任务2]       线程 272/489 开始下载 (2.65 GB-2.66 GB)
2026-01-16 12:29:22 - app - INFO - [下载任务2]       线程 273/489 开始下载 (2.66 GB-2.67 GB)
2026-01-16 12:29:22 - app - INFO - [下载任务2]       线程 270/489 开始下载 (2.63 GB-2.64 GB)
2026-01-16 12:29:28 - app - INFO - [下载任务2]       线程 271/489 失败，重试 2/3
2026-01-16 12:29:28 - app - INFO - [下载任务2]       线程 272/489 失败，重试 2/3
2026-01-16 12:29:28 - app - INFO - [下载任务2]       线程 270/489 失败: 状态码: 403
2026-01-16 12:29:28 - app - INFO - [下载任务2]       线程 274/489 开始下载 (2.67 GB-2.68 GB)
2026-01-16 12:29:28 - app - INFO - [下载任务2]       线程 274/489 失败，重试 1/3
2026-01-16 12:29:28 - app - INFO - [下载任务2]       线程 273/489 失败，重试 2/3
2026-01-16 12:29:33 - app - INFO - [下载任务2]       线程 272/489 开始下载 (2.65 GB-2.66 GB)
2026-01-16 12:29:33 - app - INFO - [下载任务2]       线程 271/489 开始下载 (2.64 GB-2.65 GB)
2026-01-16 12:29:33 - app - INFO - [下载任务2]       线程 273/489 开始下载 (2.66 GB-2.67 GB)
2026-01-16 12:29:33 - app - INFO - [下载任务2]       线程 274/489 开始下载 (2.67 GB-2.68 GB)
2026-01-16 12:29:39 - app - INFO - [下载任务2]       线程 272/489 失败，重试 3/3
2026-01-16 12:29:39 - app - INFO - [下载任务2]       线程 271/489 失败，重试 3/3
2026-01-16 12:29:39 - app - INFO - [下载任务2]       线程 274/489 失败，重试 2/3
2026-01-16 12:29:39 - app - INFO - [下载任务2]       线程 273/489 失败，重试 3/3
2026-01-16 12:29:44 - app - INFO - [下载任务2]       线程 272/489 开始下载 (2.65 GB-2.66 GB)
2026-01-16 12:29:44 - app - INFO - [下载任务2]       线程 271/489 开始下载 (2.64 GB-2.65 GB)
2026-01-16 12:29:44 - app - INFO - [下载任务2]       线程 274/489 开始下载 (2.67 GB-2.68 GB)
2026-01-16 12:29:44 - app - INFO - [下载任务2]       线程 273/489 开始下载 (2.66 GB-2.67 GB)
2026-01-16 12:29:45 - app - INFO - 从内存获取实时日志: execution_id=40, 日志数量=2170
2026-01-16 12:29:47 - app - INFO - 从内存获取实时日志: execution_id=40, 日志数量=2170
2026-01-16 12:29:49 - app - INFO - 从内存获取实时日志: execution_id=40, 日志数量=2170
2026-01-16 12:29:50 - app - INFO - [下载任务2]       线程 271/489 失败: 状态码: 403
2026-01-16 12:29:50 - app - INFO - [下载任务2]       线程 275/489 开始下载 (2.68 GB-2.69 GB)
2026-01-16 12:29:50 - app - INFO - [下载任务2]       线程 274/489 失败，重试 3/3
2026-01-16 12:29:50 - app - INFO - [下载任务2]       线程 273/489 失败: 状态码: 403
2026-01-16 12:29:50 - app - INFO - [下载任务2]       线程 276/489 开始下载 (2.69 GB-2.70 GB)
2026-01-16 12:29:50 - app - INFO - [下载任务2]       线程 275/489 失败，重试 1/3
2026-01-16 12:29:50 - app - INFO - [下载任务2]       线程 276/489 失败，重试 1/3
2026-01-16 12:29:50 - app - INFO - [下载任务2]       线程 272/489 失败: 状态码: 403
2026-01-16 12:29:50 - app - INFO - [下载任务2]       线程 277/489 开始下载 (2.70 GB-2.71 GB)
2026-01-16 12:29:50 - app - INFO - [下载任务2]       线程 277/489 失败，重试 1/3
2026-01-16 12:29:51 - app - INFO - 从内存获取实时日志: execution_id=40, 日志数量=2180
2026-01-16 12:29:53 - app - INFO - 从内存获取实时日志: execution_id=40, 日志数量=2180
2026-01-16 12:29:55 - app - INFO - [下载任务2]       线程 274/489 开始下载 (2.67 GB-2.68 GB)
2026-01-16 12:29:55 - app - INFO - [下载任务2]       线程 275/489 开始下载 (2.68 GB-2.69 GB)
2026-01-16 12:29:55 - app - INFO - [下载任务2]       线程 276/489 开始下载 (2.69 GB-2.70 GB)
2026-01-16 12:29:55 - app - INFO - 从内存获取实时日志: execution_id=40, 日志数量=2183
2026-01-16 12:29:55 - app - INFO - [下载任务2]       线程 277/489 开始下载 (2.70 GB-2.71 GB)
2026-01-16 12:29:57 - app - INFO - 从内存获取实时日志: execution_id=40, 日志数量=2184
2026-01-16 12:29:59 - app - INFO - 从内存获取实时日志: execution_id=40, 日志数量=2184
2026-01-16 12:30:01 - app - INFO - [下载任务2]       线程 274/489 失败: 状态码: 403
2026-01-16 12:30:01 - app - INFO - [下载任务2]       线程 275/489 失败，重试 2/3
2026-01-16 12:30:01 - app - INFO - [下载任务2]       线程 278/489 开始下载 (2.71 GB-2.71 GB)
2026-01-16 12:30:01 - app - INFO - [下载任务2]       线程 277/489 失败，重试 2/3
2026-01-16 12:30:01 - app - INFO - [下载任务2]       线程 276/489 失败，重试 2/3
2026-01-16 12:30:01 - app - INFO - [下载任务2]       线程 278/489 失败，重试 1/3
2026-01-16 12:30:01 - app - INFO - 从内存获取实时日志: execution_id=40, 日志数量=2190
2026-01-16 12:30:03 - app - INFO - 从内存获取实时日志: execution_id=40, 日志数量=2190
2026-01-16 12:30:05 - app - INFO - 从内存获取实时日志: execution_id=40, 日志数量=2190
2026-01-16 12:30:06 - app - INFO - [下载任务2]       线程 275/489 开始下载 (2.68 GB-2.69 GB)
2026-01-16 12:30:06 - app - INFO - [下载任务2]       线程 277/489 开始下载 (2.70 GB-2.71 GB)
2026-01-16 12:30:06 - app - INFO - [下载任务2]       线程 276/489 开始下载 (2.69 GB-2.70 GB)
2026-01-16 12:30:06 - app - INFO - [下载任务2]       线程 278/489 开始下载 (2.71 GB-2.71 GB)
2026-01-16 12:30:07 - app - INFO - 从内存获取实时日志: execution_id=40, 日志数量=2194
2026-01-16 12:30:09 - app - INFO - 从内存获取实时日志: execution_id=40, 日志数量=2194
2026-01-16 12:30:11 - app - INFO - 从内存获取实时日志: execution_id=40, 日志数量=2194
2026-01-16 12:30:12 - app - INFO - [下载任务2]       线程 275/489 失败，重试 3/3
2026-01-16 12:30:12 - app - INFO - [下载任务2]       线程 277/489 失败，重试 3/3
2026-01-16 12:30:12 - app - INFO - [下载任务2]       线程 276/489 失败，重试 3/3
2026-01-16 12:30:12 - app - INFO - [下载任务2]       线程 278/489 失败，重试 2/3
2026-01-16 12:30:13 - app - INFO - 从内存获取实时日志: execution_id=40, 日志数量=2198
2026-01-16 12:30:15 - app - INFO - 从内存获取实时日志: execution_id=40, 日志数量=2198
2026-01-16 12:30:17 - app - INFO - [下载任务2]       线程 275/489 开始下载 (2.68 GB-2.69 GB)
2026-01-16 12:30:17 - app - INFO - [下载任务2]       线程 277/489 开始下载 (2.70 GB-2.71 GB)
2026-01-16 12:30:17 - app - INFO - [下载任务2]       线程 276/489 开始下载 (2.69 GB-2.70 GB)
2026-01-16 12:30:17 - app - INFO - [下载任务2]       线程 278/489 开始下载 (2.71 GB-2.71 GB)
2026-01-16 12:30:17 - app - INFO - 从内存获取实时日志: execution_id=40, 日志数量=2202
2026-01-16 12:30:19 - app - INFO - 从内存获取实时日志: execution_id=40, 日志数量=2202
2026-01-16 12:30:21 - app - INFO - 从内存获取实时日志: execution_id=40, 日志数量=2202
2026-01-16 12:30:23 - app - INFO - [下载任务2]       线程 277/489 失败: 状态码: 403
2026-01-16 12:30:23 - app - INFO - [下载任务2]       线程 279/489 开始下载 (2.71 GB-2.72 GB)
2026-01-16 12:30:23 - app - INFO - [下载任务2]       线程 275/489 失败: 状态码: 403
2026-01-16 12:30:23 - app - INFO - [下载任务2]       线程 280/489 开始下载 (2.72 GB-2.73 GB)
2026-01-16 12:30:23 - app - INFO - [下载任务2]       线程 276/489 失败: 状态码: 403
2026-01-16 12:30:23 - app - INFO - [下载任务2]       线程 278/489 失败，重试 3/3
2026-01-16 12:30:23 - app - INFO - [下载任务2]       线程 281/489 开始下载 (2.73 GB-2.74 GB)
2026-01-16 12:30:23 - app - INFO - 从内存获取实时日志: execution_id=40, 日志数量=2209
2026-01-16 12:30:23 - app - INFO - [下载任务2]       线程 280/489 失败，重试 1/3
2026-01-16 12:30:23 - app - INFO - [下载任务2]       线程 279/489 失败，重试 1/3
2026-01-16 12:30:23 - app - INFO - [下载任务2]       线程 281/489 失败，重试 1/3
2026-01-16 12:30:25 - app - INFO - 从内存获取实时日志: execution_id=40, 日志数量=2212
2026-01-16 12:30:27 - app - INFO - 从内存获取实时日志: execution_id=40, 日志数量=2212
2026-01-16 12:30:28 - app - INFO - [下载任务2]       线程 278/489 开始下载 (2.71 GB-2.71 GB)
2026-01-16 12:30:28 - app - INFO - [下载任务2]       线程 279/489 开始下载 (2.71 GB-2.72 GB)
2026-01-16 12:30:28 - app - INFO - [下载任务2]       线程 280/489 开始下载 (2.72 GB-2.73 GB)
2026-01-16 12:30:28 - app - INFO - [下载任务2]       线程 281/489 开始下载 (2.73 GB-2.74 GB)
2026-01-16 12:30:29 - app - INFO - 从内存获取实时日志: execution_id=40, 日志数量=2216
2026-01-16 12:30:31 - app - INFO - 从内存获取实时日志: execution_id=40, 日志数量=2216
2026-01-16 12:30:33 - app - INFO - 从内存获取实时日志: execution_id=40, 日志数量=2216
2026-01-16 12:30:34 - app - INFO - [下载任务2]       线程 278/489 失败: 状态码: 403
2026-01-16 12:30:34 - app - INFO - [下载任务2]       线程 282/489 开始下载 (2.74 GB-2.75 GB)
2026-01-16 12:30:34 - app - INFO - [下载任务2]       线程 279/489 失败，重试 2/3
2026-01-16 12:30:34 - app - INFO - [下载任务2]       线程 281/489 失败，重试 2/3
2026-01-16 12:30:34 - app - INFO - [下载任务2]       线程 280/489 失败，重试 2/3
2026-01-16 12:30:34 - app - INFO - [下载任务2]       线程 282/489 失败，重试 1/3
2026-01-16 12:30:35 - app - INFO - 从内存获取实时日志: execution_id=40, 日志数量=2222
2026-01-16 12:30:39 - app - INFO - [下载任务2]       线程 280/489 开始下载 (2.72 GB-2.73 GB)
2026-01-16 12:30:39 - app - INFO - [下载任务2]       线程 281/489 开始下载 (2.73 GB-2.74 GB)
2026-01-16 12:30:39 - app - INFO - [下载任务2]       线程 279/489 开始下载 (2.71 GB-2.72 GB)
2026-01-16 12:30:39 - app - INFO - [下载任务2]       线程 282/489 开始下载 (2.74 GB-2.75 GB)
2026-01-16 12:30:45 - app - INFO - [下载任务2]       线程 280/489 失败，重试 3/3
2026-01-16 12:30:45 - app - INFO - [下载任务2]       线程 281/489 失败，重试 3/3
2026-01-16 12:30:45 - app - INFO - [下载任务2]       线程 279/489 失败，重试 3/3
2026-01-16 12:30:45 - app - INFO - [下载任务2]       线程 282/489 失败，重试 2/3
2026-01-16 12:30:50 - app - INFO - [下载任务2]       线程 280/489 开始下载 (2.72 GB-2.73 GB)
2026-01-16 12:30:50 - app - INFO - [下载任务2]       线程 281/489 开始下载 (2.73 GB-2.74 GB)
2026-01-16 12:30:50 - app - INFO - [下载任务2]       线程 279/489 开始下载 (2.71 GB-2.72 GB)
2026-01-16 12:30:50 - app - INFO - [下载任务2]       线程 282/489 开始下载 (2.74 GB-2.75 GB)
2026-01-16 12:30:56 - app - INFO - [下载任务2]       线程 280/489 失败: 状态码: 403
2026-01-16 12:30:56 - app - INFO - [下载任务2]       线程 283/489 开始下载 (2.75 GB-2.76 GB)
2026-01-16 12:30:56 - app - INFO - [下载任务2]       线程 281/489 失败: 状态码: 403
2026-01-16 12:30:56 - app - INFO - [下载任务2]       线程 284/489 开始下载 (2.76 GB-2.77 GB)
2026-01-16 12:30:56 - app - INFO - [下载任务2]       线程 282/489 失败，重试 3/3
2026-01-16 12:30:56 - app - INFO - [下载任务2]       线程 283/489 失败，重试 1/3
2026-01-16 12:30:56 - app - INFO - [下载任务2]       线程 284/489 失败，重试 1/3
2026-01-16 12:30:56 - app - INFO - [下载任务2]       线程 279/489 失败: 状态码: 403
2026-01-16 12:30:56 - app - INFO - [下载任务2]       线程 285/489 开始下载 (2.77 GB-2.78 GB)
2026-01-16 12:30:57 - app - INFO - [下载任务2]       线程 285/489 失败，重试 1/3
2026-01-16 12:31:01 - app - INFO - [下载任务2]       线程 282/489 开始下载 (2.74 GB-2.75 GB)
2026-01-16 12:31:01 - app - INFO - [下载任务2]       线程 283/489 开始下载 (2.75 GB-2.76 GB)
2026-01-16 12:31:01 - app - INFO - [下载任务2]       线程 284/489 开始下载 (2.76 GB-2.77 GB)
2026-01-16 12:31:02 - app - INFO - [下载任务2]       线程 285/489 开始下载 (2.77 GB-2.78 GB)
2026-01-16 12:31:07 - app - INFO - [下载任务2]       线程 282/489 失败: 状态码: 403
2026-01-16 12:31:07 - app - INFO - [下载任务2]       线程 286/489 开始下载 (2.78 GB-2.79 GB)
2026-01-16 12:31:07 - app - INFO - [下载任务2]       线程 283/489 失败，重试 2/3
2026-01-16 12:31:07 - app - INFO - [下载任务2]       线程 284/489 失败，重试 2/3
2026-01-16 12:31:07 - app - INFO - [下载任务2]       线程 286/489 失败，重试 1/3
2026-01-16 12:31:08 - app - INFO - [下载任务2]       线程 285/489 失败，重试 2/3
2026-01-16 12:31:12 - app - INFO - [下载任务2]       线程 283/489 开始下载 (2.75 GB-2.76 GB)
2026-01-16 12:31:12 - app - INFO - [下载任务2]       线程 284/489 开始下载 (2.76 GB-2.77 GB)
2026-01-16 12:31:12 - app - INFO - [下载任务2]       线程 286/489 开始下载 (2.78 GB-2.79 GB)
2026-01-16 12:31:13 - app - INFO - [下载任务2]       线程 285/489 开始下载 (2.77 GB-2.78 GB)
2026-01-16 12:31:18 - app - INFO - [下载任务2]       线程 284/489 失败，重试 3/3
2026-01-16 12:31:18 - app - INFO - [下载任务2]       线程 283/489 失败，重试 3/3
2026-01-16 12:31:18 - app - INFO - [下载任务2]       线程 285/489 失败，重试 3/3
2026-01-16 12:31:18 - app - INFO - [下载任务2]       线程 286/489 失败，重试 2/3
2026-01-16 12:31:23 - app - INFO - [下载任务2]       线程 283/489 开始下载 (2.75 GB-2.76 GB)
2026-01-16 12:31:23 - app - INFO - [下载任务2]       线程 284/489 开始下载 (2.76 GB-2.77 GB)
2026-01-16 12:31:23 - app - INFO - [下载任务2]       线程 285/489 开始下载 (2.77 GB-2.78 GB)
2026-01-16 12:31:23 - app - INFO - [下载任务2]       线程 286/489 开始下载 (2.78 GB-2.79 GB)
2026-01-16 12:31:29 - app - INFO - [下载任务2]       线程 283/489 失败: 状态码: 403
2026-01-16 12:31:29 - app - INFO - [下载任务2]       线程 287/489 开始下载 (2.79 GB-2.80 GB)
2026-01-16 12:31:29 - app - INFO - [下载任务2]       线程 284/489 失败: 状态码: 403
2026-01-16 12:31:29 - app - INFO - [下载任务2]       线程 285/489 失败: 状态码: 403
2026-01-16 12:31:29 - app - INFO - [下载任务2]       线程 288/489 开始下载 (2.80 GB-2.81 GB)
2026-01-16 12:31:29 - app - INFO - [下载任务2]       线程 289/489 开始下载 (2.81 GB-2.82 GB)
2026-01-16 12:31:29 - app - INFO - [下载任务2]       线程 286/489 失败，重试 3/3
2026-01-16 12:31:29 - app - INFO - [下载任务2]       线程 287/489 失败，重试 1/3
2026-01-16 12:31:29 - app - INFO - [下载任务2]       线程 288/489 失败，重试 1/3
2026-01-16 12:31:29 - app - INFO - [下载任务2]       线程 289/489 失败，重试 1/3
2026-01-16 12:31:43 - app - INFO - 许可证管理器初始化完成,服务器: http://license.22l2.com
2026-01-16 12:31:43 - app - INFO - 初始化许可证管理器...
2026-01-16 12:31:44 - app - INFO - 解密密钥设置成功
2026-01-16 12:31:44 - app - INFO - 解密密钥获取成功
2026-01-16 12:31:44 - app - INFO - 解密密钥获取成功，配置已就绪
2026-01-16 12:31:44 - app - INFO - 配置解密成功
2026-01-16 12:31:44 - app - INFO - 夸克API配置加载成功
2026-01-16 12:31:44 - app - INFO - 夸克API配置加载完成
2026-01-16 12:31:44 - app - INFO - 检查数据库...
2026-01-16 12:31:44 - app - INFO - 数据库检查完成
2026-01-16 12:31:44 - app - INFO - 检查数据库迁移...
2026-01-16 12:31:44 - app - INFO - 数据库迁移检查完成
2026-01-16 12:31:44 - app - INFO - 清理异常中断的任务状态...
2026-01-16 12:31:44 - app - INFO - 已清理 1 个异常中断的任务
2026-01-16 12:31:44 - app - INFO - 升级管理器初始化完成
2026-01-16 12:31:44 - app - INFO - Flask应用创建成功
2026-01-16 12:31:44 - app - INFO - 静态文件目录: C:\Data\夸克转存\client\frontend
2026-01-16 12:31:44 - app - INFO - 启动任务调度服务...
2026-01-16 12:31:44 - app - INFO - 检查被中断的影视下载任务...
2026-01-16 12:31:44 - app - INFO - 没有需要恢复的影视下载任务
2026-01-16 12:31:44 - app - INFO - 账期生成循环已启动
2026-01-16 12:31:44 - app - INFO - 账期生成线程已启动
2026-01-16 12:31:44 - app - INFO - 开始生成 2026-01-16 的任务账期
2026-01-16 12:31:44 - app - INFO - 任务执行循环已启动
2026-01-16 12:31:44 - app - INFO - 任务执行线程已启动
2026-01-16 12:31:44 - app - INFO - 日志清理循环已启动
2026-01-16 12:31:44 - app - INFO - 日志清理线程已启动
2026-01-16 12:31:44 - app - INFO - 下次日志清理时间: 2026-01-17 02:00:00
2026-01-16 12:31:44 - app - INFO - 启动Flask服务: http://0.0.0.0:8520
2026-01-16 12:31:44 - app - INFO - 跳过一次性执行任务: 测试
2026-01-16 12:31:44 - app - INFO - 跳过一次性执行任务: 测试谢谢谢谢
2026-01-16 12:31:44 - app - INFO - 跳过一次性执行任务: 测试189
2026-01-16 12:31:44 - app - INFO - 跳过一次性执行任务: 小城大事
2026-01-16 12:31:44 - app - INFO - ✅ 生成完成，共创建 0 条待执行记录
2026-01-16 12:31:44 - app - INFO - 下次生成账期时间: 2026-01-17 00:00:00, 等待 41295 秒
2026-01-16 12:31:58 - app - INFO - 许可证管理器初始化完成,服务器: http://license.22l2.com
2026-01-16 12:31:58 - app - INFO - 初始化许可证管理器...
2026-01-16 12:31:59 - app - INFO - 解密密钥设置成功
2026-01-16 12:31:59 - app - INFO - 解密密钥获取成功
2026-01-16 12:31:59 - app - INFO - 解密密钥获取成功，配置已就绪
2026-01-16 12:31:59 - app - INFO - 配置解密成功
2026-01-16 12:31:59 - app - INFO - 夸克API配置加载成功
2026-01-16 12:31:59 - app - INFO - 夸克API配置加载完成
2026-01-16 12:31:59 - app - INFO - 检查数据库...
2026-01-16 12:31:59 - app - INFO - 数据库检查完成
2026-01-16 12:31:59 - app - INFO - 检查数据库迁移...
2026-01-16 12:31:59 - app - INFO - 数据库迁移检查完成
2026-01-16 12:31:59 - app - INFO - 清理异常中断的任务状态...
2026-01-16 12:31:59 - app - INFO - 升级管理器初始化完成
2026-01-16 12:31:59 - app - INFO - Flask应用创建成功
2026-01-16 12:31:59 - app - INFO - 静态文件目录: C:\Data\夸克转存\client\frontend
2026-01-16 12:31:59 - app - INFO - 启动任务调度服务...
2026-01-16 12:31:59 - app - INFO - 检查被中断的影视下载任务...
2026-01-16 12:31:59 - app - INFO - 没有需要恢复的影视下载任务
2026-01-16 12:31:59 - app - INFO - 账期生成循环已启动
2026-01-16 12:31:59 - app - INFO - 账期生成线程已启动
2026-01-16 12:31:59 - app - INFO - 开始生成 2026-01-16 的任务账期
2026-01-16 12:31:59 - app - INFO - 任务执行循环已启动
2026-01-16 12:31:59 - app - INFO - 任务执行线程已启动
2026-01-16 12:31:59 - app - INFO - 日志清理循环已启动
2026-01-16 12:31:59 - app - INFO - 日志清理线程已启动
2026-01-16 12:31:59 - app - INFO - 下次日志清理时间: 2026-01-17 02:00:00
2026-01-16 12:31:59 - app - INFO - 跳过一次性执行任务: 测试
2026-01-16 12:31:59 - app - INFO - 启动Flask服务: http://0.0.0.0:8520
2026-01-16 12:31:59 - app - INFO - 跳过一次性执行任务: 测试谢谢谢谢
2026-01-16 12:31:59 - app - INFO - 跳过一次性执行任务: 测试189
2026-01-16 12:31:59 - app - INFO - 跳过一次性执行任务: 小城大事
2026-01-16 12:31:59 - app - INFO - ✅ 生成完成，共创建 0 条待执行记录
2026-01-16 12:31:59 - app - INFO - 下次生成账期时间: 2026-01-17 00:00:00, 等待 41280 秒
2026-01-16 12:33:07 - app - INFO - 准备重做任务: 测试189 (download)
2026-01-16 12:33:07 - app - INFO - 已删除任务 测试189 的历史记录
2026-01-16 12:33:07 - app - INFO - 已清除下载任务 2 的状态
2026-01-16 12:33:07 - app - INFO - [TaskExecutor] start_task 被调用: task_id=2, execution_id=None, schedule_period=None
2026-01-16 12:33:07 - app - INFO - [TaskExecutor] 任务 2 状态已初始化到 _running_tasks
2026-01-16 12:33:07 - app - INFO - [TaskExecutor] _execute_task 线程开始执行: task_id=2
2026-01-16 12:33:07 - app - INFO - [TaskExecutor] 任务 2 执行线程已启动
2026-01-16 12:33:07 - app - INFO - [TaskExecutor] 从_running_tasks获取: execution_id=None, schedule_period=None
2026-01-16 12:33:07 - app - INFO - [TaskExecutor] 开始获取任务信息: task_id=2
2026-01-16 12:33:07 - app - INFO - [TaskExecutor] 任务信息获取成功: 测试189
2026-01-16 12:33:07 - app - INFO - [TaskExecutor] 开始创建执行历史记录
2026-01-16 12:33:07 - app - INFO - [TaskExecutor] 执行历史记录创建成功: execution_id=41
2026-01-16 12:33:07 - app - INFO - [TaskExecutor] execution_id已更新到_running_tasks
2026-01-16 12:33:07 - app - INFO - [TaskExecutor] 开始记录日志
2026-01-16 12:33:07 - app - INFO - [下载任务2] 任务已启动，正在初始化...
2026-01-16 12:33:07 - app - INFO - [下载任务2] 执行历史记录ID: 41
2026-01-16 12:33:07 - app - INFO - [下载任务2] 开始执行任务: 测试189
2026-01-16 12:33:07 - app - INFO - [下载任务2] 使用账号: 天意
2026-01-16 12:33:07 - app - INFO - [下载任务2] 网盘目录: /测试
2026-01-16 12:33:07 - app - INFO - [下载任务2] 本地目录: C:\Data\下载
2026-01-16 12:33:07 - app - INFO - [下载任务2] 云盘类型: cloud189
2026-01-16 12:33:08 - app - INFO - 已设置 1 个Cookie字段
2026-01-16 12:33:08 - app - INFO - [下载任务2] 正在获取文件列表...
2026-01-16 12:33:08 - app - INFO - [下载任务2] 解析路径: 测试
2026-01-16 12:33:08 - app - INFO - 189获取文件列表请求: folder_id=-11, page=1, size=100
2026-01-16 12:33:09 - app - INFO - 从内存获取实时日志: execution_id=41, 日志数量=9
2026-01-16 12:33:11 - app - INFO - 从内存获取实时日志: execution_id=41, 日志数量=9
2026-01-16 12:33:13 - app - INFO - 从内存获取实时日志: execution_id=41, 日志数量=9
2026-01-16 12:33:15 - app - INFO - 从内存获取实时日志: execution_id=41, 日志数量=9
2026-01-16 12:33:17 - app - INFO - 从内存获取实时日志: execution_id=41, 日志数量=9
2026-01-16 12:33:19 - app - INFO - 189文件列表响应状态码: 200
2026-01-16 12:33:19 - app - INFO - 189文件列表获取成功: 文件夹11个, 文件2个
2026-01-16 12:33:19 - app - INFO - [下载任务2] 开始递归扫描文件...
2026-01-16 12:33:19 - app - INFO - 189获取文件列表请求: folder_id=323911228907722297, page=1, size=100
2026-01-16 12:33:19 - app - INFO - 189文件列表响应状态码: 200
2026-01-16 12:33:19 - app - INFO - 189文件列表获取成功: 文件夹1个, 文件0个
2026-01-16 12:33:19 - app - INFO - [下载任务2] 正在扫描文件夹: 123
2026-01-16 12:33:19 - app - INFO - 189获取文件列表请求: folder_id=223151229822520199, page=1, size=100
2026-01-16 12:33:19 - app - INFO - 189文件列表响应状态码: 200
2026-01-16 12:33:19 - app - INFO - 189文件列表获取成功: 文件夹1个, 文件1个
2026-01-16 12:33:19 - app - INFO - [下载任务2] 正在扫描文件夹: 123/Season 1
2026-01-16 12:33:19 - app - INFO - 189获取文件列表请求: folder_id=923263229867776282, page=1, size=100
2026-01-16 12:33:19 - app - INFO - 从内存获取实时日志: execution_id=41, 日志数量=12
2026-01-16 12:33:19 - app - INFO - 189文件列表响应状态码: 200
2026-01-16 12:33:19 - app - INFO - 189文件列表获取成功: 文件夹0个, 文件1个
2026-01-16 12:33:19 - app - INFO - [下载任务2] 递归扫描完成，共找到 2 个文件
2026-01-16 12:33:19 - app - INFO - [下载任务2] 准备下载 2 个文件
2026-01-16 12:33:19 - app - INFO - [下载任务2] [1/2] 正在下载: 123/Season 1/Delinquent.to.Doctor.S01E01.S01E01.2026.1080p.friDay.WEB-DL.H264.AAC.mkv (4883.65 MB)
2026-01-16 12:33:19 - app - INFO - 189下载链接响应: status=400
2026-01-16 12:33:19 - app - INFO - 文件 623263229867776285 太大,尝试使用备用API...
2026-01-16 12:33:19 - app - INFO - 189备用API响应: status=200
2026-01-16 12:33:19 - app - INFO - 189备用API结果: {'res_code': 0, 'res_message': '成功', 'normal': {'code': 1, 'message': 'normal', 'url': 'https://download.cloud.189.cn/file/downloadFile.action?dt=51&expired=1768550044625&play=1&sk=a71a498c-3f26-4370-ba80-5dc88c74c675&ufi=623263229867776285&zyc=180&token=cloud4&sig=VJmT%2FJLiOVM9U%2Fcw9IL2t%2F0OsXc%3D', 'videoKbps': 0}}
2026-01-16 12:33:19 - app - INFO - 使用备用API成功获取文件 623263229867776285 的下载链接
2026-01-16 12:33:19 - app - INFO - [下载任务2] [1/2] 天翼云盘使用单线程下载(防止403限制)
2026-01-16 12:33:21 - app - INFO - 从内存获取实时日志: execution_id=41, 日志数量=16
2026-01-16 12:33:23 - app - INFO - 从内存获取实时日志: execution_id=41, 日志数量=16
2026-01-16 12:33:25 - app - INFO - 从内存获取实时日志: execution_id=41, 日志数量=16
2026-01-16 12:33:27 - app - INFO - 从内存获取实时日志: execution_id=41, 日志数量=16
2026-01-16 12:33:29 - app - INFO - 从内存获取实时日志: execution_id=41, 日志数量=16
2026-01-16 12:33:31 - app - INFO - 从内存获取实时日志: execution_id=41, 日志数量=16
2026-01-16 12:33:33 - app - INFO - 从内存获取实时日志: execution_id=41, 日志数量=16
2026-01-16 12:33:35 - app - INFO - 从内存获取实时日志: execution_id=41, 日志数量=16
2026-01-16 12:33:37 - app - INFO - 从内存获取实时日志: execution_id=41, 日志数量=16
2026-01-16 12:33:39 - app - INFO - 从内存获取实时日志: execution_id=41, 日志数量=16
2026-01-16 12:33:41 - app - INFO - 从内存获取实时日志: execution_id=41, 日志数量=16
2026-01-16 12:33:43 - app - INFO - 从内存获取实时日志: execution_id=41, 日志数量=16
2026-01-16 12:33:45 - app - INFO - 从内存获取实时日志: execution_id=41, 日志数量=16
2026-01-16 12:33:47 - app - INFO - 从内存获取实时日志: execution_id=41, 日志数量=16
2026-01-16 12:33:49 - app - INFO - 从内存获取实时日志: execution_id=41, 日志数量=16
2026-01-16 12:33:51 - app - INFO - 从内存获取实时日志: execution_id=41, 日志数量=16
2026-01-16 12:33:53 - app - INFO - 从内存获取实时日志: execution_id=41, 日志数量=16
2026-01-16 12:33:55 - app - INFO - 从内存获取实时日志: execution_id=41, 日志数量=16
2026-01-16 12:33:57 - app - INFO - 从内存获取实时日志: execution_id=41, 日志数量=16
2026-01-16 12:33:59 - app - INFO - 从内存获取实时日志: execution_id=41, 日志数量=16
2026-01-16 12:34:01 - app - INFO - 从内存获取实时日志: execution_id=41, 日志数量=16
2026-01-16 12:34:03 - app - INFO - 从内存获取实时日志: execution_id=41, 日志数量=16
2026-01-16 12:34:05 - app - INFO - 从内存获取实时日志: execution_id=41, 日志数量=16
2026-01-16 12:34:07 - app - INFO - 从内存获取实时日志: execution_id=41, 日志数量=16
2026-01-16 12:34:09 - app - INFO - 从内存获取实时日志: execution_id=41, 日志数量=16
2026-01-16 12:34:11 - app - INFO - 从内存获取实时日志: execution_id=41, 日志数量=16
2026-01-16 12:34:13 - app - INFO - 从内存获取实时日志: execution_id=41, 日志数量=16
2026-01-16 12:34:15 - app - INFO - 从内存获取实时日志: execution_id=41, 日志数量=16
2026-01-16 12:34:17 - app - INFO - 从内存获取实时日志: execution_id=41, 日志数量=16
2026-01-16 12:34:19 - app - INFO - 从内存获取实时日志: execution_id=41, 日志数量=16
2026-01-16 12:34:21 - app - INFO - 从内存获取实时日志: execution_id=41, 日志数量=16
2026-01-16 12:34:23 - app - INFO - 从内存获取实时日志: execution_id=41, 日志数量=16
2026-01-16 12:34:25 - app - INFO - 从内存获取实时日志: execution_id=41, 日志数量=16
2026-01-16 12:34:27 - app - INFO - 从内存获取实时日志: execution_id=41, 日志数量=16
2026-01-16 12:34:29 - app - INFO - 从内存获取实时日志: execution_id=41, 日志数量=16
2026-01-16 12:34:31 - app - INFO - 从内存获取实时日志: execution_id=41, 日志数量=16
2026-01-16 12:34:33 - app - INFO - 从内存获取实时日志: execution_id=41, 日志数量=16
2026-01-16 12:34:35 - app - INFO - 从内存获取实时日志: execution_id=41, 日志数量=16
2026-01-16 12:34:37 - app - INFO - 从内存获取实时日志: execution_id=41, 日志数量=16
2026-01-16 12:34:39 - app - INFO - 从内存获取实时日志: execution_id=41, 日志数量=16
2026-01-16 12:34:41 - app - INFO - 从内存获取实时日志: execution_id=41, 日志数量=16
2026-01-16 12:34:43 - app - INFO - 从内存获取实时日志: execution_id=41, 日志数量=16
2026-01-16 12:34:45 - app - INFO - 从内存获取实时日志: execution_id=41, 日志数量=16
2026-01-16 12:34:47 - app - INFO - 从内存获取实时日志: execution_id=41, 日志数量=16
2026-01-16 12:34:49 - app - INFO - 从内存获取实时日志: execution_id=41, 日志数量=16
2026-01-16 12:34:51 - app - INFO - 从内存获取实时日志: execution_id=41, 日志数量=16
2026-01-16 12:34:53 - app - INFO - 从内存获取实时日志: execution_id=41, 日志数量=16
2026-01-16 12:34:55 - app - INFO - 从内存获取实时日志: execution_id=41, 日志数量=16
2026-01-16 12:34:57 - app - INFO - 从内存获取实时日志: execution_id=41, 日志数量=16
2026-01-16 12:34:59 - app - INFO - 从内存获取实时日志: execution_id=41, 日志数量=16
2026-01-16 12:35:01 - app - INFO - 从内存获取实时日志: execution_id=41, 日志数量=16
2026-01-16 12:35:03 - app - INFO - 从内存获取实时日志: execution_id=41, 日志数量=16
2026-01-16 12:35:05 - app - INFO - 从内存获取实时日志: execution_id=41, 日志数量=16
2026-01-16 12:35:07 - app - INFO - 从内存获取实时日志: execution_id=41, 日志数量=16
2026-01-16 12:35:09 - app - INFO - 从内存获取实时日志: execution_id=41, 日志数量=16
2026-01-16 12:35:11 - app - INFO - 从内存获取实时日志: execution_id=41, 日志数量=16
2026-01-16 12:35:13 - app - INFO - 从内存获取实时日志: execution_id=41, 日志数量=16
2026-01-16 12:35:15 - app - INFO - 从内存获取实时日志: execution_id=41, 日志数量=16
2026-01-16 12:35:17 - app - INFO - 从内存获取实时日志: execution_id=41, 日志数量=16
2026-01-16 12:35:19 - app - INFO - 从内存获取实时日志: execution_id=41, 日志数量=16
2026-01-16 12:35:21 - app - INFO - 从内存获取实时日志: execution_id=41, 日志数量=16
2026-01-16 12:35:23 - app - INFO - 从内存获取实时日志: execution_id=41, 日志数量=16
2026-01-16 12:35:25 - app - INFO - 从内存获取实时日志: execution_id=41, 日志数量=16
2026-01-16 12:35:27 - app - INFO - 从内存获取实时日志: execution_id=41, 日志数量=16
2026-01-16 12:35:29 - app - INFO - 从内存获取实时日志: execution_id=41, 日志数量=16
2026-01-16 12:35:31 - app - INFO - 从内存获取实时日志: execution_id=41, 日志数量=16
2026-01-16 12:35:33 - app - INFO - 从内存获取实时日志: execution_id=41, 日志数量=16
2026-01-16 12:35:35 - app - INFO - 从内存获取实时日志: execution_id=41, 日志数量=16
2026-01-16 12:35:37 - app - INFO - 从内存获取实时日志: execution_id=41, 日志数量=16
2026-01-16 12:35:39 - app - INFO - 从内存获取实时日志: execution_id=41, 日志数量=16
2026-01-16 12:35:41 - app - INFO - 从内存获取实时日志: execution_id=41, 日志数量=16
2026-01-16 12:35:43 - app - INFO - 从内存获取实时日志: execution_id=41, 日志数量=16
2026-01-16 12:35:45 - app - INFO - 从内存获取实时日志: execution_id=41, 日志数量=16
2026-01-16 12:35:47 - app - INFO - 从内存获取实时日志: execution_id=41, 日志数量=16
2026-01-16 12:35:49 - app - INFO - 从内存获取实时日志: execution_id=41, 日志数量=16
2026-01-16 12:35:51 - app - INFO - 从内存获取实时日志: execution_id=41, 日志数量=16
2026-01-16 12:35:53 - app - INFO - 从内存获取实时日志: execution_id=41, 日志数量=16
2026-01-16 12:35:55 - app - INFO - 从内存获取实时日志: execution_id=41, 日志数量=16
2026-01-16 12:35:57 - app - INFO - 从内存获取实时日志: execution_id=41, 日志数量=16
2026-01-16 12:35:59 - app - INFO - 从内存获取实时日志: execution_id=41, 日志数量=16
2026-01-16 12:36:01 - app - INFO - 从内存获取实时日志: execution_id=41, 日志数量=16
2026-01-16 12:36:12 - app - INFO - 从内存获取实时日志: execution_id=41, 日志数量=16
2026-01-16 12:36:13 - app - INFO - 从内存获取实时日志: execution_id=41, 日志数量=16
2026-01-16 12:36:15 - app - INFO - 从内存获取实时日志: execution_id=41, 日志数量=16
2026-01-16 12:36:17 - app - INFO - 从内存获取实时日志: execution_id=41, 日志数量=16
2026-01-16 12:36:19 - app - INFO - 从内存获取实时日志: execution_id=41, 日志数量=16
2026-01-16 12:36:21 - app - INFO - 从内存获取实时日志: execution_id=41, 日志数量=16
2026-01-16 12:36:23 - app - INFO - 从内存获取实时日志: execution_id=41, 日志数量=16
2026-01-16 12:36:25 - app - INFO - 从内存获取实时日志: execution_id=41, 日志数量=16
2026-01-16 12:36:27 - app - INFO - 从内存获取实时日志: execution_id=41, 日志数量=16
2026-01-16 12:36:29 - app - INFO - 从内存获取实时日志: execution_id=41, 日志数量=16
2026-01-16 12:36:31 - app - INFO - 从内存获取实时日志: execution_id=41, 日志数量=16
2026-01-16 12:36:33 - app - INFO - 从内存获取实时日志: execution_id=41, 日志数量=16
2026-01-16 12:36:35 - app - INFO - 从内存获取实时日志: execution_id=41, 日志数量=16
2026-01-16 12:36:37 - app - INFO - 从内存获取实时日志: execution_id=41, 日志数量=16
2026-01-16 12:36:39 - app - INFO - 从内存获取实时日志: execution_id=41, 日志数量=16
2026-01-16 12:36:41 - app - INFO - 从内存获取实时日志: execution_id=41, 日志数量=16
2026-01-16 12:36:43 - app - INFO - 从内存获取实时日志: execution_id=41, 日志数量=16
2026-01-16 12:36:45 - app - INFO - 从内存获取实时日志: execution_id=41, 日志数量=16
2026-01-16 12:36:47 - app - INFO - 从内存获取实时日志: execution_id=41, 日志数量=16
2026-01-16 12:36:49 - app - INFO - 从内存获取实时日志: execution_id=41, 日志数量=16
2026-01-16 12:36:51 - app - INFO - 从内存获取实时日志: execution_id=41, 日志数量=16
2026-01-16 12:36:53 - app - INFO - 从内存获取实时日志: execution_id=41, 日志数量=16
2026-01-16 12:36:55 - app - INFO - 从内存获取实时日志: execution_id=41, 日志数量=16
2026-01-16 12:36:57 - app - INFO - 从内存获取实时日志: execution_id=41, 日志数量=16
2026-01-16 12:36:59 - app - INFO - 从内存获取实时日志: execution_id=41, 日志数量=16
2026-01-16 12:37:01 - app - INFO - 从内存获取实时日志: execution_id=41, 日志数量=16
2026-01-16 12:37:03 - app - INFO - 从内存获取实时日志: execution_id=41, 日志数量=16
2026-01-16 12:37:05 - app - INFO - 从内存获取实时日志: execution_id=41, 日志数量=16
2026-01-16 12:37:07 - app - INFO - 从内存获取实时日志: execution_id=41, 日志数量=16
2026-01-16 12:37:09 - app - INFO - 许可证管理器初始化完成,服务器: http://license.22l2.com
2026-01-16 12:37:09 - app - INFO - 初始化许可证管理器...
2026-01-16 12:37:10 - app - INFO - 解密密钥设置成功
2026-01-16 12:37:10 - app - INFO - 解密密钥获取成功
2026-01-16 12:37:10 - app - INFO - 解密密钥获取成功，配置已就绪
2026-01-16 12:37:10 - app - INFO - 配置解密成功
2026-01-16 12:37:10 - app - INFO - 夸克API配置加载成功
2026-01-16 12:37:10 - app - INFO - 夸克API配置加载完成
2026-01-16 12:37:10 - app - INFO - 检查数据库...
2026-01-16 12:37:10 - app - INFO - 数据库检查完成
2026-01-16 12:37:10 - app - INFO - 检查数据库迁移...
2026-01-16 12:37:10 - app - INFO - 数据库迁移检查完成
2026-01-16 12:37:10 - app - INFO - 清理异常中断的任务状态...
2026-01-16 12:37:10 - app - INFO - 已清理 1 个异常中断的任务
2026-01-16 12:37:11 - app - INFO - 升级管理器初始化完成
2026-01-16 12:37:11 - app - INFO - Flask应用创建成功
2026-01-16 12:37:11 - app - INFO - 静态文件目录: C:\Data\夸克转存\client\frontend
2026-01-16 12:37:11 - app - INFO - 启动任务调度服务...
2026-01-16 12:37:11 - app - INFO - 检查被中断的影视下载任务...
2026-01-16 12:37:11 - app - INFO - 没有需要恢复的影视下载任务
2026-01-16 12:37:11 - app - INFO - 账期生成循环已启动
2026-01-16 12:37:11 - app - INFO - 账期生成线程已启动
2026-01-16 12:37:11 - app - INFO - 开始生成 2026-01-16 的任务账期
2026-01-16 12:37:11 - app - INFO - 任务执行循环已启动
2026-01-16 12:37:11 - app - INFO - 任务执行线程已启动
2026-01-16 12:37:11 - app - INFO - 日志清理循环已启动
2026-01-16 12:37:11 - app - INFO - 下次日志清理时间: 2026-01-17 02:00:00
2026-01-16 12:37:11 - app - INFO - 跳过一次性执行任务: 测试
2026-01-16 12:37:11 - app - INFO - 日志清理线程已启动
2026-01-16 12:37:11 - app - INFO - 跳过一次性执行任务: 测试谢谢谢谢
2026-01-16 12:37:11 - app - INFO - 跳过一次性执行任务: 测试189
2026-01-16 12:37:11 - app - INFO - 跳过一次性执行任务: 小城大事
2026-01-16 12:37:11 - app - INFO - 启动Flask服务: http://0.0.0.0:8520
2026-01-16 12:37:11 - app - INFO - ✅ 生成完成，共创建 0 条待执行记录
2026-01-16 12:37:11 - app - INFO - 下次生成账期时间: 2026-01-17 00:00:00, 等待 40969 秒
2026-01-16 12:37:56 - app - INFO - 步骤1: 获取登录表单参数...
2026-01-16 12:38:08 - app - INFO -   状态码: 200, 内容长度: 23370
2026-01-16 12:38:08 - app - INFO -   ✓ captchaToken: d9b784003a9d9e74a706...
2026-01-16 12:38:08 - app - INFO -   ✓ lt: 184E10700282EBAB684F...
2026-01-16 12:38:08 - app - INFO -   ✓ paramId: 20DA4D65A8BF23637A14CD619FDFE829CD752F8BE2190AB285C7743784DA980BAF1CB35A327F834B9626956A52D56256B3DA79DCF8921860F4948826C57C0AE8F499A0D7DC60F34D
2026-01-16 12:38:08 - app - INFO -   ✓ reqId: 0df69bbc683040e1
2026-01-16 12:38:08 - app - INFO - 步骤2: 获取RSA公钥...
2026-01-16 12:38:08 - app - INFO -   状态码: 200
2026-01-16 12:38:08 - app - INFO -   返回码: 0
2026-01-16 12:38:08 - app - INFO -   ✓ 公钥长度: 216
2026-01-16 12:38:08 - app - INFO -   ✓ pre前缀: {NRP}
2026-01-16 12:38:08 - app - INFO - 步骤3: 加密用户名和密码...
2026-01-16 12:38:08 - app - INFO -   ✓ 用户名加密成功，长度: 261
2026-01-16 12:38:08 - app - INFO -   ✓ 密码加密成功，长度: 261
2026-01-16 12:38:08 - app - INFO - 步骤4: 提交登录请求...
2026-01-16 12:38:08 - app - INFO -   状态码: 200
2026-01-16 12:38:08 - app - INFO -   返回码: 0
2026-01-16 12:38:08 - app - INFO -   返回消息: 登录成功
2026-01-16 12:38:08 - app - INFO -   ✓ 登录成功！
2026-01-16 12:38:08 - app - INFO -   重定向URL: https://m.cloud.189.cn/zhuanti/2020/loginErrorPc/index.html?appId=8025431004&paras=57FEDA71CB782D5EA...
2026-01-16 12:38:08 - app - INFO - 步骤6: 调用getSessionForPC获取会话凭证...
2026-01-16 12:38:08 - app - INFO -   状态码: 200
2026-01-16 12:38:08 - app - INFO -   ✓ sessionKey: ab01c3fc-89a4-49b1-9...
2026-01-16 12:38:08 - app - INFO -   ✓ accessToken: 2010357b3aa949fd8026...
2026-01-16 12:38:08 - app - INFO - 步骤7: 使用sessionKey建立cloud.189.cn会话...
2026-01-16 12:38:08 - app - INFO -   主页状态码: 200
2026-01-16 12:38:08 - app - INFO -   API状态码: 200
2026-01-16 12:38:08 - app - INFO -   当前所有Cookie:
2026-01-16 12:38:08 - app - INFO -     COOKIE_LOGIN_USER: domain=.cloud.189.cn, path=/
2026-01-16 12:38:08 - app - INFO -     GRAYNUMBER: domain=.e.189.cn, path=/
2026-01-16 12:38:08 - app - INFO -     GUID: domain=.e.189.cn, path=/
2026-01-16 12:38:08 - app - INFO -     LT: domain=.e.189.cn, path=/
2026-01-16 12:38:08 - app - INFO -     OPENINFO: domain=.e.189.cn, path=/
2026-01-16 12:38:08 - app - INFO -     SSON: domain=.e.189.cn, path=/
2026-01-16 12:38:08 - app - INFO -     pageOp: domain=.e.189.cn, path=/
2026-01-16 12:38:08 - app - INFO -     JSESSIONID: domain=open.e.189.cn, path=/
2026-01-16 12:38:08 - app - INFO -   ✓ 获取到 1 个cloud.189.cn域名的Cookie
2026-01-16 12:38:08 - app - INFO -   Cookie字段: ['COOKIE_LOGIN_USER']
2026-01-16 12:38:08 - app - INFO - 已设置 1 个Cookie字段
2026-01-16 12:38:08 - app - INFO - 189获取文件列表请求: folder_id=-11, page=1, size=10
2026-01-16 12:38:09 - app - INFO - 189文件列表响应状态码: 200
2026-01-16 12:38:09 - app - INFO - 189文件列表获取成功: 文件夹10个, 文件0个
2026-01-16 12:38:48 - app - INFO - 步骤1: 获取登录表单参数...
2026-01-16 12:38:59 - app - INFO -   状态码: 200, 内容长度: 23370
2026-01-16 12:38:59 - app - INFO -   ✓ captchaToken: 31049b6906c8764b086b...
2026-01-16 12:38:59 - app - INFO -   ✓ lt: 164CE80A458933AC1DF9...
2026-01-16 12:38:59 - app - INFO -   ✓ paramId: C60E8A4A47A6B00513FFAF61C762A167164695FD84E92C566C517897D3D4FA92B8120EEB945609143F763C6250F7D6E97289B7D7D28F124FDEFBEC2E9AE57D3DD27B9AD3E1207A6D
2026-01-16 12:38:59 - app - INFO -   ✓ reqId: 8d3524c40c4b46df
2026-01-16 12:38:59 - app - INFO - 步骤2: 获取RSA公钥...
2026-01-16 12:38:59 - app - INFO -   状态码: 200
2026-01-16 12:38:59 - app - INFO -   返回码: 0
2026-01-16 12:38:59 - app - INFO -   ✓ 公钥长度: 216
2026-01-16 12:38:59 - app - INFO -   ✓ pre前缀: {NRP}
2026-01-16 12:38:59 - app - INFO - 步骤3: 加密用户名和密码...
2026-01-16 12:38:59 - app - INFO -   ✓ 用户名加密成功，长度: 261
2026-01-16 12:38:59 - app - INFO -   ✓ 密码加密成功，长度: 261
2026-01-16 12:38:59 - app - INFO - 步骤4: 提交登录请求...
2026-01-16 12:38:59 - app - INFO -   状态码: 200
2026-01-16 12:38:59 - app - INFO -   返回码: 0
2026-01-16 12:38:59 - app - INFO -   返回消息: 登录成功
2026-01-16 12:38:59 - app - INFO -   ✓ 登录成功！
2026-01-16 12:38:59 - app - INFO -   重定向URL: https://m.cloud.189.cn/zhuanti/2020/loginErrorPc/index.html?appId=8025431004&paras=7167CA29C58DA038F...
2026-01-16 12:38:59 - app - INFO - 步骤6: 调用getSessionForPC获取会话凭证...
2026-01-16 12:39:00 - app - INFO -   状态码: 200
2026-01-16 12:39:00 - app - INFO -   ✓ sessionKey: dcaa47ff-19f5-4967-8...
2026-01-16 12:39:00 - app - INFO -   ✓ accessToken: 2010357b3aa949fd8026...
2026-01-16 12:39:00 - app - INFO - 步骤7: 使用sessionKey建立cloud.189.cn会话...
2026-01-16 12:39:00 - app - INFO -   主页状态码: 200
2026-01-16 12:39:00 - app - INFO -   API状态码: 200
2026-01-16 12:39:00 - app - INFO -   当前所有Cookie:
2026-01-16 12:39:00 - app - INFO -     COOKIE_LOGIN_USER: domain=.cloud.189.cn, path=/
2026-01-16 12:39:00 - app - INFO -     GRAYNUMBER: domain=.e.189.cn, path=/
2026-01-16 12:39:00 - app - INFO -     GUID: domain=.e.189.cn, path=/
2026-01-16 12:39:00 - app - INFO -     LT: domain=.e.189.cn, path=/
2026-01-16 12:39:00 - app - INFO -     OPENINFO: domain=.e.189.cn, path=/
2026-01-16 12:39:00 - app - INFO -     SSON: domain=.e.189.cn, path=/
2026-01-16 12:39:00 - app - INFO -     pageOp: domain=.e.189.cn, path=/
2026-01-16 12:39:00 - app - INFO -     JSESSIONID: domain=open.e.189.cn, path=/
2026-01-16 12:39:00 - app - INFO -   ✓ 获取到 1 个cloud.189.cn域名的Cookie
2026-01-16 12:39:00 - app - INFO -   Cookie字段: ['COOKIE_LOGIN_USER']
2026-01-16 12:39:00 - app - INFO - 已设置 1 个Cookie字段
2026-01-16 12:39:00 - app - INFO - 189获取文件列表请求: folder_id=-11, page=1, size=100
2026-01-16 12:39:00 - app - INFO - 189文件列表响应状态码: 200
2026-01-16 12:39:00 - app - INFO - 189文件列表获取成功: 文件夹11个, 文件2个
2026-01-16 12:39:19 - app - INFO - 步骤1: 获取登录表单参数...
2026-01-16 12:39:30 - app - INFO -   状态码: 200, 内容长度: 23370
2026-01-16 12:39:30 - app - INFO -   ✓ captchaToken: a8d0d9a496c518a27af3...
2026-01-16 12:39:30 - app - INFO -   ✓ lt: 4085433E49D7CE772C2B...
2026-01-16 12:39:30 - app - INFO -   ✓ paramId: 281EFC907991F0926892DA8D6B271D2FA562908B5AFDD24EC7093E7A9F8142012CE5746BCF74113E8BF1F8192238489B97EF834E2DC9B21F37AB21035EDC1B238CC5ED04D8AA9395
2026-01-16 12:39:30 - app - INFO -   ✓ reqId: 7d02852408c443c2
2026-01-16 12:39:30 - app - INFO - 步骤2: 获取RSA公钥...
2026-01-16 12:39:30 - app - INFO -   状态码: 200
2026-01-16 12:39:30 - app - INFO -   返回码: 0
2026-01-16 12:39:30 - app - INFO -   ✓ 公钥长度: 216
2026-01-16 12:39:30 - app - INFO -   ✓ pre前缀: {NRP}
2026-01-16 12:39:30 - app - INFO - 步骤3: 加密用户名和密码...
2026-01-16 12:39:30 - app - INFO -   ✓ 用户名加密成功，长度: 261
2026-01-16 12:39:30 - app - INFO -   ✓ 密码加密成功，长度: 261
2026-01-16 12:39:30 - app - INFO - 步骤4: 提交登录请求...
2026-01-16 12:39:30 - app - INFO -   状态码: 200
2026-01-16 12:39:30 - app - INFO -   返回码: 0
2026-01-16 12:39:30 - app - INFO -   返回消息: 登录成功
2026-01-16 12:39:30 - app - INFO -   ✓ 登录成功！
2026-01-16 12:39:30 - app - INFO -   重定向URL: https://m.cloud.189.cn/zhuanti/2020/loginErrorPc/index.html?appId=8025431004&paras=76D9E202E0811A710...
2026-01-16 12:39:30 - app - INFO - 步骤6: 调用getSessionForPC获取会话凭证...
2026-01-16 12:39:31 - app - INFO -   状态码: 200
2026-01-16 12:39:31 - app - INFO -   ✓ sessionKey: c653d282-aca0-43af-a...
2026-01-16 12:39:31 - app - INFO -   ✓ accessToken: 2010357b3aa949fd8026...
2026-01-16 12:39:31 - app - INFO - 步骤7: 使用sessionKey建立cloud.189.cn会话...
2026-01-16 12:39:31 - app - INFO -   主页状态码: 200
2026-01-16 12:39:31 - app - INFO -   API状态码: 200
2026-01-16 12:39:31 - app - INFO -   当前所有Cookie:
2026-01-16 12:39:31 - app - INFO -     COOKIE_LOGIN_USER: domain=.cloud.189.cn, path=/
2026-01-16 12:39:31 - app - INFO -     GRAYNUMBER: domain=.e.189.cn, path=/
2026-01-16 12:39:31 - app - INFO -     GUID: domain=.e.189.cn, path=/
2026-01-16 12:39:31 - app - INFO -     LT: domain=.e.189.cn, path=/
2026-01-16 12:39:31 - app - INFO -     OPENINFO: domain=.e.189.cn, path=/
2026-01-16 12:39:31 - app - INFO -     SSON: domain=.e.189.cn, path=/
2026-01-16 12:39:31 - app - INFO -     pageOp: domain=.e.189.cn, path=/
2026-01-16 12:39:31 - app - INFO -     JSESSIONID: domain=open.e.189.cn, path=/
2026-01-16 12:39:31 - app - INFO -   ✓ 获取到 1 个cloud.189.cn域名的Cookie
2026-01-16 12:39:31 - app - INFO -   Cookie字段: ['COOKIE_LOGIN_USER']
2026-01-16 12:39:31 - app - INFO - 已设置 1 个Cookie字段
2026-01-16 12:39:31 - app - INFO - 189获取文件列表请求: folder_id=-11, page=1, size=100
2026-01-16 12:39:31 - app - INFO - 189文件列表响应状态码: 200
2026-01-16 12:39:31 - app - INFO - 189文件列表获取成功: 文件夹11个, 文件2个
2026-01-16 12:40:03 - app - INFO - 步骤1: 获取登录表单参数...
2026-01-16 12:40:04 - app - INFO -   状态码: 200, 内容长度: 23370
2026-01-16 12:40:04 - app - INFO -   ✓ captchaToken: 2dc1619e81f52d7fe392...
2026-01-16 12:40:04 - app - INFO -   ✓ lt: 29868615CC726F827C75...
2026-01-16 12:40:04 - app - INFO -   ✓ paramId: E1177CFCFD14032C4826A00489E169B43336228B87A972243539538ADAB5D53F93370682402FD96A448525D77A31C03CD1B69D914D39811BF20837A973ACD21B18DE4DED91B752D1
2026-01-16 12:40:04 - app - INFO -   ✓ reqId: 25acee88ab454cff
2026-01-16 12:40:04 - app - INFO - 步骤2: 获取RSA公钥...
2026-01-16 12:40:04 - app - INFO -   状态码: 200
2026-01-16 12:40:04 - app - INFO -   返回码: 0
2026-01-16 12:40:04 - app - INFO -   ✓ 公钥长度: 216
2026-01-16 12:40:04 - app - INFO -   ✓ pre前缀: {NRP}
2026-01-16 12:40:04 - app - INFO - 步骤3: 加密用户名和密码...
2026-01-16 12:40:04 - app - INFO -   ✓ 用户名加密成功，长度: 261
2026-01-16 12:40:04 - app - INFO -   ✓ 密码加密成功，长度: 261
2026-01-16 12:40:04 - app - INFO - 步骤4: 提交登录请求...
2026-01-16 12:40:04 - app - INFO -   状态码: 200
2026-01-16 12:40:04 - app - INFO -   返回码: 0
2026-01-16 12:40:04 - app - INFO -   返回消息: 登录成功
2026-01-16 12:40:04 - app - INFO -   ✓ 登录成功！
2026-01-16 12:40:04 - app - INFO -   重定向URL: https://m.cloud.189.cn/zhuanti/2020/loginErrorPc/index.html?appId=8025431004&paras=282CE3055787E550F...
2026-01-16 12:40:04 - app - INFO - 步骤6: 调用getSessionForPC获取会话凭证...
2026-01-16 12:40:04 - app - INFO -   状态码: 200
2026-01-16 12:40:04 - app - INFO -   ✓ sessionKey: 90ca7b8d-8589-4f50-9...
2026-01-16 12:40:04 - app - INFO -   ✓ accessToken: 2010357b3aa949fd8026...
2026-01-16 12:40:04 - app - INFO - 步骤7: 使用sessionKey建立cloud.189.cn会话...
2026-01-16 12:40:04 - app - INFO -   主页状态码: 200
2026-01-16 12:40:04 - app - INFO -   API状态码: 200
2026-01-16 12:40:04 - app - INFO -   当前所有Cookie:
2026-01-16 12:40:04 - app - INFO -     COOKIE_LOGIN_USER: domain=.cloud.189.cn, path=/
2026-01-16 12:40:04 - app - INFO -     GRAYNUMBER: domain=.e.189.cn, path=/
2026-01-16 12:40:04 - app - INFO -     GUID: domain=.e.189.cn, path=/
2026-01-16 12:40:04 - app - INFO -     LT: domain=.e.189.cn, path=/
2026-01-16 12:40:04 - app - INFO -     OPENINFO: domain=.e.189.cn, path=/
2026-01-16 12:40:04 - app - INFO -     SSON: domain=.e.189.cn, path=/
2026-01-16 12:40:04 - app - INFO -     pageOp: domain=.e.189.cn, path=/
2026-01-16 12:40:04 - app - INFO -     JSESSIONID: domain=open.e.189.cn, path=/
2026-01-16 12:40:04 - app - INFO -   ✓ 获取到 1 个cloud.189.cn域名的Cookie
2026-01-16 12:40:04 - app - INFO -   Cookie字段: ['COOKIE_LOGIN_USER']
2026-01-16 12:40:04 - app - INFO - 已设置 1 个Cookie字段
2026-01-16 12:40:04 - app - INFO - 189下载链接响应: status=200
2026-01-16 12:40:04 - app - INFO - 189下载链接结果: {'res_code': 0, 'res_message': '成功', 'fileDownloadUrl': 'https://download.cloud.189.cn/file/downloadFile.action?dt=51&expired=1768538749646&sk=90ca7b8d-8589-4f50-9308-a62fb9c9c822&ufi=32483199423310779&zyc=5&token=cloud15&sig=n6v3E1vWSYz95PwGAC85ALevyX4%3D'}
2026-01-16 12:40:04 - app - INFO - 成功获取文件 32483199423310779 的下载链接
2026-01-16 12:40:20 - app - INFO - 步骤1: 获取登录表单参数...
2026-01-16 12:40:20 - app - INFO -   状态码: 200, 内容长度: 23370
2026-01-16 12:40:20 - app - INFO -   ✓ captchaToken: 2db89cc2da638ff2c163...
2026-01-16 12:40:20 - app - INFO -   ✓ lt: E64F921C1D07992F9219...
2026-01-16 12:40:20 - app - INFO -   ✓ paramId: 59461B03950F8707B7CBF6B850879B7940B6B97388F22133EE5A96BAD8C2FEF3F17BB7E4C96A51C2D124310E1EEF80F486057D2417C17A557FD51980BB7F06CBC4D4B3A462109C09
2026-01-16 12:40:20 - app - INFO -   ✓ reqId: a9ebfa3675ae462f
2026-01-16 12:40:20 - app - INFO - 步骤2: 获取RSA公钥...
2026-01-16 12:40:20 - app - INFO -   状态码: 200
2026-01-16 12:40:20 - app - INFO -   返回码: 0
2026-01-16 12:40:20 - app - INFO -   ✓ 公钥长度: 216
2026-01-16 12:40:20 - app - INFO -   ✓ pre前缀: {NRP}
2026-01-16 12:40:20 - app - INFO - 步骤3: 加密用户名和密码...
2026-01-16 12:40:20 - app - INFO -   ✓ 用户名加密成功，长度: 261
2026-01-16 12:40:20 - app - INFO -   ✓ 密码加密成功，长度: 261
2026-01-16 12:40:20 - app - INFO - 步骤4: 提交登录请求...
2026-01-16 12:40:20 - app - INFO -   状态码: 200
2026-01-16 12:40:20 - app - INFO -   返回码: 0
2026-01-16 12:40:20 - app - INFO -   返回消息: 登录成功
2026-01-16 12:40:20 - app - INFO -   ✓ 登录成功！
2026-01-16 12:40:20 - app - INFO -   重定向URL: https://m.cloud.189.cn/zhuanti/2020/loginErrorPc/index.html?appId=8025431004&paras=1F5A08BAFAB8F1019...
2026-01-16 12:40:20 - app - INFO - 步骤6: 调用getSessionForPC获取会话凭证...
2026-01-16 12:40:21 - app - INFO -   状态码: 200
2026-01-16 12:40:21 - app - INFO -   ✓ sessionKey: 33e20736-a733-4219-a...
2026-01-16 12:40:21 - app - INFO -   ✓ accessToken: 2010357b3aa949fd8026...
2026-01-16 12:40:21 - app - INFO - 步骤7: 使用sessionKey建立cloud.189.cn会话...
2026-01-16 12:40:21 - app - INFO -   主页状态码: 200
2026-01-16 12:40:21 - app - INFO -   API状态码: 200
2026-01-16 12:40:21 - app - INFO -   当前所有Cookie:
2026-01-16 12:40:21 - app - INFO -     COOKIE_LOGIN_USER: domain=.cloud.189.cn, path=/
2026-01-16 12:40:21 - app - INFO -     GRAYNUMBER: domain=.e.189.cn, path=/
2026-01-16 12:40:21 - app - INFO -     GUID: domain=.e.189.cn, path=/
2026-01-16 12:40:21 - app - INFO -     LT: domain=.e.189.cn, path=/
2026-01-16 12:40:21 - app - INFO -     OPENINFO: domain=.e.189.cn, path=/
2026-01-16 12:40:21 - app - INFO -     SSON: domain=.e.189.cn, path=/
2026-01-16 12:40:21 - app - INFO -     pageOp: domain=.e.189.cn, path=/
2026-01-16 12:40:21 - app - INFO -     JSESSIONID: domain=open.e.189.cn, path=/
2026-01-16 12:40:21 - app - INFO -   ✓ 获取到 1 个cloud.189.cn域名的Cookie
2026-01-16 12:40:21 - app - INFO -   Cookie字段: ['COOKIE_LOGIN_USER']
2026-01-16 12:40:21 - app - INFO - 已设置 1 个Cookie字段
2026-01-16 12:40:32 - app - INFO - 189下载链接响应: status=200
2026-01-16 12:40:32 - app - INFO - 189下载链接结果: {'res_code': 0, 'res_message': '成功', 'fileDownloadUrl': 'https://download.cloud.189.cn/file/downloadFile.action?dt=51&expired=1768538777104&sk=33e20736-a733-4219-ac66-967dd2f57f3f&ufi=32483199423310779&zyc=5&token=cloud3&sig=R5g8hEqX0L4P5fAMFIpjhoJKvPM%3D'}
2026-01-16 12:40:32 - app - INFO - 成功获取文件 32483199423310779 的下载链接
2026-01-16 12:40:33 - app - INFO - 许可证管理器初始化完成,服务器: http://license.22l2.com
2026-01-16 12:40:33 - app - INFO - 初始化许可证管理器...
2026-01-16 12:40:34 - app - INFO - 解密密钥设置成功
2026-01-16 12:40:34 - app - INFO - 解密密钥获取成功
2026-01-16 12:40:34 - app - INFO - 解密密钥获取成功，配置已就绪
2026-01-16 12:40:34 - app - INFO - 配置解密成功
2026-01-16 12:40:34 - app - INFO - 夸克API配置加载成功
2026-01-16 12:40:34 - app - INFO - 夸克API配置加载完成
2026-01-16 12:40:34 - app - INFO - 检查数据库...
2026-01-16 12:40:34 - app - INFO - 数据库检查完成
2026-01-16 12:40:34 - app - INFO - 检查数据库迁移...
2026-01-16 12:40:34 - app - INFO - 数据库迁移检查完成
2026-01-16 12:40:34 - app - INFO - 清理异常中断的任务状态...
2026-01-16 12:40:34 - app - INFO - 升级管理器初始化完成
2026-01-16 12:40:34 - app - INFO - Flask应用创建成功
2026-01-16 12:40:34 - app - INFO - 静态文件目录: C:\Data\夸克转存\client\frontend
2026-01-16 12:40:34 - app - INFO - 启动任务调度服务...
2026-01-16 12:40:34 - app - INFO - 检查被中断的影视下载任务...
2026-01-16 12:40:34 - app - INFO - 没有需要恢复的影视下载任务
2026-01-16 12:40:34 - app - INFO - 账期生成循环已启动
2026-01-16 12:40:34 - app - INFO - 账期生成线程已启动
2026-01-16 12:40:34 - app - INFO - 开始生成 2026-01-16 的任务账期
2026-01-16 12:40:34 - app - INFO - 任务执行循环已启动
2026-01-16 12:40:34 - app - INFO - 任务执行线程已启动
2026-01-16 12:40:34 - app - INFO - 日志清理循环已启动
2026-01-16 12:40:34 - app - INFO - 日志清理线程已启动
2026-01-16 12:40:34 - app - INFO - 下次日志清理时间: 2026-01-17 02:00:00
2026-01-16 12:40:34 - app - INFO - 启动Flask服务: http://0.0.0.0:8520
2026-01-16 12:40:34 - app - INFO - 跳过一次性执行任务: 测试
2026-01-16 12:40:34 - app - INFO - 跳过一次性执行任务: 测试谢谢谢谢
2026-01-16 12:40:34 - app - INFO - 跳过一次性执行任务: 测试189
2026-01-16 12:40:34 - app - INFO - 跳过一次性执行任务: 小城大事
2026-01-16 12:40:34 - app - INFO - ✅ 生成完成，共创建 0 条待执行记录
2026-01-16 12:40:34 - app - INFO - 下次生成账期时间: 2026-01-17 00:00:00, 等待 40765 秒
2026-01-16 12:41:24 - app - INFO - 许可证管理器初始化完成,服务器: http://license.22l2.com
2026-01-16 12:41:25 - app - INFO - 初始化许可证管理器...
2026-01-16 12:41:26 - app - INFO - 解密密钥设置成功
2026-01-16 12:41:26 - app - INFO - 解密密钥获取成功
2026-01-16 12:41:26 - app - INFO - 解密密钥获取成功，配置已就绪
2026-01-16 12:41:26 - app - INFO - 配置解密成功
2026-01-16 12:41:26 - app - INFO - 夸克API配置加载成功
2026-01-16 12:41:26 - app - INFO - 夸克API配置加载完成
2026-01-16 12:41:26 - app - INFO - 检查数据库...
2026-01-16 12:41:26 - app - INFO - 数据库检查完成
2026-01-16 12:41:26 - app - INFO - 检查数据库迁移...
2026-01-16 12:41:26 - app - INFO - 数据库迁移检查完成
2026-01-16 12:41:26 - app - INFO - 清理异常中断的任务状态...
2026-01-16 12:41:26 - app - INFO - 升级管理器初始化完成
2026-01-16 12:41:26 - app - INFO - Flask应用创建成功
2026-01-16 12:41:26 - app - INFO - 静态文件目录: C:\Data\夸克转存\client\frontend
2026-01-16 12:41:26 - app - INFO - 启动任务调度服务...
2026-01-16 12:41:26 - app - INFO - 检查被中断的影视下载任务...
2026-01-16 12:41:26 - app - INFO - 没有需要恢复的影视下载任务
2026-01-16 12:41:26 - app - INFO - 账期生成循环已启动
2026-01-16 12:41:26 - app - INFO - 账期生成线程已启动
2026-01-16 12:41:26 - app - INFO - 开始生成 2026-01-16 的任务账期
2026-01-16 12:41:26 - app - INFO - 任务执行循环已启动
2026-01-16 12:41:26 - app - INFO - 任务执行线程已启动
2026-01-16 12:41:26 - app - INFO - 日志清理循环已启动
2026-01-16 12:41:26 - app - INFO - 跳过一次性执行任务: 测试
2026-01-16 12:41:26 - app - INFO - 下次日志清理时间: 2026-01-17 02:00:00
2026-01-16 12:41:26 - app - INFO - 日志清理线程已启动
2026-01-16 12:41:26 - app - INFO - 跳过一次性执行任务: 测试谢谢谢谢
2026-01-16 12:41:26 - app - INFO - 启动Flask服务: http://0.0.0.0:8520
2026-01-16 12:41:26 - app - INFO - 跳过一次性执行任务: 测试189
2026-01-16 12:41:26 - app - INFO - 跳过一次性执行任务: 小城大事
2026-01-16 12:41:26 - app - INFO - ✅ 生成完成，共创建 0 条待执行记录
2026-01-16 12:41:26 - app - INFO - 下次生成账期时间: 2026-01-17 00:00:00, 等待 40714 秒
2026-01-16 12:41:41 - app - INFO - 许可证管理器初始化完成,服务器: http://license.22l2.com
2026-01-16 12:41:41 - app - INFO - 初始化许可证管理器...
2026-01-16 12:41:42 - app - INFO - 解密密钥设置成功
2026-01-16 12:41:42 - app - INFO - 解密密钥获取成功
2026-01-16 12:41:42 - app - INFO - 解密密钥获取成功，配置已就绪
2026-01-16 12:41:42 - app - INFO - 配置解密成功
2026-01-16 12:41:42 - app - INFO - 夸克API配置加载成功
2026-01-16 12:41:42 - app - INFO - 夸克API配置加载完成
2026-01-16 12:41:42 - app - INFO - 检查数据库...
2026-01-16 12:41:42 - app - INFO - 数据库检查完成
2026-01-16 12:41:42 - app - INFO - 检查数据库迁移...
2026-01-16 12:41:42 - app - INFO - 数据库迁移检查完成
2026-01-16 12:41:42 - app - INFO - 清理异常中断的任务状态...
2026-01-16 12:41:42 - app - INFO - 升级管理器初始化完成
2026-01-16 12:41:42 - app - INFO - Flask应用创建成功
2026-01-16 12:41:42 - app - INFO - 静态文件目录: C:\Data\夸克转存\client\frontend
2026-01-16 12:41:42 - app - INFO - 启动任务调度服务...
2026-01-16 12:41:42 - app - INFO - 检查被中断的影视下载任务...
2026-01-16 12:41:42 - app - INFO - 没有需要恢复的影视下载任务
2026-01-16 12:41:42 - app - INFO - 账期生成循环已启动
2026-01-16 12:41:42 - app - INFO - 账期生成线程已启动
2026-01-16 12:41:42 - app - INFO - 开始生成 2026-01-16 的任务账期
2026-01-16 12:41:42 - app - INFO - 任务执行循环已启动
2026-01-16 12:41:42 - app - INFO - 任务执行线程已启动
2026-01-16 12:41:42 - app - INFO - 日志清理循环已启动
2026-01-16 12:41:42 - app - INFO - 日志清理线程已启动
2026-01-16 12:41:42 - app - INFO - 下次日志清理时间: 2026-01-17 02:00:00
2026-01-16 12:41:42 - app - INFO - 跳过一次性执行任务: 测试
2026-01-16 12:41:42 - app - INFO - 启动Flask服务: http://0.0.0.0:8520
2026-01-16 12:41:42 - app - INFO - 跳过一次性执行任务: 测试谢谢谢谢
2026-01-16 12:41:42 - app - INFO - 跳过一次性执行任务: 测试189
2026-01-16 12:41:42 - app - INFO - 跳过一次性执行任务: 小城大事
2026-01-16 12:41:42 - app - INFO - ✅ 生成完成，共创建 0 条待执行记录
2026-01-16 12:41:42 - app - INFO - 下次生成账期时间: 2026-01-17 00:00:00, 等待 40698 秒
2026-01-16 12:41:55 - app - INFO - 许可证管理器初始化完成,服务器: http://license.22l2.com
2026-01-16 12:41:55 - app - INFO - 初始化许可证管理器...
2026-01-16 12:41:56 - app - INFO - 解密密钥设置成功
2026-01-16 12:41:56 - app - INFO - 解密密钥获取成功
2026-01-16 12:41:56 - app - INFO - 解密密钥获取成功，配置已就绪
2026-01-16 12:41:56 - app - INFO - 配置解密成功
2026-01-16 12:41:56 - app - INFO - 夸克API配置加载成功
2026-01-16 12:41:56 - app - INFO - 夸克API配置加载完成
2026-01-16 12:41:56 - app - INFO - 检查数据库...
2026-01-16 12:41:56 - app - INFO - 数据库检查完成
2026-01-16 12:41:56 - app - INFO - 检查数据库迁移...
2026-01-16 12:41:56 - app - INFO - 数据库迁移检查完成
2026-01-16 12:41:56 - app - INFO - 清理异常中断的任务状态...
2026-01-16 12:41:56 - app - INFO - 升级管理器初始化完成
2026-01-16 12:41:56 - app - INFO - Flask应用创建成功
2026-01-16 12:41:56 - app - INFO - 静态文件目录: C:\Data\夸克转存\client\frontend
2026-01-16 12:41:56 - app - INFO - 启动任务调度服务...
2026-01-16 12:41:56 - app - INFO - 检查被中断的影视下载任务...
2026-01-16 12:41:56 - app - INFO - 没有需要恢复的影视下载任务
2026-01-16 12:41:56 - app - INFO - 账期生成循环已启动
2026-01-16 12:41:56 - app - INFO - 账期生成线程已启动
2026-01-16 12:41:56 - app - INFO - 开始生成 2026-01-16 的任务账期
2026-01-16 12:41:56 - app - INFO - 任务执行循环已启动
2026-01-16 12:41:56 - app - INFO - 任务执行线程已启动
2026-01-16 12:41:56 - app - INFO - 日志清理循环已启动
2026-01-16 12:41:56 - app - INFO - 日志清理线程已启动
2026-01-16 12:41:56 - app - INFO - 跳过一次性执行任务: 测试
2026-01-16 12:41:56 - app - INFO - 下次日志清理时间: 2026-01-17 02:00:00
2026-01-16 12:41:56 - app - INFO - 启动Flask服务: http://0.0.0.0:8520
2026-01-16 12:41:56 - app - INFO - 跳过一次性执行任务: 测试谢谢谢谢
2026-01-16 12:41:56 - app - INFO - 跳过一次性执行任务: 测试189
2026-01-16 12:41:56 - app - INFO - 跳过一次性执行任务: 小城大事
2026-01-16 12:41:56 - app - INFO - ✅ 生成完成，共创建 0 条待执行记录
2026-01-16 12:41:56 - app - INFO - 下次生成账期时间: 2026-01-17 00:00:00, 等待 40683 秒
2026-01-16 12:42:40 - app - INFO - 检查登录状态, session内容: {'_permanent': True, 'user_id': 1, 'username': 'admin'}, cookies: ImmutableMultiDict([('session', 'eyJfcGVybWFuZW50Ijp0cnVlLCJ1c2VyX2lkIjoxLCJ1c2VybmFtZSI6ImFkbWluIn0.aWnBwA.GBTqzhWBAQNZzTHuP3CF_Q9UW7Q')])
2026-01-16 12:42:40 - app - INFO - 检查登录状态, session内容: {'_permanent': True, 'user_id': 1, 'username': 'admin'}, cookies: ImmutableMultiDict([('session', 'eyJfcGVybWFuZW50Ijp0cnVlLCJ1c2VyX2lkIjoxLCJ1c2VybmFtZSI6ImFkbWluIn0.aWnBwA.GBTqzhWBAQNZzTHuP3CF_Q9UW7Q')])
2026-01-16 12:42:43 - app - INFO - 检查更新: 当前版本 2.1.4
2026-01-16 12:42:44 - app - INFO - 准备重做任务: 测试189 (download)
2026-01-16 12:42:44 - app - INFO - 已删除任务 测试189 的历史记录
2026-01-16 12:42:44 - app - INFO - 已清除下载任务 2 的状态
2026-01-16 12:42:51 - app - INFO - [TaskExecutor] start_task 被调用: task_id=2, execution_id=None, schedule_period=None
2026-01-16 12:42:51 - app - INFO - [TaskExecutor] 任务 2 状态已初始化到 _running_tasks
2026-01-16 12:42:51 - app - INFO - [TaskExecutor] _execute_task 线程开始执行: task_id=2
2026-01-16 12:42:51 - app - INFO - [TaskExecutor] 任务 2 执行线程已启动
2026-01-16 12:42:51 - app - INFO - [TaskExecutor] 从_running_tasks获取: execution_id=None, schedule_period=None
2026-01-16 12:42:51 - app - INFO - [TaskExecutor] 开始获取任务信息: task_id=2
2026-01-16 12:42:51 - app - INFO - [TaskExecutor] 任务信息获取成功: 测试189
2026-01-16 12:42:51 - app - INFO - [TaskExecutor] 开始创建执行历史记录
2026-01-16 12:42:51 - app - INFO - [TaskExecutor] 执行历史记录创建成功: execution_id=42
2026-01-16 12:42:51 - app - INFO - [TaskExecutor] execution_id已更新到_running_tasks
2026-01-16 12:42:51 - app - INFO - [TaskExecutor] 开始记录日志
2026-01-16 12:42:51 - app - INFO - [下载任务2] 任务已启动，正在初始化...
2026-01-16 12:42:51 - app - INFO - [下载任务2] 执行历史记录ID: 42
2026-01-16 12:42:51 - app - INFO - [下载任务2] 开始执行任务: 测试189
2026-01-16 12:42:52 - app - INFO - [下载任务2] 使用账号: 天意
2026-01-16 12:42:52 - app - INFO - [下载任务2] 网盘目录: /测试
2026-01-16 12:42:52 - app - INFO - [下载任务2] 本地目录: C:\Data\下载
2026-01-16 12:42:52 - app - INFO - [下载任务2] 云盘类型: cloud189
2026-01-16 12:42:52 - app - INFO - 检查更新成功: {'has_update': False, 'message': '当前已是最新版本'}
2026-01-16 12:42:52 - app - INFO - 已设置 1 个Cookie字段
2026-01-16 12:42:52 - app - INFO - [下载任务2] 正在获取文件列表...
2026-01-16 12:42:52 - app - INFO - [下载任务2] 解析路径: 测试
2026-01-16 12:42:52 - app - INFO - 189获取文件列表请求: folder_id=-11, page=1, size=100
2026-01-16 12:42:52 - app - INFO - 189文件列表响应状态码: 200
2026-01-16 12:42:52 - app - INFO - 189文件列表获取成功: 文件夹11个, 文件2个
2026-01-16 12:42:52 - app - INFO - [下载任务2] 开始递归扫描文件...
2026-01-16 12:42:52 - app - INFO - 189获取文件列表请求: folder_id=323911228907722297, page=1, size=100
2026-01-16 12:42:52 - app - INFO - 189文件列表响应状态码: 200
2026-01-16 12:42:52 - app - INFO - 189文件列表获取成功: 文件夹1个, 文件0个
2026-01-16 12:42:52 - app - INFO - [下载任务2] 正在扫描文件夹: 123
2026-01-16 12:42:52 - app - INFO - 189获取文件列表请求: folder_id=223151229822520199, page=1, size=100
2026-01-16 12:42:52 - app - INFO - 189文件列表响应状态码: 200
2026-01-16 12:42:52 - app - INFO - 189文件列表获取成功: 文件夹1个, 文件1个
2026-01-16 12:42:52 - app - INFO - [下载任务2] 正在扫描文件夹: 123/Season 1
2026-01-16 12:42:52 - app - INFO - 189获取文件列表请求: folder_id=923263229867776282, page=1, size=100
2026-01-16 12:42:52 - app - INFO - 189文件列表响应状态码: 200
2026-01-16 12:42:52 - app - INFO - 189文件列表获取成功: 文件夹0个, 文件1个
2026-01-16 12:42:52 - app - INFO - [下载任务2] 递归扫描完成，共找到 2 个文件
2026-01-16 12:42:52 - app - INFO - [下载任务2] 准备下载 2 个文件
2026-01-16 12:42:52 - app - INFO - [下载任务2] [1/2] 正在下载: 123/Season 1/Delinquent.to.Doctor.S01E01.S01E01.2026.1080p.friDay.WEB-DL.H264.AAC.mkv (4883.65 MB)
2026-01-16 12:42:52 - app - INFO - 189下载链接响应: status=400
2026-01-16 12:42:52 - app - INFO - 文件 623263229867776285 太大,尝试使用备用API...
2026-01-16 12:42:53 - app - INFO - 189备用API响应: status=200
2026-01-16 12:42:53 - app - INFO - 189备用API结果: {'res_code': 0, 'res_message': '成功', 'normal': {'code': 1, 'message': 'normal', 'url': 'https://download.cloud.189.cn/file/downloadFile.action?dt=51&expired=1768550617737&play=1&sk=a71a498c-3f26-4370-ba80-5dc88c74c675&ufi=623263229867776285&zyc=180&token=cloud15&sig=H%2BXD8rtDVllGDNJe0IM6vH8Zeaw%3D', 'videoKbps': 0}}
2026-01-16 12:42:53 - app - INFO - 使用备用API成功获取文件 623263229867776285 的下载链接
2026-01-16 12:42:53 - app - INFO - [下载任务2] [1/2] 天翼云盘使用单线程下载(防止403限制)
2026-01-16 12:42:53 - app - INFO - [下载任务2]    开始请求下载链接...
2026-01-16 12:42:53 - app - INFO - [下载任务2]    连接成功，开始下载...
2026-01-16 12:42:54 - app - INFO - 从内存获取实时日志: execution_id=42, 日志数量=18
2026-01-16 12:42:56 - app - INFO - 从内存获取实时日志: execution_id=42, 日志数量=18
2026-01-16 12:42:58 - app - INFO - 从内存获取实时日志: execution_id=42, 日志数量=18
2026-01-16 12:43:00 - app - INFO - 从内存获取实时日志: execution_id=42, 日志数量=18
2026-01-16 12:43:02 - app - INFO - 从内存获取实时日志: execution_id=42, 日志数量=18
2026-01-16 12:43:04 - app - INFO - 从内存获取实时日志: execution_id=42, 日志数量=18
2026-01-16 12:43:06 - app - INFO - 从内存获取实时日志: execution_id=42, 日志数量=18
2026-01-16 12:43:08 - app - INFO - 从内存获取实时日志: execution_id=42, 日志数量=18
2026-01-16 12:43:10 - app - INFO - 从内存获取实时日志: execution_id=42, 日志数量=18
2026-01-16 12:43:12 - app - INFO - 从内存获取实时日志: execution_id=42, 日志数量=18
2026-01-16 12:43:14 - app - INFO - [下载任务2]    进度: 10.00 MB/4.77 GB (0.2%), 速度: 504.72 KB/s
2026-01-16 12:43:14 - app - INFO - 从内存获取实时日志: execution_id=42, 日志数量=19
2026-01-16 12:43:16 - app - INFO - 从内存获取实时日志: execution_id=42, 日志数量=19
2026-01-16 12:43:18 - app - INFO - 从内存获取实时日志: execution_id=42, 日志数量=19
2026-01-16 12:43:20 - app - INFO - 从内存获取实时日志: execution_id=42, 日志数量=19
2026-01-16 12:43:22 - app - INFO - 从内存获取实时日志: execution_id=42, 日志数量=19
2026-01-16 12:43:24 - app - INFO - 从内存获取实时日志: execution_id=42, 日志数量=19
2026-01-16 12:43:26 - app - INFO - 从内存获取实时日志: execution_id=42, 日志数量=19
2026-01-16 12:43:28 - app - INFO - 从内存获取实时日志: execution_id=42, 日志数量=19
2026-01-16 12:43:30 - app - INFO - 从内存获取实时日志: execution_id=42, 日志数量=19
2026-01-16 12:43:31 - app - INFO - [下载任务2]    进度: 20.00 MB/4.77 GB (0.4%), 速度: 538.92 KB/s
2026-01-16 12:43:32 - app - INFO - 从内存获取实时日志: execution_id=42, 日志数量=20
2026-01-16 12:43:34 - app - INFO - 从内存获取实时日志: execution_id=42, 日志数量=20
2026-01-16 12:43:36 - app - INFO - 从内存获取实时日志: execution_id=42, 日志数量=20
2026-01-16 12:43:38 - app - INFO - 从内存获取实时日志: execution_id=42, 日志数量=20
2026-01-16 12:43:40 - app - INFO - 从内存获取实时日志: execution_id=42, 日志数量=20
2026-01-16 12:43:42 - app - INFO - 从内存获取实时日志: execution_id=42, 日志数量=20
2026-01-16 12:43:44 - app - INFO - 从内存获取实时日志: execution_id=42, 日志数量=20
2026-01-16 12:43:46 - app - INFO - 从内存获取实时日志: execution_id=42, 日志数量=20
2026-01-16 12:43:48 - app - INFO - 从内存获取实时日志: execution_id=42, 日志数量=20
2026-01-16 12:43:50 - app - INFO - 从内存获取实时日志: execution_id=42, 日志数量=20
2026-01-16 12:43:52 - app - INFO - 从内存获取实时日志: execution_id=42, 日志数量=20
2026-01-16 12:43:52 - app - INFO - [下载任务2]    进度: 30.00 MB/4.77 GB (0.6%), 速度: 519.89 KB/s
2026-01-16 12:43:54 - app - INFO - 从内存获取实时日志: execution_id=42, 日志数量=21
2026-01-16 12:43:56 - app - INFO - 从内存获取实时日志: execution_id=42, 日志数量=21
2026-01-16 12:43:58 - app - INFO - 从内存获取实时日志: execution_id=42, 日志数量=21
2026-01-16 12:44:00 - app - INFO - 从内存获取实时日志: execution_id=42, 日志数量=21
2026-01-16 12:44:02 - app - INFO - 从内存获取实时日志: execution_id=42, 日志数量=21
2026-01-16 12:44:04 - app - INFO - 从内存获取实时日志: execution_id=42, 日志数量=21
2026-01-16 12:44:08 - app - ERROR - 获取今日统计失败: no such table: daily_usage_stats
2026-01-16 12:44:15 - app - INFO - [下载任务2]    进度: 40.00 MB/4.77 GB (0.8%), 速度: 504.40 KB/s
2026-01-16 12:44:22 - app - INFO - 检查登录状态, session内容: {'_permanent': True, 'user_id': 1, 'username': 'admin'}, cookies: ImmutableMultiDict([('session', 'eyJfcGVybWFuZW50Ijp0cnVlLCJ1c2VyX2lkIjoxLCJ1c2VybmFtZSI6ImFkbWluIn0.aWnCJQ.ItZSKFvM6r5xsFk07JAyEpPf6Cg')])
2026-01-16 12:44:22 - app - INFO - 检查登录状态, session内容: {'_permanent': True, 'user_id': 1, 'username': 'admin'}, cookies: ImmutableMultiDict([('session', 'eyJfcGVybWFuZW50Ijp0cnVlLCJ1c2VyX2lkIjoxLCJ1c2VybmFtZSI6ImFkbWluIn0.aWnCJg.yWW2_FgBtq0ljm-Db3bPAzBwtMQ')])
2026-01-16 12:44:25 - app - INFO - 检查更新: 当前版本 2.1.4
2026-01-16 12:44:25 - app - INFO - 检查更新成功: {'has_update': False, 'message': '当前已是最新版本'}
2026-01-16 12:44:26 - app - INFO - 从内存获取实时日志: execution_id=42, 日志数量=22
2026-01-16 12:44:29 - app - INFO - 从内存获取实时日志: execution_id=42, 日志数量=22
2026-01-16 12:44:31 - app - INFO - 从内存获取实时日志: execution_id=42, 日志数量=22
2026-01-16 12:44:33 - app - INFO - 从内存获取实时日志: execution_id=42, 日志数量=22
2026-01-16 12:44:35 - app - INFO - 从内存获取实时日志: execution_id=42, 日志数量=22
2026-01-16 12:44:37 - app - INFO - [下载任务2]    进度: 50.00 MB/4.77 GB (1.0%), 速度: 496.18 KB/s
2026-01-16 12:44:37 - app - INFO - 从内存获取实时日志: execution_id=42, 日志数量=23
2026-01-16 12:44:38 - app - ERROR - 搜索失败: 502 Server Error: Bad Gateway for url: http://192.168.0.111:8383/api/search?kw=%E5%B0%8F%E5%9F%8E%E5%A4%A7%E4%BA%8B&res=merge&src=all
2026-01-16 12:44:38 - app - ERROR - 搜索资源失败: 搜索失败: 502 Server Error: Bad Gateway for url: http://192.168.0.111:8383/api/search?kw=%E5%B0%8F%E5%9F%8E%E5%A4%A7%E4%BA%8B&res=merge&src=all
2026-01-16 12:44:38 - app - INFO - 从内存获取实时日志: execution_id=42, 日志数量=23
2026-01-16 12:44:40 - app - INFO - 从内存获取实时日志: execution_id=42, 日志数量=23
2026-01-16 12:44:43 - app - INFO - 从内存获取实时日志: execution_id=42, 日志数量=23
2026-01-16 12:44:45 - app - INFO - 从内存获取实时日志: execution_id=42, 日志数量=23
2026-01-16 12:44:47 - app - INFO - 从内存获取实时日志: execution_id=42, 日志数量=23
2026-01-16 12:44:49 - app - INFO - 从内存获取实时日志: execution_id=42, 日志数量=23
2026-01-16 12:44:51 - app - INFO - 从内存获取实时日志: execution_id=42, 日志数量=23
2026-01-16 12:44:53 - app - INFO - 从内存获取实时日志: execution_id=42, 日志数量=23
2026-01-16 12:44:55 - app - INFO - 从内存获取实时日志: execution_id=42, 日志数量=23
2026-01-16 12:44:57 - app - INFO - 从内存获取实时日志: execution_id=42, 日志数量=23
2026-01-16 12:44:58 - app - INFO - [下载任务2]    进度: 60.00 MB/4.77 GB (1.2%), 速度: 494.80 KB/s
2026-01-16 12:44:59 - app - INFO - 从内存获取实时日志: execution_id=42, 日志数量=24
2026-01-16 12:45:01 - app - INFO - 从内存获取实时日志: execution_id=42, 日志数量=24
2026-01-16 12:45:03 - app - INFO - 从内存获取实时日志: execution_id=42, 日志数量=24
2026-01-16 12:45:05 - app - INFO - 从内存获取实时日志: execution_id=42, 日志数量=24
2026-01-16 12:45:07 - app - INFO - 从内存获取实时日志: execution_id=42, 日志数量=24
2026-01-16 12:45:09 - app - INFO - 从内存获取实时日志: execution_id=42, 日志数量=24
2026-01-16 12:45:11 - app - INFO - 从内存获取实时日志: execution_id=42, 日志数量=24
2026-01-16 12:45:12 - app - INFO - 从内存获取实时日志: execution_id=42, 日志数量=24
2026-01-16 12:45:14 - app - INFO - 从内存获取实时日志: execution_id=42, 日志数量=24
2026-01-16 12:45:15 - app - INFO - [下载任务2]    进度: 70.00 MB/4.77 GB (1.4%), 速度: 507.19 KB/s
2026-01-16 12:45:16 - app - INFO - 从内存获取实时日志: execution_id=42, 日志数量=25
2026-01-16 12:45:18 - app - INFO - 从内存获取实时日志: execution_id=42, 日志数量=25
2026-01-16 12:45:20 - app - INFO - 从内存获取实时日志: execution_id=42, 日志数量=25
2026-01-16 12:45:22 - app - INFO - 从内存获取实时日志: execution_id=42, 日志数量=25
2026-01-16 12:45:24 - app - INFO - 从内存获取实时日志: execution_id=42, 日志数量=25
2026-01-16 12:45:27 - app - INFO - 从内存获取实时日志: execution_id=42, 日志数量=25
2026-01-16 12:45:29 - app - INFO - 从内存获取实时日志: execution_id=42, 日志数量=25
2026-01-16 12:45:31 - app - INFO - 从内存获取实时日志: execution_id=42, 日志数量=25
2026-01-16 12:45:33 - app - INFO - [下载任务2]    进度: 80.00 MB/4.77 GB (1.6%), 速度: 514.47 KB/s
2026-01-16 12:45:33 - app - INFO - 从内存获取实时日志: execution_id=42, 日志数量=26
2026-01-16 12:45:35 - app - INFO - 从内存获取实时日志: execution_id=42, 日志数量=26
2026-01-16 12:45:37 - app - INFO - 从内存获取实时日志: execution_id=42, 日志数量=26
2026-01-16 12:45:39 - app - INFO - 从内存获取实时日志: execution_id=42, 日志数量=26
2026-01-16 12:45:41 - app - INFO - 从内存获取实时日志: execution_id=42, 日志数量=26
2026-01-16 12:45:43 - app - INFO - 从内存获取实时日志: execution_id=42, 日志数量=26
2026-01-16 12:45:45 - app - INFO - 从内存获取实时日志: execution_id=42, 日志数量=26
2026-01-16 12:45:47 - app - INFO - 从内存获取实时日志: execution_id=42, 日志数量=26
2026-01-16 12:45:49 - app - INFO - 从内存获取实时日志: execution_id=42, 日志数量=26
2026-01-16 12:45:51 - app - INFO - 从内存获取实时日志: execution_id=42, 日志数量=26
2026-01-16 12:45:53 - app - INFO - 从内存获取实时日志: execution_id=42, 日志数量=26
2026-01-16 12:45:53 - app - INFO - [下载任务2]    进度: 90.00 MB/4.77 GB (1.8%), 速度: 511.77 KB/s
2026-01-16 12:45:55 - app - INFO - 从内存获取实时日志: execution_id=42, 日志数量=27
2026-01-16 12:45:57 - app - INFO - 从内存获取实时日志: execution_id=42, 日志数量=27
2026-01-16 12:45:59 - app - INFO - 从内存获取实时日志: execution_id=42, 日志数量=27
2026-01-16 12:46:01 - app - INFO - 从内存获取实时日志: execution_id=42, 日志数量=27
2026-01-16 12:46:03 - app - INFO - 从内存获取实时日志: execution_id=42, 日志数量=27
2026-01-16 12:46:05 - app - INFO - 从内存获取实时日志: execution_id=42, 日志数量=27
2026-01-16 12:46:07 - app - INFO - 从内存获取实时日志: execution_id=42, 日志数量=27
2026-01-16 12:46:09 - app - INFO - 从内存获取实时日志: execution_id=42, 日志数量=27
2026-01-16 12:46:11 - app - INFO - 从内存获取实时日志: execution_id=42, 日志数量=27
2026-01-16 12:46:12 - app - INFO - [下载任务2]    进度: 100.00 MB/4.77 GB (2.0%), 速度: 515.87 KB/s
2026-01-16 12:46:13 - app - INFO - 从内存获取实时日志: execution_id=42, 日志数量=28
2026-01-16 12:46:15 - app - INFO - 从内存获取实时日志: execution_id=42, 日志数量=28
2026-01-16 12:46:17 - app - INFO - 从内存获取实时日志: execution_id=42, 日志数量=28
2026-01-16 12:46:19 - app - INFO - 从内存获取实时日志: execution_id=42, 日志数量=28
2026-01-16 12:46:20 - app - INFO - 从内存获取实时日志: execution_id=42, 日志数量=28
2026-01-16 12:46:22 - app - INFO - 从内存获取实时日志: execution_id=42, 日志数量=28
2026-01-16 12:46:24 - app - INFO - 从内存获取实时日志: execution_id=42, 日志数量=28
2026-01-16 12:46:27 - app - INFO - 从内存获取实时日志: execution_id=42, 日志数量=28
2026-01-16 12:46:29 - app - INFO - 从内存获取实时日志: execution_id=42, 日志数量=28
2026-01-16 12:46:31 - app - INFO - 从内存获取实时日志: execution_id=42, 日志数量=28
2026-01-16 12:46:32 - app - INFO - [下载任务2]    进度: 110.00 MB/4.77 GB (2.3%), 速度: 514.09 KB/s
2026-01-16 12:46:33 - app - INFO - 从内存获取实时日志: execution_id=42, 日志数量=29
2026-01-16 12:46:35 - app - INFO - 从内存获取实时日志: execution_id=42, 日志数量=29
2026-01-16 12:46:37 - app - INFO - 从内存获取实时日志: execution_id=42, 日志数量=29
2026-01-16 12:46:39 - app - INFO - 从内存获取实时日志: execution_id=42, 日志数量=29
2026-01-16 12:46:41 - app - INFO - 从内存获取实时日志: execution_id=42, 日志数量=29
2026-01-16 12:46:43 - app - INFO - 从内存获取实时日志: execution_id=42, 日志数量=29
2026-01-16 12:46:45 - app - INFO - 从内存获取实时日志: execution_id=42, 日志数量=29
2026-01-16 12:46:47 - app - INFO - 从内存获取实时日志: execution_id=42, 日志数量=29
2026-01-16 12:46:49 - app - INFO - [下载任务2]    进度: 120.00 MB/4.77 GB (2.5%), 速度: 521.45 KB/s
2026-01-16 12:46:49 - app - INFO - 从内存获取实时日志: execution_id=42, 日志数量=30
2026-01-16 12:46:51 - app - INFO - 从内存获取实时日志: execution_id=42, 日志数量=30
2026-01-16 12:46:53 - app - INFO - 从内存获取实时日志: execution_id=42, 日志数量=30
2026-01-16 12:46:55 - app - INFO - 从内存获取实时日志: execution_id=42, 日志数量=30
2026-01-16 12:46:57 - app - INFO - 从内存获取实时日志: execution_id=42, 日志数量=30
2026-01-16 12:46:59 - app - INFO - 从内存获取实时日志: execution_id=42, 日志数量=30
2026-01-16 12:47:01 - app - INFO - 从内存获取实时日志: execution_id=42, 日志数量=30
2026-01-16 12:47:03 - app - INFO - 从内存获取实时日志: execution_id=42, 日志数量=30
2026-01-16 12:47:05 - app - INFO - 从内存获取实时日志: execution_id=42, 日志数量=30
2026-01-16 12:47:07 - app - INFO - 从内存获取实时日志: execution_id=42, 日志数量=30
2026-01-16 12:47:08 - app - INFO - [下载任务2]    进度: 130.00 MB/4.77 GB (2.7%), 速度: 521.80 KB/s
2026-01-16 12:47:09 - app - INFO - 从内存获取实时日志: execution_id=42, 日志数量=31
2026-01-16 12:47:11 - app - INFO - 从内存获取实时日志: execution_id=42, 日志数量=31
2026-01-16 12:47:13 - app - INFO - 从内存获取实时日志: execution_id=42, 日志数量=31
2026-01-16 12:47:15 - app - INFO - 从内存获取实时日志: execution_id=42, 日志数量=31
2026-01-16 12:47:17 - app - INFO - 从内存获取实时日志: execution_id=42, 日志数量=31
2026-01-16 12:47:19 - app - INFO - 从内存获取实时日志: execution_id=42, 日志数量=31
2026-01-16 12:47:21 - app - INFO - 从内存获取实时日志: execution_id=42, 日志数量=31
2026-01-16 12:47:23 - app - INFO - 从内存获取实时日志: execution_id=42, 日志数量=31
2026-01-16 12:47:26 - app - INFO - [下载任务2]    进度: 140.00 MB/4.77 GB (2.9%), 速度: 525.51 KB/s
2026-01-16 12:47:45 - app - INFO - [下载任务2]    进度: 150.00 MB/4.77 GB (3.1%), 速度: 526.28 KB/s
2026-01-16 12:48:02 - app - INFO - 从内存获取实时日志: execution_id=42, 日志数量=33
2026-01-16 12:48:02 - app - INFO - 从内存获取实时日志: execution_id=42, 日志数量=33
2026-01-16 12:48:04 - app - INFO - 从内存获取实时日志: execution_id=42, 日志数量=33
2026-01-16 12:48:05 - app - INFO - [下载任务2]    进度: 160.00 MB/4.77 GB (3.3%), 速度: 525.43 KB/s
2026-01-16 12:48:07 - app - INFO - 从内存获取实时日志: execution_id=42, 日志数量=34
2026-01-16 12:48:09 - app - INFO - 从内存获取实时日志: execution_id=42, 日志数量=34
2026-01-16 12:48:10 - app - INFO - 从内存获取实时日志: execution_id=42, 日志数量=34
2026-01-16 12:48:13 - app - INFO - 从内存获取实时日志: execution_id=42, 日志数量=34
2026-01-16 12:48:15 - app - INFO - 已设置 1 个Cookie字段
2026-01-16 12:48:15 - app - INFO - 189获取文件列表请求: folder_id=-11, page=1, size=50
2026-01-16 12:48:15 - app - INFO - 从内存获取实时日志: execution_id=42, 日志数量=34
2026-01-16 12:48:17 - app - INFO - 从内存获取实时日志: execution_id=42, 日志数量=34
2026-01-16 12:48:19 - app - INFO - 从内存获取实时日志: execution_id=42, 日志数量=34
2026-01-16 12:48:21 - app - INFO - 从内存获取实时日志: execution_id=42, 日志数量=34
2026-01-16 12:48:23 - app - INFO - 从内存获取实时日志: execution_id=42, 日志数量=34
2026-01-16 12:48:25 - app - INFO - 从内存获取实时日志: execution_id=42, 日志数量=34
2026-01-16 12:48:26 - app - INFO - 189文件列表响应状态码: 200
2026-01-16 12:48:26 - app - INFO - 189文件列表获取成功: 文件夹11个, 文件2个
2026-01-16 12:48:26 - app - INFO - [下载任务2]    进度: 170.00 MB/4.77 GB (3.5%), 速度: 522.57 KB/s
2026-01-16 12:48:27 - app - INFO - 从内存获取实时日志: execution_id=42, 日志数量=35
2026-01-16 12:48:29 - app - INFO - 从内存获取实时日志: execution_id=42, 日志数量=35
2026-01-16 12:48:31 - app - INFO - 从内存获取实时日志: execution_id=42, 日志数量=35
2026-01-16 12:48:33 - app - INFO - 从内存获取实时日志: execution_id=42, 日志数量=35
2026-01-16 12:48:35 - app - INFO - 从内存获取实时日志: execution_id=42, 日志数量=35
2026-01-16 12:48:36 - app - INFO - 已设置 1 个Cookie字段
2026-01-16 12:48:37 - app - INFO - 从内存获取实时日志: execution_id=42, 日志数量=35
2026-01-16 12:48:39 - app - INFO - 从内存获取实时日志: execution_id=42, 日志数量=35
2026-01-16 12:48:41 - app - INFO - 从内存获取实时日志: execution_id=42, 日志数量=35
2026-01-16 12:48:43 - app - INFO - 从内存获取实时日志: execution_id=42, 日志数量=35
2026-01-16 12:48:45 - app - INFO - 从内存获取实时日志: execution_id=42, 日志数量=35
2026-01-16 12:48:46 - app - INFO - [下载任务2]    进度: 180.00 MB/4.77 GB (3.7%), 速度: 522.03 KB/s
2026-01-16 12:48:47 - app - INFO - 189下载链接响应: status=200
2026-01-16 12:48:47 - app - INFO - 189下载链接结果: {'res_code': 0, 'res_message': '成功', 'fileDownloadUrl': 'https://download.cloud.189.cn/file/downloadFile.action?dt=51&expired=1768539272055&sk=a71a498c-3f26-4370-ba80-5dc88c74c675&ufi=32483199423310779&zyc=5&token=cloud3&sig=LyQEFOrkm%2BXp8K6c484PZUGdP6Y%3D'}
2026-01-16 12:48:47 - app - INFO - 成功获取文件 32483199423310779 的下载链接
2026-01-16 12:48:47 - app - INFO - 从内存获取实时日志: execution_id=42, 日志数量=36
2026-01-16 12:48:49 - app - INFO - 从内存获取实时日志: execution_id=42, 日志数量=36
2026-01-16 12:48:51 - app - INFO - 从内存获取实时日志: execution_id=42, 日志数量=36
2026-01-16 12:48:53 - app - INFO - 从内存获取实时日志: execution_id=42, 日志数量=36
2026-01-16 12:48:55 - app - INFO - 从内存获取实时日志: execution_id=42, 日志数量=36
2026-01-16 12:48:57 - app - INFO - 从内存获取实时日志: execution_id=42, 日志数量=36
2026-01-16 12:48:59 - app - INFO - 从内存获取实时日志: execution_id=42, 日志数量=36
2026-01-16 12:49:01 - app - INFO - 从内存获取实时日志: execution_id=42, 日志数量=36
2026-01-16 12:49:03 - app - INFO - 从内存获取实时日志: execution_id=42, 日志数量=36
2026-01-16 12:49:04 - app - INFO - [下载任务2]    进度: 190.00 MB/4.77 GB (3.9%), 速度: 524.90 KB/s
2026-01-16 12:49:05 - app - INFO - 从内存获取实时日志: execution_id=42, 日志数量=37
2026-01-16 12:49:07 - app - INFO - 从内存获取实时日志: execution_id=42, 日志数量=37
2026-01-16 12:49:09 - app - INFO - 从内存获取实时日志: execution_id=42, 日志数量=37
2026-01-16 12:49:17 - app - INFO - 从内存获取实时日志: execution_id=42, 日志数量=37
2026-01-16 12:49:30 - app - INFO - [下载任务2]    进度: 200.00 MB/4.77 GB (4.1%), 速度: 516.09 KB/s
2026-01-16 12:49:39 - app - INFO - 从内存获取实时日志: execution_id=42, 日志数量=38
2026-01-16 12:49:40 - app - INFO - 从内存获取实时日志: execution_id=42, 日志数量=38
2026-01-16 12:49:43 - app - INFO - 从内存获取实时日志: execution_id=42, 日志数量=38
2026-01-16 12:49:45 - app - INFO - 从内存获取实时日志: execution_id=42, 日志数量=38
2026-01-16 12:49:46 - app - INFO - 从内存获取实时日志: execution_id=42, 日志数量=38
2026-01-16 12:49:48 - app - INFO - 从内存获取实时日志: execution_id=42, 日志数量=38
2026-01-16 12:49:49 - app - INFO - [下载任务2]    进度: 210.00 MB/4.77 GB (4.3%), 速度: 517.31 KB/s
2026-01-16 12:49:51 - app - INFO - 从内存获取实时日志: execution_id=42, 日志数量=39
2026-01-16 12:49:53 - app - INFO - 从内存获取实时日志: execution_id=42, 日志数量=39
2026-01-16 12:49:55 - app - INFO - 从内存获取实时日志: execution_id=42, 日志数量=39
2026-01-16 12:49:57 - app - INFO - 从内存获取实时日志: execution_id=42, 日志数量=39
2026-01-16 12:49:59 - app - INFO - 从内存获取实时日志: execution_id=42, 日志数量=39
2026-01-16 12:50:01 - app - INFO - 从内存获取实时日志: execution_id=42, 日志数量=39
2026-01-16 12:50:03 - app - INFO - 从内存获取实时日志: execution_id=42, 日志数量=39
2026-01-16 12:50:05 - app - INFO - 从内存获取实时日志: execution_id=42, 日志数量=39
2026-01-16 12:50:07 - app - INFO - 从内存获取实时日志: execution_id=42, 日志数量=39
2026-01-16 12:50:08 - app - INFO - [下载任务2]    进度: 220.00 MB/4.77 GB (4.5%), 速度: 518.54 KB/s
2026-01-16 12:50:09 - app - INFO - 从内存获取实时日志: execution_id=42, 日志数量=40
2026-01-16 12:50:11 - app - INFO - 从内存获取实时日志: execution_id=42, 日志数量=40
2026-01-16 12:50:13 - app - INFO - 从内存获取实时日志: execution_id=42, 日志数量=40
2026-01-16 12:50:15 - app - INFO - 从内存获取实时日志: execution_id=42, 日志数量=40
2026-01-16 12:50:17 - app - INFO - 从内存获取实时日志: execution_id=42, 日志数量=40
2026-01-16 12:50:19 - app - INFO - 从内存获取实时日志: execution_id=42, 日志数量=40
2026-01-16 12:50:21 - app - INFO - 从内存获取实时日志: execution_id=42, 日志数量=40
2026-01-16 12:50:23 - app - INFO - 从内存获取实时日志: execution_id=42, 日志数量=40
2026-01-16 12:50:24 - app - INFO - [下载任务2]    进度: 230.00 MB/4.77 GB (4.7%), 速度: 522.11 KB/s
2026-01-16 12:50:25 - app - INFO - 从内存获取实时日志: execution_id=42, 日志数量=41
2026-01-16 12:50:27 - app - INFO - 从内存获取实时日志: execution_id=42, 日志数量=41
2026-01-16 12:50:29 - app - INFO - 从内存获取实时日志: execution_id=42, 日志数量=41
2026-01-16 12:50:31 - app - INFO - 从内存获取实时日志: execution_id=42, 日志数量=41
2026-01-16 12:50:33 - app - INFO - 从内存获取实时日志: execution_id=42, 日志数量=41
2026-01-16 12:50:35 - app - INFO - 从内存获取实时日志: execution_id=42, 日志数量=41
2026-01-16 12:50:37 - app - INFO - 从内存获取实时日志: execution_id=42, 日志数量=41
2026-01-16 12:50:39 - app - INFO - 从内存获取实时日志: execution_id=42, 日志数量=41
2026-01-16 12:50:42 - app - INFO - 许可证管理器初始化完成,服务器: http://license.22l2.com
2026-01-16 12:50:42 - app - INFO - 初始化许可证管理器...
2026-01-16 12:50:43 - app - INFO - 解密密钥设置成功
2026-01-16 12:50:43 - app - INFO - 解密密钥获取成功
2026-01-16 12:50:43 - app - INFO - 解密密钥获取成功，配置已就绪
2026-01-16 12:50:43 - app - INFO - 配置解密成功
2026-01-16 12:50:43 - app - INFO - 夸克API配置加载成功
2026-01-16 12:50:43 - app - INFO - 夸克API配置加载完成
2026-01-16 12:50:43 - app - INFO - 检查数据库...
2026-01-16 12:50:43 - app - INFO - 数据库检查完成
2026-01-16 12:50:43 - app - INFO - 检查数据库迁移...
2026-01-16 12:50:43 - app - INFO - 数据库迁移检查完成
2026-01-16 12:50:43 - app - INFO - 清理异常中断的任务状态...
2026-01-16 12:50:43 - app - INFO - 已清理 1 个异常中断的任务
2026-01-16 12:50:43 - app - INFO - 升级管理器初始化完成
2026-01-16 12:50:43 - app - INFO - Flask应用创建成功
2026-01-16 12:50:43 - app - INFO - 静态文件目录: C:\Data\夸克转存\client\frontend
2026-01-16 12:50:43 - app - INFO - 启动任务调度服务...
2026-01-16 12:50:43 - app - INFO - 检查被中断的影视下载任务...
2026-01-16 12:50:43 - app - INFO - 没有需要恢复的影视下载任务
2026-01-16 12:50:43 - app - INFO - 账期生成循环已启动
2026-01-16 12:50:43 - app - INFO - 账期生成线程已启动
2026-01-16 12:50:43 - app - INFO - 开始生成 2026-01-16 的任务账期
2026-01-16 12:50:43 - app - INFO - 任务执行循环已启动
2026-01-16 12:50:43 - app - INFO - 任务执行线程已启动
2026-01-16 12:50:43 - app - INFO - 跳过一次性执行任务: 测试
2026-01-16 12:50:43 - app - INFO - 日志清理循环已启动
2026-01-16 12:50:43 - app - INFO - 日志清理线程已启动
2026-01-16 12:50:43 - app - INFO - 跳过一次性执行任务: 测试谢谢谢谢
2026-01-16 12:50:43 - app - INFO - 下次日志清理时间: 2026-01-17 02:00:00
2026-01-16 12:50:43 - app - INFO - 启动Flask服务: http://0.0.0.0:8520
2026-01-16 12:50:43 - app - INFO - 跳过一次性执行任务: 测试189
2026-01-16 12:50:43 - app - INFO - 跳过一次性执行任务: 小城大事
2026-01-16 12:50:43 - app - INFO - ✅ 生成完成，共创建 0 条待执行记录
2026-01-16 12:50:43 - app - INFO - 下次生成账期时间: 2026-01-17 00:00:00, 等待 40156 秒
2026-01-16 12:50:58 - app - INFO - 许可证管理器初始化完成,服务器: http://license.22l2.com
2026-01-16 12:50:58 - app - INFO - 初始化许可证管理器...
2026-01-16 12:50:59 - app - INFO - 解密密钥设置成功
2026-01-16 12:50:59 - app - INFO - 解密密钥获取成功
2026-01-16 12:50:59 - app - INFO - 解密密钥获取成功，配置已就绪
2026-01-16 12:50:59 - app - INFO - 配置解密成功
2026-01-16 12:50:59 - app - INFO - 夸克API配置加载成功
2026-01-16 12:50:59 - app - INFO - 夸克API配置加载完成
2026-01-16 12:50:59 - app - INFO - 检查数据库...
2026-01-16 12:50:59 - app - INFO - 数据库检查完成
2026-01-16 12:50:59 - app - INFO - 检查数据库迁移...
2026-01-16 12:50:59 - app - INFO - 数据库迁移检查完成
2026-01-16 12:50:59 - app - INFO - 清理异常中断的任务状态...
2026-01-16 12:50:59 - app - INFO - 升级管理器初始化完成
2026-01-16 12:50:59 - app - INFO - Flask应用创建成功
2026-01-16 12:50:59 - app - INFO - 静态文件目录: C:\Data\夸克转存\client\frontend
2026-01-16 12:50:59 - app - INFO - 启动任务调度服务...
2026-01-16 12:50:59 - app - INFO - 检查被中断的影视下载任务...
2026-01-16 12:50:59 - app - INFO - 没有需要恢复的影视下载任务
2026-01-16 12:50:59 - app - INFO - 账期生成循环已启动
2026-01-16 12:50:59 - app - INFO - 账期生成线程已启动
2026-01-16 12:50:59 - app - INFO - 开始生成 2026-01-16 的任务账期
2026-01-16 12:50:59 - app - INFO - 任务执行循环已启动
2026-01-16 12:50:59 - app - INFO - 跳过一次性执行任务: 测试
2026-01-16 12:50:59 - app - INFO - 任务执行线程已启动
2026-01-16 12:50:59 - app - INFO - 跳过一次性执行任务: 测试谢谢谢谢
2026-01-16 12:50:59 - app - INFO - 跳过一次性执行任务: 测试189
2026-01-16 12:50:59 - app - INFO - 跳过一次性执行任务: 小城大事
2026-01-16 12:50:59 - app - INFO - ✅ 生成完成，共创建 0 条待执行记录
2026-01-16 12:50:59 - app - INFO - 日志清理循环已启动
2026-01-16 12:50:59 - app - INFO - 日志清理线程已启动
2026-01-16 12:50:59 - app - INFO - 下次生成账期时间: 2026-01-17 00:00:00, 等待 40140 秒
2026-01-16 12:50:59 - app - INFO - 下次日志清理时间: 2026-01-17 02:00:00
2026-01-16 12:50:59 - app - INFO - 启动Flask服务: http://0.0.0.0:8520
2026-01-16 12:51:12 - app - INFO - 许可证管理器初始化完成,服务器: http://license.22l2.com
2026-01-16 12:51:12 - app - INFO - 初始化许可证管理器...
2026-01-16 12:51:14 - app - INFO - 解密密钥设置成功
2026-01-16 12:51:14 - app - INFO - 解密密钥获取成功
2026-01-16 12:51:14 - app - INFO - 解密密钥获取成功，配置已就绪
2026-01-16 12:51:14 - app - INFO - 配置解密成功
2026-01-16 12:51:14 - app - INFO - 夸克API配置加载成功
2026-01-16 12:51:14 - app - INFO - 夸克API配置加载完成
2026-01-16 12:51:14 - app - INFO - 检查数据库...
2026-01-16 12:51:14 - app - INFO - 数据库检查完成
2026-01-16 12:51:14 - app - INFO - 检查数据库迁移...
2026-01-16 12:51:14 - app - INFO - 数据库迁移检查完成
2026-01-16 12:51:14 - app - INFO - 清理异常中断的任务状态...
2026-01-16 12:51:14 - app - INFO - 升级管理器初始化完成
2026-01-16 12:51:14 - app - INFO - Flask应用创建成功
2026-01-16 12:51:14 - app - INFO - 静态文件目录: C:\Data\夸克转存\client\frontend
2026-01-16 12:51:14 - app - INFO - 启动任务调度服务...
2026-01-16 12:51:14 - app - INFO - 检查被中断的影视下载任务...
2026-01-16 12:51:14 - app - INFO - 没有需要恢复的影视下载任务
2026-01-16 12:51:14 - app - INFO - 账期生成循环已启动
2026-01-16 12:51:14 - app - INFO - 账期生成线程已启动
2026-01-16 12:51:14 - app - INFO - 开始生成 2026-01-16 的任务账期
2026-01-16 12:51:14 - app - INFO - 任务执行循环已启动
2026-01-16 12:51:14 - app - INFO - 任务执行线程已启动
2026-01-16 12:51:14 - app - INFO - 日志清理循环已启动
2026-01-16 12:51:14 - app - INFO - 日志清理线程已启动
2026-01-16 12:51:14 - app - INFO - 下次日志清理时间: 2026-01-17 02:00:00
2026-01-16 12:51:14 - app - INFO - 启动Flask服务: http://0.0.0.0:8520
2026-01-16 12:51:14 - app - INFO - 跳过一次性执行任务: 测试
2026-01-16 12:51:14 - app - INFO - 跳过一次性执行任务: 测试谢谢谢谢
2026-01-16 12:51:14 - app - INFO - 跳过一次性执行任务: 测试189
2026-01-16 12:51:14 - app - INFO - 跳过一次性执行任务: 小城大事
2026-01-16 12:51:14 - app - INFO - ✅ 生成完成，共创建 0 条待执行记录
2026-01-16 12:51:14 - app - INFO - 下次生成账期时间: 2026-01-17 00:00:00, 等待 40126 秒
2026-01-16 12:51:17 - app - INFO - 准备重做任务: 测试189 (download)
2026-01-16 12:51:17 - app - INFO - 已删除任务 测试189 的历史记录
2026-01-16 12:51:17 - app - INFO - 已清除下载任务 2 的状态
2026-01-16 12:51:17 - app - INFO - [TaskExecutor] start_task 被调用: task_id=2, execution_id=None, schedule_period=None
2026-01-16 12:51:17 - app - INFO - [TaskExecutor] 任务 2 状态已初始化到 _running_tasks
2026-01-16 12:51:17 - app - INFO - [TaskExecutor] _execute_task 线程开始执行: task_id=2
2026-01-16 12:51:17 - app - INFO - [TaskExecutor] 任务 2 执行线程已启动
2026-01-16 12:51:17 - app - INFO - [TaskExecutor] 从_running_tasks获取: execution_id=None, schedule_period=None
2026-01-16 12:51:17 - app - INFO - [TaskExecutor] 开始获取任务信息: task_id=2
2026-01-16 12:51:17 - app - INFO - [TaskExecutor] 任务信息获取成功: 测试189
2026-01-16 12:51:17 - app - INFO - [TaskExecutor] 开始创建执行历史记录
2026-01-16 12:51:17 - app - INFO - [TaskExecutor] 执行历史记录创建成功: execution_id=43
2026-01-16 12:51:17 - app - INFO - [TaskExecutor] execution_id已更新到_running_tasks
2026-01-16 12:51:17 - app - INFO - [TaskExecutor] 开始记录日志
2026-01-16 12:51:17 - app - INFO - [下载任务2] 任务已启动，正在初始化...
2026-01-16 12:51:17 - app - INFO - [下载任务2] 执行历史记录ID: 43
2026-01-16 12:51:17 - app - INFO - [下载任务2] 开始执行任务: 测试189
2026-01-16 12:51:18 - app - INFO - [下载任务2] 使用账号: 天意
2026-01-16 12:51:18 - app - INFO - [下载任务2] 网盘目录: /测试
2026-01-16 12:51:18 - app - INFO - [下载任务2] 本地目录: C:\Data\下载
2026-01-16 12:51:18 - app - INFO - [下载任务2] 云盘类型: cloud189
2026-01-16 12:51:18 - app - INFO - 已设置 1 个Cookie字段
2026-01-16 12:51:18 - app - INFO - [下载任务2] 正在获取文件列表...
2026-01-16 12:51:18 - app - INFO - [下载任务2] 解析路径: 测试
2026-01-16 12:51:18 - app - INFO - 189获取文件列表请求: folder_id=-11, page=1, size=100
2026-01-16 12:51:19 - app - INFO - 从内存获取实时日志: execution_id=43, 日志数量=9
2026-01-16 12:51:21 - app - INFO - 从内存获取实时日志: execution_id=43, 日志数量=9
2026-01-16 12:51:23 - app - INFO - 从内存获取实时日志: execution_id=43, 日志数量=9
2026-01-16 12:51:25 - app - INFO - 从内存获取实时日志: execution_id=43, 日志数量=9
2026-01-16 12:51:27 - app - INFO - 从内存获取实时日志: execution_id=43, 日志数量=9
2026-01-16 12:51:29 - app - INFO - 从内存获取实时日志: execution_id=43, 日志数量=9
2026-01-16 12:51:29 - app - INFO - 189文件列表响应状态码: 200
2026-01-16 12:51:29 - app - INFO - 189文件列表获取成功: 文件夹11个, 文件2个
2026-01-16 12:51:29 - app - INFO - [下载任务2] 开始递归扫描文件...
2026-01-16 12:51:29 - app - INFO - 189获取文件列表请求: folder_id=323911228907722297, page=1, size=100
2026-01-16 12:51:29 - app - INFO - 189文件列表响应状态码: 200
2026-01-16 12:51:29 - app - INFO - 189文件列表获取成功: 文件夹1个, 文件0个
2026-01-16 12:51:29 - app - INFO - [下载任务2] 正在扫描文件夹: 123
2026-01-16 12:51:29 - app - INFO - 189获取文件列表请求: folder_id=223151229822520199, page=1, size=100
2026-01-16 12:51:29 - app - INFO - 189文件列表响应状态码: 200
2026-01-16 12:51:29 - app - INFO - 189文件列表获取成功: 文件夹1个, 文件1个
2026-01-16 12:51:29 - app - INFO - [下载任务2] 正在扫描文件夹: 123/Season 1
2026-01-16 12:51:29 - app - INFO - 189获取文件列表请求: folder_id=923263229867776282, page=1, size=100
2026-01-16 12:51:30 - app - INFO - 189文件列表响应状态码: 200
2026-01-16 12:51:30 - app - INFO - 189文件列表获取成功: 文件夹0个, 文件1个
2026-01-16 12:51:30 - app - INFO - [下载任务2] 递归扫描完成，共找到 2 个文件
2026-01-16 12:51:30 - app - INFO - [下载任务2] 准备下载 2 个文件
2026-01-16 12:51:30 - app - INFO - [下载任务2] [1/2] 正在下载: 123/Season 1/Delinquent.to.Doctor.S01E01.S01E01.2026.1080p.friDay.WEB-DL.H264.AAC.mkv (4883.65 MB)
2026-01-16 12:51:30 - app - INFO - 189下载链接响应: status=400
2026-01-16 12:51:30 - app - INFO - 文件 623263229867776285 太大,尝试使用备用API...
2026-01-16 12:51:30 - app - INFO - 189备用API响应: status=200
2026-01-16 12:51:30 - app - INFO - 189备用API结果: {'res_code': 0, 'res_message': '成功', 'normal': {'code': 1, 'message': 'normal', 'url': 'https://download.cloud.189.cn/file/downloadFile.action?dt=51&expired=1768551134892&play=1&sk=a71a498c-3f26-4370-ba80-5dc88c74c675&ufi=623263229867776285&zyc=180&token=cloud4&sig=1%2BmA3IogMC1y7XZ8ztDauKrCiLk%3D', 'videoKbps': 0}}
2026-01-16 12:51:30 - app - INFO - 使用备用API成功获取文件 623263229867776285 的下载链接
2026-01-16 12:51:30 - app - INFO - [下载任务2] [1/2] 天翼云盘使用单线程下载(防止403限制)
2026-01-16 12:51:30 - app - INFO - [下载任务2]    开始请求下载链接...
2026-01-16 12:51:30 - app - INFO - [下载任务2]    连接成功，开始下载...
2026-01-16 12:51:31 - app - INFO - 从内存获取实时日志: execution_id=43, 日志数量=18
2026-01-16 12:51:33 - app - INFO - 从内存获取实时日志: execution_id=43, 日志数量=18
2026-01-16 12:51:35 - app - INFO - 从内存获取实时日志: execution_id=43, 日志数量=18
2026-01-16 12:51:37 - app - INFO - 从内存获取实时日志: execution_id=43, 日志数量=18
2026-01-16 12:51:39 - app - INFO - 从内存获取实时日志: execution_id=43, 日志数量=18
2026-01-16 12:51:41 - app - INFO - 从内存获取实时日志: execution_id=43, 日志数量=18
2026-01-16 12:51:43 - app - INFO - 从内存获取实时日志: execution_id=43, 日志数量=18
2026-01-16 12:51:45 - app - INFO - 从内存获取实时日志: execution_id=43, 日志数量=18
2026-01-16 12:51:47 - app - INFO - 从内存获取实时日志: execution_id=43, 日志数量=18
2026-01-16 12:51:49 - app - INFO - 从内存获取实时日志: execution_id=43, 日志数量=18
2026-01-16 12:51:51 - app - INFO - 从内存获取实时日志: execution_id=43, 日志数量=18
2026-01-16 12:51:52 - app - INFO - [下载任务2]    进度: 10.00 MB/4.77 GB (0.2%), 速度: 482.96 KB/s
2026-01-16 12:51:53 - app - INFO - 从内存获取实时日志: execution_id=43, 日志数量=19
2026-01-16 12:51:55 - app - INFO - 从内存获取实时日志: execution_id=43, 日志数量=19
2026-01-16 12:51:57 - app - INFO - 从内存获取实时日志: execution_id=43, 日志数量=19
2026-01-16 12:51:59 - app - INFO - 从内存获取实时日志: execution_id=43, 日志数量=19
2026-01-16 12:52:01 - app - INFO - 从内存获取实时日志: execution_id=43, 日志数量=19
2026-01-16 12:52:03 - app - INFO - 从内存获取实时日志: execution_id=43, 日志数量=19
2026-01-16 12:52:05 - app - INFO - 从内存获取实时日志: execution_id=43, 日志数量=19
2026-01-16 12:52:07 - app - INFO - 从内存获取实时日志: execution_id=43, 日志数量=19
2026-01-16 12:52:09 - app - INFO - 从内存获取实时日志: execution_id=43, 日志数量=19
2026-01-16 12:52:11 - app - INFO - 从内存获取实时日志: execution_id=43, 日志数量=19
2026-01-16 12:52:13 - app - INFO - [下载任务2]    进度: 20.00 MB/4.77 GB (0.4%), 速度: 479.42 KB/s
2026-01-16 12:52:13 - app - INFO - 从内存获取实时日志: execution_id=43, 日志数量=20
2026-01-16 12:52:15 - app - INFO - 从内存获取实时日志: execution_id=43, 日志数量=20
2026-01-16 12:52:17 - app - INFO - 从内存获取实时日志: execution_id=43, 日志数量=20
2026-01-16 12:52:19 - app - INFO - 从内存获取实时日志: execution_id=43, 日志数量=20
2026-01-16 12:52:21 - app - INFO - 从内存获取实时日志: execution_id=43, 日志数量=20
2026-01-16 12:52:23 - app - INFO - 从内存获取实时日志: execution_id=43, 日志数量=20
2026-01-16 12:52:25 - app - INFO - 从内存获取实时日志: execution_id=43, 日志数量=20
2026-01-16 12:52:27 - app - INFO - 从内存获取实时日志: execution_id=43, 日志数量=20
2026-01-16 12:52:29 - app - INFO - 从内存获取实时日志: execution_id=43, 日志数量=20
2026-01-16 12:52:31 - app - INFO - 从内存获取实时日志: execution_id=43, 日志数量=20
2026-01-16 12:52:33 - app - INFO - 从内存获取实时日志: execution_id=43, 日志数量=20
2026-01-16 12:52:34 - app - INFO - [下载任务2]    进度: 30.00 MB/4.77 GB (0.6%), 速度: 480.74 KB/s
2026-01-16 12:52:35 - app - INFO - 从内存获取实时日志: execution_id=43, 日志数量=21
2026-01-16 12:52:37 - app - INFO - 从内存获取实时日志: execution_id=43, 日志数量=21
2026-01-16 12:52:39 - app - INFO - 从内存获取实时日志: execution_id=43, 日志数量=21
2026-01-16 12:52:41 - app - INFO - 从内存获取实时日志: execution_id=43, 日志数量=21
2026-01-16 12:52:43 - app - INFO - 从内存获取实时日志: execution_id=43, 日志数量=21
2026-01-16 12:52:54 - app - INFO - [下载任务2]    进度: 40.00 MB/4.77 GB (0.8%), 速度: 488.22 KB/s
2026-01-16 12:53:03 - app - ERROR - 获取今日统计失败: no such table: daily_usage_stats
2026-01-16 12:53:13 - app - INFO - [下载任务2]    进度: 50.00 MB/4.77 GB (1.0%), 速度: 499.29 KB/s
2026-01-16 12:53:36 - app - INFO - [下载任务2]    进度: 60.00 MB/4.77 GB (1.2%), 速度: 490.77 KB/s
2026-01-16 12:53:54 - app - INFO - [下载任务2]    进度: 70.00 MB/4.77 GB (1.4%), 速度: 498.26 KB/s
2026-01-16 12:54:13 - app - INFO - [下载任务2]    进度: 80.00 MB/4.77 GB (1.6%), 速度: 503.31 KB/s
2026-01-16 12:54:34 - app - INFO - [下载任务2]    进度: 90.00 MB/4.77 GB (1.8%), 速度: 502.10 KB/s
2026-01-16 12:54:56 - app - INFO - [下载任务2]    进度: 100.00 MB/4.77 GB (2.0%), 速度: 498.62 KB/s
2026-01-16 12:55:15 - app - INFO - [下载任务2]    进度: 110.00 MB/4.77 GB (2.3%), 速度: 501.29 KB/s
2026-01-16 12:55:33 - app - INFO - [下载任务2]    进度: 120.00 MB/4.77 GB (2.5%), 速度: 505.64 KB/s
2026-01-16 12:55:52 - app - INFO - [下载任务2]    进度: 130.00 MB/4.77 GB (2.7%), 速度: 509.72 KB/s
2026-01-16 12:56:05 - app - INFO - 许可证管理器初始化完成,服务器: http://license.22l2.com
2026-01-16 12:56:05 - app - INFO - 初始化许可证管理器...
2026-01-16 12:56:09 - app - INFO - 解密密钥设置成功
2026-01-16 12:56:09 - app - INFO - 解密密钥获取成功
2026-01-16 12:56:09 - app - INFO - 解密密钥获取成功，配置已就绪
2026-01-16 12:56:09 - app - INFO - 配置解密成功
2026-01-16 12:56:09 - app - INFO - 夸克API配置加载成功
2026-01-16 12:56:09 - app - INFO - 夸克API配置加载完成
2026-01-16 12:56:09 - app - INFO - 检查数据库...
2026-01-16 12:56:09 - app - INFO - 数据库检查完成
2026-01-16 12:56:09 - app - INFO - 检查数据库迁移...
2026-01-16 12:56:09 - app - INFO - 数据库迁移检查完成
2026-01-16 12:56:09 - app - INFO - 清理异常中断的任务状态...
2026-01-16 12:56:09 - app - INFO - 已清理 1 个异常中断的任务
2026-01-16 12:56:10 - app - INFO - 升级管理器初始化完成
2026-01-16 12:56:10 - app - INFO - Flask应用创建成功
2026-01-16 12:56:10 - app - INFO - 静态文件目录: C:\Data\夸克转存\client\frontend
2026-01-16 12:56:10 - app - INFO - 启动任务调度服务...
2026-01-16 12:56:10 - app - INFO - 检查被中断的影视下载任务...
2026-01-16 12:56:10 - app - INFO - 没有需要恢复的影视下载任务
2026-01-16 12:56:10 - app - INFO - 账期生成循环已启动
2026-01-16 12:56:10 - app - INFO - 账期生成线程已启动
2026-01-16 12:56:10 - app - INFO - 开始生成 2026-01-16 的任务账期
2026-01-16 12:56:10 - app - INFO - 任务执行循环已启动
2026-01-16 12:56:10 - app - INFO - 任务执行线程已启动
2026-01-16 12:56:10 - app - INFO - 跳过一次性执行任务: 测试
2026-01-16 12:56:10 - app - INFO - 日志清理循环已启动
2026-01-16 12:56:10 - app - INFO - 跳过一次性执行任务: 测试谢谢谢谢
2026-01-16 12:56:10 - app - INFO - 日志清理线程已启动
2026-01-16 12:56:10 - app - INFO - 下次日志清理时间: 2026-01-17 02:00:00
2026-01-16 12:56:10 - app - INFO - 跳过一次性执行任务: 测试189
2026-01-16 12:56:10 - app - INFO - 启动Flask服务: http://0.0.0.0:8520
2026-01-16 12:56:10 - app - INFO - 跳过一次性执行任务: 小城大事
2026-01-16 12:56:10 - app - INFO - ✅ 生成完成，共创建 0 条待执行记录
2026-01-16 12:56:10 - app - INFO - 下次生成账期时间: 2026-01-17 00:00:00, 等待 39830 秒
2026-01-16 12:57:21 - app - INFO - 许可证管理器初始化完成,服务器: http://license.22l2.com
2026-01-16 12:57:21 - app - INFO - 初始化许可证管理器...
2026-01-16 12:57:23 - app - INFO - 解密密钥设置成功
2026-01-16 12:57:23 - app - INFO - 解密密钥获取成功
2026-01-16 12:57:23 - app - INFO - 解密密钥获取成功，配置已就绪
2026-01-16 12:57:23 - app - INFO - 配置解密成功
2026-01-16 12:57:23 - app - INFO - 夸克API配置加载成功
2026-01-16 12:57:23 - app - INFO - 夸克API配置加载完成
2026-01-16 12:57:23 - app - INFO - 检查数据库...
2026-01-16 12:57:23 - app - INFO - 数据库检查完成
2026-01-16 12:57:23 - app - INFO - 检查数据库迁移...
2026-01-16 12:57:23 - app - INFO - 数据库迁移检查完成
2026-01-16 12:57:23 - app - INFO - 清理异常中断的任务状态...
2026-01-16 12:57:24 - app - INFO - 升级管理器初始化完成
2026-01-16 12:57:24 - app - INFO - Flask应用创建成功
2026-01-16 12:57:24 - app - INFO - 静态文件目录: C:\Data\夸克转存\client\frontend
2026-01-16 12:57:24 - app - INFO - 启动任务调度服务...
2026-01-16 12:57:24 - app - INFO - 检查被中断的影视下载任务...
2026-01-16 12:57:24 - app - INFO - 没有需要恢复的影视下载任务
2026-01-16 12:57:24 - app - INFO - 账期生成循环已启动
2026-01-16 12:57:24 - app - INFO - 账期生成线程已启动
2026-01-16 12:57:24 - app - INFO - 开始生成 2026-01-16 的任务账期
2026-01-16 12:57:24 - app - INFO - 任务执行循环已启动
2026-01-16 12:57:24 - app - INFO - 任务执行线程已启动
2026-01-16 12:57:24 - app - INFO - 跳过一次性执行任务: 测试
2026-01-16 12:57:24 - app - INFO - 跳过一次性执行任务: 测试谢谢谢谢
2026-01-16 12:57:24 - app - INFO - 跳过一次性执行任务: 测试189
2026-01-16 12:57:24 - app - INFO - 跳过一次性执行任务: 小城大事
2026-01-16 12:57:24 - app - INFO - 日志清理循环已启动
2026-01-16 12:57:24 - app - INFO - 日志清理线程已启动
2026-01-16 12:57:24 - app - INFO - ✅ 生成完成，共创建 0 条待执行记录
2026-01-16 12:57:24 - app - INFO - 下次日志清理时间: 2026-01-17 02:00:00
2026-01-16 12:57:24 - app - INFO - 启动Flask服务: http://0.0.0.0:8520
2026-01-16 12:57:24 - app - INFO - 下次生成账期时间: 2026-01-17 00:00:00, 等待 39756 秒
2026-01-16 12:58:11 - app - INFO - 许可证管理器初始化完成,服务器: http://license.22l2.com
2026-01-16 12:58:11 - app - INFO - 初始化许可证管理器...
2026-01-16 12:58:13 - app - INFO - 解密密钥设置成功
2026-01-16 12:58:13 - app - INFO - 解密密钥获取成功
2026-01-16 12:58:13 - app - INFO - 解密密钥获取成功，配置已就绪
2026-01-16 12:58:13 - app - INFO - 配置解密成功
2026-01-16 12:58:13 - app - INFO - 夸克API配置加载成功
2026-01-16 12:58:13 - app - INFO - 夸克API配置加载完成
2026-01-16 12:58:13 - app - INFO - 检查数据库...
2026-01-16 12:58:13 - app - INFO - 数据库检查完成
2026-01-16 12:58:13 - app - INFO - 检查数据库迁移...
2026-01-16 12:58:13 - app - INFO - 数据库迁移检查完成
2026-01-16 12:58:13 - app - INFO - 清理异常中断的任务状态...
2026-01-16 12:58:14 - app - INFO - 升级管理器初始化完成
2026-01-16 12:58:14 - app - INFO - Flask应用创建成功
2026-01-16 12:58:14 - app - INFO - 静态文件目录: C:\Data\夸克转存\client\frontend
2026-01-16 12:58:14 - app - INFO - 启动任务调度服务...
2026-01-16 12:58:14 - app - INFO - 检查被中断的影视下载任务...
2026-01-16 12:58:14 - app - INFO - 没有需要恢复的影视下载任务
2026-01-16 12:58:14 - app - INFO - 账期生成循环已启动
2026-01-16 12:58:14 - app - INFO - 账期生成线程已启动
2026-01-16 12:58:14 - app - INFO - 开始生成 2026-01-16 的任务账期
2026-01-16 12:58:14 - app - INFO - 任务执行循环已启动
2026-01-16 12:58:14 - app - INFO - 任务执行线程已启动
2026-01-16 12:58:14 - app - INFO - 跳过一次性执行任务: 测试
2026-01-16 12:58:14 - app - INFO - 日志清理循环已启动
2026-01-16 12:58:14 - app - INFO - 跳过一次性执行任务: 测试谢谢谢谢
2026-01-16 12:58:14 - app - INFO - 日志清理线程已启动
2026-01-16 12:58:14 - app - INFO - 下次日志清理时间: 2026-01-17 02:00:00
2026-01-16 12:58:14 - app - INFO - 跳过一次性执行任务: 测试189
2026-01-16 12:58:14 - app - INFO - 启动Flask服务: http://0.0.0.0:8520
2026-01-16 12:58:14 - app - INFO - 跳过一次性执行任务: 小城大事
2026-01-16 12:58:14 - app - INFO - ✅ 生成完成，共创建 0 条待执行记录
2026-01-16 12:58:14 - app - INFO - 下次生成账期时间: 2026-01-17 00:00:00, 等待 39706 秒
2026-01-16 12:58:41 - app - INFO - 许可证管理器初始化完成,服务器: http://license.22l2.com
2026-01-16 12:58:41 - app - INFO - 初始化许可证管理器...
2026-01-16 12:58:42 - app - INFO - 解密密钥设置成功
2026-01-16 12:58:42 - app - INFO - 解密密钥获取成功
2026-01-16 12:58:42 - app - INFO - 解密密钥获取成功，配置已就绪
2026-01-16 12:58:42 - app - INFO - 配置解密成功
2026-01-16 12:58:42 - app - INFO - 夸克API配置加载成功
2026-01-16 12:58:42 - app - INFO - 夸克API配置加载完成
2026-01-16 12:58:42 - app - INFO - 检查数据库...
2026-01-16 12:58:42 - app - INFO - 数据库检查完成
2026-01-16 12:58:42 - app - INFO - 检查数据库迁移...
2026-01-16 12:58:42 - app - INFO - 数据库迁移检查完成
2026-01-16 12:58:42 - app - INFO - 清理异常中断的任务状态...
2026-01-16 12:58:42 - app - INFO - 升级管理器初始化完成
2026-01-16 12:58:42 - app - INFO - Flask应用创建成功
2026-01-16 12:58:42 - app - INFO - 静态文件目录: C:\Data\夸克转存\client\frontend
2026-01-16 12:58:42 - app - INFO - 启动任务调度服务...
2026-01-16 12:58:42 - app - INFO - 检查被中断的影视下载任务...
2026-01-16 12:58:42 - app - INFO - 没有需要恢复的影视下载任务
2026-01-16 12:58:42 - app - INFO - 账期生成循环已启动
2026-01-16 12:58:42 - app - INFO - 账期生成线程已启动
2026-01-16 12:58:42 - app - INFO - 开始生成 2026-01-16 的任务账期
2026-01-16 12:58:42 - app - INFO - 任务执行循环已启动
2026-01-16 12:58:42 - app - INFO - 任务执行线程已启动
2026-01-16 12:58:42 - app - INFO - 日志清理循环已启动
2026-01-16 12:58:42 - app - INFO - 日志清理线程已启动
2026-01-16 12:58:42 - app - INFO - 下次日志清理时间: 2026-01-17 02:00:00
2026-01-16 12:58:42 - app - INFO - 启动Flask服务: http://0.0.0.0:8520
2026-01-16 12:58:42 - app - INFO - 跳过一次性执行任务: 测试
2026-01-16 12:58:42 - app - INFO - 跳过一次性执行任务: 测试谢谢谢谢
2026-01-16 12:58:42 - app - INFO - 跳过一次性执行任务: 测试189
2026-01-16 12:58:42 - app - INFO - 跳过一次性执行任务: 小城大事
2026-01-16 12:58:42 - app - INFO - ✅ 生成完成，共创建 0 条待执行记录
2026-01-16 12:58:42 - app - INFO - 下次生成账期时间: 2026-01-17 00:00:00, 等待 39678 秒
2026-01-16 12:58:45 - app - INFO - 配置加密保存成功
2026-01-16 12:59:04 - app - INFO - 许可证管理器初始化完成,服务器: http://license.22l2.com
2026-01-16 12:59:04 - app - INFO - 初始化许可证管理器...
2026-01-16 12:59:05 - app - INFO - 解密密钥设置成功
2026-01-16 12:59:05 - app - INFO - 解密密钥获取成功
2026-01-16 12:59:05 - app - INFO - 解密密钥获取成功，配置已就绪
2026-01-16 12:59:05 - app - INFO - 配置解密成功
2026-01-16 12:59:05 - app - INFO - 夸克API配置加载成功
2026-01-16 12:59:05 - app - INFO - 夸克API配置加载完成
2026-01-16 12:59:05 - app - INFO - 检查数据库...
2026-01-16 12:59:05 - app - INFO - 数据库检查完成
2026-01-16 12:59:05 - app - INFO - 检查数据库迁移...
2026-01-16 12:59:05 - app - INFO - 数据库迁移检查完成
2026-01-16 12:59:05 - app - INFO - 清理异常中断的任务状态...
2026-01-16 12:59:05 - app - INFO - 升级管理器初始化完成
2026-01-16 12:59:05 - app - INFO - Flask应用创建成功
2026-01-16 12:59:05 - app - INFO - 静态文件目录: C:\Data\夸克转存\client\frontend
2026-01-16 12:59:05 - app - INFO - 启动任务调度服务...
2026-01-16 12:59:05 - app - INFO - 检查被中断的影视下载任务...
2026-01-16 12:59:05 - app - INFO - 没有需要恢复的影视下载任务
2026-01-16 12:59:05 - app - INFO - 账期生成循环已启动
2026-01-16 12:59:05 - app - INFO - 账期生成线程已启动
2026-01-16 12:59:05 - app - INFO - 开始生成 2026-01-16 的任务账期
2026-01-16 12:59:05 - app - INFO - 任务执行循环已启动
2026-01-16 12:59:05 - app - INFO - 任务执行线程已启动
2026-01-16 12:59:05 - app - INFO - 日志清理循环已启动
2026-01-16 12:59:05 - app - INFO - 日志清理线程已启动
2026-01-16 12:59:05 - app - INFO - 下次日志清理时间: 2026-01-17 02:00:00
2026-01-16 12:59:05 - app - INFO - 启动Flask服务: http://0.0.0.0:8520
2026-01-16 12:59:05 - app - INFO - 跳过一次性执行任务: 测试
2026-01-16 12:59:05 - app - INFO - 跳过一次性执行任务: 测试谢谢谢谢
2026-01-16 12:59:05 - app - INFO - 跳过一次性执行任务: 测试189
2026-01-16 12:59:05 - app - INFO - 跳过一次性执行任务: 小城大事
2026-01-16 12:59:05 - app - INFO - ✅ 生成完成，共创建 0 条待执行记录
2026-01-16 12:59:05 - app - INFO - 下次生成账期时间: 2026-01-17 00:00:00, 等待 39654 秒
2026-01-16 12:59:18 - app - INFO - 许可证管理器初始化完成,服务器: http://license.22l2.com
2026-01-16 12:59:18 - app - INFO - 初始化许可证管理器...
2026-01-16 12:59:19 - app - INFO - 解密密钥设置成功
2026-01-16 12:59:19 - app - INFO - 解密密钥获取成功
2026-01-16 12:59:19 - app - INFO - 解密密钥获取成功，配置已就绪
2026-01-16 12:59:19 - app - INFO - 配置解密成功
2026-01-16 12:59:19 - app - INFO - 夸克API配置加载成功
2026-01-16 12:59:19 - app - INFO - 夸克API配置加载完成
2026-01-16 12:59:19 - app - INFO - 检查数据库...
2026-01-16 12:59:19 - app - INFO - 数据库检查完成
2026-01-16 12:59:19 - app - INFO - 检查数据库迁移...
2026-01-16 12:59:19 - app - INFO - 数据库迁移检查完成
2026-01-16 12:59:19 - app - INFO - 清理异常中断的任务状态...
2026-01-16 12:59:19 - app - INFO - 升级管理器初始化完成
2026-01-16 12:59:19 - app - INFO - Flask应用创建成功
2026-01-16 12:59:19 - app - INFO - 静态文件目录: C:\Data\夸克转存\client\frontend
2026-01-16 12:59:19 - app - INFO - 启动任务调度服务...
2026-01-16 12:59:20 - app - INFO - 检查被中断的影视下载任务...
2026-01-16 12:59:20 - app - INFO - 没有需要恢复的影视下载任务
2026-01-16 12:59:20 - app - INFO - 账期生成循环已启动
2026-01-16 12:59:20 - app - INFO - 账期生成线程已启动
2026-01-16 12:59:20 - app - INFO - 开始生成 2026-01-16 的任务账期
2026-01-16 12:59:20 - app - INFO - 任务执行循环已启动
2026-01-16 12:59:20 - app - INFO - 任务执行线程已启动
2026-01-16 12:59:20 - app - INFO - 日志清理循环已启动
2026-01-16 12:59:20 - app - INFO - 下次日志清理时间: 2026-01-17 02:00:00
2026-01-16 12:59:20 - app - INFO - 日志清理线程已启动
2026-01-16 12:59:20 - app - INFO - 跳过一次性执行任务: 测试
2026-01-16 12:59:20 - app - INFO - 启动Flask服务: http://0.0.0.0:8520
2026-01-16 12:59:20 - app - INFO - 跳过一次性执行任务: 测试谢谢谢谢
2026-01-16 12:59:20 - app - INFO - 跳过一次性执行任务: 测试189
2026-01-16 12:59:20 - app - INFO - 跳过一次性执行任务: 小城大事
2026-01-16 12:59:20 - app - INFO - ✅ 生成完成，共创建 0 条待执行记录
2026-01-16 12:59:20 - app - INFO - 下次生成账期时间: 2026-01-17 00:00:00, 等待 39640 秒
2026-01-16 13:01:28 - app - INFO - 许可证管理器初始化完成,服务器: http://license.22l2.com
2026-01-16 13:01:28 - app - INFO - 初始化许可证管理器...
2026-01-16 13:01:29 - app - INFO - 解密密钥设置成功
2026-01-16 13:01:29 - app - INFO - 解密密钥获取成功
2026-01-16 13:01:29 - app - INFO - 解密密钥获取成功，配置已就绪
2026-01-16 13:01:29 - app - INFO - 配置解密成功
2026-01-16 13:01:29 - app - INFO - 夸克API配置加载成功
2026-01-16 13:01:29 - app - INFO - 夸克API配置加载完成
2026-01-16 13:01:29 - app - INFO - 检查数据库...
2026-01-16 13:01:29 - app - INFO - 数据库检查完成
2026-01-16 13:01:29 - app - INFO - 检查数据库迁移...
2026-01-16 13:01:29 - app - INFO - 数据库迁移检查完成
2026-01-16 13:01:29 - app - INFO - 清理异常中断的任务状态...
2026-01-16 13:01:29 - app - INFO - 升级管理器初始化完成
2026-01-16 13:01:30 - app - INFO - Flask应用创建成功
2026-01-16 13:01:30 - app - INFO - 静态文件目录: C:\Data\夸克转存\client\frontend
2026-01-16 13:01:30 - app - INFO - 启动任务调度服务...
2026-01-16 13:01:30 - app - INFO - 检查被中断的影视下载任务...
2026-01-16 13:01:30 - app - INFO - 没有需要恢复的影视下载任务
2026-01-16 13:01:30 - app - INFO - 账期生成循环已启动
2026-01-16 13:01:30 - app - INFO - 账期生成线程已启动
2026-01-16 13:01:30 - app - INFO - 开始生成 2026-01-16 的任务账期
2026-01-16 13:01:30 - app - INFO - 任务执行循环已启动
2026-01-16 13:01:30 - app - INFO - 任务执行线程已启动
2026-01-16 13:01:30 - app - INFO - 日志清理循环已启动
2026-01-16 13:01:30 - app - INFO - 日志清理线程已启动
2026-01-16 13:01:30 - app - INFO - 下次日志清理时间: 2026-01-17 02:00:00
2026-01-16 13:01:30 - app - INFO - 跳过一次性执行任务: 测试
2026-01-16 13:01:30 - app - INFO - 启动Flask服务: http://0.0.0.0:8520
2026-01-16 13:01:30 - app - INFO - 跳过一次性执行任务: 测试谢谢谢谢
2026-01-16 13:01:30 - app - INFO - 跳过一次性执行任务: 测试189
2026-01-16 13:01:30 - app - INFO - 跳过一次性执行任务: 小城大事
2026-01-16 13:01:30 - app - INFO - ✅ 生成完成，共创建 0 条待执行记录
2026-01-16 13:01:30 - app - INFO - 下次生成账期时间: 2026-01-17 00:00:00, 等待 39510 秒
2026-01-16 13:01:43 - app - INFO - 许可证管理器初始化完成,服务器: http://license.22l2.com
2026-01-16 13:01:43 - app - INFO - 初始化许可证管理器...
2026-01-16 13:01:44 - app - INFO - 解密密钥设置成功
2026-01-16 13:01:44 - app - INFO - 解密密钥获取成功
2026-01-16 13:01:44 - app - INFO - 解密密钥获取成功，配置已就绪
2026-01-16 13:01:44 - app - INFO - 配置解密成功
2026-01-16 13:01:44 - app - INFO - 夸克API配置加载成功
2026-01-16 13:01:44 - app - INFO - 夸克API配置加载完成
2026-01-16 13:01:44 - app - INFO - 检查数据库...
2026-01-16 13:01:44 - app - INFO - 数据库检查完成
2026-01-16 13:01:44 - app - INFO - 检查数据库迁移...
2026-01-16 13:01:44 - app - INFO - 数据库迁移检查完成
2026-01-16 13:01:44 - app - INFO - 清理异常中断的任务状态...
2026-01-16 13:01:44 - app - INFO - 升级管理器初始化完成
2026-01-16 13:01:44 - app - INFO - Flask应用创建成功
2026-01-16 13:01:44 - app - INFO - 静态文件目录: C:\Data\夸克转存\client\frontend
2026-01-16 13:01:44 - app - INFO - 启动任务调度服务...
2026-01-16 13:01:44 - app - INFO - 检查被中断的影视下载任务...
2026-01-16 13:01:44 - app - INFO - 没有需要恢复的影视下载任务
2026-01-16 13:01:44 - app - INFO - 账期生成循环已启动
2026-01-16 13:01:44 - app - INFO - 账期生成线程已启动
2026-01-16 13:01:44 - app - INFO - 开始生成 2026-01-16 的任务账期
2026-01-16 13:01:44 - app - INFO - 任务执行循环已启动
2026-01-16 13:01:44 - app - INFO - 任务执行线程已启动
2026-01-16 13:01:44 - app - INFO - 跳过一次性执行任务: 测试
2026-01-16 13:01:45 - app - INFO - 日志清理循环已启动
2026-01-16 13:01:45 - app - INFO - 跳过一次性执行任务: 测试谢谢谢谢
2026-01-16 13:01:45 - app - INFO - 日志清理线程已启动
2026-01-16 13:01:45 - app - INFO - 下次日志清理时间: 2026-01-17 02:00:00
2026-01-16 13:01:45 - app - INFO - 跳过一次性执行任务: 测试189
2026-01-16 13:01:45 - app - INFO - 启动Flask服务: http://0.0.0.0:8520
2026-01-16 13:01:45 - app - INFO - 跳过一次性执行任务: 小城大事
2026-01-16 13:01:45 - app - INFO - ✅ 生成完成，共创建 0 条待执行记录
2026-01-16 13:01:45 - app - INFO - 下次生成账期时间: 2026-01-17 00:00:00, 等待 39495 秒
2026-01-16 13:01:56 - app - INFO - 许可证管理器初始化完成,服务器: http://license.22l2.com
2026-01-16 13:01:56 - app - INFO - 初始化许可证管理器...
2026-01-16 13:01:57 - app - INFO - 解密密钥设置成功
2026-01-16 13:01:57 - app - INFO - 解密密钥获取成功
2026-01-16 13:01:57 - app - INFO - 解密密钥获取成功，配置已就绪
2026-01-16 13:01:57 - app - INFO - 配置解密成功
2026-01-16 13:01:57 - app - INFO - 夸克API配置加载成功
2026-01-16 13:01:57 - app - INFO - 夸克API配置加载完成
2026-01-16 13:01:57 - app - INFO - 检查数据库...
2026-01-16 13:01:57 - app - INFO - 数据库检查完成
2026-01-16 13:01:57 - app - INFO - 检查数据库迁移...
2026-01-16 13:01:57 - app - INFO - 数据库迁移检查完成
2026-01-16 13:01:57 - app - INFO - 清理异常中断的任务状态...
2026-01-16 13:01:57 - app - INFO - 升级管理器初始化完成
2026-01-16 13:01:57 - app - INFO - Flask应用创建成功
2026-01-16 13:01:57 - app - INFO - 静态文件目录: C:\Data\夸克转存\client\frontend
2026-01-16 13:01:57 - app - INFO - 启动任务调度服务...
2026-01-16 13:01:57 - app - INFO - 检查被中断的影视下载任务...
2026-01-16 13:01:57 - app - INFO - 没有需要恢复的影视下载任务
2026-01-16 13:01:57 - app - INFO - 账期生成循环已启动
2026-01-16 13:01:57 - app - INFO - 账期生成线程已启动
2026-01-16 13:01:57 - app - INFO - 开始生成 2026-01-16 的任务账期
2026-01-16 13:01:57 - app - INFO - 任务执行循环已启动
2026-01-16 13:01:57 - app - INFO - 任务执行线程已启动
2026-01-16 13:01:57 - app - INFO - 跳过一次性执行任务: 测试
2026-01-16 13:01:57 - app - INFO - 日志清理循环已启动
2026-01-16 13:01:57 - app - INFO - 跳过一次性执行任务: 测试谢谢谢谢
2026-01-16 13:01:57 - app - INFO - 日志清理线程已启动
2026-01-16 13:01:57 - app - INFO - 下次日志清理时间: 2026-01-17 02:00:00
2026-01-16 13:01:57 - app - INFO - 跳过一次性执行任务: 测试189
2026-01-16 13:01:57 - app - INFO - 启动Flask服务: http://0.0.0.0:8520
2026-01-16 13:01:57 - app - INFO - 跳过一次性执行任务: 小城大事
2026-01-16 13:01:57 - app - INFO - ✅ 生成完成，共创建 0 条待执行记录
2026-01-16 13:01:57 - app - INFO - 下次生成账期时间: 2026-01-17 00:00:00, 等待 39482 秒
2026-01-16 13:02:13 - app - INFO - 检查登录状态, session内容: {'_permanent': True, 'user_id': 1, 'username': 'admin'}, cookies: ImmutableMultiDict([('session', 'eyJfcGVybWFuZW50Ijp0cnVlLCJ1c2VyX2lkIjoxLCJ1c2VybmFtZSI6ImFkbWluIn0.aWnGVQ.JM4SqhijItVdqpTAWax5t1d1RuE')])
2026-01-16 13:02:13 - app - INFO - 检查登录状态, session内容: {'_permanent': True, 'user_id': 1, 'username': 'admin'}, cookies: ImmutableMultiDict([('session', 'eyJfcGVybWFuZW50Ijp0cnVlLCJ1c2VyX2lkIjoxLCJ1c2VybmFtZSI6ImFkbWluIn0.aWnGVQ.JM4SqhijItVdqpTAWax5t1d1RuE')])
2026-01-16 13:02:16 - app - INFO - 检查更新: 当前版本 2.1.4
2026-01-16 13:02:26 - app - INFO - 检查更新成功: {'has_update': False, 'message': '当前已是最新版本'}
2026-01-16 13:02:37 - app - INFO - 准备重做任务: 测试189 (download)
2026-01-16 13:02:37 - app - INFO - 已删除任务 测试189 的历史记录
2026-01-16 13:02:37 - app - INFO - 已清除下载任务 2 的状态
2026-01-16 13:02:37 - app - INFO - [TaskExecutor] start_task 被调用: task_id=2, execution_id=None, schedule_period=None
2026-01-16 13:02:37 - app - INFO - [TaskExecutor] 任务 2 状态已初始化到 _running_tasks
2026-01-16 13:02:37 - app - INFO - [TaskExecutor] _execute_task 线程开始执行: task_id=2
2026-01-16 13:02:37 - app - INFO - [TaskExecutor] 任务 2 执行线程已启动
2026-01-16 13:02:37 - app - INFO - [TaskExecutor] 从_running_tasks获取: execution_id=None, schedule_period=None
2026-01-16 13:02:37 - app - INFO - [TaskExecutor] 开始获取任务信息: task_id=2
2026-01-16 13:02:37 - app - INFO - [TaskExecutor] 任务信息获取成功: 测试189
2026-01-16 13:02:37 - app - INFO - [TaskExecutor] 开始创建执行历史记录
2026-01-16 13:02:37 - app - INFO - [TaskExecutor] 执行历史记录创建成功: execution_id=44
2026-01-16 13:02:37 - app - INFO - [TaskExecutor] execution_id已更新到_running_tasks
2026-01-16 13:02:37 - app - INFO - [TaskExecutor] 开始记录日志
2026-01-16 13:02:37 - app - INFO - [下载任务2] 任务已启动，正在初始化...
2026-01-16 13:02:37 - app - INFO - [下载任务2] 执行历史记录ID: 44
2026-01-16 13:02:37 - app - INFO - [下载任务2] 开始执行任务: 测试189
2026-01-16 13:02:38 - app - INFO - [下载任务2] 使用账号: 天意
2026-01-16 13:02:38 - app - INFO - [下载任务2] 网盘目录: /测试
2026-01-16 13:02:38 - app - INFO - [下载任务2] 本地目录: C:\Data\下载
2026-01-16 13:02:38 - app - INFO - [下载任务2] 云盘类型: cloud189
2026-01-16 13:02:38 - app - ERROR - 无法读取天翼云盘加密配置: type object 'Config' has no attribute 'get_encrypted_config'
2026-01-16 13:02:38 - app - INFO - [下载任务2] 初始化云盘服务失败: 天翼云盘配置加载失败: type object 'Config' has no attribute 'get_encrypted_config'
2026-01-16 13:02:38 - app - INFO - 从内存获取实时日志: execution_id=44, 日志数量=8
2026-01-16 13:02:40 - app - INFO - 从内存获取实时日志: execution_id=44, 日志数量=8
2026-01-16 13:02:42 - app - INFO - 从内存获取实时日志: execution_id=44, 日志数量=8
2026-01-16 13:02:44 - app - INFO - 从内存获取实时日志: execution_id=44, 日志数量=8
2026-01-16 13:02:46 - app - INFO - 从内存获取实时日志: execution_id=44, 日志数量=8
2026-01-16 13:02:49 - app - INFO - 从内存获取实时日志: execution_id=44, 日志数量=8
2026-01-16 13:02:51 - app - INFO - 从内存获取实时日志: execution_id=44, 日志数量=8
2026-01-16 13:02:53 - app - INFO - 从内存获取实时日志: execution_id=44, 日志数量=8
2026-01-16 13:02:54 - app - INFO - 从内存获取实时日志: execution_id=44, 日志数量=8
2026-01-16 13:02:56 - app - INFO - 从内存获取实时日志: execution_id=44, 日志数量=8
2026-01-16 13:02:58 - app - INFO - 从内存获取实时日志: execution_id=44, 日志数量=8
2026-01-16 13:03:00 - app - INFO - 从内存获取实时日志: execution_id=44, 日志数量=8
2026-01-16 13:03:02 - app - INFO - 从内存获取实时日志: execution_id=44, 日志数量=8
2026-01-16 13:03:05 - app - INFO - 从内存获取实时日志: execution_id=44, 日志数量=8
2026-01-16 13:03:07 - app - INFO - 从内存获取实时日志: execution_id=44, 日志数量=8
2026-01-16 13:03:09 - app - INFO - 从内存获取实时日志: execution_id=44, 日志数量=8
2026-01-16 13:03:11 - app - INFO - 从内存获取实时日志: execution_id=44, 日志数量=8
2026-01-16 13:03:13 - app - INFO - 从内存获取实时日志: execution_id=44, 日志数量=8
2026-01-16 13:03:15 - app - INFO - 从内存获取实时日志: execution_id=44, 日志数量=8
2026-01-16 13:03:17 - app - INFO - 从内存获取实时日志: execution_id=44, 日志数量=8
2026-01-16 13:03:19 - app - INFO - 从内存获取实时日志: execution_id=44, 日志数量=8
2026-01-16 13:03:21 - app - INFO - 从内存获取实时日志: execution_id=44, 日志数量=8
2026-01-16 13:03:23 - app - INFO - 从内存获取实时日志: execution_id=44, 日志数量=8
2026-01-16 13:03:26 - app - INFO - 许可证管理器初始化完成,服务器: http://license.22l2.com
2026-01-16 13:03:26 - app - INFO - 初始化许可证管理器...
2026-01-16 13:03:27 - app - INFO - 解密密钥设置成功
2026-01-16 13:03:27 - app - INFO - 解密密钥获取成功
2026-01-16 13:03:27 - app - INFO - 解密密钥获取成功，配置已就绪
2026-01-16 13:03:27 - app - INFO - 配置解密成功
2026-01-16 13:03:27 - app - INFO - 夸克API配置加载成功
2026-01-16 13:03:27 - app - INFO - 夸克API配置加载完成
2026-01-16 13:03:27 - app - INFO - 检查数据库...
2026-01-16 13:03:27 - app - INFO - 数据库检查完成
2026-01-16 13:03:27 - app - INFO - 检查数据库迁移...
2026-01-16 13:03:27 - app - INFO - 数据库迁移检查完成
2026-01-16 13:03:27 - app - INFO - 清理异常中断的任务状态...
2026-01-16 13:03:27 - app - INFO - 已清理 1 个异常中断的任务
2026-01-16 13:03:27 - app - INFO - 升级管理器初始化完成
2026-01-16 13:03:27 - app - INFO - Flask应用创建成功
2026-01-16 13:03:27 - app - INFO - 静态文件目录: C:\Data\夸克转存\client\frontend
2026-01-16 13:03:27 - app - INFO - 启动任务调度服务...
2026-01-16 13:03:27 - app - INFO - 检查被中断的影视下载任务...
2026-01-16 13:03:27 - app - INFO - 没有需要恢复的影视下载任务
2026-01-16 13:03:27 - app - INFO - 账期生成循环已启动
2026-01-16 13:03:27 - app - INFO - 账期生成线程已启动
2026-01-16 13:03:27 - app - INFO - 开始生成 2026-01-16 的任务账期
2026-01-16 13:03:27 - app - INFO - 任务执行循环已启动
2026-01-16 13:03:27 - app - INFO - 任务执行线程已启动
2026-01-16 13:03:27 - app - INFO - 跳过一次性执行任务: 测试
2026-01-16 13:03:27 - app - INFO - 日志清理循环已启动
2026-01-16 13:03:27 - app - INFO - 日志清理线程已启动
2026-01-16 13:03:27 - app - INFO - 跳过一次性执行任务: 测试谢谢谢谢
2026-01-16 13:03:27 - app - INFO - 下次日志清理时间: 2026-01-17 02:00:00
2026-01-16 13:03:27 - app - INFO - 启动Flask服务: http://0.0.0.0:8520
2026-01-16 13:03:27 - app - INFO - 跳过一次性执行任务: 测试189
2026-01-16 13:03:27 - app - INFO - 跳过一次性执行任务: 小城大事
2026-01-16 13:03:27 - app - INFO - ✅ 生成完成，共创建 0 条待执行记录
2026-01-16 13:03:27 - app - INFO - 下次生成账期时间: 2026-01-17 00:00:00, 等待 39392 秒
2026-01-16 13:03:44 - app - INFO - 许可证管理器初始化完成,服务器: http://license.22l2.com
2026-01-16 13:03:44 - app - INFO - 初始化许可证管理器...
2026-01-16 13:03:45 - app - INFO - 解密密钥设置成功
2026-01-16 13:03:45 - app - INFO - 解密密钥获取成功
2026-01-16 13:03:45 - app - INFO - 解密密钥获取成功，配置已就绪
2026-01-16 13:03:45 - app - INFO - 配置解密成功
2026-01-16 13:03:45 - app - INFO - 夸克API配置加载成功
2026-01-16 13:03:45 - app - INFO - 夸克API配置加载完成
2026-01-16 13:03:45 - app - INFO - 检查数据库...
2026-01-16 13:03:45 - app - INFO - 数据库检查完成
2026-01-16 13:03:45 - app - INFO - 检查数据库迁移...
2026-01-16 13:03:45 - app - INFO - 数据库迁移检查完成
2026-01-16 13:03:45 - app - INFO - 清理异常中断的任务状态...
2026-01-16 13:03:45 - app - INFO - 升级管理器初始化完成
2026-01-16 13:03:45 - app - INFO - Flask应用创建成功
2026-01-16 13:03:45 - app - INFO - 静态文件目录: C:\Data\夸克转存\client\frontend
2026-01-16 13:03:45 - app - INFO - 启动任务调度服务...
2026-01-16 13:03:45 - app - INFO - 检查被中断的影视下载任务...
2026-01-16 13:03:45 - app - INFO - 没有需要恢复的影视下载任务
2026-01-16 13:03:45 - app - INFO - 账期生成循环已启动
2026-01-16 13:03:45 - app - INFO - 账期生成线程已启动
2026-01-16 13:03:45 - app - INFO - 开始生成 2026-01-16 的任务账期
2026-01-16 13:03:45 - app - INFO - 任务执行循环已启动
2026-01-16 13:03:45 - app - INFO - 任务执行线程已启动
2026-01-16 13:03:45 - app - INFO - 日志清理循环已启动
2026-01-16 13:03:45 - app - INFO - 日志清理线程已启动
2026-01-16 13:03:45 - app - INFO - 下次日志清理时间: 2026-01-17 02:00:00
2026-01-16 13:03:45 - app - INFO - 跳过一次性执行任务: 测试
2026-01-16 13:03:45 - app - INFO - 启动Flask服务: http://0.0.0.0:8520
2026-01-16 13:03:45 - app - INFO - 跳过一次性执行任务: 测试谢谢谢谢
2026-01-16 13:03:45 - app - INFO - 跳过一次性执行任务: 测试189
2026-01-16 13:03:45 - app - INFO - 跳过一次性执行任务: 小城大事
2026-01-16 13:03:45 - app - INFO - ✅ 生成完成，共创建 0 条待执行记录
2026-01-16 13:03:45 - app - INFO - 下次生成账期时间: 2026-01-17 00:00:00, 等待 39375 秒
2026-01-16 13:04:00 - app - INFO - 许可证管理器初始化完成,服务器: http://license.22l2.com
2026-01-16 13:04:00 - app - INFO - 初始化许可证管理器...
2026-01-16 13:04:01 - app - INFO - 解密密钥设置成功
2026-01-16 13:04:01 - app - INFO - 解密密钥获取成功
2026-01-16 13:04:01 - app - INFO - 解密密钥获取成功，配置已就绪
2026-01-16 13:04:01 - app - INFO - 配置解密成功
2026-01-16 13:04:01 - app - INFO - 夸克API配置加载成功
2026-01-16 13:04:01 - app - INFO - 夸克API配置加载完成
2026-01-16 13:04:01 - app - INFO - 检查数据库...
2026-01-16 13:04:01 - app - INFO - 数据库检查完成
2026-01-16 13:04:01 - app - INFO - 检查数据库迁移...
2026-01-16 13:04:01 - app - INFO - 数据库迁移检查完成
2026-01-16 13:04:01 - app - INFO - 清理异常中断的任务状态...
2026-01-16 13:04:01 - app - INFO - 升级管理器初始化完成
2026-01-16 13:04:01 - app - INFO - Flask应用创建成功
2026-01-16 13:04:01 - app - INFO - 静态文件目录: C:\Data\夸克转存\client\frontend
2026-01-16 13:04:01 - app - INFO - 启动任务调度服务...
2026-01-16 13:04:01 - app - INFO - 检查被中断的影视下载任务...
2026-01-16 13:04:01 - app - INFO - 没有需要恢复的影视下载任务
2026-01-16 13:04:01 - app - INFO - 账期生成循环已启动
2026-01-16 13:04:01 - app - INFO - 账期生成线程已启动
2026-01-16 13:04:01 - app - INFO - 开始生成 2026-01-16 的任务账期
2026-01-16 13:04:01 - app - INFO - 跳过一次性执行任务: 测试
2026-01-16 13:04:01 - app - INFO - 跳过一次性执行任务: 测试谢谢谢谢
2026-01-16 13:04:01 - app - INFO - 跳过一次性执行任务: 测试189
2026-01-16 13:04:01 - app - INFO - 跳过一次性执行任务: 小城大事
2026-01-16 13:04:01 - app - INFO - 任务执行循环已启动
2026-01-16 13:04:01 - app - INFO - ✅ 生成完成，共创建 0 条待执行记录
2026-01-16 13:04:01 - app - INFO - 任务执行线程已启动
2026-01-16 13:04:01 - app - INFO - 下次生成账期时间: 2026-01-17 00:00:00, 等待 39358 秒
2026-01-16 13:04:01 - app - INFO - 日志清理循环已启动
2026-01-16 13:04:01 - app - INFO - 日志清理线程已启动
2026-01-16 13:04:01 - app - INFO - 下次日志清理时间: 2026-01-17 02:00:00
2026-01-16 13:04:01 - app - INFO - 启动Flask服务: http://0.0.0.0:8520
2026-01-16 13:04:14 - app - INFO - 许可证管理器初始化完成,服务器: http://license.22l2.com
2026-01-16 13:04:14 - app - INFO - 初始化许可证管理器...
2026-01-16 13:04:15 - app - INFO - 解密密钥设置成功
2026-01-16 13:04:15 - app - INFO - 解密密钥获取成功
2026-01-16 13:04:15 - app - INFO - 解密密钥获取成功，配置已就绪
2026-01-16 13:04:15 - app - INFO - 配置解密成功
2026-01-16 13:04:15 - app - INFO - 夸克API配置加载成功
2026-01-16 13:04:15 - app - INFO - 夸克API配置加载完成
2026-01-16 13:04:15 - app - INFO - 检查数据库...
2026-01-16 13:04:15 - app - INFO - 数据库检查完成
2026-01-16 13:04:15 - app - INFO - 检查数据库迁移...
2026-01-16 13:04:15 - app - INFO - 数据库迁移检查完成
2026-01-16 13:04:15 - app - INFO - 清理异常中断的任务状态...
2026-01-16 13:04:15 - app - INFO - 升级管理器初始化完成
2026-01-16 13:04:15 - app - INFO - Flask应用创建成功
2026-01-16 13:04:15 - app - INFO - 静态文件目录: C:\Data\夸克转存\client\frontend
2026-01-16 13:04:15 - app - INFO - 启动任务调度服务...
2026-01-16 13:04:15 - app - INFO - 检查被中断的影视下载任务...
2026-01-16 13:04:15 - app - INFO - 没有需要恢复的影视下载任务
2026-01-16 13:04:15 - app - INFO - 账期生成循环已启动
2026-01-16 13:04:15 - app - INFO - 账期生成线程已启动
2026-01-16 13:04:15 - app - INFO - 开始生成 2026-01-16 的任务账期
2026-01-16 13:04:15 - app - INFO - 任务执行循环已启动
2026-01-16 13:04:15 - app - INFO - 任务执行线程已启动
2026-01-16 13:04:15 - app - INFO - 日志清理循环已启动
2026-01-16 13:04:15 - app - INFO - 日志清理线程已启动
2026-01-16 13:04:15 - app - INFO - 下次日志清理时间: 2026-01-17 02:00:00
2026-01-16 13:04:15 - app - INFO - 启动Flask服务: http://0.0.0.0:8520
2026-01-16 13:04:15 - app - INFO - 跳过一次性执行任务: 测试
2026-01-16 13:04:15 - app - INFO - 跳过一次性执行任务: 测试谢谢谢谢
2026-01-16 13:04:15 - app - INFO - 跳过一次性执行任务: 测试189
2026-01-16 13:04:15 - app - INFO - 跳过一次性执行任务: 小城大事
2026-01-16 13:04:15 - app - INFO - ✅ 生成完成，共创建 0 条待执行记录
2026-01-16 13:04:15 - app - INFO - 下次生成账期时间: 2026-01-17 00:00:00, 等待 39344 秒
2026-01-16 13:04:26 - app - INFO - 准备重做任务: 测试189 (download)
2026-01-16 13:04:26 - app - INFO - 已删除任务 测试189 的历史记录
2026-01-16 13:04:26 - app - INFO - 已清除下载任务 2 的状态
2026-01-16 13:04:26 - app - INFO - [TaskExecutor] start_task 被调用: task_id=2, execution_id=None, schedule_period=None
2026-01-16 13:04:26 - app - INFO - [TaskExecutor] 任务 2 状态已初始化到 _running_tasks
2026-01-16 13:04:26 - app - INFO - [TaskExecutor] _execute_task 线程开始执行: task_id=2
2026-01-16 13:04:26 - app - INFO - [TaskExecutor] 任务 2 执行线程已启动
2026-01-16 13:04:26 - app - INFO - [TaskExecutor] 从_running_tasks获取: execution_id=None, schedule_period=None
2026-01-16 13:04:26 - app - INFO - [TaskExecutor] 开始获取任务信息: task_id=2
2026-01-16 13:04:26 - app - INFO - [TaskExecutor] 任务信息获取成功: 测试189
2026-01-16 13:04:26 - app - INFO - [TaskExecutor] 开始创建执行历史记录
2026-01-16 13:04:26 - app - INFO - [TaskExecutor] 执行历史记录创建成功: execution_id=45
2026-01-16 13:04:26 - app - INFO - [TaskExecutor] execution_id已更新到_running_tasks
2026-01-16 13:04:26 - app - INFO - [TaskExecutor] 开始记录日志
2026-01-16 13:04:26 - app - INFO - [下载任务2] 任务已启动，正在初始化...
2026-01-16 13:04:26 - app - INFO - [下载任务2] 执行历史记录ID: 45
2026-01-16 13:04:26 - app - INFO - [下载任务2] 开始执行任务: 测试189
2026-01-16 13:04:26 - app - INFO - [下载任务2] 使用账号: 天意
2026-01-16 13:04:26 - app - INFO - [下载任务2] 网盘目录: /测试
2026-01-16 13:04:26 - app - INFO - [下载任务2] 本地目录: C:\Data\下载
2026-01-16 13:04:26 - app - INFO - [下载任务2] 云盘类型: cloud189
2026-01-16 13:04:27 - app - INFO - 已设置 1 个Cookie字段
2026-01-16 13:04:27 - app - INFO - [下载任务2] 正在获取文件列表...
2026-01-16 13:04:27 - app - INFO - [下载任务2] 解析路径: 测试
2026-01-16 13:04:27 - app - INFO - 189获取文件列表请求: folder_id=-11, page=1, size=100
2026-01-16 13:04:27 - app - INFO - 从内存获取实时日志: execution_id=45, 日志数量=9
2026-01-16 13:04:29 - app - INFO - 从内存获取实时日志: execution_id=45, 日志数量=9
2026-01-16 13:04:34 - app - INFO - 已设置 1 个Cookie字段
2026-01-16 13:04:34 - app - INFO - 189获取文件列表请求: folder_id=-11, page=1, size=50
2026-01-16 13:04:38 - app - INFO - 189文件列表响应状态码: 200
2026-01-16 13:04:38 - app - INFO - 189文件列表获取成功: 文件夹11个, 文件2个
2026-01-16 13:04:38 - app - INFO - [下载任务2] 开始递归扫描文件...
2026-01-16 13:04:38 - app - INFO - 189获取文件列表请求: folder_id=323911228907722297, page=1, size=100
2026-01-16 13:04:38 - app - INFO - 189文件列表响应状态码: 200
2026-01-16 13:04:38 - app - INFO - 189文件列表获取成功: 文件夹11个, 文件2个
2026-01-16 13:04:38 - app - INFO - 已设置 1 个Cookie字段
2026-01-16 13:04:38 - app - INFO - 189文件列表响应状态码: 200
2026-01-16 13:04:38 - app - INFO - 189获取文件列表请求: folder_id=-11, page=1, size=50
2026-01-16 13:04:38 - app - INFO - 189文件列表获取成功: 文件夹1个, 文件0个
2026-01-16 13:04:38 - app - INFO - [下载任务2] 正在扫描文件夹: 123
2026-01-16 13:04:38 - app - INFO - 189获取文件列表请求: folder_id=223151229822520199, page=1, size=100
2026-01-16 13:04:38 - app - INFO - 189文件列表响应状态码: 200
2026-01-16 13:04:38 - app - INFO - 189文件列表获取成功: 文件夹1个, 文件1个
2026-01-16 13:04:38 - app - INFO - [下载任务2] 正在扫描文件夹: 123/Season 1
2026-01-16 13:04:38 - app - INFO - 189获取文件列表请求: folder_id=923263229867776282, page=1, size=100
2026-01-16 13:04:38 - app - INFO - 189文件列表响应状态码: 200
2026-01-16 13:04:38 - app - INFO - 189文件列表获取成功: 文件夹11个, 文件2个
2026-01-16 13:04:38 - app - INFO - 189文件列表响应状态码: 200
2026-01-16 13:04:38 - app - INFO - 189文件列表获取成功: 文件夹0个, 文件1个
2026-01-16 13:04:38 - app - INFO - [下载任务2] 递归扫描完成，共找到 2 个文件
2026-01-16 13:04:38 - app - INFO - [下载任务2] 准备下载 2 个文件
2026-01-16 13:04:38 - app - INFO - [下载任务2] [1/2] 正在下载: 123/Season 1/Delinquent.to.Doctor.S01E01.S01E01.2026.1080p.friDay.WEB-DL.H264.AAC.mkv (4883.65 MB)
2026-01-16 13:04:38 - app - INFO - 189下载链接响应: status=400
2026-01-16 13:04:38 - app - INFO - 文件 623263229867776285 太大,尝试使用备用API...
2026-01-16 13:04:38 - app - INFO - 189备用API响应: status=200
2026-01-16 13:04:38 - app - INFO - 189备用API结果: {'res_code': 0, 'res_message': '成功', 'normal': {'code': 1, 'message': 'normal', 'url': 'https://download.cloud.189.cn/file/downloadFile.action?dt=51&expired=1768551923572&play=1&sk=a71a498c-3f26-4370-ba80-5dc88c74c675&ufi=623263229867776285&zyc=180&token=cloud15&sig=7c0avR78dQn9QIw3gDGJQFhQSY8%3D', 'videoKbps': 0}}
2026-01-16 13:04:38 - app - INFO - 使用备用API成功获取文件 623263229867776285 的下载链接
2026-01-16 13:04:38 - app - INFO - [下载任务2] [1/2] 天翼云盘使用单线程下载(防止403限制)
2026-01-16 13:04:38 - app - INFO - [下载任务2]    开始请求下载链接...
2026-01-16 13:04:39 - app - INFO - [下载任务2]    连接成功，开始下载...
2026-01-16 13:04:51 - app - INFO - 更新转存任务成功: ID 2
2026-01-16 13:04:57 - app - INFO - [下载任务2]    进度: 10.00 MB/4.77 GB (0.2%), 速度: 582.40 KB/s
2026-01-16 13:05:08 - app - INFO - [execute_task] 开始执行任务: task_id=2
2026-01-16 13:05:08 - app - INFO - [任务2] 开始执行任务: 测试谢谢谢谢
2026-01-16 13:05:08 - app - INFO - [任务2] 使用账号: 天意
2026-01-16 13:05:08 - app - INFO - [任务2] 目标路径: /测试
2026-01-16 13:05:08 - app - INFO - [任务2] 云盘类型: cloud189
2026-01-16 13:05:08 - app - INFO - 已设置 1 个Cookie字段
2026-01-16 13:05:08 - app - INFO - [任务2] 共有 1 个分享链接待处理
2026-01-16 13:05:08 - app - INFO - [任务2] [1/1] 正在处理: https://h5.cloud.189.cn/share.html#/t/JV3Y3mZreqmi...
2026-01-16 13:05:08 - app - INFO - [任务2] [1/1] 跳过异常链接
2026-01-16 13:05:08 - app - INFO - [任务2] 任务执行完成！成功: 0, 失败: 1, 文件数: 0
2026-01-16 13:05:14 - app - INFO - [下载任务2]    进度: 20.00 MB/4.77 GB (0.4%), 速度: 588.47 KB/s
2026-01-16 13:05:30 - app - INFO - [下载任务2]    进度: 30.00 MB/4.77 GB (0.6%), 速度: 608.04 KB/s
2026-01-16 13:05:47 - app - INFO - [下载任务2]    进度: 40.00 MB/4.77 GB (0.8%), 速度: 602.79 KB/s
2026-01-16 13:06:04 - app - INFO - [下载任务2]    进度: 50.00 MB/4.77 GB (1.0%), 速度: 602.44 KB/s
2026-01-16 13:06:22 - app - INFO - [下载任务2]    进度: 60.00 MB/4.77 GB (1.2%), 速度: 596.51 KB/s
2026-01-16 13:06:38 - app - INFO - [下载任务2]    进度: 70.00 MB/4.77 GB (1.4%), 速度: 601.69 KB/s
2026-01-16 13:06:57 - app - INFO - [下载任务2]    进度: 80.00 MB/4.77 GB (1.6%), 速度: 595.87 KB/s
2026-01-16 13:07:12 - app - INFO - [下载任务2]    进度: 90.00 MB/4.77 GB (1.8%), 速度: 602.69 KB/s
2026-01-16 13:07:14 - app - INFO - 许可证管理器初始化完成,服务器: http://license.22l2.com
2026-01-16 13:07:14 - app - INFO - 初始化许可证管理器...
2026-01-16 13:07:15 - app - INFO - 解密密钥设置成功
2026-01-16 13:07:15 - app - INFO - 解密密钥获取成功
2026-01-16 13:07:15 - app - INFO - 解密密钥获取成功，配置已就绪
2026-01-16 13:07:15 - app - INFO - 配置解密成功
2026-01-16 13:07:15 - app - INFO - 夸克API配置加载成功
2026-01-16 13:07:15 - app - INFO - 夸克API配置加载完成
2026-01-16 13:07:15 - app - INFO - 检查数据库...
2026-01-16 13:07:15 - app - INFO - 数据库检查完成
2026-01-16 13:07:15 - app - INFO - 检查数据库迁移...
2026-01-16 13:07:15 - app - INFO - 数据库迁移检查完成
2026-01-16 13:07:15 - app - INFO - 清理异常中断的任务状态...
2026-01-16 13:07:15 - app - INFO - 已清理 1 个异常中断的任务
2026-01-16 13:07:16 - app - INFO - 升级管理器初始化完成
2026-01-16 13:07:16 - app - INFO - Flask应用创建成功
2026-01-16 13:07:16 - app - INFO - 静态文件目录: C:\Data\夸克转存\client\frontend
2026-01-16 13:07:16 - app - INFO - 启动任务调度服务...
2026-01-16 13:07:16 - app - INFO - 检查被中断的影视下载任务...
2026-01-16 13:07:16 - app - INFO - 没有需要恢复的影视下载任务
2026-01-16 13:07:16 - app - INFO - 账期生成循环已启动
2026-01-16 13:07:16 - app - INFO - 账期生成线程已启动
2026-01-16 13:07:16 - app - INFO - 开始生成 2026-01-16 的任务账期
2026-01-16 13:07:16 - app - INFO - 跳过一次性执行任务: 测试
2026-01-16 13:07:16 - app - INFO - 任务执行循环已启动
2026-01-16 13:07:16 - app - INFO - 任务执行线程已启动
2026-01-16 13:07:16 - app - INFO - 跳过一次性执行任务: 测试谢谢谢谢
2026-01-16 13:07:16 - app - INFO - 跳过一次性执行任务: 测试189
2026-01-16 13:07:16 - app - INFO - 跳过一次性执行任务: 小城大事
2026-01-16 13:07:16 - app - INFO - ✅ 生成完成，共创建 0 条待执行记录
2026-01-16 13:07:16 - app - INFO - 下次生成账期时间: 2026-01-17 00:00:00, 等待 39164 秒
2026-01-16 13:07:16 - app - INFO - 日志清理循环已启动
2026-01-16 13:07:16 - app - INFO - 日志清理线程已启动
2026-01-16 13:07:16 - app - INFO - 下次日志清理时间: 2026-01-17 02:00:00
2026-01-16 13:07:16 - app - INFO - 启动Flask服务: http://0.0.0.0:8520
2026-01-16 13:07:48 - app - INFO - 已设置 1 个Cookie字段
2026-01-16 13:07:48 - app - INFO - 解析天翼分享链接: url=https://h5.cloud.189.cn/share.html#/t/JV3Y3mZreqmi, share_code=JV3Y3mZreqmi, access_code=
2026-01-16 13:08:15 - app - INFO - 已设置 1 个Cookie字段
2026-01-16 13:08:15 - app - INFO - 解析天翼分享链接: url=https://h5.cloud.189.cn/share.html#/t/JV3Y3mZreqmi, share_code=JV3Y3mZreqmi, access_code=
2026-01-16 13:09:49 - app - ERROR - 解密密钥未设置
2026-01-16 13:09:49 - app - WARNING - 配置解密失败,返回空配置
2026-01-16 13:09:49 - app - ERROR - 天翼云盘配置不完整
2026-01-16 13:10:32 - app - INFO - 许可证管理器初始化完成,服务器: http://license.22l2.com
2026-01-16 13:10:32 - app - INFO - 初始化许可证管理器...
2026-01-16 13:10:33 - app - INFO - 解密密钥设置成功
2026-01-16 13:10:33 - app - INFO - 解密密钥获取成功
2026-01-16 13:10:33 - app - INFO - 解密密钥获取成功，配置已就绪
2026-01-16 13:10:33 - app - INFO - 配置解密成功
2026-01-16 13:10:33 - app - INFO - 夸克API配置加载成功
2026-01-16 13:10:33 - app - INFO - 夸克API配置加载完成
2026-01-16 13:10:33 - app - INFO - 检查数据库...
2026-01-16 13:10:33 - app - INFO - 数据库检查完成
2026-01-16 13:10:33 - app - INFO - 检查数据库迁移...
2026-01-16 13:10:33 - app - INFO - 数据库迁移检查完成
2026-01-16 13:10:33 - app - INFO - 清理异常中断的任务状态...
2026-01-16 13:10:33 - app - INFO - 升级管理器初始化完成
2026-01-16 13:10:33 - app - INFO - Flask应用创建成功
2026-01-16 13:10:33 - app - INFO - 静态文件目录: C:\Data\夸克转存\client\frontend
2026-01-16 13:10:33 - app - INFO - 启动任务调度服务...
2026-01-16 13:10:33 - app - INFO - 检查被中断的影视下载任务...
2026-01-16 13:10:33 - app - INFO - 没有需要恢复的影视下载任务
2026-01-16 13:10:33 - app - INFO - 账期生成循环已启动
2026-01-16 13:10:33 - app - INFO - 账期生成线程已启动
2026-01-16 13:10:33 - app - INFO - 开始生成 2026-01-16 的任务账期
2026-01-16 13:10:33 - app - INFO - 任务执行循环已启动
2026-01-16 13:10:33 - app - INFO - 任务执行线程已启动
2026-01-16 13:10:33 - app - INFO - 日志清理循环已启动
2026-01-16 13:10:33 - app - INFO - 日志清理线程已启动
2026-01-16 13:10:33 - app - INFO - 下次日志清理时间: 2026-01-17 02:00:00
2026-01-16 13:10:33 - app - INFO - 跳过一次性执行任务: 测试
2026-01-16 13:10:33 - app - INFO - 启动Flask服务: http://0.0.0.0:8520
2026-01-16 13:10:33 - app - INFO - 跳过一次性执行任务: 测试谢谢谢谢
2026-01-16 13:10:33 - app - INFO - 跳过一次性执行任务: 测试189
2026-01-16 13:10:33 - app - INFO - 跳过一次性执行任务: 小城大事
2026-01-16 13:10:33 - app - INFO - ✅ 生成完成，共创建 0 条待执行记录
2026-01-16 13:10:33 - app - INFO - 下次生成账期时间: 2026-01-17 00:00:00, 等待 38967 秒
2026-01-16 13:10:52 - app - INFO - 已设置 1 个Cookie字段
2026-01-16 13:10:52 - app - INFO - 解析天翼分享链接: url=https://h5.cloud.189.cn/share.html#/t/JV3Y3mZreqmi, share_code=JV3Y3mZreqmi, access_code=
2026-01-16 13:12:50 - app - INFO - 许可证管理器初始化完成,服务器: http://license.22l2.com
2026-01-16 13:12:50 - app - INFO - 初始化许可证管理器...
2026-01-16 13:12:51 - app - INFO - 解密密钥设置成功
2026-01-16 13:12:51 - app - INFO - 解密密钥获取成功
2026-01-16 13:12:51 - app - INFO - 解密密钥获取成功，配置已就绪
2026-01-16 13:12:51 - app - INFO - 配置解密成功
2026-01-16 13:12:51 - app - INFO - 夸克API配置加载成功
2026-01-16 13:12:51 - app - INFO - 夸克API配置加载完成
2026-01-16 13:12:51 - app - INFO - 检查数据库...
2026-01-16 13:12:51 - app - INFO - 数据库检查完成
2026-01-16 13:12:51 - app - INFO - 检查数据库迁移...
2026-01-16 13:12:51 - app - INFO - 数据库迁移检查完成
2026-01-16 13:12:51 - app - INFO - 清理异常中断的任务状态...
2026-01-16 13:12:51 - app - INFO - 升级管理器初始化完成
2026-01-16 13:12:51 - app - INFO - Flask应用创建成功
2026-01-16 13:12:51 - app - INFO - 静态文件目录: C:\Data\夸克转存\client\frontend
2026-01-16 13:12:51 - app - INFO - 启动任务调度服务...
2026-01-16 13:12:51 - app - INFO - 检查被中断的影视下载任务...
2026-01-16 13:12:51 - app - INFO - 没有需要恢复的影视下载任务
2026-01-16 13:12:51 - app - INFO - 账期生成循环已启动
2026-01-16 13:12:51 - app - INFO - 账期生成线程已启动
2026-01-16 13:12:52 - app - INFO - 开始生成 2026-01-16 的任务账期
2026-01-16 13:12:52 - app - INFO - 任务执行循环已启动
2026-01-16 13:12:52 - app - INFO - 任务执行线程已启动
2026-01-16 13:12:52 - app - INFO - 跳过一次性执行任务: 测试
2026-01-16 13:12:52 - app - INFO - 日志清理循环已启动
2026-01-16 13:12:52 - app - INFO - 日志清理线程已启动
2026-01-16 13:12:52 - app - INFO - 跳过一次性执行任务: 测试谢谢谢谢
2026-01-16 13:12:52 - app - INFO - 下次日志清理时间: 2026-01-17 02:00:00
2026-01-16 13:12:52 - app - INFO - 启动Flask服务: http://0.0.0.0:8520
2026-01-16 13:12:52 - app - INFO - 跳过一次性执行任务: 测试189
2026-01-16 13:12:52 - app - INFO - 跳过一次性执行任务: 小城大事
2026-01-16 13:12:52 - app - INFO - ✅ 生成完成，共创建 0 条待执行记录
2026-01-16 13:12:52 - app - INFO - 下次生成账期时间: 2026-01-17 00:00:00, 等待 38828 秒
2026-01-16 13:13:00 - app - INFO - 已设置 1 个Cookie字段
2026-01-16 13:13:00 - app - INFO - 解析天翼分享链接: url=https://h5.cloud.189.cn/share.html#/t/JV3Y3mZreqmi, share_code=JV3Y3mZreqmi, access_code=
2026-01-16 13:13:12 - app - INFO - 已设置 1 个Cookie字段
2026-01-16 13:13:12 - app - INFO - 列出分享目录请求: {'shareId': 12547119517682, 'isFolder': 'true', 'shareMode': 3, 'orderBy': 'lastOpTime', 'descending': 'true', 'pageNum': 1, 'pageSize': 1000, 'fileId': '323421229629570696'}
2026-01-16 13:13:12 - app - INFO - 解析天翼分享链接: url=https://h5.cloud.189.cn/share.html#/t/JV3Y3mZreqmi, share_code=JV3Y3mZreqmi, access_code=
2026-01-16 13:13:12 - app - INFO - 列出分享目录响应: {'res_code': 0, 'res_message': '成功', 'expireTime': 0, 'expireType': 0, 'fileListAO': {'count': 2, 'fileList': [{'createDate': '2026-01-15 00:12:04', 'fileCata': 1, 'id': 525233229659568152, 'lastOpTime': '2026-01-15 00:12:04', 'md5': '2DB96647BD5C3C356863B1685A4734E8', 'mediaType': 4, 'name': '雷鲸小站3.txt', 'rev': '20260115001204', 'size': 204, 'starLabel': 2}], 'fileListSize': 1, 'folderList': [{'createDate': '2026-01-15 00:02:36', 'fileCata': 1, 'fileListSize': 0, 'id': 924631229621493439, 'lastOpTime': '2026-01-15 00:29:11', 'name': 'Season 1', 'parentId': 323421229629570696, 'rev': '20260115002911', 'starLabel': 2}]}, 'lastRev': 20260116131356}
2026-01-16 13:13:12 - app - INFO - 列出分享目录请求: {'shareId': 12547119517682, 'isFolder': 'true', 'shareMode': 3, 'orderBy': 'lastOpTime', 'descending': 'true', 'pageNum': 1, 'pageSize': 1000, 'fileId': '323421229629570696'}
2026-01-16 13:13:12 - app - INFO - 列出分享目录响应: {'res_code': 0, 'res_message': '成功', 'expireTime': 0, 'expireType': 0, 'fileListAO': {'count': 2, 'fileList': [{'createDate': '2026-01-15 00:12:04', 'fileCata': 1, 'id': 525233229659568152, 'lastOpTime': '2026-01-15 00:12:04', 'md5': '2DB96647BD5C3C356863B1685A4734E8', 'mediaType': 4, 'name': '雷鲸小站3.txt', 'rev': '20260115001204', 'size': 204, 'starLabel': 2}], 'fileListSize': 1, 'folderList': [{'createDate': '2026-01-15 00:02:36', 'fileCata': 1, 'fileListSize': 0, 'id': 924631229621493439, 'lastOpTime': '2026-01-15 00:29:11', 'name': 'Season 1', 'parentId': 323421229629570696, 'rev': '20260115002911', 'starLabel': 2}]}, 'lastRev': 20260116131357}
2026-01-16 13:13:21 - app - INFO - [execute_task] 开始执行任务: task_id=2
2026-01-16 13:13:21 - app - INFO - [任务2] 开始执行任务: 测试谢谢谢谢
2026-01-16 13:13:21 - app - INFO - [任务2] 使用账号: 天意
2026-01-16 13:13:21 - app - INFO - [任务2] 目标路径: /测试
2026-01-16 13:13:21 - app - INFO - [任务2] 云盘类型: cloud189
2026-01-16 13:13:21 - app - INFO - 已设置 1 个Cookie字段
2026-01-16 13:13:21 - app - INFO - [任务2] 共有 1 个分享链接待处理
2026-01-16 13:13:21 - app - INFO - [任务2] [1/1] 正在处理: https://h5.cloud.189.cn/share.html#/t/JV3Y3mZreqmi...
2026-01-16 13:13:21 - app - INFO - [任务2] [1/1] 解析分享链接...
2026-01-16 13:13:21 - app - INFO - 解析天翼分享链接: url=https://h5.cloud.189.cn/share.html#/t/JV3Y3mZreqmi, share_code=JV3Y3mZreqmi, access_code=
2026-01-16 13:13:21 - app - INFO - [任务2] [1/1] 解析结果: share_code=JV3Y3mZreqmi
2026-01-16 13:13:21 - app - INFO - [任务2] [1/1] 开始转存...
2026-01-16 13:13:21 - app - INFO - [任务2] [1/1] 目标路径: /测试//123
2026-01-16 13:13:21 - app - INFO - 189云盘路径解析: path=测试//123, parts=['测试', '123']
2026-01-16 13:13:21 - app - INFO - 189获取文件列表请求: folder_id=-11, page=1, size=1000
2026-01-16 13:13:23 - app - INFO - 189文件列表响应状态码: 200
2026-01-16 13:13:23 - app - INFO - 189文件列表获取成功: 文件夹11个, 文件2个
2026-01-16 13:13:23 - app - INFO - 189云盘找到文件夹: 测试 -> 323911228907722297
2026-01-16 13:13:23 - app - INFO - 189获取文件列表请求: folder_id=323911228907722297, page=1, size=1000
2026-01-16 13:13:23 - app - INFO - 189文件列表响应状态码: 200
2026-01-16 13:13:23 - app - INFO - 189文件列表获取成功: 文件夹1个, 文件0个
2026-01-16 13:13:23 - app - INFO - 189云盘找到文件夹: 123 -> 223151229822520199
2026-01-16 13:13:23 - app - INFO - 189云盘目标文件夹ID: 223151229822520199
2026-01-16 13:13:23 - app - INFO - 调用save_share: url=https://h5.cloud.189.cn/share.html#/t/JV3Y3mZreqmi, target_folder_id=223151229822520199
2026-01-16 13:13:23 - app - INFO - [save_share] 开始执行: url=https://h5.cloud.189.cn/share.html#/t/JV3Y3mZreqmi, target_folder_id=223151229822520199
2026-01-16 13:13:23 - app - INFO - 解析天翼分享链接: url=https://h5.cloud.189.cn/share.html#/t/JV3Y3mZreqmi, share_code=JV3Y3mZreqmi, access_code=
2026-01-16 13:13:23 - app - INFO - 开始转存189分享: share_code=JV3Y3mZreqmi
2026-01-16 13:13:23 - app - INFO - 分享信息: shareId=12547119517682, shareMode=3, rootFileId=323421229629570696
2026-01-16 13:13:23 - app - INFO - 列出分享目录请求: {'shareId': 12547119517682, 'isFolder': 'true', 'shareMode': 3, 'orderBy': 'lastOpTime', 'descending': 'true', 'pageNum': 1, 'pageSize': 1000, 'fileId': '323421229629570696'}
2026-01-16 13:13:23 - app - INFO - 列出分享目录响应: {'res_code': 0, 'res_message': '成功', 'expireTime': 0, 'expireType': 0, 'fileListAO': {'count': 2, 'fileList': [{'createDate': '2026-01-15 00:12:04', 'fileCata': 1, 'id': 525233229659568152, 'lastOpTime': '2026-01-15 00:12:04', 'md5': '2DB96647BD5C3C356863B1685A4734E8', 'mediaType': 4, 'name': '雷鲸小站3.txt', 'rev': '20260115001204', 'size': 204, 'starLabel': 2}], 'fileListSize': 1, 'folderList': [{'createDate': '2026-01-15 00:02:36', 'fileCata': 1, 'fileListSize': 0, 'id': 924631229621493439, 'lastOpTime': '2026-01-15 00:29:11', 'name': 'Season 1', 'parentId': 323421229629570696, 'rev': '20260115002911', 'starLabel': 2}]}, 'lastRev': 20260116131408}
2026-01-16 13:13:23 - app - INFO - 准备转存 2 个文件/文件夹
2026-01-16 13:13:23 - app - INFO - 189转存任务参数: type=SHARE_SAVE, shareId=12547119517682, targetFolderId=223151229822520199, shareMode=3
2026-01-16 13:13:23 - app - INFO - 189转存文件列表: [{"fileId": "924631229621493439", "fileName": "Season 1", "isFolder": 1}, {"fileId": "525233229659568152", "fileName": "\u96f7\u9cb8\u5c0f\u7ad93.txt", "isFolder": 0}]
2026-01-16 13:13:23 - app - INFO - 创建批量任务请求: {'type': 'SHARE_SAVE', 'shareId': '12547119517682', 'taskInfos': '[{"fileId": "924631229621493439", "fileName": "Season 1", "isFolder": 1}, {"fileId": "525233229659568152", "fileName": "\\u96f7\\u9cb8\\u5c0f\\u7ad93.txt", "isFolder": 0}]', 'targetFolderId': '223151229822520199', 'shareMode': '3'}
2026-01-16 13:13:23 - app - INFO - 创建批量任务响应状态码: 200
2026-01-16 13:13:23 - app - INFO - 创建批量任务响应头: {'Server': 'openresty', 'Date': 'Fri, 16 Jan 2026 05:14:08 GMT', 'Content-Type': 'application/json;charset=UTF-8', 'Transfer-Encoding': 'chunked', 'Connection': 'keep-alive', 'Access-Control-Allow-Origin': 'https://cloud.189.cn', 'Access-Control-Allow-Credentials': 'true', 'Content-Encoding': 'gzip', 'X-Frame-Options': 'SAMEORIGN', 'HTTPS': '1'}
2026-01-16 13:13:23 - app - INFO - 创建批量任务响应内容: {"res_code": 0, "res_message": "成功","taskId":"202601161314087257"}

2026-01-16 13:13:23 - app - INFO - 创建批量任务结果: {'res_code': 0, 'res_message': '成功', 'taskId': '202601161314087257'}
2026-01-16 13:13:23 - app - INFO - 189转存任务创建成功: task_id=202601161314087257, 完整响应: {'res_code': 0, 'res_message': '成功', 'taskId': '202601161314087257'}
2026-01-16 13:13:25 - app - INFO - 189转存任务状态查询 [1/60]: {'res_code': 0, 'res_message': '成功', 'failedCount': 0, 'process': 0, 'skipCount': 0, 'subTaskCount': 2, 'successedCount': 0, 'taskId': '202601161314087257', 'taskStatus': 2}
2026-01-16 13:13:25 - app - INFO - 任务状态: 2, errorCode: 
2026-01-16 13:13:25 - app - WARNING - 189转存任务冲突: task_id=202601161314087257
2026-01-16 13:13:26 - app - INFO - save_share返回: {'success': False, 'message': '处理冲突失败'}
2026-01-16 13:13:26 - app - INFO - [任务2] [1/1] 转存失败: 处理冲突失败
2026-01-16 13:13:26 - app - INFO - [任务2] 任务执行完成！成功: 0, 失败: 1, 文件数: 0
2026-01-16 13:14:00 - app - INFO - 检查登录状态, session内容: {'_permanent': True, 'user_id': 1, 'username': 'admin'}, cookies: ImmutableMultiDict([('session', 'eyJfcGVybWFuZW50Ijp0cnVlLCJ1c2VyX2lkIjoxLCJ1c2VybmFtZSI6ImFkbWluIn0.aWnI9g.3HHmBEkGjVdd7Uh3RU5hSpm9bas')])
2026-01-16 13:14:00 - app - INFO - 检查登录状态, session内容: {'_permanent': True, 'user_id': 1, 'username': 'admin'}, cookies: ImmutableMultiDict([('session', 'eyJfcGVybWFuZW50Ijp0cnVlLCJ1c2VyX2lkIjoxLCJ1c2VybmFtZSI6ImFkbWluIn0.aWnJGA.jTh77sneUpuxur1vcn3jkV9gRvo')])
2026-01-16 13:14:03 - app - INFO - 检查更新: 当前版本 2.1.4
2026-01-16 13:14:04 - app - INFO - 已设置 1 个Cookie字段
2026-01-16 13:14:04 - app - INFO - 189获取文件列表请求: folder_id=-11, page=1, size=50
2026-01-16 13:14:11 - app - INFO - 189文件列表响应状态码: 200
2026-01-16 13:14:11 - app - INFO - 189文件列表获取成功: 文件夹11个, 文件2个
2026-01-16 13:14:13 - app - INFO - 检查更新成功: {'has_update': False, 'message': '当前已是最新版本'}
2026-01-16 13:14:17 - app - INFO - 已设置 1 个Cookie字段
2026-01-16 13:14:17 - app - INFO - 189获取文件列表请求: folder_id=323911228907722297, page=1, size=50
2026-01-16 13:14:22 - app - INFO - 189文件列表响应状态码: 200
2026-01-16 13:14:22 - app - INFO - 189文件列表获取成功: 文件夹1个, 文件0个
2026-01-16 13:14:27 - app - INFO - 已设置 1 个Cookie字段
2026-01-16 13:14:27 - app - INFO - 189删除文件: file_ids=['223151229822520199'], file_infos=[{'name': '123', 'isFolder': True}]
2026-01-16 13:14:27 - app - INFO - 189删除请求数据: {'type': 'DELETE', 'targetFolderId': '', 'taskInfos': '[{"fileId": "223151229822520199", "fileName": "123", "isFolder": 1}]'}
2026-01-16 13:14:27 - app - INFO - 189删除响应状态码: 200
2026-01-16 13:14:27 - app - INFO - 189删除响应内容: {"res_code": 0, "res_message": "成功","taskId":"202601161315125109"}

2026-01-16 13:14:27 - app - INFO - 189删除响应: {'res_code': 0, 'res_message': '成功', 'taskId': '202601161315125109'}
2026-01-16 13:14:28 - app - INFO - 删除操作返回: {'code': 0, 'message': '删除成功'}
2026-01-16 13:14:28 - app - INFO - 已设置 1 个Cookie字段
2026-01-16 13:14:28 - app - INFO - 189获取文件列表请求: folder_id=323911228907722297, page=1, size=50
2026-01-16 13:14:33 - app - INFO - [execute_task] 开始执行任务: task_id=2
2026-01-16 13:14:33 - app - INFO - [任务2] 开始执行任务: 测试谢谢谢谢
2026-01-16 13:14:33 - app - INFO - [任务2] 使用账号: 天意
2026-01-16 13:14:33 - app - INFO - [任务2] 目标路径: /测试
2026-01-16 13:14:33 - app - INFO - [任务2] 云盘类型: cloud189
2026-01-16 13:14:33 - app - INFO - 已设置 1 个Cookie字段
2026-01-16 13:14:33 - app - INFO - [任务2] 共有 1 个分享链接待处理
2026-01-16 13:14:33 - app - INFO - [任务2] [1/1] 正在处理: https://h5.cloud.189.cn/share.html#/t/JV3Y3mZreqmi...
2026-01-16 13:14:33 - app - INFO - [任务2] [1/1] 解析分享链接...
2026-01-16 13:14:33 - app - INFO - 解析天翼分享链接: url=https://h5.cloud.189.cn/share.html#/t/JV3Y3mZreqmi, share_code=JV3Y3mZreqmi, access_code=
2026-01-16 13:14:33 - app - INFO - [任务2] [1/1] 解析结果: share_code=JV3Y3mZreqmi
2026-01-16 13:14:33 - app - INFO - [任务2] [1/1] 开始转存...
2026-01-16 13:14:33 - app - INFO - [任务2] [1/1] 目标路径: /测试//123
2026-01-16 13:14:33 - app - INFO - 189云盘路径解析: path=测试//123, parts=['测试', '123']
2026-01-16 13:14:33 - app - INFO - 189获取文件列表请求: folder_id=-11, page=1, size=1000
2026-01-16 13:14:38 - app - INFO - 189文件列表响应状态码: 200
2026-01-16 13:14:38 - app - INFO - 189文件列表获取成功: 文件夹0个, 文件0个
2026-01-16 13:14:38 - app - INFO - 189文件列表响应状态码: 200
2026-01-16 13:14:38 - app - INFO - 189文件列表获取成功: 文件夹11个, 文件2个
2026-01-16 13:14:38 - app - INFO - 189云盘找到文件夹: 测试 -> 323911228907722297
2026-01-16 13:14:38 - app - INFO - 189获取文件列表请求: folder_id=323911228907722297, page=1, size=1000
2026-01-16 13:14:38 - app - INFO - 189文件列表响应状态码: 200
2026-01-16 13:14:38 - app - INFO - 189文件列表获取成功: 文件夹0个, 文件0个
2026-01-16 13:14:38 - app - INFO - 189创建文件夹: name=123, parent_id=323911228907722297
2026-01-16 13:14:39 - app - INFO - 189创建文件夹响应: {'res_code': 0, 'res_message': '成功', 'createDate': '2026-01-16 13:15:23', 'fileCata': 1, 'fileListSize': 0, 'id': 424611229823830434, 'lastOpTime': '2026-01-16 13:15:23', 'name': '123', 'parentId': 323911228907722297, 'rev': '20260116131523'}
2026-01-16 13:14:39 - app - INFO - 189云盘创建文件夹: 123 -> 424611229823830434
2026-01-16 13:14:39 - app - INFO - 189云盘目标文件夹ID: 424611229823830434
2026-01-16 13:14:39 - app - INFO - 调用save_share: url=https://h5.cloud.189.cn/share.html#/t/JV3Y3mZreqmi, target_folder_id=424611229823830434
2026-01-16 13:14:39 - app - INFO - [save_share] 开始执行: url=https://h5.cloud.189.cn/share.html#/t/JV3Y3mZreqmi, target_folder_id=424611229823830434
2026-01-16 13:14:39 - app - INFO - 解析天翼分享链接: url=https://h5.cloud.189.cn/share.html#/t/JV3Y3mZreqmi, share_code=JV3Y3mZreqmi, access_code=
2026-01-16 13:14:39 - app - INFO - 开始转存189分享: share_code=JV3Y3mZreqmi
2026-01-16 13:14:39 - app - INFO - 分享信息: shareId=12547119517682, shareMode=3, rootFileId=323421229629570696
2026-01-16 13:14:39 - app - INFO - 列出分享目录请求: {'shareId': 12547119517682, 'isFolder': 'true', 'shareMode': 3, 'orderBy': 'lastOpTime', 'descending': 'true', 'pageNum': 1, 'pageSize': 1000, 'fileId': '323421229629570696'}
2026-01-16 13:14:39 - app - INFO - 列出分享目录响应: {'res_code': 0, 'res_message': '成功', 'expireTime': 0, 'expireType': 0, 'fileListAO': {'count': 2, 'fileList': [{'createDate': '2026-01-15 00:12:04', 'fileCata': 1, 'id': 525233229659568152, 'lastOpTime': '2026-01-15 00:12:04', 'md5': '2DB96647BD5C3C356863B1685A4734E8', 'mediaType': 4, 'name': '雷鲸小站3.txt', 'rev': '20260115001204', 'size': 204, 'starLabel': 2}], 'fileListSize': 1, 'folderList': [{'createDate': '2026-01-15 00:02:36', 'fileCata': 1, 'fileListSize': 0, 'id': 924631229621493439, 'lastOpTime': '2026-01-15 00:29:11', 'name': 'Season 1', 'parentId': 323421229629570696, 'rev': '20260115002911', 'starLabel': 2}]}, 'lastRev': 20260116131523}
2026-01-16 13:14:39 - app - INFO - 准备转存 2 个文件/文件夹
2026-01-16 13:14:39 - app - INFO - 189转存任务参数: type=SHARE_SAVE, shareId=12547119517682, targetFolderId=424611229823830434, shareMode=3
2026-01-16 13:14:39 - app - INFO - 189转存文件列表: [{"fileId": "924631229621493439", "fileName": "Season 1", "isFolder": 1}, {"fileId": "525233229659568152", "fileName": "\u96f7\u9cb8\u5c0f\u7ad93.txt", "isFolder": 0}]
2026-01-16 13:14:39 - app - INFO - 创建批量任务请求: {'type': 'SHARE_SAVE', 'shareId': '12547119517682', 'taskInfos': '[{"fileId": "924631229621493439", "fileName": "Season 1", "isFolder": 1}, {"fileId": "525233229659568152", "fileName": "\\u96f7\\u9cb8\\u5c0f\\u7ad93.txt", "isFolder": 0}]', 'targetFolderId': '424611229823830434', 'shareMode': '3'}
2026-01-16 13:14:39 - app - INFO - 创建批量任务响应状态码: 200
2026-01-16 13:14:39 - app - INFO - 创建批量任务响应头: {'Server': 'openresty', 'Date': 'Fri, 16 Jan 2026 05:15:24 GMT', 'Content-Type': 'application/json;charset=UTF-8', 'Transfer-Encoding': 'chunked', 'Connection': 'keep-alive', 'Access-Control-Allow-Origin': 'https://cloud.189.cn', 'Access-Control-Allow-Credentials': 'true', 'Content-Encoding': 'gzip', 'X-Frame-Options': 'SAMEORIGN', 'HTTPS': '1'}
2026-01-16 13:14:39 - app - INFO - 创建批量任务响应内容: {"res_code": 0, "res_message": "成功","taskId":"202601161315245274"}

2026-01-16 13:14:39 - app - INFO - 创建批量任务结果: {'res_code': 0, 'res_message': '成功', 'taskId': '202601161315245274'}
2026-01-16 13:14:39 - app - INFO - 189转存任务创建成功: task_id=202601161315245274, 完整响应: {'res_code': 0, 'res_message': '成功', 'taskId': '202601161315245274'}
2026-01-16 13:14:41 - app - INFO - 189转存任务状态查询 [1/60]: {'res_code': 0, 'res_message': '成功', 'failedCount': 0, 'process': 0, 'skipCount': 0, 'subTaskCount': 2, 'successedCount': 2, 'taskId': '202601161315245274', 'taskStatus': 4}
2026-01-16 13:14:41 - app - INFO - 任务状态: 4, errorCode: 
2026-01-16 13:14:41 - app - INFO - 189转存任务完成: task_id=202601161315245274
2026-01-16 13:14:41 - app - INFO - save_share返回: {'success': True, 'message': '转存成功', 'task_id': '202601161315245274'}
2026-01-16 13:14:41 - app - INFO - [任务2] [1/1] 转存成功
2026-01-16 13:14:41 - app - INFO - [任务2] 任务执行完成！成功: 1, 失败: 0, 文件数: 1
2026-01-16 13:29:53 - app - INFO - 许可证管理器初始化完成,服务器: http://license.22l2.com
2026-01-16 13:29:54 - app - INFO - 初始化许可证管理器...
2026-01-16 13:29:55 - app - INFO - 解密密钥设置成功
2026-01-16 13:29:55 - app - INFO - 解密密钥获取成功
2026-01-16 13:29:55 - app - INFO - 解密密钥获取成功，配置已就绪
2026-01-16 13:29:55 - app - INFO - 配置解密成功
2026-01-16 13:29:55 - app - INFO - 夸克API配置加载成功
2026-01-16 13:29:55 - app - INFO - 夸克API配置加载完成
2026-01-16 13:29:55 - app - INFO - 检查数据库...
2026-01-16 13:29:55 - app - INFO - 数据库检查完成
2026-01-16 13:29:55 - app - INFO - 检查数据库迁移...
2026-01-16 13:29:55 - app - INFO - 数据库迁移检查完成
2026-01-16 13:29:55 - app - INFO - 清理异常中断的任务状态...
2026-01-16 13:29:55 - app - INFO - 升级管理器初始化完成
2026-01-16 13:29:55 - app - INFO - Flask应用创建成功
2026-01-16 13:29:55 - app - INFO - 静态文件目录: C:\Data\夸克转存\client\frontend
2026-01-16 13:29:55 - app - INFO - 启动任务调度服务...
2026-01-16 13:29:55 - app - INFO - 检查被中断的影视下载任务...
2026-01-16 13:29:55 - app - INFO - 没有需要恢复的影视下载任务
2026-01-16 13:29:55 - app - INFO - 账期生成循环已启动
2026-01-16 13:29:55 - app - INFO - 账期生成线程已启动
2026-01-16 13:29:55 - app - INFO - 开始生成 2026-01-16 的任务账期
2026-01-16 13:29:55 - app - INFO - 任务执行循环已启动
2026-01-16 13:29:55 - app - INFO - 任务执行线程已启动
2026-01-16 13:29:55 - app - INFO - 日志清理循环已启动
2026-01-16 13:29:55 - app - INFO - 日志清理线程已启动
2026-01-16 13:29:55 - app - INFO - 下次日志清理时间: 2026-01-17 02:00:00
2026-01-16 13:29:55 - app - INFO - 跳过一次性执行任务: 测试
2026-01-16 13:29:55 - app - INFO - 启动Flask服务: http://0.0.0.0:8520
2026-01-16 13:29:55 - app - INFO - 跳过一次性执行任务: 测试谢谢谢谢
2026-01-16 13:29:55 - app - INFO - 跳过一次性执行任务: 测试189
2026-01-16 13:29:55 - app - INFO - 跳过一次性执行任务: 小城大事
2026-01-16 13:29:55 - app - INFO - ✅ 生成完成，共创建 0 条待执行记录
2026-01-16 13:29:55 - app - INFO - 下次生成账期时间: 2026-01-17 00:00:00, 等待 37804 秒
2026-01-16 13:30:01 - app - INFO - 检查登录状态, session内容: {'_permanent': True, 'user_id': 1, 'username': 'admin'}, cookies: ImmutableMultiDict([('session', 'eyJfcGVybWFuZW50Ijp0cnVlLCJ1c2VyX2lkIjoxLCJ1c2VybmFtZSI6ImFkbWluIn0.aWnM2Q.U5K1lfH8drtyCVsz-1qnz1eNG28')])
2026-01-16 13:30:01 - app - INFO - 检查登录状态, session内容: {'_permanent': True, 'user_id': 1, 'username': 'admin'}, cookies: ImmutableMultiDict([('session', 'eyJfcGVybWFuZW50Ijp0cnVlLCJ1c2VyX2lkIjoxLCJ1c2VybmFtZSI6ImFkbWluIn0.aWnM2Q.U5K1lfH8drtyCVsz-1qnz1eNG28')])
2026-01-16 13:30:04 - app - INFO - 检查更新: 当前版本 2.1.4
2026-01-16 13:30:13 - app - INFO - 检查更新成功: {'has_update': False, 'message': '当前已是最新版本'}
2026-01-16 13:30:15 - app - INFO - 许可证管理器初始化完成,服务器: http://license.22l2.com
2026-01-16 13:30:15 - app - INFO - 初始化许可证管理器...
2026-01-16 13:30:17 - app - INFO - 解密密钥设置成功
2026-01-16 13:30:17 - app - INFO - 解密密钥获取成功
2026-01-16 13:30:17 - app - INFO - 解密密钥获取成功，配置已就绪
2026-01-16 13:30:17 - app - INFO - 配置解密成功
2026-01-16 13:30:17 - app - INFO - 夸克API配置加载成功
2026-01-16 13:30:17 - app - INFO - 夸克API配置加载完成
2026-01-16 13:30:17 - app - INFO - 检查数据库...
2026-01-16 13:30:17 - app - INFO - 数据库检查完成
2026-01-16 13:30:17 - app - INFO - 检查数据库迁移...
2026-01-16 13:30:17 - app - INFO - 数据库迁移检查完成
2026-01-16 13:30:17 - app - INFO - 清理异常中断的任务状态...
2026-01-16 13:30:17 - app - INFO - 升级管理器初始化完成
2026-01-16 13:30:17 - app - INFO - Flask应用创建成功
2026-01-16 13:30:17 - app - INFO - 静态文件目录: C:\Data\夸克转存\client\frontend
2026-01-16 13:30:17 - app - INFO - 启动任务调度服务...
2026-01-16 13:30:17 - app - INFO - 检查被中断的影视下载任务...
2026-01-16 13:30:17 - app - INFO - 没有需要恢复的影视下载任务
2026-01-16 13:30:17 - app - INFO - 账期生成循环已启动
2026-01-16 13:30:17 - app - INFO - 账期生成线程已启动
2026-01-16 13:30:17 - app - INFO - 开始生成 2026-01-16 的任务账期
2026-01-16 13:30:17 - app - INFO - 任务执行循环已启动
2026-01-16 13:30:17 - app - INFO - 任务执行线程已启动
2026-01-16 13:30:17 - app - INFO - 日志清理循环已启动
2026-01-16 13:30:17 - app - INFO - 日志清理线程已启动
2026-01-16 13:30:17 - app - INFO - 下次日志清理时间: 2026-01-17 02:00:00
2026-01-16 13:30:17 - app - INFO - 启动Flask服务: http://0.0.0.0:8520
2026-01-16 13:30:17 - app - INFO - 跳过一次性执行任务: 测试
2026-01-16 13:30:17 - app - INFO - 跳过一次性执行任务: 测试谢谢谢谢
2026-01-16 13:30:17 - app - INFO - 跳过一次性执行任务: 测试189
2026-01-16 13:30:17 - app - INFO - 跳过一次性执行任务: 小城大事
2026-01-16 13:30:17 - app - INFO - ✅ 生成完成，共创建 0 条待执行记录
2026-01-16 13:30:17 - app - INFO - 下次生成账期时间: 2026-01-17 00:00:00, 等待 37783 秒
2026-01-16 14:10:29 - app - INFO - 检查登录状态, session内容: {'_permanent': True, 'user_id': 1, 'username': 'admin'}, cookies: ImmutableMultiDict([('session', 'eyJfcGVybWFuZW50Ijp0cnVlLCJ1c2VyX2lkIjoxLCJ1c2VybmFtZSI6ImFkbWluIn0.aWnWVQ.VJLGDGE6_YT3-SSOPqnSsPKQtRU')])
2026-01-16 14:10:29 - app - INFO - 检查登录状态, session内容: {'_permanent': True, 'user_id': 1, 'username': 'admin'}, cookies: ImmutableMultiDict([('session', 'eyJfcGVybWFuZW50Ijp0cnVlLCJ1c2VyX2lkIjoxLCJ1c2VybmFtZSI6ImFkbWluIn0.aWnWVQ.VJLGDGE6_YT3-SSOPqnSsPKQtRU')])
2026-01-16 14:10:32 - app - INFO - 检查更新: 当前版本 2.1.4
2026-01-16 14:10:36 - app - INFO - 检查登录状态, session内容: {'_permanent': True, 'user_id': 1, 'username': 'admin'}, cookies: ImmutableMultiDict([('session', 'eyJfcGVybWFuZW50Ijp0cnVlLCJ1c2VyX2lkIjoxLCJ1c2VybmFtZSI6ImFkbWluIn0.aWnWXA.W1cup1wUtJWIYVGM42nsIhD7b_c')])
2026-01-16 14:10:36 - app - INFO - 检查登录状态, session内容: {'_permanent': True, 'user_id': 1, 'username': 'admin'}, cookies: ImmutableMultiDict([('session', 'eyJfcGVybWFuZW50Ijp0cnVlLCJ1c2VyX2lkIjoxLCJ1c2VybmFtZSI6ImFkbWluIn0.aWnWXA.W1cup1wUtJWIYVGM42nsIhD7b_c')])
2026-01-16 14:10:38 - app - INFO - 检查更新: 当前版本 2.1.4
2026-01-16 14:10:41 - app - INFO - 检查更新成功: {'has_update': False, 'message': '当前已是最新版本'}
2026-01-16 14:10:42 - app - INFO - 检查更新成功: {'has_update': False, 'message': '当前已是最新版本'}
2026-01-16 14:19:00 - app - INFO - 检查登录状态, session内容: {'_permanent': True, 'user_id': 1, 'username': 'admin'}, cookies: ImmutableMultiDict([('session', 'eyJfcGVybWFuZW50Ijp0cnVlLCJ1c2VyX2lkIjoxLCJ1c2VybmFtZSI6ImFkbWluIn0.aWnYVA.iwJdY6TrjAZ6as1gmBSp4OFwoWo')])
2026-01-16 14:19:01 - app - INFO - 检查登录状态, session内容: {'_permanent': True, 'user_id': 1, 'username': 'admin'}, cookies: ImmutableMultiDict([('session', 'eyJfcGVybWFuZW50Ijp0cnVlLCJ1c2VyX2lkIjoxLCJ1c2VybmFtZSI6ImFkbWluIn0.aWnYVQ._vX8KDiggDz-9juFQSrIJIJjKH8')])
2026-01-16 14:19:03 - app - INFO - 检查更新: 当前版本 2.1.4
2026-01-16 14:19:12 - app - ERROR - 检查更新异常: Expecting value: line 1 column 1 (char 0)
2026-01-16 14:19:18 - app - INFO - 已设置 1 个Cookie字段
2026-01-16 14:19:18 - app - INFO - 189获取文件列表请求: folder_id=-11, page=1, size=50
2026-01-16 14:19:28 - app - INFO - 189文件列表响应状态码: 200
2026-01-16 14:19:28 - app - INFO - 189文件列表获取成功: 文件夹11个, 文件2个
2026-01-16 14:22:30 - app - INFO - 检查登录状态, session内容: {'_permanent': True, 'user_id': 1, 'username': 'admin'}, cookies: ImmutableMultiDict([('session', 'eyJfcGVybWFuZW50Ijp0cnVlLCJ1c2VyX2lkIjoxLCJ1c2VybmFtZSI6ImFkbWluIn0.aWnZJQ.fk9YHZk3hVkdYnNwUmaMj0YQ3wA')])
2026-01-16 14:22:30 - app - INFO - 检查登录状态, session内容: {'_permanent': True, 'user_id': 1, 'username': 'admin'}, cookies: ImmutableMultiDict([('session', 'eyJfcGVybWFuZW50Ijp0cnVlLCJ1c2VyX2lkIjoxLCJ1c2VybmFtZSI6ImFkbWluIn0.aWnZJg.Q7W2CY8VvoMIm449CYyVsu5NfRc')])
2026-01-16 14:22:32 - app - INFO - 检查更新: 当前版本 2.1.4
2026-01-16 14:22:41 - app - INFO - 检查更新成功: {'has_update': False, 'message': '当前已是最新版本'}
2026-01-16 14:23:13 - app - INFO - 检查登录状态, session内容: {'_permanent': True, 'user_id': 1, 'username': 'admin'}, cookies: ImmutableMultiDict([('session', 'eyJfcGVybWFuZW50Ijp0cnVlLCJ1c2VyX2lkIjoxLCJ1c2VybmFtZSI6ImFkbWluIn0.aWnZUQ.67x1oWUi6vvNgU-NZh2_orOXCwY')])
2026-01-16 14:23:13 - app - INFO - 检查登录状态, session内容: {'_permanent': True, 'user_id': 1, 'username': 'admin'}, cookies: ImmutableMultiDict([('session', 'eyJfcGVybWFuZW50Ijp0cnVlLCJ1c2VyX2lkIjoxLCJ1c2VybmFtZSI6ImFkbWluIn0.aWnZUQ.67x1oWUi6vvNgU-NZh2_orOXCwY')])
2026-01-16 14:23:16 - app - INFO - 检查更新: 当前版本 2.1.4
2026-01-16 14:23:25 - app - INFO - 检查更新成功: {'has_update': False, 'message': '当前已是最新版本'}
2026-01-16 14:23:28 - app - ERROR - 获取今日统计失败: no such table: daily_usage_stats
2026-01-16 14:25:27 - app - INFO - 检查登录状态, session内容: {'_permanent': True, 'user_id': 1, 'username': 'admin'}, cookies: ImmutableMultiDict([('session', 'eyJfcGVybWFuZW50Ijp0cnVlLCJ1c2VyX2lkIjoxLCJ1c2VybmFtZSI6ImFkbWluIn0.aWnZ1w.Vx7eJbUqyEgaFbZ5V0e9yMwOzKg')])
2026-01-16 14:25:27 - app - INFO - 检查登录状态, session内容: {'_permanent': True, 'user_id': 1, 'username': 'admin'}, cookies: ImmutableMultiDict([('session', 'eyJfcGVybWFuZW50Ijp0cnVlLCJ1c2VyX2lkIjoxLCJ1c2VybmFtZSI6ImFkbWluIn0.aWnZ1w.Vx7eJbUqyEgaFbZ5V0e9yMwOzKg')])
2026-01-16 14:25:30 - app - INFO - 检查更新: 当前版本 2.1.4
2026-01-16 14:25:39 - app - INFO - 检查更新成功: {'has_update': False, 'message': '当前已是最新版本'}
2026-01-16 14:26:56 - app - INFO - 检查登录状态, session内容: {'_permanent': True, 'user_id': 1, 'username': 'admin'}, cookies: ImmutableMultiDict([('session', 'eyJfcGVybWFuZW50Ijp0cnVlLCJ1c2VyX2lkIjoxLCJ1c2VybmFtZSI6ImFkbWluIn0.aWnaMA.HnBD1OTK4yTNJiAS6D483nq_RJ0')])
2026-01-16 14:26:56 - app - INFO - 检查登录状态, session内容: {'_permanent': True, 'user_id': 1, 'username': 'admin'}, cookies: ImmutableMultiDict([('session', 'eyJfcGVybWFuZW50Ijp0cnVlLCJ1c2VyX2lkIjoxLCJ1c2VybmFtZSI6ImFkbWluIn0.aWnaMA.HnBD1OTK4yTNJiAS6D483nq_RJ0')])
2026-01-16 14:26:59 - app - INFO - 检查登录状态, session内容: {'_permanent': True, 'user_id': 1, 'username': 'admin'}, cookies: ImmutableMultiDict([('session', 'eyJfcGVybWFuZW50Ijp0cnVlLCJ1c2VyX2lkIjoxLCJ1c2VybmFtZSI6ImFkbWluIn0.aWnaMw.OcovuSfxZKCqBq2PWBAqvv98iIU')])
2026-01-16 14:26:59 - app - INFO - 检查登录状态, session内容: {'_permanent': True, 'user_id': 1, 'username': 'admin'}, cookies: ImmutableMultiDict([('session', 'eyJfcGVybWFuZW50Ijp0cnVlLCJ1c2VyX2lkIjoxLCJ1c2VybmFtZSI6ImFkbWluIn0.aWnaMw.OcovuSfxZKCqBq2PWBAqvv98iIU')])
2026-01-16 14:27:00 - app - INFO - 检查更新: 当前版本 2.1.4
2026-01-16 14:27:02 - app - INFO - 检查更新: 当前版本 2.1.4
2026-01-16 14:27:09 - app - INFO - 检查更新成功: {'has_update': False, 'message': '当前已是最新版本'}
2026-01-16 14:27:09 - app - INFO - 检查更新成功: {'has_update': False, 'message': '当前已是最新版本'}
2026-01-16 14:28:47 - app - INFO - 检查登录状态, session内容: {'_permanent': True, 'user_id': 1, 'username': 'admin'}, cookies: ImmutableMultiDict([('session', 'eyJfcGVybWFuZW50Ijp0cnVlLCJ1c2VyX2lkIjoxLCJ1c2VybmFtZSI6ImFkbWluIn0.aWnanw.ZmFmYfI9VSH_7ubBOp0UvVlsdU8')])
2026-01-16 14:28:47 - app - INFO - 检查登录状态, session内容: {'_permanent': True, 'user_id': 1, 'username': 'admin'}, cookies: ImmutableMultiDict([('session', 'eyJfcGVybWFuZW50Ijp0cnVlLCJ1c2VyX2lkIjoxLCJ1c2VybmFtZSI6ImFkbWluIn0.aWnanw.ZmFmYfI9VSH_7ubBOp0UvVlsdU8')])
2026-01-16 14:28:48 - app - INFO - 检查登录状态, session内容: {'_permanent': True, 'user_id': 1, 'username': 'admin'}, cookies: ImmutableMultiDict([('session', 'eyJfcGVybWFuZW50Ijp0cnVlLCJ1c2VyX2lkIjoxLCJ1c2VybmFtZSI6ImFkbWluIn0.aWnaoA.6U2BfgjxIcagaqAmI_zWOOG0O8A')])
2026-01-16 14:28:48 - app - INFO - 检查登录状态, session内容: {'_permanent': True, 'user_id': 1, 'username': 'admin'}, cookies: ImmutableMultiDict([('session', 'eyJfcGVybWFuZW50Ijp0cnVlLCJ1c2VyX2lkIjoxLCJ1c2VybmFtZSI6ImFkbWluIn0.aWnaoA.6U2BfgjxIcagaqAmI_zWOOG0O8A')])
2026-01-16 14:28:49 - app - INFO - 检查登录状态, session内容: {'_permanent': True, 'user_id': 1, 'username': 'admin'}, cookies: ImmutableMultiDict([('session', 'eyJfcGVybWFuZW50Ijp0cnVlLCJ1c2VyX2lkIjoxLCJ1c2VybmFtZSI6ImFkbWluIn0.aWnaoQ.6ruaJ11cEGjGQVxK_eLSTENzuPc')])
2026-01-16 14:28:49 - app - INFO - 检查登录状态, session内容: {'_permanent': True, 'user_id': 1, 'username': 'admin'}, cookies: ImmutableMultiDict([('session', 'eyJfcGVybWFuZW50Ijp0cnVlLCJ1c2VyX2lkIjoxLCJ1c2VybmFtZSI6ImFkbWluIn0.aWnaoQ.6ruaJ11cEGjGQVxK_eLSTENzuPc')])
2026-01-16 14:28:51 - app - INFO - 检查更新: 当前版本 2.1.4
2026-01-16 14:28:58 - app - INFO - 检查更新成功: {'has_update': False, 'message': '当前已是最新版本'}
2026-01-16 14:51:12 - app - INFO - 检查登录状态, session内容: {'_permanent': True, 'user_id': 1, 'username': 'admin'}, cookies: ImmutableMultiDict([('session', 'eyJfcGVybWFuZW50Ijp0cnVlLCJ1c2VyX2lkIjoxLCJ1c2VybmFtZSI6ImFkbWluIn0.aWnf4A.bbBnYsRJdAZh24TMLVBBNhdZp6k')])
2026-01-16 14:51:12 - app - INFO - 检查登录状态, session内容: {'_permanent': True, 'user_id': 1, 'username': 'admin'}, cookies: ImmutableMultiDict([('session', 'eyJfcGVybWFuZW50Ijp0cnVlLCJ1c2VyX2lkIjoxLCJ1c2VybmFtZSI6ImFkbWluIn0.aWnf4A.bbBnYsRJdAZh24TMLVBBNhdZp6k')])
2026-01-16 14:51:14 - app - INFO - 检查登录状态, session内容: {'_permanent': True, 'user_id': 1, 'username': 'admin'}, cookies: ImmutableMultiDict([('session', 'eyJfcGVybWFuZW50Ijp0cnVlLCJ1c2VyX2lkIjoxLCJ1c2VybmFtZSI6ImFkbWluIn0.aWnf4g.NzStd8FWkjXGDisWJvIA8KawfD0')])
2026-01-16 14:51:14 - app - INFO - 检查登录状态, session内容: {'_permanent': True, 'user_id': 1, 'username': 'admin'}, cookies: ImmutableMultiDict([('session', 'eyJfcGVybWFuZW50Ijp0cnVlLCJ1c2VyX2lkIjoxLCJ1c2VybmFtZSI6ImFkbWluIn0.aWnf4g.NzStd8FWkjXGDisWJvIA8KawfD0')])
2026-01-16 14:51:15 - app - INFO - 检查登录状态, session内容: {'_permanent': True, 'user_id': 1, 'username': 'admin'}, cookies: ImmutableMultiDict([('session', 'eyJfcGVybWFuZW50Ijp0cnVlLCJ1c2VyX2lkIjoxLCJ1c2VybmFtZSI6ImFkbWluIn0.aWnf4w.Xwoh9cVEdP4e85teYa7a2wZLAtg')])
2026-01-16 14:51:15 - app - INFO - 检查登录状态, session内容: {'_permanent': True, 'user_id': 1, 'username': 'admin'}, cookies: ImmutableMultiDict([('session', 'eyJfcGVybWFuZW50Ijp0cnVlLCJ1c2VyX2lkIjoxLCJ1c2VybmFtZSI6ImFkbWluIn0.aWnf4w.Xwoh9cVEdP4e85teYa7a2wZLAtg')])
2026-01-16 14:51:16 - app - INFO - 检查登录状态, session内容: {'_permanent': True, 'user_id': 1, 'username': 'admin'}, cookies: ImmutableMultiDict([('session', 'eyJfcGVybWFuZW50Ijp0cnVlLCJ1c2VyX2lkIjoxLCJ1c2VybmFtZSI6ImFkbWluIn0.aWnf5A.Fork7uBlC-_M0w5CaKHQCtBBPHQ')])
2026-01-16 14:51:16 - app - INFO - 检查登录状态, session内容: {'_permanent': True, 'user_id': 1, 'username': 'admin'}, cookies: ImmutableMultiDict([('session', 'eyJfcGVybWFuZW50Ijp0cnVlLCJ1c2VyX2lkIjoxLCJ1c2VybmFtZSI6ImFkbWluIn0.aWnf5A.Fork7uBlC-_M0w5CaKHQCtBBPHQ')])
2026-01-16 14:51:18 - app - INFO - 检查更新: 当前版本 2.1.4
2026-01-16 14:51:25 - app - INFO - 检查更新成功: {'has_update': False, 'message': '当前已是最新版本'}
2026-01-16 14:51:31 - app - INFO - 检查登录状态, session内容: {'_permanent': True, 'user_id': 1, 'username': 'admin'}, cookies: ImmutableMultiDict([('session', 'eyJfcGVybWFuZW50Ijp0cnVlLCJ1c2VyX2lkIjoxLCJ1c2VybmFtZSI6ImFkbWluIn0.aWnf8g.5Hh4jPxLECeeS9-NwOaj0Z0wA80')])
2026-01-16 14:51:31 - app - INFO - 检查登录状态, session内容: {'_permanent': True, 'user_id': 1, 'username': 'admin'}, cookies: ImmutableMultiDict([('session', 'eyJfcGVybWFuZW50Ijp0cnVlLCJ1c2VyX2lkIjoxLCJ1c2VybmFtZSI6ImFkbWluIn0.aWnf8w.WN0Nhn2Sg09NSf3TD_ntedKhOR0')])
2026-01-16 14:51:31 - app - INFO - 检查登录状态, session内容: {'_permanent': True, 'user_id': 1, 'username': 'admin'}, cookies: ImmutableMultiDict([('session', 'eyJfcGVybWFuZW50Ijp0cnVlLCJ1c2VyX2lkIjoxLCJ1c2VybmFtZSI6ImFkbWluIn0.aWnf8w.WN0Nhn2Sg09NSf3TD_ntedKhOR0')])
2026-01-16 14:51:31 - app - INFO - 检查登录状态, session内容: {'_permanent': True, 'user_id': 1, 'username': 'admin'}, cookies: ImmutableMultiDict([('session', 'eyJfcGVybWFuZW50Ijp0cnVlLCJ1c2VyX2lkIjoxLCJ1c2VybmFtZSI6ImFkbWluIn0.aWnf8w.WN0Nhn2Sg09NSf3TD_ntedKhOR0')])
2026-01-16 14:51:32 - app - INFO - 检查登录状态, session内容: {'_permanent': True, 'user_id': 1, 'username': 'admin'}, cookies: ImmutableMultiDict([('session', 'eyJfcGVybWFuZW50Ijp0cnVlLCJ1c2VyX2lkIjoxLCJ1c2VybmFtZSI6ImFkbWluIn0.aWnf9A.aqSoQD5ZcT72KbLq2kRW_zl4lVo')])
2026-01-16 14:51:32 - app - INFO - 检查登录状态, session内容: {'_permanent': True, 'user_id': 1, 'username': 'admin'}, cookies: ImmutableMultiDict([('session', 'eyJfcGVybWFuZW50Ijp0cnVlLCJ1c2VyX2lkIjoxLCJ1c2VybmFtZSI6ImFkbWluIn0.aWnf9A.aqSoQD5ZcT72KbLq2kRW_zl4lVo')])
2026-01-16 14:51:35 - app - INFO - 检查更新: 当前版本 2.1.4
2026-01-16 14:51:35 - app - INFO - 检查更新成功: {'has_update': False, 'message': '当前已是最新版本'}
2026-01-16 14:57:23 - app - INFO - 检查登录状态, session内容: {'_permanent': True, 'user_id': 1, 'username': 'admin'}, cookies: ImmutableMultiDict([('session', 'eyJfcGVybWFuZW50Ijp0cnVlLCJ1c2VyX2lkIjoxLCJ1c2VybmFtZSI6ImFkbWluIn0.aWnhUw.i2t7FIyogBHs6IxCLs3pkqhftxA')])
2026-01-16 14:57:23 - app - INFO - 检查登录状态, session内容: {'_permanent': True, 'user_id': 1, 'username': 'admin'}, cookies: ImmutableMultiDict([('session', 'eyJfcGVybWFuZW50Ijp0cnVlLCJ1c2VyX2lkIjoxLCJ1c2VybmFtZSI6ImFkbWluIn0.aWnhUw.i2t7FIyogBHs6IxCLs3pkqhftxA')])
2026-01-16 14:57:26 - app - INFO - 检查更新: 当前版本 2.1.4
2026-01-16 14:57:35 - app - INFO - 检查更新成功: {'has_update': False, 'message': '当前已是最新版本'}
2026-01-16 14:57:39 - app - INFO - 已设置 1 个Cookie字段
2026-01-16 14:57:39 - app - INFO - 189获取文件列表请求: folder_id=-11, page=1, size=50
2026-01-16 14:57:39 - app - INFO - 189文件列表响应状态码: 200
2026-01-16 14:57:39 - app - INFO - 189文件列表获取成功: 文件夹11个, 文件2个
2026-01-16 14:57:50 - app - INFO - 已设置 1 个Cookie字段
2026-01-16 14:57:50 - app - INFO - 189获取文件列表请求: folder_id=225421215658043632, page=1, size=50
2026-01-16 14:57:51 - app - INFO - 189文件列表响应状态码: 200
2026-01-16 14:57:51 - app - INFO - 189文件列表获取成功: 文件夹2个, 文件0个
2026-01-16 15:08:47 - app - INFO - 检查登录状态, session内容: {'_permanent': True, 'user_id': 1, 'username': 'admin'}, cookies: ImmutableMultiDict([('session', 'eyJfcGVybWFuZW50Ijp0cnVlLCJ1c2VyX2lkIjoxLCJ1c2VybmFtZSI6ImFkbWluIn0.aWnj_w.h4At2xLtUTJRHi6mSQwZG2Y5aRQ')])
2026-01-16 15:08:47 - app - INFO - 检查登录状态, session内容: {'_permanent': True, 'user_id': 1, 'username': 'admin'}, cookies: ImmutableMultiDict([('session', 'eyJfcGVybWFuZW50Ijp0cnVlLCJ1c2VyX2lkIjoxLCJ1c2VybmFtZSI6ImFkbWluIn0.aWnj_w.h4At2xLtUTJRHi6mSQwZG2Y5aRQ')])
2026-01-16 15:08:49 - app - INFO - 检查更新: 当前版本 2.1.4
2026-01-16 15:09:08 - app - ERROR - 检查更新异常: HTTPConnectionPool(host='127.0.0.1', port=7890): Read timed out. (read timeout=10)
2026-01-16 15:19:36 - app - INFO - 检查登录状态, session内容: {'_permanent': True, 'user_id': 1, 'username': 'admin'}, cookies: ImmutableMultiDict([('session', 'eyJfcGVybWFuZW50Ijp0cnVlLCJ1c2VyX2lkIjoxLCJ1c2VybmFtZSI6ImFkbWluIn0.aWnmhw.ob5o15ov4NFG67AwYXNQYmb_y6U')])
2026-01-16 15:19:36 - app - INFO - 检查登录状态, session内容: {'_permanent': True, 'user_id': 1, 'username': 'admin'}, cookies: ImmutableMultiDict([('session', 'eyJfcGVybWFuZW50Ijp0cnVlLCJ1c2VyX2lkIjoxLCJ1c2VybmFtZSI6ImFkbWluIn0.aWnmiA.FiUhHNoym8OBjaYJDvbrRKeJzdc')])
2026-01-16 15:19:38 - app - INFO - 检查更新: 当前版本 2.1.4
2026-01-16 15:19:47 - app - INFO - 检查更新成功: {'has_update': False, 'message': '当前已是最新版本'}
2026-01-16 15:37:06 - app - INFO - 检查登录状态, session内容: {'_permanent': True, 'user_id': 1, 'username': 'admin'}, cookies: ImmutableMultiDict([('session', 'eyJfcGVybWFuZW50Ijp0cnVlLCJ1c2VyX2lkIjoxLCJ1c2VybmFtZSI6ImFkbWluIn0.aWnqog.cet6IgI6PhJfACNUwzzSTJ4kUI0')])
2026-01-16 15:37:06 - app - INFO - 检查登录状态, session内容: {'_permanent': True, 'user_id': 1, 'username': 'admin'}, cookies: ImmutableMultiDict([('session', 'eyJfcGVybWFuZW50Ijp0cnVlLCJ1c2VyX2lkIjoxLCJ1c2VybmFtZSI6ImFkbWluIn0.aWnqog.cet6IgI6PhJfACNUwzzSTJ4kUI0')])
2026-01-16 15:37:09 - app - INFO - 检查更新: 当前版本 2.1.4
2026-01-16 15:37:17 - app - INFO - 检查更新成功: {'has_update': False, 'message': '当前已是最新版本'}
2026-01-16 15:46:49 - app - INFO - 检查登录状态, session内容: {'_permanent': True, 'user_id': 1, 'username': 'admin'}, cookies: ImmutableMultiDict([('session', 'eyJfcGVybWFuZW50Ijp0cnVlLCJ1c2VyX2lkIjoxLCJ1c2VybmFtZSI6ImFkbWluIn0.aWns6Q.QyyuVRxZ6BM-4LKVVUVW6trHZPE')])
2026-01-16 15:46:49 - app - INFO - 检查登录状态, session内容: {'_permanent': True, 'user_id': 1, 'username': 'admin'}, cookies: ImmutableMultiDict([('session', 'eyJfcGVybWFuZW50Ijp0cnVlLCJ1c2VyX2lkIjoxLCJ1c2VybmFtZSI6ImFkbWluIn0.aWns6Q.QyyuVRxZ6BM-4LKVVUVW6trHZPE')])
2026-01-16 15:46:51 - app - INFO - 检查更新: 当前版本 2.1.4
2026-01-16 15:47:01 - app - INFO - 检查更新成功: {'has_update': False, 'message': '当前已是最新版本'}
2026-01-16 15:53:17 - app - INFO - 检查登录状态, session内容: {'_permanent': True, 'user_id': 1, 'username': 'admin'}, cookies: ImmutableMultiDict([('session', 'eyJfcGVybWFuZW50Ijp0cnVlLCJ1c2VyX2lkIjoxLCJ1c2VybmFtZSI6ImFkbWluIn0.aWnubQ.cUUrYG75gq5HMtKRKWKk8VCnyEc')])
2026-01-16 15:53:17 - app - INFO - 检查登录状态, session内容: {'_permanent': True, 'user_id': 1, 'username': 'admin'}, cookies: ImmutableMultiDict([('session', 'eyJfcGVybWFuZW50Ijp0cnVlLCJ1c2VyX2lkIjoxLCJ1c2VybmFtZSI6ImFkbWluIn0.aWnubQ.cUUrYG75gq5HMtKRKWKk8VCnyEc')])
2026-01-16 15:53:19 - app - INFO - 检查更新: 当前版本 2.1.4
2026-01-16 15:53:28 - app - ERROR - 检查更新异常: Expecting value: line 1 column 1 (char 0)
2026-01-16 16:04:09 - app - INFO - 检查登录状态, session内容: {'_permanent': True, 'user_id': 1, 'username': 'admin'}, cookies: ImmutableMultiDict([('session', 'eyJfcGVybWFuZW50Ijp0cnVlLCJ1c2VyX2lkIjoxLCJ1c2VybmFtZSI6ImFkbWluIn0.aWnw-Q.X3yhqYiSRKy_6ZslUirDkGSjv7A')])
2026-01-16 16:04:09 - app - INFO - 检查登录状态, session内容: {'_permanent': True, 'user_id': 1, 'username': 'admin'}, cookies: ImmutableMultiDict([('session', 'eyJfcGVybWFuZW50Ijp0cnVlLCJ1c2VyX2lkIjoxLCJ1c2VybmFtZSI6ImFkbWluIn0.aWnw-Q.X3yhqYiSRKy_6ZslUirDkGSjv7A')])
2026-01-16 16:04:11 - app - INFO - 检查更新: 当前版本 2.1.4
2026-01-16 16:04:20 - app - INFO - 检查更新成功: {'has_update': False, 'message': '当前已是最新版本'}
2026-01-16 16:07:26 - app - INFO - 检查登录状态, session内容: {'_permanent': True, 'user_id': 1, 'username': 'admin'}, cookies: ImmutableMultiDict([('session', 'eyJfcGVybWFuZW50Ijp0cnVlLCJ1c2VyX2lkIjoxLCJ1c2VybmFtZSI6ImFkbWluIn0.aWnxvQ.H0a464nqLHLABeMfoBcXcMYlo-I')])
2026-01-16 16:07:26 - app - INFO - 检查登录状态, session内容: {'_permanent': True, 'user_id': 1, 'username': 'admin'}, cookies: ImmutableMultiDict([('session', 'eyJfcGVybWFuZW50Ijp0cnVlLCJ1c2VyX2lkIjoxLCJ1c2VybmFtZSI6ImFkbWluIn0.aWnxvg.yhKa-A0V06MEVDykZhy9YR01j24')])
2026-01-16 16:07:26 - app - INFO - 检查登录状态, session内容: {'_permanent': True, 'user_id': 1, 'username': 'admin'}, cookies: ImmutableMultiDict([('session', 'eyJfcGVybWFuZW50Ijp0cnVlLCJ1c2VyX2lkIjoxLCJ1c2VybmFtZSI6ImFkbWluIn0.aWnxvg.yhKa-A0V06MEVDykZhy9YR01j24')])
2026-01-16 16:07:26 - app - INFO - 检查登录状态, session内容: {'_permanent': True, 'user_id': 1, 'username': 'admin'}, cookies: ImmutableMultiDict([('session', 'eyJfcGVybWFuZW50Ijp0cnVlLCJ1c2VyX2lkIjoxLCJ1c2VybmFtZSI6ImFkbWluIn0.aWnxvg.yhKa-A0V06MEVDykZhy9YR01j24')])
2026-01-16 16:07:28 - app - INFO - 检查更新: 当前版本 2.1.4
2026-01-16 16:07:37 - app - INFO - 检查更新成功: {'has_update': False, 'message': '当前已是最新版本'}
2026-01-16 16:12:44 - app - INFO - 检查登录状态, session内容: {'_permanent': True, 'user_id': 1, 'username': 'admin'}, cookies: ImmutableMultiDict([('session', 'eyJfcGVybWFuZW50Ijp0cnVlLCJ1c2VyX2lkIjoxLCJ1c2VybmFtZSI6ImFkbWluIn0.aWny_A.w3axOvKgedxNwJ9Q4YL17EJX7jQ')])
2026-01-16 16:12:45 - app - INFO - 检查登录状态, session内容: {'_permanent': True, 'user_id': 1, 'username': 'admin'}, cookies: ImmutableMultiDict([('session', 'eyJfcGVybWFuZW50Ijp0cnVlLCJ1c2VyX2lkIjoxLCJ1c2VybmFtZSI6ImFkbWluIn0.aWny_A.w3axOvKgedxNwJ9Q4YL17EJX7jQ')])
2026-01-16 16:12:45 - app - INFO - 检查登录状态, session内容: {'_permanent': True, 'user_id': 1, 'username': 'admin'}, cookies: ImmutableMultiDict([('session', 'eyJfcGVybWFuZW50Ijp0cnVlLCJ1c2VyX2lkIjoxLCJ1c2VybmFtZSI6ImFkbWluIn0.aWny_Q.9gyD78Px3LRYSqa6JP1907Wsun0')])
2026-01-16 16:12:47 - app - INFO - 检查更新: 当前版本 2.1.4
2026-01-16 16:12:56 - app - INFO - 检查更新成功: {'has_update': False, 'message': '当前已是最新版本'}
2026-01-16 16:13:39 - app - INFO - 已设置 1 个Cookie字段
2026-01-16 16:13:39 - app - INFO - 189获取文件列表请求: folder_id=-11, page=1, size=50
2026-01-16 16:13:39 - app - INFO - 189文件列表响应状态码: 200
2026-01-16 16:13:39 - app - INFO - 189文件列表获取成功: 文件夹11个, 文件2个
2026-01-16 16:15:17 - app - ERROR - 搜索失败: 502 Server Error: Bad Gateway for url: http://192.168.0.111:8383/api/search?kw=%E6%88%98%E7%8B%BC2&res=merge&src=all
2026-01-16 16:15:18 - app - ERROR - 搜索资源失败: 搜索失败: 502 Server Error: Bad Gateway for url: http://192.168.0.111:8383/api/search?kw=%E6%88%98%E7%8B%BC2&res=merge&src=all
2026-01-16 16:21:08 - app - INFO - 检查登录状态, session内容: {'_permanent': True, 'user_id': 1, 'username': 'admin'}, cookies: ImmutableMultiDict([('session', 'eyJfcGVybWFuZW50Ijp0cnVlLCJ1c2VyX2lkIjoxLCJ1c2VybmFtZSI6ImFkbWluIn0.aWn09A.y8OCA_5lPnQhG6jo3cbyZP9IR6g')])
2026-01-16 16:21:08 - app - INFO - 检查登录状态, session内容: {'_permanent': True, 'user_id': 1, 'username': 'admin'}, cookies: ImmutableMultiDict([('session', 'eyJfcGVybWFuZW50Ijp0cnVlLCJ1c2VyX2lkIjoxLCJ1c2VybmFtZSI6ImFkbWluIn0.aWn09A.y8OCA_5lPnQhG6jo3cbyZP9IR6g')])
2026-01-16 16:21:11 - app - INFO - 检查更新: 当前版本 2.1.4
2026-01-16 16:21:20 - app - INFO - 检查更新成功: {'has_update': False, 'message': '当前已是最新版本'}
2026-01-16 16:22:40 - app - INFO - 检查登录状态, session内容: {'_permanent': True, 'user_id': 1, 'username': 'admin'}, cookies: ImmutableMultiDict([('session', 'eyJfcGVybWFuZW50Ijp0cnVlLCJ1c2VyX2lkIjoxLCJ1c2VybmFtZSI6ImFkbWluIn0.aWn1UA.6VcsBGzDNvKbW3Y_LWLFqTbck3o')])
2026-01-16 16:22:40 - app - INFO - 检查登录状态, session内容: {'_permanent': True, 'user_id': 1, 'username': 'admin'}, cookies: ImmutableMultiDict([('session', 'eyJfcGVybWFuZW50Ijp0cnVlLCJ1c2VyX2lkIjoxLCJ1c2VybmFtZSI6ImFkbWluIn0.aWn1UA.6VcsBGzDNvKbW3Y_LWLFqTbck3o')])
2026-01-16 16:22:43 - app - INFO - 检查更新: 当前版本 2.1.4
2026-01-16 16:22:52 - app - INFO - 检查更新成功: {'has_update': False, 'message': '当前已是最新版本'}
2026-01-16 16:26:24 - app - INFO - 检查登录状态, session内容: {'_permanent': True, 'user_id': 1, 'username': 'admin'}, cookies: ImmutableMultiDict([('session', 'eyJfcGVybWFuZW50Ijp0cnVlLCJ1c2VyX2lkIjoxLCJ1c2VybmFtZSI6ImFkbWluIn0.aWn2MA.oVcxokbonlDU-iaqs0l0ikPiGQw')])
2026-01-16 16:26:24 - app - INFO - 检查登录状态, session内容: {'_permanent': True, 'user_id': 1, 'username': 'admin'}, cookies: ImmutableMultiDict([('session', 'eyJfcGVybWFuZW50Ijp0cnVlLCJ1c2VyX2lkIjoxLCJ1c2VybmFtZSI6ImFkbWluIn0.aWn2MA.oVcxokbonlDU-iaqs0l0ikPiGQw')])
2026-01-16 16:26:24 - app - INFO - 检查登录状态, session内容: {'_permanent': True, 'user_id': 1, 'username': 'admin'}, cookies: ImmutableMultiDict([('session', 'eyJfcGVybWFuZW50Ijp0cnVlLCJ1c2VyX2lkIjoxLCJ1c2VybmFtZSI6ImFkbWluIn0.aWn2MA.oVcxokbonlDU-iaqs0l0ikPiGQw')])
2026-01-16 16:26:26 - app - INFO - 检查更新: 当前版本 2.1.4
2026-01-16 16:26:28 - app - INFO - 检查登录状态, session内容: {'_permanent': True, 'user_id': 1, 'username': 'admin'}, cookies: ImmutableMultiDict([('session', 'eyJfcGVybWFuZW50Ijp0cnVlLCJ1c2VyX2lkIjoxLCJ1c2VybmFtZSI6ImFkbWluIn0.aWn2NA.of9pjkiypVy2pb4Mw7yLpwoLVzE')])
2026-01-16 16:26:28 - app - INFO - 检查登录状态, session内容: {'_permanent': True, 'user_id': 1, 'username': 'admin'}, cookies: ImmutableMultiDict([('session', 'eyJfcGVybWFuZW50Ijp0cnVlLCJ1c2VyX2lkIjoxLCJ1c2VybmFtZSI6ImFkbWluIn0.aWn2NA.of9pjkiypVy2pb4Mw7yLpwoLVzE')])
2026-01-16 16:26:31 - app - INFO - 检查更新: 当前版本 2.1.4
2026-01-16 16:26:35 - app - INFO - 检查更新成功: {'has_update': False, 'message': '当前已是最新版本'}
2026-01-16 16:26:36 - app - INFO - 检查更新成功: {'has_update': False, 'message': '当前已是最新版本'}
2026-01-16 16:27:26 - app - INFO - 检查登录状态, session内容: {'_permanent': True, 'user_id': 1, 'username': 'admin'}, cookies: ImmutableMultiDict([('session', 'eyJfcGVybWFuZW50Ijp0cnVlLCJ1c2VyX2lkIjoxLCJ1c2VybmFtZSI6ImFkbWluIn0.aWn2bg.jZlQQ1PkdZMTUOKiJ1OaVqwHd80')])
2026-01-16 16:27:27 - app - INFO - 检查登录状态, session内容: {'_permanent': True, 'user_id': 1, 'username': 'admin'}, cookies: ImmutableMultiDict([('session', 'eyJfcGVybWFuZW50Ijp0cnVlLCJ1c2VyX2lkIjoxLCJ1c2VybmFtZSI6ImFkbWluIn0.aWn2bg.jZlQQ1PkdZMTUOKiJ1OaVqwHd80')])
2026-01-16 16:27:29 - app - INFO - 检查更新: 当前版本 2.1.4
2026-01-16 16:27:38 - app - INFO - 检查更新成功: {'has_update': False, 'message': '当前已是最新版本'}
2026-01-16 16:29:26 - app - INFO - 检查登录状态, session内容: {'_permanent': True, 'user_id': 1, 'username': 'admin'}, cookies: ImmutableMultiDict([('session', 'eyJfcGVybWFuZW50Ijp0cnVlLCJ1c2VyX2lkIjoxLCJ1c2VybmFtZSI6ImFkbWluIn0.aWn25g.FQU1DId4gvkt8ubYFbdrmXEBCjs')])
2026-01-16 16:29:26 - app - INFO - 检查登录状态, session内容: {'_permanent': True, 'user_id': 1, 'username': 'admin'}, cookies: ImmutableMultiDict([('session', 'eyJfcGVybWFuZW50Ijp0cnVlLCJ1c2VyX2lkIjoxLCJ1c2VybmFtZSI6ImFkbWluIn0.aWn25g.FQU1DId4gvkt8ubYFbdrmXEBCjs')])
2026-01-16 16:29:26 - app - INFO - 检查登录状态, session内容: {'_permanent': True, 'user_id': 1, 'username': 'admin'}, cookies: ImmutableMultiDict([('session', 'eyJfcGVybWFuZW50Ijp0cnVlLCJ1c2VyX2lkIjoxLCJ1c2VybmFtZSI6ImFkbWluIn0.aWn25g.FQU1DId4gvkt8ubYFbdrmXEBCjs')])
2026-01-16 16:29:26 - app - INFO - 检查登录状态, session内容: {'_permanent': True, 'user_id': 1, 'username': 'admin'}, cookies: ImmutableMultiDict([('session', 'eyJfcGVybWFuZW50Ijp0cnVlLCJ1c2VyX2lkIjoxLCJ1c2VybmFtZSI6ImFkbWluIn0.aWn25g.FQU1DId4gvkt8ubYFbdrmXEBCjs')])
2026-01-16 16:29:29 - app - INFO - 检查更新: 当前版本 2.1.4
2026-01-16 16:29:38 - app - INFO - 检查更新成功: {'has_update': False, 'message': '当前已是最新版本'}
2026-01-16 16:29:43 - app - INFO - 已设置 1 个Cookie字段
2026-01-16 16:29:43 - app - INFO - 189获取文件列表请求: folder_id=-11, page=1, size=50
2026-01-16 16:29:55 - app - INFO - 189文件列表响应状态码: 200
2026-01-16 16:29:55 - app - INFO - 189文件列表获取成功: 文件夹11个, 文件2个
2026-01-16 16:44:22 - app - INFO - 许可证管理器初始化完成,服务器: http://license.22l2.com
2026-01-16 16:44:22 - app - INFO - 初始化许可证管理器...
2026-01-16 16:44:23 - app - INFO - 解密密钥设置成功
2026-01-16 16:44:23 - app - INFO - 解密密钥获取成功
2026-01-16 16:44:23 - app - INFO - 解密密钥获取成功，配置已就绪
2026-01-16 16:44:23 - app - INFO - 配置解密成功
2026-01-16 16:44:23 - app - INFO - 夸克API配置加载成功
2026-01-16 16:44:23 - app - INFO - 夸克API配置加载完成
2026-01-16 16:44:23 - app - INFO - 检查数据库...
2026-01-16 16:44:23 - app - INFO - 数据库检查完成
2026-01-16 16:44:23 - app - INFO - 检查数据库迁移...
2026-01-16 16:44:23 - app - INFO - 数据库迁移检查完成
2026-01-16 16:44:23 - app - INFO - 清理异常中断的任务状态...
2026-01-16 16:44:23 - app - INFO - 升级管理器初始化完成
2026-01-16 16:44:23 - app - INFO - Flask应用创建成功
2026-01-16 16:44:23 - app - INFO - 静态文件目录: C:\Data\夸克转存\client\frontend
2026-01-16 16:44:23 - app - INFO - 启动任务调度服务...
2026-01-16 16:44:23 - app - INFO - 检查被中断的影视下载任务...
2026-01-16 16:44:23 - app - INFO - 没有需要恢复的影视下载任务
2026-01-16 16:44:23 - app - INFO - 账期生成循环已启动
2026-01-16 16:44:23 - app - INFO - 账期生成线程已启动
2026-01-16 16:44:23 - app - INFO - 开始生成 2026-01-16 的任务账期
2026-01-16 16:44:23 - app - INFO - 任务执行循环已启动
2026-01-16 16:44:23 - app - INFO - 任务执行线程已启动
2026-01-16 16:44:23 - app - INFO - 日志清理循环已启动
2026-01-16 16:44:23 - app - INFO - 日志清理线程已启动
2026-01-16 16:44:23 - app - INFO - 下次日志清理时间: 2026-01-17 02:00:00
2026-01-16 16:44:23 - app - INFO - 启动Flask服务: http://0.0.0.0:8520
2026-01-16 16:44:23 - app - INFO - 跳过一次性执行任务: 测试
2026-01-16 16:44:23 - app - INFO - 跳过一次性执行任务: 测试谢谢谢谢
2026-01-16 16:44:23 - app - INFO - 跳过一次性执行任务: 测试189
2026-01-16 16:44:23 - app - INFO - 跳过一次性执行任务: 小城大事
2026-01-16 16:44:23 - app - INFO - ✅ 生成完成，共创建 0 条待执行记录
2026-01-16 16:44:23 - app - INFO - 下次生成账期时间: 2026-01-17 00:00:00, 等待 26137 秒
2026-01-16 17:11:04 - app - ERROR - 获取今日统计失败: no such table: daily_usage_stats
2026-01-16 17:11:17 - app - INFO - 成功获取账号昵称: 夸父2986
2026-01-16 17:11:18 - app - INFO - 成功获取账号昵称: 夸父2986
2026-01-16 17:12:39 - app - INFO - 许可证管理器初始化完成,服务器: http://license.22l2.com
2026-01-16 17:12:39 - app - INFO - 初始化许可证管理器...
2026-01-16 17:12:40 - app - INFO - 解密密钥设置成功
2026-01-16 17:12:40 - app - INFO - 解密密钥获取成功
2026-01-16 17:12:40 - app - INFO - 解密密钥获取成功，配置已就绪
2026-01-16 17:12:40 - app - INFO - 配置解密成功
2026-01-16 17:12:40 - app - INFO - 夸克API配置加载成功
2026-01-16 17:12:40 - app - INFO - 夸克API配置加载完成
2026-01-16 17:12:40 - app - INFO - 检查数据库...
2026-01-16 17:12:40 - app - INFO - 数据库检查完成
2026-01-16 17:12:40 - app - INFO - 检查数据库迁移...
2026-01-16 17:12:40 - app - INFO - 数据库迁移检查完成
2026-01-16 17:12:40 - app - INFO - 清理异常中断的任务状态...
2026-01-16 17:12:40 - app - INFO - 升级管理器初始化完成
2026-01-16 17:12:40 - app - INFO - Flask应用创建成功
2026-01-16 17:12:40 - app - INFO - 静态文件目录: C:\Data\夸克转存\client\frontend
2026-01-16 17:12:40 - app - INFO - 启动任务调度服务...
2026-01-16 17:12:40 - app - INFO - 检查被中断的影视下载任务...
2026-01-16 17:12:40 - app - INFO - 没有需要恢复的影视下载任务
2026-01-16 17:12:40 - app - INFO - 账期生成循环已启动
2026-01-16 17:12:40 - app - INFO - 账期生成线程已启动
2026-01-16 17:12:40 - app - INFO - 开始生成 2026-01-16 的任务账期
2026-01-16 17:12:40 - app - INFO - 任务执行循环已启动
2026-01-16 17:12:40 - app - INFO - 任务执行线程已启动
2026-01-16 17:12:40 - app - INFO - 日志清理循环已启动
2026-01-16 17:12:40 - app - INFO - 日志清理线程已启动
2026-01-16 17:12:40 - app - INFO - 下次日志清理时间: 2026-01-17 02:00:00
2026-01-16 17:12:40 - app - INFO - 启动Flask服务: http://0.0.0.0:8520
2026-01-16 17:12:40 - app - INFO - 跳过一次性执行任务: 测试
2026-01-16 17:12:40 - app - INFO - 跳过一次性执行任务: 测试谢谢谢谢
2026-01-16 17:12:40 - app - INFO - 跳过一次性执行任务: 测试189
2026-01-16 17:12:40 - app - INFO - 跳过一次性执行任务: 小城大事
2026-01-16 17:12:40 - app - INFO - ✅ 生成完成，共创建 0 条待执行记录
2026-01-16 17:12:40 - app - INFO - 下次生成账期时间: 2026-01-17 00:00:00, 等待 24439 秒
2026-01-16 17:13:02 - app - INFO - 许可证管理器初始化完成,服务器: http://license.22l2.com
2026-01-16 17:13:02 - app - INFO - 初始化许可证管理器...
2026-01-16 17:13:03 - app - INFO - 解密密钥设置成功
2026-01-16 17:13:03 - app - INFO - 解密密钥获取成功
2026-01-16 17:13:03 - app - INFO - 解密密钥获取成功，配置已就绪
2026-01-16 17:13:03 - app - INFO - 配置解密成功
2026-01-16 17:13:03 - app - INFO - 夸克API配置加载成功
2026-01-16 17:13:03 - app - INFO - 夸克API配置加载完成
2026-01-16 17:13:03 - app - INFO - 检查数据库...
2026-01-16 17:13:03 - app - INFO - 数据库检查完成
2026-01-16 17:13:03 - app - INFO - 检查数据库迁移...
2026-01-16 17:13:03 - app - INFO - 数据库迁移检查完成
2026-01-16 17:13:03 - app - INFO - 清理异常中断的任务状态...
2026-01-16 17:13:03 - app - INFO - 升级管理器初始化完成
2026-01-16 17:13:03 - app - INFO - Flask应用创建成功
2026-01-16 17:13:03 - app - INFO - 静态文件目录: C:\Data\夸克转存\client\frontend
2026-01-16 17:13:03 - app - INFO - 启动任务调度服务...
2026-01-16 17:13:03 - app - INFO - 检查被中断的影视下载任务...
2026-01-16 17:13:03 - app - INFO - 没有需要恢复的影视下载任务
2026-01-16 17:13:03 - app - INFO - 账期生成循环已启动
2026-01-16 17:13:03 - app - INFO - 账期生成线程已启动
2026-01-16 17:13:03 - app - INFO - 开始生成 2026-01-16 的任务账期
2026-01-16 17:13:03 - app - INFO - 任务执行循环已启动
2026-01-16 17:13:03 - app - INFO - 任务执行线程已启动
2026-01-16 17:13:03 - app - INFO - 跳过一次性执行任务: 测试
2026-01-16 17:13:03 - app - INFO - 日志清理循环已启动
2026-01-16 17:13:03 - app - INFO - 日志清理线程已启动
2026-01-16 17:13:03 - app - INFO - 跳过一次性执行任务: 测试谢谢谢谢
2026-01-16 17:13:03 - app - INFO - 下次日志清理时间: 2026-01-17 02:00:00
2026-01-16 17:13:03 - app - INFO - 启动Flask服务: http://0.0.0.0:8520
2026-01-16 17:13:03 - app - INFO - 跳过一次性执行任务: 测试189
2026-01-16 17:13:03 - app - INFO - 跳过一次性执行任务: 小城大事
2026-01-16 17:13:03 - app - INFO - ✅ 生成完成，共创建 0 条待执行记录
2026-01-16 17:13:03 - app - INFO - 下次生成账期时间: 2026-01-17 00:00:00, 等待 24416 秒
2026-01-16 17:13:14 - app - INFO - 许可证管理器初始化完成,服务器: http://license.22l2.com
2026-01-16 17:13:14 - app - INFO - 初始化许可证管理器...
2026-01-16 17:13:16 - app - INFO - 解密密钥设置成功
2026-01-16 17:13:16 - app - INFO - 解密密钥获取成功
2026-01-16 17:13:16 - app - INFO - 解密密钥获取成功，配置已就绪
2026-01-16 17:13:16 - app - INFO - 配置解密成功
2026-01-16 17:13:16 - app - INFO - 夸克API配置加载成功
2026-01-16 17:13:16 - app - INFO - 夸克API配置加载完成
2026-01-16 17:13:16 - app - INFO - 检查数据库...
2026-01-16 17:13:16 - app - INFO - 数据库检查完成
2026-01-16 17:13:16 - app - INFO - 检查数据库迁移...
2026-01-16 17:13:16 - app - INFO - 数据库迁移检查完成
2026-01-16 17:13:16 - app - INFO - 清理异常中断的任务状态...
2026-01-16 17:13:16 - app - INFO - 升级管理器初始化完成
2026-01-16 17:13:16 - app - INFO - Flask应用创建成功
2026-01-16 17:13:16 - app - INFO - 静态文件目录: C:\Data\夸克转存\client\frontend
2026-01-16 17:13:16 - app - INFO - 启动任务调度服务...
2026-01-16 17:13:16 - app - INFO - 检查被中断的影视下载任务...
2026-01-16 17:13:16 - app - INFO - 没有需要恢复的影视下载任务
2026-01-16 17:13:16 - app - INFO - 账期生成循环已启动
2026-01-16 17:13:16 - app - INFO - 账期生成线程已启动
2026-01-16 17:13:16 - app - INFO - 开始生成 2026-01-16 的任务账期
2026-01-16 17:13:16 - app - INFO - 任务执行循环已启动
2026-01-16 17:13:16 - app - INFO - 任务执行线程已启动
2026-01-16 17:13:16 - app - INFO - 日志清理循环已启动
2026-01-16 17:13:16 - app - INFO - 日志清理线程已启动
2026-01-16 17:13:16 - app - INFO - 下次日志清理时间: 2026-01-17 02:00:00
2026-01-16 17:13:16 - app - INFO - 启动Flask服务: http://0.0.0.0:8520
2026-01-16 17:13:16 - app - INFO - 跳过一次性执行任务: 测试
2026-01-16 17:13:16 - app - INFO - 跳过一次性执行任务: 测试谢谢谢谢
2026-01-16 17:13:16 - app - INFO - 跳过一次性执行任务: 测试189
2026-01-16 17:13:16 - app - INFO - 跳过一次性执行任务: 小城大事
2026-01-16 17:13:16 - app - INFO - ✅ 生成完成，共创建 0 条待执行记录
2026-01-16 17:13:16 - app - INFO - 下次生成账期时间: 2026-01-17 00:00:00, 等待 24404 秒
2026-01-16 17:15:26 - app - INFO - 许可证管理器初始化完成,服务器: http://license.22l2.com
2026-01-16 17:15:26 - app - INFO - 初始化许可证管理器...
2026-01-16 17:15:28 - app - INFO - 解密密钥设置成功
2026-01-16 17:15:28 - app - INFO - 解密密钥获取成功
2026-01-16 17:15:28 - app - INFO - 解密密钥获取成功，配置已就绪
2026-01-16 17:15:28 - app - INFO - 配置解密成功
2026-01-16 17:15:28 - app - INFO - 夸克API配置加载成功
2026-01-16 17:15:28 - app - INFO - 夸克API配置加载完成
2026-01-16 17:15:28 - app - INFO - 检查数据库...
2026-01-16 17:15:28 - app - INFO - 数据库检查完成
2026-01-16 17:15:28 - app - INFO - 检查数据库迁移...
2026-01-16 17:15:28 - app - INFO - 数据库迁移检查完成
2026-01-16 17:15:28 - app - INFO - 清理异常中断的任务状态...
2026-01-16 17:15:28 - app - INFO - 升级管理器初始化完成
2026-01-16 17:15:28 - app - INFO - Flask应用创建成功
2026-01-16 17:15:28 - app - INFO - 静态文件目录: C:\Data\夸克转存\client\frontend
2026-01-16 17:15:28 - app - INFO - 启动任务调度服务...
2026-01-16 17:15:28 - app - INFO - 检查被中断的影视下载任务...
2026-01-16 17:15:28 - app - INFO - 没有需要恢复的影视下载任务
2026-01-16 17:15:28 - app - INFO - 账期生成循环已启动
2026-01-16 17:15:28 - app - INFO - 账期生成线程已启动
2026-01-16 17:15:28 - app - INFO - 开始生成 2026-01-16 的任务账期
2026-01-16 17:15:28 - app - INFO - 任务执行循环已启动
2026-01-16 17:15:28 - app - INFO - 任务执行线程已启动
2026-01-16 17:15:28 - app - INFO - 日志清理循环已启动
2026-01-16 17:15:28 - app - INFO - 日志清理线程已启动
2026-01-16 17:15:28 - app - INFO - 下次日志清理时间: 2026-01-17 02:00:00
2026-01-16 17:15:28 - app - INFO - 启动Flask服务: http://0.0.0.0:8520
2026-01-16 17:15:28 - app - INFO - 跳过一次性执行任务: 测试
2026-01-16 17:15:28 - app - INFO - 跳过一次性执行任务: 测试谢谢谢谢
2026-01-16 17:15:28 - app - INFO - 跳过一次性执行任务: 测试189
2026-01-16 17:15:28 - app - INFO - 跳过一次性执行任务: 小城大事
2026-01-16 17:15:28 - app - INFO - ✅ 生成完成，共创建 0 条待执行记录
2026-01-16 17:15:28 - app - INFO - 下次生成账期时间: 2026-01-17 00:00:00, 等待 24272 秒
2026-01-16 17:15:42 - app - INFO - 许可证管理器初始化完成,服务器: http://license.22l2.com
2026-01-16 17:15:42 - app - INFO - 初始化许可证管理器...
2026-01-16 17:15:45 - app - INFO - 解密密钥设置成功
2026-01-16 17:15:45 - app - INFO - 解密密钥获取成功
2026-01-16 17:15:45 - app - INFO - 解密密钥获取成功，配置已就绪
2026-01-16 17:15:45 - app - INFO - 配置解密成功
2026-01-16 17:15:45 - app - INFO - 夸克API配置加载成功
2026-01-16 17:15:45 - app - INFO - 夸克API配置加载完成
2026-01-16 17:15:45 - app - INFO - 检查数据库...
2026-01-16 17:15:45 - app - INFO - 数据库检查完成
2026-01-16 17:15:45 - app - INFO - 检查数据库迁移...
2026-01-16 17:15:45 - app - INFO - 数据库迁移检查完成
2026-01-16 17:15:45 - app - INFO - 清理异常中断的任务状态...
2026-01-16 17:15:45 - app - INFO - 升级管理器初始化完成
2026-01-16 17:15:45 - app - INFO - Flask应用创建成功
2026-01-16 17:15:45 - app - INFO - 静态文件目录: C:\Data\夸克转存\client\frontend
2026-01-16 17:15:45 - app - INFO - 启动任务调度服务...
2026-01-16 17:15:45 - app - INFO - 检查被中断的影视下载任务...
2026-01-16 17:15:45 - app - INFO - 没有需要恢复的影视下载任务
2026-01-16 17:15:45 - app - INFO - 账期生成循环已启动
2026-01-16 17:15:45 - app - INFO - 账期生成线程已启动
2026-01-16 17:15:45 - app - INFO - 开始生成 2026-01-16 的任务账期
2026-01-16 17:15:45 - app - INFO - 任务执行循环已启动
2026-01-16 17:15:45 - app - INFO - 任务执行线程已启动
2026-01-16 17:15:45 - app - INFO - 日志清理循环已启动
2026-01-16 17:15:45 - app - INFO - 日志清理线程已启动
2026-01-16 17:15:45 - app - INFO - 下次日志清理时间: 2026-01-17 02:00:00
2026-01-16 17:15:45 - app - INFO - 启动Flask服务: http://0.0.0.0:8520
2026-01-16 17:15:45 - app - INFO - 跳过一次性执行任务: 测试
2026-01-16 17:15:45 - app - INFO - 跳过一次性执行任务: 测试谢谢谢谢
2026-01-16 17:15:45 - app - INFO - 跳过一次性执行任务: 测试189
2026-01-16 17:15:45 - app - INFO - 跳过一次性执行任务: 小城大事
2026-01-16 17:15:45 - app - INFO - ✅ 生成完成，共创建 0 条待执行记录
2026-01-16 17:15:45 - app - INFO - 下次生成账期时间: 2026-01-17 00:00:00, 等待 24254 秒
2026-01-16 17:15:59 - app - INFO - 许可证管理器初始化完成,服务器: http://license.22l2.com
2026-01-16 17:15:59 - app - INFO - 初始化许可证管理器...
2026-01-16 17:16:00 - app - INFO - 解密密钥设置成功
2026-01-16 17:16:00 - app - INFO - 解密密钥获取成功
2026-01-16 17:16:00 - app - INFO - 解密密钥获取成功，配置已就绪
2026-01-16 17:16:00 - app - INFO - 配置解密成功
2026-01-16 17:16:00 - app - INFO - 夸克API配置加载成功
2026-01-16 17:16:00 - app - INFO - 夸克API配置加载完成
2026-01-16 17:16:00 - app - INFO - 检查数据库...
2026-01-16 17:16:00 - app - INFO - 数据库检查完成
2026-01-16 17:16:00 - app - INFO - 检查数据库迁移...
2026-01-16 17:16:00 - app - INFO - 数据库迁移检查完成
2026-01-16 17:16:00 - app - INFO - 清理异常中断的任务状态...
2026-01-16 17:16:00 - app - INFO - 升级管理器初始化完成
2026-01-16 17:16:00 - app - INFO - Flask应用创建成功
2026-01-16 17:16:00 - app - INFO - 静态文件目录: C:\Data\夸克转存\client\frontend
2026-01-16 17:16:00 - app - INFO - 启动任务调度服务...
2026-01-16 17:16:00 - app - INFO - 检查被中断的影视下载任务...
2026-01-16 17:16:00 - app - INFO - 没有需要恢复的影视下载任务
2026-01-16 17:16:00 - app - INFO - 账期生成循环已启动
2026-01-16 17:16:00 - app - INFO - 账期生成线程已启动
2026-01-16 17:16:00 - app - INFO - 开始生成 2026-01-16 的任务账期
2026-01-16 17:16:00 - app - INFO - 任务执行循环已启动
2026-01-16 17:16:00 - app - INFO - 任务执行线程已启动
2026-01-16 17:16:00 - app - INFO - 日志清理循环已启动
2026-01-16 17:16:00 - app - INFO - 日志清理线程已启动
2026-01-16 17:16:00 - app - INFO - 下次日志清理时间: 2026-01-17 02:00:00
2026-01-16 17:16:00 - app - INFO - 启动Flask服务: http://0.0.0.0:8520
2026-01-16 17:16:00 - app - INFO - 跳过一次性执行任务: 测试
2026-01-16 17:16:00 - app - INFO - 跳过一次性执行任务: 测试谢谢谢谢
2026-01-16 17:16:00 - app - INFO - 跳过一次性执行任务: 测试189
2026-01-16 17:16:00 - app - INFO - 跳过一次性执行任务: 小城大事
2026-01-16 17:16:00 - app - INFO - ✅ 生成完成，共创建 0 条待执行记录
2026-01-16 17:16:00 - app - INFO - 下次生成账期时间: 2026-01-17 00:00:00, 等待 24239 秒
2026-01-16 17:16:14 - app - INFO - 许可证管理器初始化完成,服务器: http://license.22l2.com
2026-01-16 17:16:14 - app - INFO - 初始化许可证管理器...
2026-01-16 17:16:15 - app - INFO - 解密密钥设置成功
2026-01-16 17:16:15 - app - INFO - 解密密钥获取成功
2026-01-16 17:16:15 - app - INFO - 解密密钥获取成功，配置已就绪
2026-01-16 17:16:15 - app - INFO - 配置解密成功
2026-01-16 17:16:15 - app - INFO - 夸克API配置加载成功
2026-01-16 17:16:15 - app - INFO - 夸克API配置加载完成
2026-01-16 17:16:15 - app - INFO - 检查数据库...
2026-01-16 17:16:15 - app - INFO - 数据库检查完成
2026-01-16 17:16:15 - app - INFO - 检查数据库迁移...
2026-01-16 17:16:15 - app - INFO - 数据库迁移检查完成
2026-01-16 17:16:15 - app - INFO - 清理异常中断的任务状态...
2026-01-16 17:16:15 - app - INFO - 升级管理器初始化完成
2026-01-16 17:16:15 - app - INFO - Flask应用创建成功
2026-01-16 17:16:15 - app - INFO - 静态文件目录: C:\Data\夸克转存\client\frontend
2026-01-16 17:16:15 - app - INFO - 启动任务调度服务...
2026-01-16 17:16:15 - app - INFO - 检查被中断的影视下载任务...
2026-01-16 17:16:15 - app - INFO - 没有需要恢复的影视下载任务
2026-01-16 17:16:15 - app - INFO - 账期生成循环已启动
2026-01-16 17:16:15 - app - INFO - 账期生成线程已启动
2026-01-16 17:16:15 - app - INFO - 开始生成 2026-01-16 的任务账期
2026-01-16 17:16:15 - app - INFO - 任务执行循环已启动
2026-01-16 17:16:15 - app - INFO - 任务执行线程已启动
2026-01-16 17:16:15 - app - INFO - 日志清理循环已启动
2026-01-16 17:16:15 - app - INFO - 日志清理线程已启动
2026-01-16 17:16:15 - app - INFO - 下次日志清理时间: 2026-01-17 02:00:00
2026-01-16 17:16:15 - app - INFO - 启动Flask服务: http://0.0.0.0:8520
2026-01-16 17:16:15 - app - INFO - 跳过一次性执行任务: 测试
2026-01-16 17:16:15 - app - INFO - 跳过一次性执行任务: 测试谢谢谢谢
2026-01-16 17:16:15 - app - INFO - 跳过一次性执行任务: 测试189
2026-01-16 17:16:15 - app - INFO - 跳过一次性执行任务: 小城大事
2026-01-16 17:16:15 - app - INFO - ✅ 生成完成，共创建 0 条待执行记录
2026-01-16 17:16:15 - app - INFO - 下次生成账期时间: 2026-01-17 00:00:00, 等待 24224 秒
2026-01-16 17:24:11 - app - INFO - 许可证管理器初始化完成,服务器: http://license.22l2.com
2026-01-16 17:24:11 - app - INFO - 初始化许可证管理器...
2026-01-16 17:24:13 - app - INFO - 解密密钥设置成功
2026-01-16 17:24:13 - app - INFO - 解密密钥获取成功
2026-01-16 17:24:13 - app - INFO - 解密密钥获取成功，配置已就绪
2026-01-16 17:24:13 - app - INFO - 配置解密成功
2026-01-16 17:24:13 - app - INFO - 夸克API配置加载成功
2026-01-16 17:24:13 - app - INFO - 夸克API配置加载完成
2026-01-16 17:24:13 - app - INFO - 检查数据库...
2026-01-16 17:24:13 - app - INFO - 数据库检查完成
2026-01-16 17:24:13 - app - INFO - 检查数据库迁移...
2026-01-16 17:24:13 - app - INFO - 数据库迁移检查完成
2026-01-16 17:24:13 - app - INFO - 清理异常中断的任务状态...
2026-01-16 17:24:13 - app - INFO - 升级管理器初始化完成
2026-01-16 17:24:13 - app - INFO - Flask应用创建成功
2026-01-16 17:24:13 - app - INFO - 静态文件目录: C:\Data\夸克转存\client\frontend
2026-01-16 17:24:13 - app - INFO - 启动任务调度服务...
2026-01-16 17:24:13 - app - INFO - 检查被中断的影视下载任务...
2026-01-16 17:24:13 - app - INFO - 没有需要恢复的影视下载任务
2026-01-16 17:24:13 - app - INFO - 账期生成循环已启动
2026-01-16 17:24:13 - app - INFO - 账期生成线程已启动
2026-01-16 17:24:13 - app - INFO - 开始生成 2026-01-16 的任务账期
2026-01-16 17:24:13 - app - INFO - 任务执行循环已启动
2026-01-16 17:24:13 - app - INFO - 任务执行线程已启动
2026-01-16 17:24:13 - app - INFO - 日志清理循环已启动
2026-01-16 17:24:13 - app - INFO - 日志清理线程已启动
2026-01-16 17:24:13 - app - INFO - 下次日志清理时间: 2026-01-17 02:00:00
2026-01-16 17:24:13 - app - INFO - 启动Flask服务: http://0.0.0.0:8520
2026-01-16 17:24:13 - app - INFO - 跳过一次性执行任务: 测试
2026-01-16 17:24:13 - app - INFO - 跳过一次性执行任务: 测试谢谢谢谢
2026-01-16 17:24:13 - app - INFO - 跳过一次性执行任务: 测试189
2026-01-16 17:24:13 - app - INFO - 跳过一次性执行任务: 小城大事
2026-01-16 17:24:13 - app - INFO - ✅ 生成完成，共创建 0 条待执行记录
2026-01-16 17:24:13 - app - INFO - 下次生成账期时间: 2026-01-17 00:00:00, 等待 23746 秒
2026-01-16 17:24:33 - app - INFO - 许可证管理器初始化完成,服务器: http://license.22l2.com
2026-01-16 17:24:33 - app - INFO - 初始化许可证管理器...
2026-01-16 17:24:35 - app - INFO - 解密密钥设置成功
2026-01-16 17:24:35 - app - INFO - 解密密钥获取成功
2026-01-16 17:24:35 - app - INFO - 解密密钥获取成功，配置已就绪
2026-01-16 17:24:35 - app - INFO - 配置解密成功
2026-01-16 17:24:35 - app - INFO - 夸克API配置加载成功
2026-01-16 17:24:35 - app - INFO - 夸克API配置加载完成
2026-01-16 17:24:35 - app - INFO - 检查数据库...
2026-01-16 17:24:35 - app - INFO - 数据库检查完成
2026-01-16 17:24:35 - app - INFO - 检查数据库迁移...
2026-01-16 17:24:35 - app - INFO - 数据库迁移检查完成
2026-01-16 17:24:35 - app - INFO - 清理异常中断的任务状态...
2026-01-16 17:24:35 - app - INFO - 升级管理器初始化完成
2026-01-16 17:24:35 - app - INFO - Flask应用创建成功
2026-01-16 17:24:35 - app - INFO - 静态文件目录: C:\Data\夸克转存\client\frontend
2026-01-16 17:24:35 - app - INFO - 启动任务调度服务...
2026-01-16 17:24:35 - app - INFO - 检查被中断的影视下载任务...
2026-01-16 17:24:35 - app - INFO - 没有需要恢复的影视下载任务
2026-01-16 17:24:35 - app - INFO - 账期生成循环已启动
2026-01-16 17:24:35 - app - INFO - 账期生成线程已启动
2026-01-16 17:24:35 - app - INFO - 开始生成 2026-01-16 的任务账期
2026-01-16 17:24:35 - app - INFO - 任务执行循环已启动
2026-01-16 17:24:35 - app - INFO - 任务执行线程已启动
2026-01-16 17:24:35 - app - INFO - 日志清理循环已启动
2026-01-16 17:24:35 - app - INFO - 日志清理线程已启动
2026-01-16 17:24:35 - app - INFO - 下次日志清理时间: 2026-01-17 02:00:00
2026-01-16 17:24:35 - app - INFO - 跳过一次性执行任务: 测试
2026-01-16 17:24:35 - app - INFO - 启动Flask服务: http://0.0.0.0:8520
2026-01-16 17:24:35 - app - INFO - 跳过一次性执行任务: 测试谢谢谢谢
2026-01-16 17:24:35 - app - INFO - 跳过一次性执行任务: 测试189
2026-01-16 17:24:35 - app - INFO - 跳过一次性执行任务: 小城大事
2026-01-16 17:24:35 - app - INFO - ✅ 生成完成，共创建 0 条待执行记录
2026-01-16 17:24:35 - app - INFO - 下次生成账期时间: 2026-01-17 00:00:00, 等待 23724 秒
2026-01-16 17:28:00 - app - INFO - 检查登录状态, session内容: {'_permanent': True, 'user_id': 1, 'username': 'admin'}, cookies: ImmutableMultiDict([('session', 'eyJfcGVybWFuZW50Ijp0cnVlLCJ1c2VyX2lkIjoxLCJ1c2VybmFtZSI6ImFkbWluIn0.aWoEoA.gfTPVA1vZqedb-FHmXOL27l8yK0')])
2026-01-16 17:28:00 - app - INFO - 检查登录状态, session内容: {'_permanent': True, 'user_id': 1, 'username': 'admin'}, cookies: ImmutableMultiDict([('session', 'eyJfcGVybWFuZW50Ijp0cnVlLCJ1c2VyX2lkIjoxLCJ1c2VybmFtZSI6ImFkbWluIn0.aWoEoA.gfTPVA1vZqedb-FHmXOL27l8yK0')])
2026-01-16 17:28:03 - app - INFO - 检查更新: 当前版本 2.1.4
2026-01-16 17:28:12 - app - INFO - 检查更新成功: {'has_update': False, 'message': '当前已是最新版本'}
2026-01-16 17:28:12 - app - ERROR - 获取今日统计失败: no such table: daily_usage_stats
2026-01-16 17:28:24 - app - INFO - 测试账号请求: cloud_type=cloud189, has_cookie=False, has_username=True, has_password=True
2026-01-16 17:28:24 - app - INFO - 步骤1: 获取登录表单参数...
2026-01-16 17:28:24 - app - INFO -   状态码: 200, 内容长度: 23370
2026-01-16 17:28:24 - app - INFO -   ✓ captchaToken: 3796f19d1881be7bb501...
2026-01-16 17:28:24 - app - INFO -   ✓ lt: 2E20217AB07C136A07B1...
2026-01-16 17:28:24 - app - INFO -   ✓ paramId: 7F49E17B10B3B346C336DB9785C404B7E613F07BB9157F6F5FC7B25D0F759DBB0ED712C7E193E4A1F5AB701EBD412FC400E180275803F41CED592A391DFAD291EFC7D40804BC3257
2026-01-16 17:28:24 - app - INFO -   ✓ reqId: a3cee05ad8744da5
2026-01-16 17:28:24 - app - INFO - 步骤2: 获取RSA公钥...
2026-01-16 17:28:24 - app - INFO -   状态码: 200
2026-01-16 17:28:24 - app - INFO -   返回码: 0
2026-01-16 17:28:24 - app - INFO -   ✓ 公钥长度: 216
2026-01-16 17:28:24 - app - INFO -   ✓ pre前缀: {NRP}
2026-01-16 17:28:24 - app - INFO - 步骤3: 加密用户名和密码...
2026-01-16 17:28:24 - app - INFO -   ✓ 用户名加密成功，长度: 261
2026-01-16 17:28:24 - app - INFO -   ✓ 密码加密成功，长度: 261
2026-01-16 17:28:24 - app - INFO - 步骤4: 提交登录请求...
2026-01-16 17:28:25 - app - INFO -   状态码: 200
2026-01-16 17:28:25 - app - INFO -   返回码: 0
2026-01-16 17:28:25 - app - INFO -   返回消息: 登录成功
2026-01-16 17:28:25 - app - INFO -   ✓ 登录成功！
2026-01-16 17:28:25 - app - INFO -   重定向URL: https://m.cloud.189.cn/zhuanti/2020/loginErrorPc/index.html?appId=8025431004&paras=84FD99A464F0DB62A...
2026-01-16 17:28:25 - app - INFO - 步骤6: 调用getSessionForPC获取会话凭证...
2026-01-16 17:28:25 - app - INFO -   状态码: 200
2026-01-16 17:28:25 - app - INFO -   ✓ sessionKey: e72f8098-ee3a-4442-9...
2026-01-16 17:28:25 - app - INFO -   ✓ accessToken: 2010357b3aa949fd8026...
2026-01-16 17:28:25 - app - INFO - 步骤7: 使用sessionKey建立cloud.189.cn会话...
2026-01-16 17:28:25 - app - INFO -   主页状态码: 200
2026-01-16 17:28:25 - app - INFO -   API状态码: 200
2026-01-16 17:28:25 - app - INFO -   当前所有Cookie:
2026-01-16 17:28:25 - app - INFO -     COOKIE_LOGIN_USER: domain=.cloud.189.cn, path=/
2026-01-16 17:28:25 - app - INFO -     GRAYNUMBER: domain=.e.189.cn, path=/
2026-01-16 17:28:25 - app - INFO -     GUID: domain=.e.189.cn, path=/
2026-01-16 17:28:25 - app - INFO -     LT: domain=.e.189.cn, path=/
2026-01-16 17:28:25 - app - INFO -     OPENINFO: domain=.e.189.cn, path=/
2026-01-16 17:28:25 - app - INFO -     SSON: domain=.e.189.cn, path=/
2026-01-16 17:28:25 - app - INFO -     pageOp: domain=.e.189.cn, path=/
2026-01-16 17:28:25 - app - INFO -     JSESSIONID: domain=open.e.189.cn, path=/
2026-01-16 17:28:25 - app - INFO -   ✓ 获取到 1 个cloud.189.cn域名的Cookie
2026-01-16 17:28:25 - app - INFO -   Cookie字段: ['COOKIE_LOGIN_USER']
2026-01-16 17:28:25 - app - INFO - 已设置 1 个Cookie字段
2026-01-16 17:28:25 - app - INFO - 189账号容量响应: status=200
2026-01-16 17:28:25 - app - INFO - 189账号信息结果: {'res_code': 0, 'res_message': '成功', 'account': '151****9783@189.cn', 'cloudCapacityInfo': {'freeSize': 10979054106906, 'mail189UsedSize': 0, 'totalSize': 11011341942784, 'usedSize': 32287835878}, 'familyCapacityInfo': {'freeSize': 32198198215, 'totalSize': 32212254720, 'usedSize': 14056505}, 'totalSize': 11043554197504}
2026-01-16 17:28:25 - app - INFO - 已设置 1 个Cookie字段
2026-01-16 17:28:26 - app - INFO - 189账号容量响应: status=200
2026-01-16 17:28:26 - app - INFO - 189账号信息结果: {'res_code': 0, 'res_message': '成功', 'account': '151****9783@189.cn', 'cloudCapacityInfo': {'freeSize': 10979054106906, 'mail189UsedSize': 0, 'totalSize': 11011341942784, 'usedSize': 32287835878}, 'familyCapacityInfo': {'freeSize': 32198198215, 'totalSize': 32212254720, 'usedSize': 14056505}, 'totalSize': 11043554197504}
2026-01-16 17:28:37 - app - ERROR - 获取今日统计失败: no such table: daily_usage_stats
2026-01-16 17:29:21 - app - INFO - 检查登录状态, session内容: {'_permanent': True, 'user_id': 1, 'username': 'admin'}, cookies: ImmutableMultiDict([('session', 'eyJfcGVybWFuZW50Ijp0cnVlLCJ1c2VyX2lkIjoxLCJ1c2VybmFtZSI6ImFkbWluIn0.aWoE8Q.7sA6mGHUDGbqXQqukUynBj3WVqA')])
2026-01-16 17:29:21 - app - INFO - 检查登录状态, session内容: {'_permanent': True, 'user_id': 1, 'username': 'admin'}, cookies: ImmutableMultiDict([('session', 'eyJfcGVybWFuZW50Ijp0cnVlLCJ1c2VyX2lkIjoxLCJ1c2VybmFtZSI6ImFkbWluIn0.aWoE8Q.7sA6mGHUDGbqXQqukUynBj3WVqA')])
2026-01-16 17:29:23 - app - INFO - 检查更新: 当前版本 2.1.4
2026-01-16 17:29:32 - app - INFO - 检查更新成功: {'has_update': False, 'message': '当前已是最新版本'}
2026-01-16 17:50:02 - app - INFO - 许可证管理器初始化完成,服务器: http://license.22l2.com
2026-01-16 17:50:02 - app - INFO - 初始化许可证管理器...
2026-01-16 17:50:03 - app - INFO - 解密密钥设置成功
2026-01-16 17:50:03 - app - INFO - 解密密钥获取成功
2026-01-16 17:50:03 - app - INFO - 解密密钥获取成功，配置已就绪
2026-01-16 17:50:03 - app - INFO - 配置解密成功
2026-01-16 17:50:03 - app - INFO - 夸克API配置加载成功
2026-01-16 17:50:03 - app - INFO - 夸克API配置加载完成
2026-01-16 17:50:03 - app - INFO - 检查数据库...
2026-01-16 17:50:03 - app - INFO - 数据库检查完成
2026-01-16 17:50:03 - app - INFO - 检查数据库迁移...
2026-01-16 17:50:03 - app - INFO - 数据库迁移检查完成
2026-01-16 17:50:03 - app - INFO - 清理异常中断的任务状态...
2026-01-16 17:50:03 - app - INFO - 升级管理器初始化完成
2026-01-16 17:50:03 - app - INFO - Flask应用创建成功
2026-01-16 17:50:03 - app - INFO - 静态文件目录: C:\Data\夸克转存\client\frontend
2026-01-16 17:50:03 - app - INFO - 启动任务调度服务...
2026-01-16 17:50:03 - app - INFO - 检查被中断的影视下载任务...
2026-01-16 17:50:03 - app - INFO - 没有需要恢复的影视下载任务
2026-01-16 17:50:03 - app - INFO - 账期生成循环已启动
2026-01-16 17:50:03 - app - INFO - 账期生成线程已启动
2026-01-16 17:50:03 - app - INFO - 开始生成 2026-01-16 的任务账期
2026-01-16 17:50:03 - app - INFO - 任务执行循环已启动
2026-01-16 17:50:03 - app - INFO - 任务执行线程已启动
2026-01-16 17:50:03 - app - INFO - 日志清理循环已启动
2026-01-16 17:50:03 - app - INFO - 日志清理线程已启动
2026-01-16 17:50:03 - app - INFO - 下次日志清理时间: 2026-01-17 02:00:00
2026-01-16 17:50:03 - app - INFO - 跳过一次性执行任务: 测试
2026-01-16 17:50:03 - app - INFO - 启动Flask服务: http://0.0.0.0:8520
2026-01-16 17:50:03 - app - INFO - 跳过一次性执行任务: 测试谢谢谢谢
2026-01-16 17:50:03 - app - INFO - 跳过一次性执行任务: 测试189
2026-01-16 17:50:03 - app - INFO - 跳过一次性执行任务: 小城大事
2026-01-16 17:50:03 - app - INFO - ✅ 生成完成，共创建 0 条待执行记录
2026-01-16 17:50:03 - app - INFO - 下次生成账期时间: 2026-01-17 00:00:00, 等待 22196 秒
2026-01-16 17:50:17 - app - INFO - 许可证管理器初始化完成,服务器: http://license.22l2.com
2026-01-16 17:50:17 - app - INFO - 初始化许可证管理器...
2026-01-16 17:50:18 - app - INFO - 解密密钥设置成功
2026-01-16 17:50:18 - app - INFO - 解密密钥获取成功
2026-01-16 17:50:18 - app - INFO - 解密密钥获取成功，配置已就绪
2026-01-16 17:50:18 - app - INFO - 配置解密成功
2026-01-16 17:50:18 - app - INFO - 夸克API配置加载成功
2026-01-16 17:50:18 - app - INFO - 夸克API配置加载完成
2026-01-16 17:50:18 - app - INFO - 检查数据库...
2026-01-16 17:50:18 - app - INFO - 数据库检查完成
2026-01-16 17:50:18 - app - INFO - 检查数据库迁移...
2026-01-16 17:50:18 - app - INFO - 数据库迁移检查完成
2026-01-16 17:50:18 - app - INFO - 清理异常中断的任务状态...
2026-01-16 17:50:19 - app - INFO - 升级管理器初始化完成
2026-01-16 17:50:19 - app - INFO - Flask应用创建成功
2026-01-16 17:50:19 - app - INFO - 静态文件目录: C:\Data\夸克转存\client\frontend
2026-01-16 17:50:19 - app - INFO - 启动任务调度服务...
2026-01-16 17:50:19 - app - INFO - 检查被中断的影视下载任务...
2026-01-16 17:50:19 - app - INFO - 没有需要恢复的影视下载任务
2026-01-16 17:50:19 - app - INFO - 账期生成循环已启动
2026-01-16 17:50:19 - app - INFO - 账期生成线程已启动
2026-01-16 17:50:19 - app - INFO - 开始生成 2026-01-16 的任务账期
2026-01-16 17:50:19 - app - INFO - 任务执行循环已启动
2026-01-16 17:50:19 - app - INFO - 任务执行线程已启动
2026-01-16 17:50:19 - app - INFO - 日志清理循环已启动
2026-01-16 17:50:19 - app - INFO - 日志清理线程已启动
2026-01-16 17:50:19 - app - INFO - 下次日志清理时间: 2026-01-17 02:00:00
2026-01-16 17:50:19 - app - INFO - 启动Flask服务: http://0.0.0.0:8520
2026-01-16 17:50:19 - app - INFO - 跳过一次性执行任务: 测试
2026-01-16 17:50:19 - app - INFO - 跳过一次性执行任务: 测试谢谢谢谢
2026-01-16 17:50:19 - app - INFO - 跳过一次性执行任务: 测试189
2026-01-16 17:50:19 - app - INFO - 跳过一次性执行任务: 小城大事
2026-01-16 17:50:19 - app - INFO - ✅ 生成完成，共创建 0 条待执行记录
2026-01-16 17:50:19 - app - INFO - 下次生成账期时间: 2026-01-17 00:00:00, 等待 22181 秒
2026-01-16 17:50:57 - app - INFO - 许可证管理器初始化完成,服务器: http://license.22l2.com
2026-01-16 17:50:57 - app - INFO - 初始化许可证管理器...
2026-01-16 17:50:59 - app - INFO - 解密密钥设置成功
2026-01-16 17:50:59 - app - INFO - 解密密钥获取成功
2026-01-16 17:50:59 - app - INFO - 解密密钥获取成功，配置已就绪
2026-01-16 17:50:59 - app - INFO - 配置解密成功
2026-01-16 17:50:59 - app - INFO - 夸克API配置加载成功
2026-01-16 17:50:59 - app - INFO - 夸克API配置加载完成
2026-01-16 17:50:59 - app - INFO - 检查数据库...
2026-01-16 17:50:59 - app - INFO - 数据库检查完成
2026-01-16 17:50:59 - app - INFO - 检查数据库迁移...
2026-01-16 17:50:59 - app - INFO - 数据库迁移检查完成
2026-01-16 17:50:59 - app - INFO - 清理异常中断的任务状态...
2026-01-16 17:50:59 - app - INFO - 升级管理器初始化完成
2026-01-16 17:50:59 - app - INFO - Flask应用创建成功
2026-01-16 17:50:59 - app - INFO - 静态文件目录: C:\Data\夸克转存\client\frontend
2026-01-16 17:50:59 - app - INFO - 启动任务调度服务...
2026-01-16 17:50:59 - app - INFO - 检查被中断的影视下载任务...
2026-01-16 17:50:59 - app - INFO - 没有需要恢复的影视下载任务
2026-01-16 17:50:59 - app - INFO - 账期生成循环已启动
2026-01-16 17:50:59 - app - INFO - 账期生成线程已启动
2026-01-16 17:50:59 - app - INFO - 开始生成 2026-01-16 的任务账期
2026-01-16 17:50:59 - app - INFO - 任务执行循环已启动
2026-01-16 17:50:59 - app - INFO - 任务执行线程已启动
2026-01-16 17:50:59 - app - INFO - 日志清理循环已启动
2026-01-16 17:50:59 - app - INFO - 日志清理线程已启动
2026-01-16 17:50:59 - app - INFO - 下次日志清理时间: 2026-01-17 02:00:00
2026-01-16 17:50:59 - app - INFO - 启动Flask服务: http://0.0.0.0:8520
2026-01-16 17:50:59 - app - INFO - 跳过一次性执行任务: 测试
2026-01-16 17:50:59 - app - INFO - 跳过一次性执行任务: 测试谢谢谢谢
2026-01-16 17:50:59 - app - INFO - 跳过一次性执行任务: 测试189
2026-01-16 17:50:59 - app - INFO - 跳过一次性执行任务: 小城大事
2026-01-16 17:50:59 - app - INFO - ✅ 生成完成，共创建 0 条待执行记录
2026-01-16 17:50:59 - app - INFO - 下次生成账期时间: 2026-01-17 00:00:00, 等待 22141 秒
2026-01-16 17:51:05 - app - INFO - 许可证管理器初始化完成,服务器: http://license.22l2.com
2026-01-16 17:51:05 - app - INFO - 初始化许可证管理器...
2026-01-16 17:51:06 - app - INFO - 解密密钥设置成功
2026-01-16 17:51:06 - app - INFO - 解密密钥获取成功
2026-01-16 17:51:06 - app - INFO - 解密密钥获取成功，配置已就绪
2026-01-16 17:51:06 - app - INFO - 配置解密成功
2026-01-16 17:51:06 - app - INFO - 夸克API配置加载成功
2026-01-16 17:51:06 - app - INFO - 夸克API配置加载完成
2026-01-16 17:51:06 - app - INFO - 检查数据库...
2026-01-16 17:51:06 - app - INFO - 数据库检查完成
2026-01-16 17:51:06 - app - INFO - 检查数据库迁移...
2026-01-16 17:51:06 - app - INFO - 数据库迁移检查完成
2026-01-16 17:51:06 - app - INFO - 清理异常中断的任务状态...
2026-01-16 17:51:06 - app - INFO - 升级管理器初始化完成
2026-01-16 17:51:06 - app - INFO - Flask应用创建成功
2026-01-16 17:51:06 - app - INFO - 静态文件目录: C:\Data\夸克转存\client\frontend
2026-01-16 17:51:06 - app - INFO - 启动任务调度服务...
2026-01-16 17:51:06 - app - INFO - 检查被中断的影视下载任务...
2026-01-16 17:51:06 - app - INFO - 没有需要恢复的影视下载任务
2026-01-16 17:51:06 - app - INFO - 账期生成循环已启动
2026-01-16 17:51:06 - app - INFO - 账期生成线程已启动
2026-01-16 17:51:06 - app - INFO - 开始生成 2026-01-16 的任务账期
2026-01-16 17:51:06 - app - INFO - 任务执行循环已启动
2026-01-16 17:51:06 - app - INFO - 任务执行线程已启动
2026-01-16 17:51:06 - app - INFO - 日志清理循环已启动
2026-01-16 17:51:06 - app - INFO - 日志清理线程已启动
2026-01-16 17:51:06 - app - INFO - 下次日志清理时间: 2026-01-17 02:00:00
2026-01-16 17:51:06 - app - INFO - 启动Flask服务: http://0.0.0.0:8520
2026-01-16 17:51:06 - app - INFO - 跳过一次性执行任务: 测试
2026-01-16 17:51:06 - app - INFO - 跳过一次性执行任务: 测试谢谢谢谢
2026-01-16 17:51:06 - app - INFO - 跳过一次性执行任务: 测试189
2026-01-16 17:51:06 - app - INFO - 跳过一次性执行任务: 小城大事
2026-01-16 17:51:06 - app - INFO - ✅ 生成完成，共创建 0 条待执行记录
2026-01-16 17:51:06 - app - INFO - 下次生成账期时间: 2026-01-17 00:00:00, 等待 22134 秒
2026-01-16 17:51:40 - app - INFO - 许可证管理器初始化完成,服务器: http://license.22l2.com
2026-01-16 17:51:40 - app - INFO - 初始化许可证管理器...
2026-01-16 17:51:41 - app - INFO - 解密密钥设置成功
2026-01-16 17:51:41 - app - INFO - 解密密钥获取成功
2026-01-16 17:51:41 - app - INFO - 解密密钥获取成功，配置已就绪
2026-01-16 17:51:41 - app - INFO - 配置解密成功
2026-01-16 17:51:41 - app - INFO - 夸克API配置加载成功
2026-01-16 17:51:41 - app - INFO - 夸克API配置加载完成
2026-01-16 17:51:41 - app - INFO - 检查数据库...
2026-01-16 17:51:41 - app - INFO - 数据库检查完成
2026-01-16 17:51:41 - app - INFO - 检查数据库迁移...
2026-01-16 17:51:41 - app - INFO - 数据库迁移检查完成
2026-01-16 17:51:41 - app - INFO - 清理异常中断的任务状态...
2026-01-16 17:51:42 - app - INFO - 升级管理器初始化完成
2026-01-16 17:51:42 - app - INFO - Flask应用创建成功
2026-01-16 17:51:42 - app - INFO - 静态文件目录: C:\Data\夸克转存\client\frontend
2026-01-16 17:51:42 - app - INFO - 启动任务调度服务...
2026-01-16 17:51:42 - app - INFO - 检查被中断的影视下载任务...
2026-01-16 17:51:42 - app - INFO - 没有需要恢复的影视下载任务
2026-01-16 17:51:42 - app - INFO - 账期生成循环已启动
2026-01-16 17:51:42 - app - INFO - 账期生成线程已启动
2026-01-16 17:51:42 - app - INFO - 开始生成 2026-01-16 的任务账期
2026-01-16 17:51:42 - app - INFO - 任务执行循环已启动
2026-01-16 17:51:42 - app - INFO - 任务执行线程已启动
2026-01-16 17:51:42 - app - INFO - 日志清理循环已启动
2026-01-16 17:51:42 - app - INFO - 日志清理线程已启动
2026-01-16 17:51:42 - app - INFO - 下次日志清理时间: 2026-01-17 02:00:00
2026-01-16 17:51:42 - app - INFO - 跳过一次性执行任务: 测试
2026-01-16 17:51:42 - app - INFO - 启动Flask服务: http://0.0.0.0:8520
2026-01-16 17:51:42 - app - INFO - 跳过一次性执行任务: 测试谢谢谢谢
2026-01-16 17:51:42 - app - INFO - 跳过一次性执行任务: 测试189
2026-01-16 17:51:42 - app - INFO - 跳过一次性执行任务: 小城大事
2026-01-16 17:51:42 - app - INFO - ✅ 生成完成，共创建 0 条待执行记录
2026-01-16 17:51:42 - app - INFO - 下次生成账期时间: 2026-01-17 00:00:00, 等待 22098 秒
2026-01-16 17:52:27 - app - INFO - 许可证管理器初始化完成,服务器: http://license.22l2.com
2026-01-16 17:52:27 - app - INFO - 初始化许可证管理器...
2026-01-16 17:52:29 - app - INFO - 解密密钥设置成功
2026-01-16 17:52:29 - app - INFO - 解密密钥获取成功
2026-01-16 17:52:29 - app - INFO - 解密密钥获取成功，配置已就绪
2026-01-16 17:52:29 - app - INFO - 配置解密成功
2026-01-16 17:52:29 - app - INFO - 夸克API配置加载成功
2026-01-16 17:52:29 - app - INFO - 夸克API配置加载完成
2026-01-16 17:52:29 - app - INFO - 检查数据库...
2026-01-16 17:52:29 - app - INFO - 数据库检查完成
2026-01-16 17:52:29 - app - INFO - 检查数据库迁移...
2026-01-16 17:52:29 - app - INFO - 数据库迁移检查完成
2026-01-16 17:52:29 - app - INFO - 清理异常中断的任务状态...
2026-01-16 17:52:29 - app - INFO - 升级管理器初始化完成
2026-01-16 17:52:29 - app - INFO - Flask应用创建成功
2026-01-16 17:52:29 - app - INFO - 静态文件目录: C:\Data\夸克转存\client\frontend
2026-01-16 17:52:29 - app - INFO - 启动任务调度服务...
2026-01-16 17:52:29 - app - INFO - 检查被中断的影视下载任务...
2026-01-16 17:52:29 - app - INFO - 没有需要恢复的影视下载任务
2026-01-16 17:52:29 - app - INFO - 账期生成循环已启动
2026-01-16 17:52:29 - app - INFO - 账期生成线程已启动
2026-01-16 17:52:29 - app - INFO - 开始生成 2026-01-16 的任务账期
2026-01-16 17:52:29 - app - INFO - 任务执行循环已启动
2026-01-16 17:52:29 - app - INFO - 任务执行线程已启动
2026-01-16 17:52:29 - app - INFO - 日志清理循环已启动
2026-01-16 17:52:29 - app - INFO - 日志清理线程已启动
2026-01-16 17:52:29 - app - INFO - 跳过一次性执行任务: 测试
2026-01-16 17:52:29 - app - INFO - 下次日志清理时间: 2026-01-17 02:00:00
2026-01-16 17:52:29 - app - INFO - 启动Flask服务: http://0.0.0.0:8520
2026-01-16 17:52:29 - app - INFO - 跳过一次性执行任务: 测试谢谢谢谢
2026-01-16 17:52:29 - app - INFO - 跳过一次性执行任务: 测试189
2026-01-16 17:52:29 - app - INFO - 跳过一次性执行任务: 小城大事
2026-01-16 17:52:29 - app - INFO - ✅ 生成完成，共创建 0 条待执行记录
2026-01-16 17:52:29 - app - INFO - 下次生成账期时间: 2026-01-17 00:00:00, 等待 22051 秒
2026-01-16 18:05:03 - app - INFO - 许可证管理器初始化完成,服务器: http://license.22l2.com
2026-01-16 18:05:03 - app - INFO - 初始化许可证管理器...
2026-01-16 18:05:04 - app - INFO - 解密密钥设置成功
2026-01-16 18:05:04 - app - INFO - 解密密钥获取成功
2026-01-16 18:05:04 - app - INFO - 解密密钥获取成功，配置已就绪
2026-01-16 18:05:04 - app - INFO - 配置解密成功
2026-01-16 18:05:04 - app - INFO - 夸克API配置加载成功
2026-01-16 18:05:04 - app - INFO - 夸克API配置加载完成
2026-01-16 18:05:04 - app - INFO - 检查数据库...
2026-01-16 18:05:04 - app - INFO - 数据库检查完成
2026-01-16 18:05:04 - app - INFO - 检查数据库迁移...
2026-01-16 18:05:04 - app - INFO - 数据库迁移检查完成
2026-01-16 18:05:04 - app - INFO - 清理异常中断的任务状态...
2026-01-16 18:05:04 - app - INFO - 升级管理器初始化完成
2026-01-16 18:05:04 - app - INFO - Flask应用创建成功
2026-01-16 18:05:04 - app - INFO - 静态文件目录: C:\Data\夸克转存\client\frontend
2026-01-16 18:05:04 - app - INFO - 启动任务调度服务...
2026-01-16 18:05:04 - app - INFO - 检查被中断的影视下载任务...
2026-01-16 18:05:04 - app - INFO - 没有需要恢复的影视下载任务
2026-01-16 18:05:04 - app - INFO - 账期生成循环已启动
2026-01-16 18:05:04 - app - INFO - 账期生成线程已启动
2026-01-16 18:05:04 - app - INFO - 开始生成 2026-01-16 的任务账期
2026-01-16 18:05:04 - app - INFO - 任务执行循环已启动
2026-01-16 18:05:04 - app - INFO - 任务执行线程已启动
2026-01-16 18:05:04 - app - INFO - 日志清理循环已启动
2026-01-16 18:05:04 - app - INFO - 日志清理线程已启动
2026-01-16 18:05:04 - app - INFO - 下次日志清理时间: 2026-01-17 02:00:00
2026-01-16 18:05:04 - app - INFO - 启动Flask服务: http://0.0.0.0:8520
2026-01-16 18:05:04 - app - INFO - 跳过一次性执行任务: 测试
2026-01-16 18:05:04 - app - INFO - 跳过一次性执行任务: 测试谢谢谢谢
2026-01-16 18:05:04 - app - INFO - 跳过一次性执行任务: 测试189
2026-01-16 18:05:04 - app - INFO - 跳过一次性执行任务: 小城大事
2026-01-16 18:05:04 - app - INFO - ✅ 生成完成，共创建 0 条待执行记录
2026-01-16 18:05:04 - app - INFO - 下次生成账期时间: 2026-01-17 00:00:00, 等待 21295 秒
2026-01-16 18:05:27 - app - INFO - 许可证管理器初始化完成,服务器: http://license.22l2.com
2026-01-16 18:05:27 - app - INFO - 初始化许可证管理器...
2026-01-16 18:05:28 - app - INFO - 解密密钥设置成功
2026-01-16 18:05:28 - app - INFO - 解密密钥获取成功
2026-01-16 18:05:28 - app - INFO - 解密密钥获取成功，配置已就绪
2026-01-16 18:05:28 - app - INFO - 配置解密成功
2026-01-16 18:05:28 - app - INFO - 夸克API配置加载成功
2026-01-16 18:05:28 - app - INFO - 夸克API配置加载完成
2026-01-16 18:05:28 - app - INFO - 检查数据库...
2026-01-16 18:05:28 - app - INFO - 数据库检查完成
2026-01-16 18:05:28 - app - INFO - 检查数据库迁移...
2026-01-16 18:05:28 - app - INFO - 数据库迁移检查完成
2026-01-16 18:05:28 - app - INFO - 清理异常中断的任务状态...
2026-01-16 18:05:28 - app - INFO - 升级管理器初始化完成
2026-01-16 18:05:28 - app - INFO - Flask应用创建成功
2026-01-16 18:05:28 - app - INFO - 静态文件目录: C:\Data\夸克转存\client\frontend
2026-01-16 18:05:28 - app - INFO - 启动任务调度服务...
2026-01-16 18:05:28 - app - INFO - 检查被中断的影视下载任务...
2026-01-16 18:05:28 - app - INFO - 没有需要恢复的影视下载任务
2026-01-16 18:05:28 - app - INFO - 账期生成循环已启动
2026-01-16 18:05:28 - app - INFO - 账期生成线程已启动
2026-01-16 18:05:28 - app - INFO - 开始生成 2026-01-16 的任务账期
2026-01-16 18:05:28 - app - INFO - 任务执行循环已启动
2026-01-16 18:05:28 - app - INFO - 任务执行线程已启动
2026-01-16 18:05:28 - app - INFO - 日志清理循环已启动
2026-01-16 18:05:28 - app - INFO - 日志清理线程已启动
2026-01-16 18:05:28 - app - INFO - 下次日志清理时间: 2026-01-17 02:00:00
2026-01-16 18:05:28 - app - INFO - 启动Flask服务: http://0.0.0.0:8520
2026-01-16 18:05:28 - app - INFO - 跳过一次性执行任务: 测试
2026-01-16 18:05:28 - app - INFO - 跳过一次性执行任务: 测试谢谢谢谢
2026-01-16 18:05:28 - app - INFO - 跳过一次性执行任务: 测试189
2026-01-16 18:05:28 - app - INFO - 跳过一次性执行任务: 小城大事
2026-01-16 18:05:28 - app - INFO - ✅ 生成完成，共创建 0 条待执行记录
2026-01-16 18:05:28 - app - INFO - 下次生成账期时间: 2026-01-17 00:00:00, 等待 21272 秒
2026-01-16 18:05:42 - app - INFO - 许可证管理器初始化完成,服务器: http://license.22l2.com
2026-01-16 18:05:42 - app - INFO - 初始化许可证管理器...
2026-01-16 18:05:43 - app - INFO - 解密密钥设置成功
2026-01-16 18:05:43 - app - INFO - 解密密钥获取成功
2026-01-16 18:05:43 - app - INFO - 解密密钥获取成功，配置已就绪
2026-01-16 18:05:43 - app - INFO - 配置解密成功
2026-01-16 18:05:43 - app - INFO - 夸克API配置加载成功
2026-01-16 18:05:43 - app - INFO - 夸克API配置加载完成
2026-01-16 18:05:43 - app - INFO - 检查数据库...
2026-01-16 18:05:43 - app - INFO - 数据库检查完成
2026-01-16 18:05:43 - app - INFO - 检查数据库迁移...
2026-01-16 18:05:43 - app - INFO - 数据库迁移检查完成
2026-01-16 18:05:43 - app - INFO - 清理异常中断的任务状态...
2026-01-16 18:05:43 - app - INFO - 升级管理器初始化完成
2026-01-16 18:05:43 - app - INFO - Flask应用创建成功
2026-01-16 18:05:43 - app - INFO - 静态文件目录: C:\Data\夸克转存\client\frontend
2026-01-16 18:05:43 - app - INFO - 启动任务调度服务...
2026-01-16 18:05:43 - app - INFO - 检查被中断的影视下载任务...
2026-01-16 18:05:43 - app - INFO - 没有需要恢复的影视下载任务
2026-01-16 18:05:43 - app - INFO - 账期生成循环已启动
2026-01-16 18:05:43 - app - INFO - 账期生成线程已启动
2026-01-16 18:05:43 - app - INFO - 开始生成 2026-01-16 的任务账期
2026-01-16 18:05:43 - app - INFO - 任务执行循环已启动
2026-01-16 18:05:43 - app - INFO - 任务执行线程已启动
2026-01-16 18:05:43 - app - INFO - 日志清理循环已启动
2026-01-16 18:05:43 - app - INFO - 日志清理线程已启动
2026-01-16 18:05:43 - app - INFO - 下次日志清理时间: 2026-01-17 02:00:00
2026-01-16 18:05:43 - app - INFO - 启动Flask服务: http://0.0.0.0:8520
2026-01-16 18:05:43 - app - INFO - 跳过一次性执行任务: 测试
2026-01-16 18:05:43 - app - INFO - 跳过一次性执行任务: 测试谢谢谢谢
2026-01-16 18:05:43 - app - INFO - 跳过一次性执行任务: 测试189
2026-01-16 18:05:43 - app - INFO - 跳过一次性执行任务: 小城大事
2026-01-16 18:05:43 - app - INFO - ✅ 生成完成，共创建 0 条待执行记录
2026-01-16 18:05:43 - app - INFO - 下次生成账期时间: 2026-01-17 00:00:00, 等待 21256 秒
2026-01-16 18:05:52 - app - INFO - 许可证管理器初始化完成,服务器: http://license.22l2.com
2026-01-16 18:05:52 - app - INFO - 初始化许可证管理器...
2026-01-16 18:05:53 - app - INFO - 解密密钥设置成功
2026-01-16 18:05:53 - app - INFO - 解密密钥获取成功
2026-01-16 18:05:53 - app - INFO - 解密密钥获取成功，配置已就绪
2026-01-16 18:05:53 - app - INFO - 配置解密成功
2026-01-16 18:05:53 - app - INFO - 夸克API配置加载成功
2026-01-16 18:05:53 - app - INFO - 夸克API配置加载完成
2026-01-16 18:05:53 - app - INFO - 检查数据库...
2026-01-16 18:05:53 - app - INFO - 数据库检查完成
2026-01-16 18:05:53 - app - INFO - 检查数据库迁移...
2026-01-16 18:05:54 - app - INFO - 数据库迁移检查完成
2026-01-16 18:05:54 - app - INFO - 清理异常中断的任务状态...
2026-01-16 18:05:54 - app - INFO - 升级管理器初始化完成
2026-01-16 18:05:54 - app - INFO - Flask应用创建成功
2026-01-16 18:05:54 - app - INFO - 静态文件目录: C:\Data\夸克转存\client\frontend
2026-01-16 18:05:54 - app - INFO - 启动任务调度服务...
2026-01-16 18:05:54 - app - INFO - 检查被中断的影视下载任务...
2026-01-16 18:05:54 - app - INFO - 没有需要恢复的影视下载任务
2026-01-16 18:05:54 - app - INFO - 账期生成循环已启动
2026-01-16 18:05:54 - app - INFO - 账期生成线程已启动
2026-01-16 18:05:54 - app - INFO - 开始生成 2026-01-16 的任务账期
2026-01-16 18:05:54 - app - INFO - 任务执行循环已启动
2026-01-16 18:05:54 - app - INFO - 任务执行线程已启动
2026-01-16 18:05:54 - app - INFO - 日志清理循环已启动
2026-01-16 18:05:54 - app - INFO - 日志清理线程已启动
2026-01-16 18:05:54 - app - INFO - 下次日志清理时间: 2026-01-17 02:00:00
2026-01-16 18:05:54 - app - INFO - 启动Flask服务: http://0.0.0.0:8520
2026-01-16 18:05:54 - app - INFO - 跳过一次性执行任务: 测试
2026-01-16 18:05:54 - app - INFO - 跳过一次性执行任务: 测试谢谢谢谢
2026-01-16 18:05:54 - app - INFO - 跳过一次性执行任务: 测试189
2026-01-16 18:05:54 - app - INFO - 跳过一次性执行任务: 小城大事
2026-01-16 18:05:54 - app - INFO - ✅ 生成完成，共创建 0 条待执行记录
2026-01-16 18:05:54 - app - INFO - 下次生成账期时间: 2026-01-17 00:00:00, 等待 21246 秒
2026-01-16 18:06:07 - app - INFO - 许可证管理器初始化完成,服务器: http://license.22l2.com
2026-01-16 18:06:07 - app - INFO - 初始化许可证管理器...
2026-01-16 18:06:08 - app - INFO - 解密密钥设置成功
2026-01-16 18:06:08 - app - INFO - 解密密钥获取成功
2026-01-16 18:06:08 - app - INFO - 解密密钥获取成功，配置已就绪
2026-01-16 18:06:08 - app - INFO - 配置解密成功
2026-01-16 18:06:08 - app - INFO - 夸克API配置加载成功
2026-01-16 18:06:08 - app - INFO - 夸克API配置加载完成
2026-01-16 18:06:08 - app - INFO - 检查数据库...
2026-01-16 18:06:08 - app - INFO - 数据库检查完成
2026-01-16 18:06:08 - app - INFO - 检查数据库迁移...
2026-01-16 18:06:08 - app - INFO - 数据库迁移检查完成
2026-01-16 18:06:08 - app - INFO - 清理异常中断的任务状态...
2026-01-16 18:06:09 - app - INFO - 升级管理器初始化完成
2026-01-16 18:06:09 - app - INFO - Flask应用创建成功
2026-01-16 18:06:09 - app - INFO - 静态文件目录: C:\Data\夸克转存\client\frontend
2026-01-16 18:06:09 - app - INFO - 启动任务调度服务...
2026-01-16 18:06:09 - app - INFO - 检查被中断的影视下载任务...
2026-01-16 18:06:09 - app - INFO - 没有需要恢复的影视下载任务
2026-01-16 18:06:09 - app - INFO - 账期生成循环已启动
2026-01-16 18:06:09 - app - INFO - 账期生成线程已启动
2026-01-16 18:06:09 - app - INFO - 开始生成 2026-01-16 的任务账期
2026-01-16 18:06:09 - app - INFO - 任务执行循环已启动
2026-01-16 18:06:09 - app - INFO - 任务执行线程已启动
2026-01-16 18:06:09 - app - INFO - 日志清理循环已启动
2026-01-16 18:06:09 - app - INFO - 日志清理线程已启动
2026-01-16 18:06:09 - app - INFO - 下次日志清理时间: 2026-01-17 02:00:00
2026-01-16 18:06:09 - app - INFO - 启动Flask服务: http://0.0.0.0:8520
2026-01-16 18:06:09 - app - INFO - 跳过一次性执行任务: 测试
2026-01-16 18:06:09 - app - INFO - 跳过一次性执行任务: 测试谢谢谢谢
2026-01-16 18:06:09 - app - INFO - 跳过一次性执行任务: 测试189
2026-01-16 18:06:09 - app - INFO - 跳过一次性执行任务: 小城大事
2026-01-16 18:06:09 - app - INFO - ✅ 生成完成，共创建 0 条待执行记录
2026-01-16 18:06:09 - app - INFO - 下次生成账期时间: 2026-01-17 00:00:00, 等待 21231 秒
2026-01-16 18:06:30 - app - INFO - 许可证管理器初始化完成,服务器: http://license.22l2.com
2026-01-16 18:06:30 - app - INFO - 初始化许可证管理器...
2026-01-16 18:06:31 - app - INFO - 解密密钥设置成功
2026-01-16 18:06:31 - app - INFO - 解密密钥获取成功
2026-01-16 18:06:31 - app - INFO - 解密密钥获取成功，配置已就绪
2026-01-16 18:06:31 - app - INFO - 配置解密成功
2026-01-16 18:06:31 - app - INFO - 夸克API配置加载成功
2026-01-16 18:06:31 - app - INFO - 夸克API配置加载完成
2026-01-16 18:06:31 - app - INFO - 检查数据库...
2026-01-16 18:06:31 - app - INFO - 数据库检查完成
2026-01-16 18:06:31 - app - INFO - 检查数据库迁移...
2026-01-16 18:06:31 - app - INFO - 数据库迁移检查完成
2026-01-16 18:06:31 - app - INFO - 清理异常中断的任务状态...
2026-01-16 18:06:31 - app - INFO - 升级管理器初始化完成
2026-01-16 18:06:31 - app - INFO - Flask应用创建成功
2026-01-16 18:06:31 - app - INFO - 静态文件目录: C:\Data\夸克转存\client\frontend
2026-01-16 18:06:31 - app - INFO - 启动任务调度服务...
2026-01-16 18:06:31 - app - INFO - 检查被中断的影视下载任务...
2026-01-16 18:06:31 - app - INFO - 没有需要恢复的影视下载任务
2026-01-16 18:06:31 - app - INFO - 账期生成循环已启动
2026-01-16 18:06:31 - app - INFO - 账期生成线程已启动
2026-01-16 18:06:31 - app - INFO - 开始生成 2026-01-16 的任务账期
2026-01-16 18:06:31 - app - INFO - 任务执行循环已启动
2026-01-16 18:06:31 - app - INFO - 任务执行线程已启动
2026-01-16 18:06:31 - app - INFO - 日志清理循环已启动
2026-01-16 18:06:31 - app - INFO - 日志清理线程已启动
2026-01-16 18:06:31 - app - INFO - 下次日志清理时间: 2026-01-17 02:00:00
2026-01-16 18:06:31 - app - INFO - 启动Flask服务: http://0.0.0.0:8520
2026-01-16 18:06:31 - app - INFO - 跳过一次性执行任务: 测试
2026-01-16 18:06:31 - app - INFO - 跳过一次性执行任务: 测试谢谢谢谢
2026-01-16 18:06:31 - app - INFO - 跳过一次性执行任务: 测试189
2026-01-16 18:06:31 - app - INFO - 跳过一次性执行任务: 小城大事
2026-01-16 18:06:31 - app - INFO - ✅ 生成完成，共创建 0 条待执行记录
2026-01-16 18:06:31 - app - INFO - 下次生成账期时间: 2026-01-17 00:00:00, 等待 21208 秒
2026-01-16 18:07:06 - app - INFO - 许可证管理器初始化完成,服务器: http://license.22l2.com
2026-01-16 18:07:06 - app - INFO - 初始化许可证管理器...
2026-01-16 18:07:07 - app - INFO - 解密密钥设置成功
2026-01-16 18:07:07 - app - INFO - 解密密钥获取成功
2026-01-16 18:07:07 - app - INFO - 解密密钥获取成功，配置已就绪
2026-01-16 18:07:07 - app - INFO - 配置解密成功
2026-01-16 18:07:07 - app - INFO - 夸克API配置加载成功
2026-01-16 18:07:07 - app - INFO - 夸克API配置加载完成
2026-01-16 18:07:07 - app - INFO - 检查数据库...
2026-01-16 18:07:07 - app - INFO - 数据库检查完成
2026-01-16 18:07:07 - app - INFO - 检查数据库迁移...
2026-01-16 18:07:07 - app - INFO - 数据库迁移检查完成
2026-01-16 18:07:07 - app - INFO - 清理异常中断的任务状态...
2026-01-16 18:07:08 - app - INFO - 升级管理器初始化完成
2026-01-16 18:07:08 - app - INFO - Flask应用创建成功
2026-01-16 18:07:08 - app - INFO - 静态文件目录: C:\Data\夸克转存\client\frontend
2026-01-16 18:07:08 - app - INFO - 启动任务调度服务...
2026-01-16 18:07:08 - app - INFO - 检查被中断的影视下载任务...
2026-01-16 18:07:08 - app - INFO - 没有需要恢复的影视下载任务
2026-01-16 18:07:08 - app - INFO - 账期生成循环已启动
2026-01-16 18:07:08 - app - INFO - 账期生成线程已启动
2026-01-16 18:07:08 - app - INFO - 开始生成 2026-01-16 的任务账期
2026-01-16 18:07:08 - app - INFO - 任务执行循环已启动
2026-01-16 18:07:08 - app - INFO - 任务执行线程已启动
2026-01-16 18:07:08 - app - INFO - 跳过一次性执行任务: 测试
2026-01-16 18:07:08 - app - INFO - 日志清理循环已启动
2026-01-16 18:07:08 - app - INFO - 日志清理线程已启动
2026-01-16 18:07:08 - app - INFO - 跳过一次性执行任务: 测试谢谢谢谢
2026-01-16 18:07:08 - app - INFO - 下次日志清理时间: 2026-01-17 02:00:00
2026-01-16 18:07:08 - app - INFO - 跳过一次性执行任务: 测试189
2026-01-16 18:07:08 - app - INFO - 启动Flask服务: http://0.0.0.0:8520
2026-01-16 18:07:08 - app - INFO - 跳过一次性执行任务: 小城大事
2026-01-16 18:07:08 - app - INFO - ✅ 生成完成，共创建 0 条待执行记录
2026-01-16 18:07:08 - app - INFO - 下次生成账期时间: 2026-01-17 00:00:00, 等待 21172 秒
2026-01-16 18:08:28 - app - INFO - 许可证管理器初始化完成,服务器: http://license.22l2.com
2026-01-16 18:08:28 - app - INFO - 初始化许可证管理器...
2026-01-16 18:08:29 - app - INFO - 解密密钥设置成功
2026-01-16 18:08:29 - app - INFO - 解密密钥获取成功
2026-01-16 18:08:29 - app - INFO - 解密密钥获取成功，配置已就绪
2026-01-16 18:08:29 - app - INFO - 配置解密成功
2026-01-16 18:08:29 - app - INFO - 夸克API配置加载成功
2026-01-16 18:08:29 - app - INFO - 夸克API配置加载完成
2026-01-16 18:08:29 - app - INFO - 检查数据库...
2026-01-16 18:08:29 - app - INFO - 数据库检查完成
2026-01-16 18:08:29 - app - INFO - 检查数据库迁移...
2026-01-16 18:08:29 - app - INFO - 数据库迁移检查完成
2026-01-16 18:08:29 - app - INFO - 清理异常中断的任务状态...
2026-01-16 18:08:29 - app - INFO - 升级管理器初始化完成
2026-01-16 18:08:29 - app - INFO - Flask应用创建成功
2026-01-16 18:08:29 - app - INFO - 静态文件目录: C:\Data\夸克转存\client\frontend
2026-01-16 18:08:29 - app - INFO - 启动任务调度服务...
2026-01-16 18:08:29 - app - INFO - 检查被中断的影视下载任务...
2026-01-16 18:08:29 - app - INFO - 没有需要恢复的影视下载任务
2026-01-16 18:08:29 - app - INFO - 账期生成循环已启动
2026-01-16 18:08:29 - app - INFO - 账期生成线程已启动
2026-01-16 18:08:29 - app - INFO - 开始生成 2026-01-16 的任务账期
2026-01-16 18:08:29 - app - INFO - 任务执行循环已启动
2026-01-16 18:08:29 - app - INFO - 任务执行线程已启动
2026-01-16 18:08:29 - app - INFO - 日志清理循环已启动
2026-01-16 18:08:29 - app - INFO - 日志清理线程已启动
2026-01-16 18:08:29 - app - INFO - 下次日志清理时间: 2026-01-17 02:00:00
2026-01-16 18:08:29 - app - INFO - 跳过一次性执行任务: 测试
2026-01-16 18:08:29 - app - INFO - 启动Flask服务: http://0.0.0.0:8520
2026-01-16 18:08:29 - app - INFO - 跳过一次性执行任务: 测试谢谢谢谢
2026-01-16 18:08:29 - app - INFO - 跳过一次性执行任务: 测试189
2026-01-16 18:08:29 - app - INFO - 跳过一次性执行任务: 小城大事
2026-01-16 18:08:29 - app - INFO - ✅ 生成完成，共创建 0 条待执行记录
2026-01-16 18:08:30 - app - INFO - 下次生成账期时间: 2026-01-17 00:00:00, 等待 21090 秒
2026-01-16 21:43:55 - app - INFO - 许可证管理器初始化完成,服务器: http://license.22l2.com
2026-01-16 21:43:55 - app - INFO - 初始化许可证管理器...
2026-01-16 21:43:57 - app - INFO - 解密密钥设置成功
2026-01-16 21:43:57 - app - INFO - 解密密钥获取成功
2026-01-16 21:43:57 - app - INFO - 解密密钥获取成功，配置已就绪
2026-01-16 21:43:57 - app - INFO - 配置解密成功
2026-01-16 21:43:57 - app - INFO - 夸克API配置加载成功
2026-01-16 21:43:57 - app - INFO - 夸克API配置加载完成
2026-01-16 21:43:57 - app - INFO - 检查数据库...
2026-01-16 21:43:57 - app - INFO - 数据库检查完成
2026-01-16 21:43:57 - app - INFO - 检查数据库迁移...
2026-01-16 21:43:57 - app - INFO - 数据库迁移检查完成
2026-01-16 21:43:57 - app - INFO - 清理异常中断的任务状态...
2026-01-16 21:43:57 - app - INFO - 升级管理器初始化完成
2026-01-16 21:43:57 - app - INFO - Flask应用创建成功
2026-01-16 21:43:57 - app - INFO - 静态文件目录: C:\Data\夸克转存\client\frontend
2026-01-16 21:43:57 - app - INFO - 启动任务调度服务...
2026-01-16 21:43:57 - app - INFO - 检查被中断的影视下载任务...
2026-01-16 21:43:57 - app - INFO - 没有需要恢复的影视下载任务
2026-01-16 21:43:57 - app - INFO - 账期生成循环已启动
2026-01-16 21:43:57 - app - INFO - 账期生成线程已启动
2026-01-16 21:43:57 - app - INFO - 开始生成 2026-01-16 的任务账期
2026-01-16 21:43:57 - app - INFO - 任务执行循环已启动
2026-01-16 21:43:57 - app - INFO - 任务执行线程已启动
2026-01-16 21:43:57 - app - INFO - 日志清理循环已启动
2026-01-16 21:43:57 - app - INFO - 日志清理线程已启动
2026-01-16 21:43:57 - app - INFO - 下次日志清理时间: 2026-01-17 02:00:00
2026-01-16 21:43:57 - app - INFO - 跳过一次性执行任务: 测试
2026-01-16 21:43:57 - app - INFO - 启动Flask服务: http://0.0.0.0:8520
2026-01-16 21:43:57 - app - INFO - 跳过一次性执行任务: 测试谢谢谢谢
2026-01-16 21:43:57 - app - INFO - 跳过一次性执行任务: 测试189
2026-01-16 21:43:57 - app - INFO - 跳过一次性执行任务: 小城大事
2026-01-16 21:43:57 - app - INFO - ✅ 生成完成，共创建 0 条待执行记录
2026-01-16 21:43:57 - app - INFO - 下次生成账期时间: 2026-01-17 00:00:00, 等待 8162 秒
2026-01-16 21:44:02 - app - INFO - 许可证管理器初始化完成,服务器: http://license.22l2.com
2026-01-16 21:44:02 - app - INFO - 初始化许可证管理器...
2026-01-16 21:44:04 - app - INFO - 解密密钥设置成功
2026-01-16 21:44:04 - app - INFO - 解密密钥获取成功
2026-01-16 21:44:04 - app - INFO - 解密密钥获取成功，配置已就绪
2026-01-16 21:44:04 - app - INFO - 配置解密成功
2026-01-16 21:44:04 - app - INFO - 夸克API配置加载成功
2026-01-16 21:44:04 - app - INFO - 夸克API配置加载完成
2026-01-16 21:44:04 - app - INFO - 检查数据库...
2026-01-16 21:44:04 - app - INFO - 数据库检查完成
2026-01-16 21:44:04 - app - INFO - 检查数据库迁移...
2026-01-16 21:44:04 - app - INFO - 数据库迁移检查完成
2026-01-16 21:44:04 - app - INFO - 清理异常中断的任务状态...
2026-01-16 21:44:04 - app - INFO - 升级管理器初始化完成
2026-01-16 21:44:04 - app - INFO - Flask应用创建成功
2026-01-16 21:44:04 - app - INFO - 静态文件目录: C:\Data\夸克转存\client\frontend
2026-01-16 21:44:04 - app - INFO - 启动任务调度服务...
2026-01-16 21:44:04 - app - INFO - 检查被中断的影视下载任务...
2026-01-16 21:44:04 - app - INFO - 没有需要恢复的影视下载任务
2026-01-16 21:44:04 - app - INFO - 账期生成循环已启动
2026-01-16 21:44:04 - app - INFO - 账期生成线程已启动
2026-01-16 21:44:04 - app - INFO - 开始生成 2026-01-16 的任务账期
2026-01-16 21:44:04 - app - INFO - 任务执行循环已启动
2026-01-16 21:44:04 - app - INFO - 任务执行线程已启动
2026-01-16 21:44:04 - app - INFO - 跳过一次性执行任务: 测试
2026-01-16 21:44:04 - app - INFO - 日志清理循环已启动
2026-01-16 21:44:04 - app - INFO - 日志清理线程已启动
2026-01-16 21:44:04 - app - INFO - 跳过一次性执行任务: 测试谢谢谢谢
2026-01-16 21:44:04 - app - INFO - 下次日志清理时间: 2026-01-17 02:00:00
2026-01-16 21:44:04 - app - INFO - 启动Flask服务: http://0.0.0.0:8520
2026-01-16 21:44:04 - app - INFO - 跳过一次性执行任务: 测试189
2026-01-16 21:44:04 - app - INFO - 跳过一次性执行任务: 小城大事
2026-01-16 21:44:04 - app - INFO - ✅ 生成完成，共创建 0 条待执行记录
2026-01-16 21:44:04 - app - INFO - 下次生成账期时间: 2026-01-17 00:00:00, 等待 8156 秒
2026-01-16 21:44:52 - app - INFO - 许可证管理器初始化完成,服务器: http://license.22l2.com
2026-01-16 21:44:52 - app - INFO - 初始化许可证管理器...
2026-01-16 21:44:53 - app - INFO - 解密密钥设置成功
2026-01-16 21:44:53 - app - INFO - 解密密钥获取成功
2026-01-16 21:44:53 - app - INFO - 解密密钥获取成功，配置已就绪
2026-01-16 21:44:53 - app - INFO - 配置解密成功
2026-01-16 21:44:53 - app - INFO - 夸克API配置加载成功
2026-01-16 21:44:53 - app - INFO - 夸克API配置加载完成
2026-01-16 21:44:53 - app - INFO - 检查数据库...
2026-01-16 21:44:53 - app - INFO - 数据库检查完成
2026-01-16 21:44:53 - app - INFO - 检查数据库迁移...
2026-01-16 21:44:53 - app - INFO - 数据库迁移检查完成
2026-01-16 21:44:53 - app - INFO - 清理异常中断的任务状态...
2026-01-16 21:44:53 - app - INFO - 升级管理器初始化完成
2026-01-16 21:44:53 - app - INFO - Flask应用创建成功
2026-01-16 21:44:53 - app - INFO - 静态文件目录: C:\Data\夸克转存\client\frontend
2026-01-16 21:44:53 - app - INFO - 启动任务调度服务...
2026-01-16 21:44:53 - app - INFO - 检查被中断的影视下载任务...
2026-01-16 21:44:53 - app - INFO - 没有需要恢复的影视下载任务
2026-01-16 21:44:53 - app - INFO - 账期生成循环已启动
2026-01-16 21:44:53 - app - INFO - 账期生成线程已启动
2026-01-16 21:44:53 - app - INFO - 开始生成 2026-01-16 的任务账期
2026-01-16 21:44:53 - app - INFO - 任务执行循环已启动
2026-01-16 21:44:53 - app - INFO - 任务执行线程已启动
2026-01-16 21:44:53 - app - INFO - 跳过一次性执行任务: 测试
2026-01-16 21:44:53 - app - INFO - 日志清理循环已启动
2026-01-16 21:44:53 - app - INFO - 日志清理线程已启动
2026-01-16 21:44:53 - app - INFO - 跳过一次性执行任务: 测试谢谢谢谢
2026-01-16 21:44:53 - app - INFO - 下次日志清理时间: 2026-01-17 02:00:00
2026-01-16 21:44:53 - app - INFO - 启动Flask服务: http://0.0.0.0:8520
2026-01-16 21:44:53 - app - INFO - 跳过一次性执行任务: 测试189
2026-01-16 21:44:53 - app - INFO - 跳过一次性执行任务: 小城大事
2026-01-16 21:44:53 - app - INFO - ✅ 生成完成，共创建 0 条待执行记录
2026-01-16 21:44:53 - app - INFO - 下次生成账期时间: 2026-01-17 00:00:00, 等待 8107 秒
2026-01-16 21:45:02 - app - INFO - 许可证管理器初始化完成,服务器: http://license.22l2.com
2026-01-16 21:45:02 - app - INFO - 初始化许可证管理器...
2026-01-16 21:45:03 - app - INFO - 解密密钥设置成功
2026-01-16 21:45:03 - app - INFO - 解密密钥获取成功
2026-01-16 21:45:03 - app - INFO - 解密密钥获取成功，配置已就绪
2026-01-16 21:45:03 - app - INFO - 配置解密成功
2026-01-16 21:45:03 - app - INFO - 夸克API配置加载成功
2026-01-16 21:45:03 - app - INFO - 夸克API配置加载完成
2026-01-16 21:45:03 - app - INFO - 检查数据库...
2026-01-16 21:45:03 - app - INFO - 数据库检查完成
2026-01-16 21:45:03 - app - INFO - 检查数据库迁移...
2026-01-16 21:45:03 - app - INFO - 数据库迁移检查完成
2026-01-16 21:45:03 - app - INFO - 清理异常中断的任务状态...
2026-01-16 21:45:03 - app - INFO - 升级管理器初始化完成
2026-01-16 21:45:03 - app - INFO - Flask应用创建成功
2026-01-16 21:45:03 - app - INFO - 静态文件目录: C:\Data\夸克转存\client\frontend
2026-01-16 21:45:03 - app - INFO - 启动任务调度服务...
2026-01-16 21:45:03 - app - INFO - 检查被中断的影视下载任务...
2026-01-16 21:45:03 - app - INFO - 没有需要恢复的影视下载任务
2026-01-16 21:45:03 - app - INFO - 账期生成循环已启动
2026-01-16 21:45:03 - app - INFO - 账期生成线程已启动
2026-01-16 21:45:03 - app - INFO - 开始生成 2026-01-16 的任务账期
2026-01-16 21:45:03 - app - INFO - 任务执行循环已启动
2026-01-16 21:45:03 - app - INFO - 任务执行线程已启动
2026-01-16 21:45:03 - app - INFO - 日志清理循环已启动
2026-01-16 21:45:03 - app - INFO - 跳过一次性执行任务: 测试
2026-01-16 21:45:03 - app - INFO - 日志清理线程已启动
2026-01-16 21:45:03 - app - INFO - 下次日志清理时间: 2026-01-17 02:00:00
2026-01-16 21:45:03 - app - INFO - 跳过一次性执行任务: 测试谢谢谢谢
2026-01-16 21:45:03 - app - INFO - 启动Flask服务: http://0.0.0.0:8520
2026-01-16 21:45:03 - app - INFO - 跳过一次性执行任务: 测试189
2026-01-16 21:45:03 - app - INFO - 跳过一次性执行任务: 小城大事
2026-01-16 21:45:03 - app - INFO - ✅ 生成完成，共创建 0 条待执行记录
2026-01-16 21:45:03 - app - INFO - 下次生成账期时间: 2026-01-17 00:00:00, 等待 8096 秒
2026-01-16 21:46:01 - app - INFO - 许可证管理器初始化完成,服务器: http://license.22l2.com
2026-01-16 21:46:01 - app - INFO - 初始化许可证管理器...
2026-01-16 21:46:02 - app - INFO - 解密密钥设置成功
2026-01-16 21:46:02 - app - INFO - 解密密钥获取成功
2026-01-16 21:46:02 - app - INFO - 解密密钥获取成功，配置已就绪
2026-01-16 21:46:02 - app - INFO - 配置解密成功
2026-01-16 21:46:02 - app - INFO - 夸克API配置加载成功
2026-01-16 21:46:02 - app - INFO - 夸克API配置加载完成
2026-01-16 21:46:02 - app - INFO - 检查数据库...
2026-01-16 21:46:02 - app - INFO - 数据库检查完成
2026-01-16 21:46:02 - app - INFO - 检查数据库迁移...
2026-01-16 21:46:02 - app - INFO - 数据库迁移检查完成
2026-01-16 21:46:02 - app - INFO - 清理异常中断的任务状态...
2026-01-16 21:46:02 - app - INFO - 升级管理器初始化完成
2026-01-16 21:46:02 - app - INFO - Flask应用创建成功
2026-01-16 21:46:02 - app - INFO - 静态文件目录: C:\Data\夸克转存\client\frontend
2026-01-16 21:46:02 - app - INFO - 启动任务调度服务...
2026-01-16 21:46:02 - app - INFO - 检查被中断的影视下载任务...
2026-01-16 21:46:02 - app - INFO - 没有需要恢复的影视下载任务
2026-01-16 21:46:02 - app - INFO - 账期生成循环已启动
2026-01-16 21:46:02 - app - INFO - 账期生成线程已启动
2026-01-16 21:46:02 - app - INFO - 开始生成 2026-01-16 的任务账期
2026-01-16 21:46:02 - app - INFO - 任务执行循环已启动
2026-01-16 21:46:02 - app - INFO - 任务执行线程已启动
2026-01-16 21:46:02 - app - INFO - 日志清理循环已启动
2026-01-16 21:46:02 - app - INFO - 日志清理线程已启动
2026-01-16 21:46:02 - app - INFO - 下次日志清理时间: 2026-01-17 02:00:00
2026-01-16 21:46:02 - app - INFO - 跳过一次性执行任务: 测试
2026-01-16 21:46:02 - app - INFO - 启动Flask服务: http://0.0.0.0:8520
2026-01-16 21:46:02 - app - INFO - 跳过一次性执行任务: 测试谢谢谢谢
2026-01-16 21:46:02 - app - INFO - 跳过一次性执行任务: 测试189
2026-01-16 21:46:02 - app - INFO - 跳过一次性执行任务: 小城大事
2026-01-16 21:46:02 - app - INFO - ✅ 生成完成，共创建 0 条待执行记录
2026-01-16 21:46:02 - app - INFO - 下次生成账期时间: 2026-01-17 00:00:00, 等待 8038 秒
2026-01-16 21:46:22 - app - INFO - 许可证管理器初始化完成,服务器: http://license.22l2.com
2026-01-16 21:46:22 - app - INFO - 初始化许可证管理器...
2026-01-16 21:46:24 - app - INFO - 解密密钥设置成功
2026-01-16 21:46:24 - app - INFO - 解密密钥获取成功
2026-01-16 21:46:24 - app - INFO - 解密密钥获取成功，配置已就绪
2026-01-16 21:46:24 - app - INFO - 配置解密成功
2026-01-16 21:46:24 - app - INFO - 夸克API配置加载成功
2026-01-16 21:46:24 - app - INFO - 夸克API配置加载完成
2026-01-16 21:46:24 - app - INFO - 检查数据库...
2026-01-16 21:46:24 - app - INFO - 数据库检查完成
2026-01-16 21:46:24 - app - INFO - 检查数据库迁移...
2026-01-16 21:46:24 - app - INFO - 数据库迁移检查完成
2026-01-16 21:46:24 - app - INFO - 清理异常中断的任务状态...
2026-01-16 21:46:24 - app - INFO - 升级管理器初始化完成
2026-01-16 21:46:24 - app - INFO - Flask应用创建成功
2026-01-16 21:46:24 - app - INFO - 静态文件目录: C:\Data\夸克转存\client\frontend
2026-01-16 21:46:24 - app - INFO - 启动任务调度服务...
2026-01-16 21:46:24 - app - INFO - 检查被中断的影视下载任务...
2026-01-16 21:46:24 - app - INFO - 没有需要恢复的影视下载任务
2026-01-16 21:46:24 - app - INFO - 账期生成循环已启动
2026-01-16 21:46:24 - app - INFO - 账期生成线程已启动
2026-01-16 21:46:24 - app - INFO - 开始生成 2026-01-16 的任务账期
2026-01-16 21:46:24 - app - INFO - 任务执行循环已启动
2026-01-16 21:46:24 - app - INFO - 任务执行线程已启动
2026-01-16 21:46:24 - app - INFO - 日志清理循环已启动
2026-01-16 21:46:24 - app - INFO - 日志清理线程已启动
2026-01-16 21:46:24 - app - INFO - 下次日志清理时间: 2026-01-17 02:00:00
2026-01-16 21:46:24 - app - INFO - 跳过一次性执行任务: 测试
2026-01-16 21:46:24 - app - INFO - 启动Flask服务: http://0.0.0.0:8520
2026-01-16 21:46:24 - app - INFO - 跳过一次性执行任务: 测试谢谢谢谢
2026-01-16 21:46:24 - app - INFO - 跳过一次性执行任务: 测试189
2026-01-16 21:46:24 - app - INFO - 跳过一次性执行任务: 小城大事
2026-01-16 21:46:24 - app - INFO - ✅ 生成完成，共创建 0 条待执行记录
2026-01-16 21:46:24 - app - INFO - 下次生成账期时间: 2026-01-17 00:00:00, 等待 8015 秒
2026-01-16 21:47:19 - app - INFO - 许可证管理器初始化完成,服务器: http://license.22l2.com
2026-01-16 21:47:19 - app - INFO - 初始化许可证管理器...
2026-01-16 21:47:19 - app - INFO - 解密密钥设置成功
2026-01-16 21:47:19 - app - INFO - 解密密钥获取成功
2026-01-16 21:47:19 - app - INFO - 解密密钥获取成功，配置已就绪
2026-01-16 21:47:19 - app - INFO - 配置解密成功
2026-01-16 21:47:19 - app - INFO - 夸克API配置加载成功
2026-01-16 21:47:19 - app - INFO - 夸克API配置加载完成
2026-01-16 21:47:19 - app - INFO - 检查数据库...
2026-01-16 21:47:19 - app - INFO - 数据库检查完成
2026-01-16 21:47:19 - app - INFO - 检查数据库迁移...
2026-01-16 21:47:19 - app - INFO - 数据库迁移检查完成
2026-01-16 21:47:19 - app - INFO - 清理异常中断的任务状态...
2026-01-16 21:47:19 - app - INFO - 升级管理器初始化完成
2026-01-16 21:47:19 - app - INFO - Flask应用创建成功
2026-01-16 21:47:19 - app - INFO - 静态文件目录: C:\Data\夸克转存\client\frontend
2026-01-16 21:47:19 - app - INFO - 启动任务调度服务...
2026-01-16 21:47:20 - app - INFO - 检查被中断的影视下载任务...
2026-01-16 21:47:20 - app - INFO - 没有需要恢复的影视下载任务
2026-01-16 21:47:20 - app - INFO - 账期生成循环已启动
2026-01-16 21:47:20 - app - INFO - 账期生成线程已启动
2026-01-16 21:47:20 - app - INFO - 开始生成 2026-01-16 的任务账期
2026-01-16 21:47:20 - app - INFO - 任务执行循环已启动
2026-01-16 21:47:20 - app - INFO - 任务执行线程已启动
2026-01-16 21:47:20 - app - INFO - 跳过一次性执行任务: 测试
2026-01-16 21:47:20 - app - INFO - 日志清理循环已启动
2026-01-16 21:47:20 - app - INFO - 跳过一次性执行任务: 测试谢谢谢谢
2026-01-16 21:47:20 - app - INFO - 日志清理线程已启动
2026-01-16 21:47:20 - app - INFO - 下次日志清理时间: 2026-01-17 02:00:00
2026-01-16 21:47:20 - app - INFO - 跳过一次性执行任务: 测试189
2026-01-16 21:47:20 - app - INFO - 启动Flask服务: http://0.0.0.0:8520
2026-01-16 21:47:20 - app - INFO - 跳过一次性执行任务: 小城大事
2026-01-16 21:47:20 - app - INFO - ✅ 生成完成，共创建 0 条待执行记录
2026-01-16 21:47:20 - app - INFO - 下次生成账期时间: 2026-01-17 00:00:00, 等待 7960 秒
2026-01-16 21:48:05 - app - INFO - 许可证管理器初始化完成,服务器: http://license.22l2.com
2026-01-16 21:48:05 - app - INFO - 初始化许可证管理器...
2026-01-16 21:48:06 - app - INFO - 解密密钥设置成功
2026-01-16 21:48:06 - app - INFO - 解密密钥获取成功
2026-01-16 21:48:06 - app - INFO - 解密密钥获取成功，配置已就绪
2026-01-16 21:48:06 - app - INFO - 配置解密成功
2026-01-16 21:48:06 - app - INFO - 夸克API配置加载成功
2026-01-16 21:48:06 - app - INFO - 夸克API配置加载完成
2026-01-16 21:48:06 - app - INFO - 检查数据库...
2026-01-16 21:48:06 - app - INFO - 数据库检查完成
2026-01-16 21:48:06 - app - INFO - 检查数据库迁移...
2026-01-16 21:48:06 - app - INFO - 数据库迁移检查完成
2026-01-16 21:48:06 - app - INFO - 清理异常中断的任务状态...
2026-01-16 21:48:06 - app - INFO - 升级管理器初始化完成
2026-01-16 21:48:06 - app - INFO - Flask应用创建成功
2026-01-16 21:48:06 - app - INFO - 静态文件目录: C:\Data\夸克转存\client\frontend
2026-01-16 21:48:06 - app - INFO - 启动任务调度服务...
2026-01-16 21:48:06 - app - INFO - 检查被中断的影视下载任务...
2026-01-16 21:48:06 - app - INFO - 没有需要恢复的影视下载任务
2026-01-16 21:48:06 - app - INFO - 账期生成循环已启动
2026-01-16 21:48:06 - app - INFO - 账期生成线程已启动
2026-01-16 21:48:06 - app - INFO - 开始生成 2026-01-16 的任务账期
2026-01-16 21:48:06 - app - INFO - 跳过一次性执行任务: 测试
2026-01-16 21:48:06 - app - INFO - 跳过一次性执行任务: 测试谢谢谢谢
2026-01-16 21:48:06 - app - INFO - 跳过一次性执行任务: 测试189
2026-01-16 21:48:06 - app - INFO - 任务执行循环已启动
2026-01-16 21:48:06 - app - INFO - 任务执行线程已启动
2026-01-16 21:48:06 - app - INFO - 跳过一次性执行任务: 小城大事
2026-01-16 21:48:06 - app - INFO - ✅ 生成完成，共创建 0 条待执行记录
2026-01-16 21:48:06 - app - INFO - 下次生成账期时间: 2026-01-17 00:00:00, 等待 7913 秒
2026-01-16 21:48:06 - app - INFO - 日志清理循环已启动
2026-01-16 21:48:06 - app - INFO - 日志清理线程已启动
2026-01-16 21:48:06 - app - INFO - 下次日志清理时间: 2026-01-17 02:00:00
2026-01-16 21:48:06 - app - INFO - 启动Flask服务: http://0.0.0.0:8520
2026-01-16 21:48:30 - app - INFO - 许可证管理器初始化完成,服务器: http://license.22l2.com
2026-01-16 21:48:30 - app - INFO - 初始化许可证管理器...
2026-01-16 21:48:32 - app - INFO - 解密密钥设置成功
2026-01-16 21:48:32 - app - INFO - 解密密钥获取成功
2026-01-16 21:48:32 - app - INFO - 解密密钥获取成功，配置已就绪
2026-01-16 21:48:32 - app - INFO - 配置解密成功
2026-01-16 21:48:32 - app - INFO - 夸克API配置加载成功
2026-01-16 21:48:32 - app - INFO - 夸克API配置加载完成
2026-01-16 21:48:32 - app - INFO - 检查数据库...
2026-01-16 21:48:32 - app - INFO - 数据库检查完成
2026-01-16 21:48:32 - app - INFO - 检查数据库迁移...
2026-01-16 21:48:32 - app - INFO - 数据库迁移检查完成
2026-01-16 21:48:32 - app - INFO - 清理异常中断的任务状态...
2026-01-16 21:48:32 - app - INFO - 升级管理器初始化完成
2026-01-16 21:48:32 - app - INFO - Flask应用创建成功
2026-01-16 21:48:32 - app - INFO - 静态文件目录: C:\Data\夸克转存\client\frontend
2026-01-16 21:48:32 - app - INFO - 启动任务调度服务...
2026-01-16 21:48:32 - app - INFO - 检查被中断的影视下载任务...
2026-01-16 21:48:32 - app - INFO - 没有需要恢复的影视下载任务
2026-01-16 21:48:32 - app - INFO - 账期生成循环已启动
2026-01-16 21:48:32 - app - INFO - 账期生成线程已启动
2026-01-16 21:48:32 - app - INFO - 开始生成 2026-01-16 的任务账期
2026-01-16 21:48:32 - app - INFO - 任务执行循环已启动
2026-01-16 21:48:32 - app - INFO - 任务执行线程已启动
2026-01-16 21:48:32 - app - INFO - 日志清理循环已启动
2026-01-16 21:48:32 - app - INFO - 日志清理线程已启动
2026-01-16 21:48:32 - app - INFO - 下次日志清理时间: 2026-01-17 02:00:00
2026-01-16 21:48:32 - app - INFO - 跳过一次性执行任务: 测试
2026-01-16 21:48:32 - app - INFO - 启动Flask服务: http://0.0.0.0:8520
2026-01-16 21:48:32 - app - INFO - 跳过一次性执行任务: 测试谢谢谢谢
2026-01-16 21:48:32 - app - INFO - 跳过一次性执行任务: 测试189
2026-01-16 21:48:32 - app - INFO - 跳过一次性执行任务: 小城大事
2026-01-16 21:48:32 - app - INFO - ✅ 生成完成，共创建 0 条待执行记录
2026-01-16 21:48:32 - app - INFO - 下次生成账期时间: 2026-01-17 00:00:00, 等待 7887 秒
2026-01-16 21:48:54 - app - INFO - 许可证管理器初始化完成,服务器: http://license.22l2.com
2026-01-16 21:48:54 - app - INFO - 初始化许可证管理器...
2026-01-16 21:48:55 - app - INFO - 解密密钥设置成功
2026-01-16 21:48:55 - app - INFO - 解密密钥获取成功
2026-01-16 21:48:55 - app - INFO - 解密密钥获取成功，配置已就绪
2026-01-16 21:48:55 - app - INFO - 配置解密成功
2026-01-16 21:48:55 - app - INFO - 夸克API配置加载成功
2026-01-16 21:48:55 - app - INFO - 夸克API配置加载完成
2026-01-16 21:48:55 - app - INFO - 检查数据库...
2026-01-16 21:48:55 - app - INFO - 数据库检查完成
2026-01-16 21:48:55 - app - INFO - 检查数据库迁移...
2026-01-16 21:48:55 - app - INFO - 数据库迁移检查完成
2026-01-16 21:48:55 - app - INFO - 清理异常中断的任务状态...
2026-01-16 21:48:55 - app - INFO - 升级管理器初始化完成
2026-01-16 21:48:55 - app - INFO - Flask应用创建成功
2026-01-16 21:48:55 - app - INFO - 静态文件目录: C:\Data\夸克转存\client\frontend
2026-01-16 21:48:55 - app - INFO - 启动任务调度服务...
2026-01-16 21:48:55 - app - INFO - 检查被中断的影视下载任务...
2026-01-16 21:48:55 - app - INFO - 没有需要恢复的影视下载任务
2026-01-16 21:48:55 - app - INFO - 账期生成循环已启动
2026-01-16 21:48:55 - app - INFO - 账期生成线程已启动
2026-01-16 21:48:55 - app - INFO - 开始生成 2026-01-16 的任务账期
2026-01-16 21:48:55 - app - INFO - 任务执行循环已启动
2026-01-16 21:48:55 - app - INFO - 任务执行线程已启动
2026-01-16 21:48:55 - app - INFO - 日志清理循环已启动
2026-01-16 21:48:55 - app - INFO - 日志清理线程已启动
2026-01-16 21:48:55 - app - INFO - 下次日志清理时间: 2026-01-17 02:00:00
2026-01-16 21:48:55 - app - INFO - 跳过一次性执行任务: 测试
2026-01-16 21:48:55 - app - INFO - 启动Flask服务: http://0.0.0.0:8520
2026-01-16 21:48:55 - app - INFO - 跳过一次性执行任务: 测试谢谢谢谢
2026-01-16 21:48:55 - app - INFO - 跳过一次性执行任务: 测试189
2026-01-16 21:48:55 - app - INFO - 跳过一次性执行任务: 小城大事
2026-01-16 21:48:55 - app - INFO - ✅ 生成完成，共创建 0 条待执行记录
2026-01-16 21:48:55 - app - INFO - 下次生成账期时间: 2026-01-17 00:00:00, 等待 7864 秒
2026-01-16 21:49:21 - app - INFO - 许可证管理器初始化完成,服务器: http://license.22l2.com
2026-01-16 21:49:21 - app - INFO - 初始化许可证管理器...
2026-01-16 21:49:22 - app - INFO - 解密密钥设置成功
2026-01-16 21:49:22 - app - INFO - 解密密钥获取成功
2026-01-16 21:49:22 - app - INFO - 解密密钥获取成功，配置已就绪
2026-01-16 21:49:22 - app - INFO - 配置解密成功
2026-01-16 21:49:22 - app - INFO - 夸克API配置加载成功
2026-01-16 21:49:22 - app - INFO - 夸克API配置加载完成
2026-01-16 21:49:22 - app - INFO - 检查数据库...
2026-01-16 21:49:22 - app - INFO - 数据库检查完成
2026-01-16 21:49:22 - app - INFO - 检查数据库迁移...
2026-01-16 21:49:22 - app - INFO - 数据库迁移检查完成
2026-01-16 21:49:22 - app - INFO - 清理异常中断的任务状态...
2026-01-16 21:49:22 - app - INFO - 升级管理器初始化完成
2026-01-16 21:49:22 - app - INFO - Flask应用创建成功
2026-01-16 21:49:22 - app - INFO - 静态文件目录: C:\Data\夸克转存\client\frontend
2026-01-16 21:49:22 - app - INFO - 启动任务调度服务...
2026-01-16 21:49:22 - app - INFO - 检查被中断的影视下载任务...
2026-01-16 21:49:22 - app - INFO - 没有需要恢复的影视下载任务
2026-01-16 21:49:22 - app - INFO - 账期生成循环已启动
2026-01-16 21:49:22 - app - INFO - 账期生成线程已启动
2026-01-16 21:49:22 - app - INFO - 开始生成 2026-01-16 的任务账期
2026-01-16 21:49:22 - app - INFO - 任务执行循环已启动
2026-01-16 21:49:22 - app - INFO - 任务执行线程已启动
2026-01-16 21:49:22 - app - INFO - 日志清理循环已启动
2026-01-16 21:49:22 - app - INFO - 日志清理线程已启动
2026-01-16 21:49:22 - app - INFO - 下次日志清理时间: 2026-01-17 02:00:00
2026-01-16 21:49:22 - app - INFO - 启动Flask服务: http://0.0.0.0:8520
2026-01-16 21:49:22 - app - INFO - 跳过一次性执行任务: 测试
2026-01-16 21:49:22 - app - INFO - 跳过一次性执行任务: 测试谢谢谢谢
2026-01-16 21:49:22 - app - INFO - 跳过一次性执行任务: 测试189
2026-01-16 21:49:22 - app - INFO - 跳过一次性执行任务: 小城大事
2026-01-16 21:49:22 - app - INFO - ✅ 生成完成，共创建 0 条待执行记录
2026-01-16 21:49:22 - app - INFO - 下次生成账期时间: 2026-01-17 00:00:00, 等待 7837 秒
2026-01-16 21:49:38 - app - INFO - 许可证管理器初始化完成,服务器: http://license.22l2.com
2026-01-16 21:49:38 - app - INFO - 初始化许可证管理器...
2026-01-16 21:49:40 - app - INFO - 解密密钥设置成功
2026-01-16 21:49:40 - app - INFO - 解密密钥获取成功
2026-01-16 21:49:40 - app - INFO - 解密密钥获取成功，配置已就绪
2026-01-16 21:49:40 - app - INFO - 配置解密成功
2026-01-16 21:49:40 - app - INFO - 夸克API配置加载成功
2026-01-16 21:49:40 - app - INFO - 夸克API配置加载完成
2026-01-16 21:49:40 - app - INFO - 检查数据库...
2026-01-16 21:49:40 - app - INFO - 数据库检查完成
2026-01-16 21:49:40 - app - INFO - 检查数据库迁移...
2026-01-16 21:49:40 - app - INFO - 数据库迁移检查完成
2026-01-16 21:49:40 - app - INFO - 清理异常中断的任务状态...
2026-01-16 21:49:40 - app - INFO - 升级管理器初始化完成
2026-01-16 21:49:40 - app - INFO - Flask应用创建成功
2026-01-16 21:49:40 - app - INFO - 静态文件目录: C:\Data\夸克转存\client\frontend
2026-01-16 21:49:40 - app - INFO - 启动任务调度服务...
2026-01-16 21:49:40 - app - INFO - 检查被中断的影视下载任务...
2026-01-16 21:49:40 - app - INFO - 没有需要恢复的影视下载任务
2026-01-16 21:49:40 - app - INFO - 账期生成循环已启动
2026-01-16 21:49:40 - app - INFO - 账期生成线程已启动
2026-01-16 21:49:40 - app - INFO - 开始生成 2026-01-16 的任务账期
2026-01-16 21:49:40 - app - INFO - 任务执行循环已启动
2026-01-16 21:49:40 - app - INFO - 任务执行线程已启动
2026-01-16 21:49:40 - app - INFO - 日志清理循环已启动
2026-01-16 21:49:40 - app - INFO - 日志清理线程已启动
2026-01-16 21:49:40 - app - INFO - 跳过一次性执行任务: 测试
2026-01-16 21:49:40 - app - INFO - 下次日志清理时间: 2026-01-17 02:00:00
2026-01-16 21:49:40 - app - INFO - 启动Flask服务: http://0.0.0.0:8520
2026-01-16 21:49:40 - app - INFO - 跳过一次性执行任务: 测试谢谢谢谢
2026-01-16 21:49:40 - app - INFO - 跳过一次性执行任务: 测试189
2026-01-16 21:49:40 - app - INFO - 跳过一次性执行任务: 小城大事
2026-01-16 21:49:40 - app - INFO - ✅ 生成完成，共创建 0 条待执行记录
2026-01-16 21:49:40 - app - INFO - 下次生成账期时间: 2026-01-17 00:00:00, 等待 7820 秒
2026-01-16 21:50:02 - app - INFO - 许可证管理器初始化完成,服务器: http://license.22l2.com
2026-01-16 21:50:02 - app - INFO - 初始化许可证管理器...
2026-01-16 21:50:03 - app - INFO - 解密密钥设置成功
2026-01-16 21:50:03 - app - INFO - 解密密钥获取成功
2026-01-16 21:50:03 - app - INFO - 解密密钥获取成功，配置已就绪
2026-01-16 21:50:03 - app - INFO - 配置解密成功
2026-01-16 21:50:03 - app - INFO - 夸克API配置加载成功
2026-01-16 21:50:03 - app - INFO - 夸克API配置加载完成
2026-01-16 21:50:03 - app - INFO - 检查数据库...
2026-01-16 21:50:03 - app - INFO - 数据库检查完成
2026-01-16 21:50:03 - app - INFO - 检查数据库迁移...
2026-01-16 21:50:03 - app - INFO - 数据库迁移检查完成
2026-01-16 21:50:03 - app - INFO - 清理异常中断的任务状态...
2026-01-16 21:50:03 - app - INFO - 升级管理器初始化完成
2026-01-16 21:50:03 - app - INFO - Flask应用创建成功
2026-01-16 21:50:03 - app - INFO - 静态文件目录: C:\Data\夸克转存\client\frontend
2026-01-16 21:50:03 - app - INFO - 启动任务调度服务...
2026-01-16 21:50:03 - app - INFO - 检查被中断的影视下载任务...
2026-01-16 21:50:03 - app - INFO - 没有需要恢复的影视下载任务
2026-01-16 21:50:03 - app - INFO - 账期生成循环已启动
2026-01-16 21:50:03 - app - INFO - 账期生成线程已启动
2026-01-16 21:50:03 - app - INFO - 开始生成 2026-01-16 的任务账期
2026-01-16 21:50:03 - app - INFO - 任务执行循环已启动
2026-01-16 21:50:03 - app - INFO - 任务执行线程已启动
2026-01-16 21:50:03 - app - INFO - 日志清理循环已启动
2026-01-16 21:50:03 - app - INFO - 日志清理线程已启动
2026-01-16 21:50:03 - app - INFO - 跳过一次性执行任务: 测试
2026-01-16 21:50:03 - app - INFO - 下次日志清理时间: 2026-01-17 02:00:00
2026-01-16 21:50:03 - app - INFO - 启动Flask服务: http://0.0.0.0:8520
2026-01-16 21:50:03 - app - INFO - 跳过一次性执行任务: 测试谢谢谢谢
2026-01-16 21:50:03 - app - INFO - 跳过一次性执行任务: 测试189
2026-01-16 21:50:03 - app - INFO - 跳过一次性执行任务: 小城大事
2026-01-16 21:50:03 - app - INFO - ✅ 生成完成，共创建 0 条待执行记录
2026-01-16 21:50:03 - app - INFO - 下次生成账期时间: 2026-01-17 00:00:00, 等待 7797 秒
2026-01-16 21:51:13 - app - INFO - 许可证管理器初始化完成,服务器: http://license.22l2.com
2026-01-16 21:51:13 - app - INFO - 初始化许可证管理器...
2026-01-16 21:51:13 - app - INFO - 解密密钥设置成功
2026-01-16 21:51:13 - app - INFO - 解密密钥获取成功
2026-01-16 21:51:13 - app - INFO - 解密密钥获取成功，配置已就绪
2026-01-16 21:51:13 - app - INFO - 配置解密成功
2026-01-16 21:51:13 - app - INFO - 夸克API配置加载成功
2026-01-16 21:51:13 - app - INFO - 夸克API配置加载完成
2026-01-16 21:51:13 - app - INFO - 检查数据库...
2026-01-16 21:51:13 - app - INFO - 数据库检查完成
2026-01-16 21:51:13 - app - INFO - 检查数据库迁移...
2026-01-16 21:51:13 - app - INFO - 数据库迁移检查完成
2026-01-16 21:51:13 - app - INFO - 清理异常中断的任务状态...
2026-01-16 21:51:14 - app - INFO - 升级管理器初始化完成
2026-01-16 21:51:14 - app - INFO - Flask应用创建成功
2026-01-16 21:51:14 - app - INFO - 静态文件目录: C:\Data\夸克转存\client\frontend
2026-01-16 21:51:14 - app - INFO - 启动任务调度服务...
2026-01-16 21:51:14 - app - INFO - 检查被中断的影视下载任务...
2026-01-16 21:51:14 - app - INFO - 没有需要恢复的影视下载任务
2026-01-16 21:51:14 - app - INFO - 账期生成循环已启动
2026-01-16 21:51:14 - app - INFO - 账期生成线程已启动
2026-01-16 21:51:14 - app - INFO - 开始生成 2026-01-16 的任务账期
2026-01-16 21:51:14 - app - INFO - 任务执行循环已启动
2026-01-16 21:51:14 - app - INFO - 任务执行线程已启动
2026-01-16 21:51:14 - app - INFO - 跳过一次性执行任务: 测试
2026-01-16 21:51:14 - app - INFO - 日志清理循环已启动
2026-01-16 21:51:14 - app - INFO - 日志清理线程已启动
2026-01-16 21:51:14 - app - INFO - 跳过一次性执行任务: 测试谢谢谢谢
2026-01-16 21:51:14 - app - INFO - 下次日志清理时间: 2026-01-17 02:00:00
2026-01-16 21:51:14 - app - INFO - 跳过一次性执行任务: 测试189
2026-01-16 21:51:14 - app - INFO - 启动Flask服务: http://0.0.0.0:8520
2026-01-16 21:51:14 - app - INFO - 跳过一次性执行任务: 小城大事
2026-01-16 21:51:14 - app - INFO - ✅ 生成完成，共创建 0 条待执行记录
2026-01-16 21:51:14 - app - INFO - 下次生成账期时间: 2026-01-17 00:00:00, 等待 7726 秒
2026-01-16 21:52:40 - app - INFO - 许可证管理器初始化完成,服务器: http://license.22l2.com
2026-01-16 21:52:40 - app - INFO - 初始化许可证管理器...
2026-01-16 21:52:41 - app - INFO - 解密密钥设置成功
2026-01-16 21:52:41 - app - INFO - 解密密钥获取成功
2026-01-16 21:52:41 - app - INFO - 解密密钥获取成功，配置已就绪
2026-01-16 21:52:41 - app - INFO - 配置解密成功
2026-01-16 21:52:41 - app - INFO - 夸克API配置加载成功
2026-01-16 21:52:41 - app - INFO - 夸克API配置加载完成
2026-01-16 21:52:41 - app - INFO - 检查数据库...
2026-01-16 21:52:41 - app - INFO - 数据库检查完成
2026-01-16 21:52:41 - app - INFO - 检查数据库迁移...
2026-01-16 21:52:41 - app - INFO - 数据库迁移检查完成
2026-01-16 21:52:41 - app - INFO - 清理异常中断的任务状态...
2026-01-16 21:52:41 - app - INFO - 升级管理器初始化完成
2026-01-16 21:52:41 - app - INFO - Flask应用创建成功
2026-01-16 21:52:41 - app - INFO - 静态文件目录: C:\Data\夸克转存\client\frontend
2026-01-16 21:52:41 - app - INFO - 启动任务调度服务...
2026-01-16 21:52:41 - app - INFO - 检查被中断的影视下载任务...
2026-01-16 21:52:41 - app - INFO - 没有需要恢复的影视下载任务
2026-01-16 21:52:41 - app - INFO - 账期生成循环已启动
2026-01-16 21:52:41 - app - INFO - 账期生成线程已启动
2026-01-16 21:52:41 - app - INFO - 开始生成 2026-01-16 的任务账期
2026-01-16 21:52:41 - app - INFO - 任务执行循环已启动
2026-01-16 21:52:41 - app - INFO - 任务执行线程已启动
2026-01-16 21:52:41 - app - INFO - 日志清理循环已启动
2026-01-16 21:52:41 - app - INFO - 日志清理线程已启动
2026-01-16 21:52:41 - app - INFO - 下次日志清理时间: 2026-01-17 02:00:00
2026-01-16 21:52:41 - app - INFO - 跳过一次性执行任务: 测试
2026-01-16 21:52:41 - app - INFO - 启动Flask服务: http://0.0.0.0:8520
2026-01-16 21:52:41 - app - INFO - 跳过一次性执行任务: 测试谢谢谢谢
2026-01-16 21:52:41 - app - INFO - 跳过一次性执行任务: 测试189
2026-01-16 21:52:41 - app - INFO - 跳过一次性执行任务: 小城大事
2026-01-16 21:52:41 - app - INFO - ✅ 生成完成，共创建 0 条待执行记录
2026-01-16 21:52:41 - app - INFO - 下次生成账期时间: 2026-01-17 00:00:00, 等待 7638 秒
2026-01-16 21:54:01 - app - INFO - 许可证管理器初始化完成,服务器: http://license.22l2.com
2026-01-16 21:54:01 - app - INFO - 初始化许可证管理器...
2026-01-16 21:54:02 - app - INFO - 解密密钥设置成功
2026-01-16 21:54:02 - app - INFO - 解密密钥获取成功
2026-01-16 21:54:02 - app - INFO - 解密密钥获取成功，配置已就绪
2026-01-16 21:54:02 - app - INFO - 配置解密成功
2026-01-16 21:54:02 - app - INFO - 夸克API配置加载成功
2026-01-16 21:54:02 - app - INFO - 夸克API配置加载完成
2026-01-16 21:54:02 - app - INFO - 检查数据库...
2026-01-16 21:54:02 - app - INFO - 数据库检查完成
2026-01-16 21:54:02 - app - INFO - 检查数据库迁移...
2026-01-16 21:54:02 - app - INFO - 数据库迁移检查完成
2026-01-16 21:54:02 - app - INFO - 清理异常中断的任务状态...
2026-01-16 21:54:02 - app - INFO - 升级管理器初始化完成
2026-01-16 21:54:02 - app - INFO - Flask应用创建成功
2026-01-16 21:54:02 - app - INFO - 静态文件目录: C:\Data\夸克转存\client\frontend
2026-01-16 21:54:02 - app - INFO - 启动任务调度服务...
2026-01-16 21:54:02 - app - INFO - 检查被中断的影视下载任务...
2026-01-16 21:54:02 - app - INFO - 没有需要恢复的影视下载任务
2026-01-16 21:54:02 - app - INFO - 账期生成循环已启动
2026-01-16 21:54:02 - app - INFO - 账期生成线程已启动
2026-01-16 21:54:02 - app - INFO - 开始生成 2026-01-16 的任务账期
2026-01-16 21:54:02 - app - INFO - 任务执行循环已启动
2026-01-16 21:54:02 - app - INFO - 任务执行线程已启动
2026-01-16 21:54:02 - app - INFO - 日志清理循环已启动
2026-01-16 21:54:02 - app - INFO - 日志清理线程已启动
2026-01-16 21:54:02 - app - INFO - 下次日志清理时间: 2026-01-17 02:00:00
2026-01-16 21:54:02 - app - INFO - 启动Flask服务: http://0.0.0.0:8520
2026-01-16 21:54:02 - app - INFO - 跳过一次性执行任务: 测试
2026-01-16 21:54:02 - app - INFO - 跳过一次性执行任务: 测试谢谢谢谢
2026-01-16 21:54:02 - app - INFO - 跳过一次性执行任务: 测试189
2026-01-16 21:54:02 - app - INFO - 跳过一次性执行任务: 小城大事
2026-01-16 21:54:02 - app - INFO - ✅ 生成完成，共创建 0 条待执行记录
2026-01-16 21:54:02 - app - INFO - 下次生成账期时间: 2026-01-17 00:00:00, 等待 7557 秒
2026-01-16 21:54:42 - app - INFO - 许可证管理器初始化完成,服务器: http://license.22l2.com
2026-01-16 21:54:42 - app - INFO - 初始化许可证管理器...
2026-01-16 21:54:43 - app - INFO - 解密密钥设置成功
2026-01-16 21:54:43 - app - INFO - 解密密钥获取成功
2026-01-16 21:54:43 - app - INFO - 解密密钥获取成功，配置已就绪
2026-01-16 21:54:43 - app - INFO - 配置解密成功
2026-01-16 21:54:43 - app - INFO - 夸克API配置加载成功
2026-01-16 21:54:43 - app - INFO - 夸克API配置加载完成
2026-01-16 21:54:43 - app - INFO - 检查数据库...
2026-01-16 21:54:43 - app - INFO - 数据库检查完成
2026-01-16 21:54:43 - app - INFO - 检查数据库迁移...
2026-01-16 21:54:43 - app - INFO - 数据库迁移检查完成
2026-01-16 21:54:43 - app - INFO - 清理异常中断的任务状态...
2026-01-16 21:54:43 - app - INFO - 升级管理器初始化完成
2026-01-16 21:54:43 - app - INFO - Flask应用创建成功
2026-01-16 21:54:43 - app - INFO - 静态文件目录: C:\Data\夸克转存\client\frontend
2026-01-16 21:54:43 - app - INFO - 启动任务调度服务...
2026-01-16 21:54:43 - app - INFO - 检查被中断的影视下载任务...
2026-01-16 21:54:43 - app - INFO - 没有需要恢复的影视下载任务
2026-01-16 21:54:43 - app - INFO - 账期生成循环已启动
2026-01-16 21:54:43 - app - INFO - 账期生成线程已启动
2026-01-16 21:54:43 - app - INFO - 开始生成 2026-01-16 的任务账期
2026-01-16 21:54:43 - app - INFO - 任务执行循环已启动
2026-01-16 21:54:43 - app - INFO - 任务执行线程已启动
2026-01-16 21:54:43 - app - INFO - 日志清理循环已启动
2026-01-16 21:54:43 - app - INFO - 日志清理线程已启动
2026-01-16 21:54:43 - app - INFO - 下次日志清理时间: 2026-01-17 02:00:00
2026-01-16 21:54:43 - app - INFO - 启动Flask服务: http://0.0.0.0:8520
2026-01-16 21:54:43 - app - INFO - 跳过一次性执行任务: 测试
2026-01-16 21:54:43 - app - INFO - 跳过一次性执行任务: 测试谢谢谢谢
2026-01-16 21:54:43 - app - INFO - 跳过一次性执行任务: 测试189
2026-01-16 21:54:43 - app - INFO - 跳过一次性执行任务: 小城大事
2026-01-16 21:54:43 - app - INFO - ✅ 生成完成，共创建 0 条待执行记录
2026-01-16 21:54:43 - app - INFO - 下次生成账期时间: 2026-01-17 00:00:00, 等待 7516 秒
2026-01-16 21:54:45 - app - INFO - 许可证管理器初始化完成,服务器: http://license.22l2.com
2026-01-16 21:54:45 - app - INFO - 初始化许可证管理器...
2026-01-16 21:54:48 - app - INFO - 解密密钥设置成功
2026-01-16 21:54:48 - app - INFO - 解密密钥获取成功
2026-01-16 21:54:48 - app - INFO - 解密密钥获取成功，配置已就绪
2026-01-16 21:54:48 - app - INFO - 配置解密成功
2026-01-16 21:54:48 - app - INFO - 夸克API配置加载成功
2026-01-16 21:54:48 - app - INFO - 夸克API配置加载完成
2026-01-16 21:54:48 - app - INFO - 检查数据库...
2026-01-16 21:54:48 - app - INFO - 数据库检查完成
2026-01-16 21:54:48 - app - INFO - 检查数据库迁移...
2026-01-16 21:54:48 - app - INFO - 数据库迁移检查完成
2026-01-16 21:54:48 - app - INFO - 清理异常中断的任务状态...
2026-01-16 21:54:48 - app - INFO - 升级管理器初始化完成
2026-01-16 21:54:48 - app - INFO - Flask应用创建成功
2026-01-16 21:54:48 - app - INFO - 静态文件目录: C:\Data\夸克转存\client\frontend
2026-01-16 21:54:48 - app - INFO - 启动任务调度服务...
2026-01-16 21:54:48 - app - INFO - 检查被中断的影视下载任务...
2026-01-16 21:54:48 - app - INFO - 没有需要恢复的影视下载任务
2026-01-16 21:54:48 - app - INFO - 账期生成循环已启动
2026-01-16 21:54:48 - app - INFO - 账期生成线程已启动
2026-01-16 21:54:48 - app - INFO - 开始生成 2026-01-16 的任务账期
2026-01-16 21:54:48 - app - INFO - 任务执行循环已启动
2026-01-16 21:54:48 - app - INFO - 任务执行线程已启动
2026-01-16 21:54:48 - app - INFO - 日志清理循环已启动
2026-01-16 21:54:48 - app - INFO - 日志清理线程已启动
2026-01-16 21:54:48 - app - INFO - 下次日志清理时间: 2026-01-17 02:00:00
2026-01-16 21:54:48 - app - INFO - 跳过一次性执行任务: 测试
2026-01-16 21:54:48 - app - INFO - 启动Flask服务: http://0.0.0.0:8520
2026-01-16 21:54:48 - app - INFO - 跳过一次性执行任务: 测试谢谢谢谢
2026-01-16 21:54:48 - app - INFO - 跳过一次性执行任务: 测试189
2026-01-16 21:54:48 - app - INFO - 跳过一次性执行任务: 小城大事
2026-01-16 21:54:48 - app - INFO - ✅ 生成完成，共创建 0 条待执行记录
2026-01-16 21:54:48 - app - INFO - 下次生成账期时间: 2026-01-17 00:00:00, 等待 7511 秒
2026-01-16 21:55:02 - app - INFO - 许可证管理器初始化完成,服务器: http://license.22l2.com
2026-01-16 21:55:02 - app - INFO - 初始化许可证管理器...
2026-01-16 21:55:03 - app - INFO - 解密密钥设置成功
2026-01-16 21:55:03 - app - INFO - 解密密钥获取成功
2026-01-16 21:55:03 - app - INFO - 解密密钥获取成功，配置已就绪
2026-01-16 21:55:03 - app - INFO - 配置解密成功
2026-01-16 21:55:03 - app - INFO - 夸克API配置加载成功
2026-01-16 21:55:03 - app - INFO - 夸克API配置加载完成
2026-01-16 21:55:03 - app - INFO - 检查数据库...
2026-01-16 21:55:03 - app - INFO - 数据库检查完成
2026-01-16 21:55:03 - app - INFO - 检查数据库迁移...
2026-01-16 21:55:03 - app - INFO - 数据库迁移检查完成
2026-01-16 21:55:03 - app - INFO - 清理异常中断的任务状态...
2026-01-16 21:55:03 - app - INFO - 升级管理器初始化完成
2026-01-16 21:55:03 - app - INFO - Flask应用创建成功
2026-01-16 21:55:03 - app - INFO - 静态文件目录: C:\Data\夸克转存\client\frontend
2026-01-16 21:55:03 - app - INFO - 启动任务调度服务...
2026-01-16 21:55:03 - app - INFO - 检查被中断的影视下载任务...
2026-01-16 21:55:03 - app - INFO - 没有需要恢复的影视下载任务
2026-01-16 21:55:03 - app - INFO - 账期生成循环已启动
2026-01-16 21:55:03 - app - INFO - 账期生成线程已启动
2026-01-16 21:55:03 - app - INFO - 开始生成 2026-01-16 的任务账期
2026-01-16 21:55:03 - app - INFO - 任务执行循环已启动
2026-01-16 21:55:03 - app - INFO - 任务执行线程已启动
2026-01-16 21:55:03 - app - INFO - 日志清理循环已启动
2026-01-16 21:55:03 - app - INFO - 日志清理线程已启动
2026-01-16 21:55:03 - app - INFO - 下次日志清理时间: 2026-01-17 02:00:00
2026-01-16 21:55:03 - app - INFO - 启动Flask服务: http://0.0.0.0:8520
2026-01-16 21:55:03 - app - INFO - 跳过一次性执行任务: 测试
2026-01-16 21:55:03 - app - INFO - 跳过一次性执行任务: 测试谢谢谢谢
2026-01-16 21:55:03 - app - INFO - 跳过一次性执行任务: 测试189
2026-01-16 21:55:03 - app - INFO - 跳过一次性执行任务: 小城大事
2026-01-16 21:55:03 - app - INFO - ✅ 生成完成，共创建 0 条待执行记录
2026-01-16 21:55:03 - app - INFO - 下次生成账期时间: 2026-01-17 00:00:00, 等待 7496 秒
2026-01-16 21:55:31 - app - INFO - 许可证管理器初始化完成,服务器: http://license.22l2.com
2026-01-16 21:55:31 - app - INFO - 初始化许可证管理器...
2026-01-16 21:55:32 - app - INFO - 解密密钥设置成功
2026-01-16 21:55:32 - app - INFO - 解密密钥获取成功
2026-01-16 21:55:32 - app - INFO - 解密密钥获取成功，配置已就绪
2026-01-16 21:55:32 - app - INFO - 配置解密成功
2026-01-16 21:55:32 - app - INFO - 夸克API配置加载成功
2026-01-16 21:55:32 - app - INFO - 夸克API配置加载完成
2026-01-16 21:55:32 - app - INFO - 检查数据库...
2026-01-16 21:55:32 - app - INFO - 数据库检查完成
2026-01-16 21:55:32 - app - INFO - 检查数据库迁移...
2026-01-16 21:55:32 - app - INFO - 数据库迁移检查完成
2026-01-16 21:55:32 - app - INFO - 清理异常中断的任务状态...
2026-01-16 21:55:32 - app - INFO - 升级管理器初始化完成
2026-01-16 21:55:32 - app - INFO - Flask应用创建成功
2026-01-16 21:55:32 - app - INFO - 静态文件目录: C:\Data\夸克转存\client\frontend
2026-01-16 21:55:32 - app - INFO - 启动任务调度服务...
2026-01-16 21:55:32 - app - INFO - 检查被中断的影视下载任务...
2026-01-16 21:55:32 - app - INFO - 没有需要恢复的影视下载任务
2026-01-16 21:55:32 - app - INFO - 账期生成循环已启动
2026-01-16 21:55:32 - app - INFO - 账期生成线程已启动
2026-01-16 21:55:32 - app - INFO - 开始生成 2026-01-16 的任务账期
2026-01-16 21:55:32 - app - INFO - 任务执行循环已启动
2026-01-16 21:55:32 - app - INFO - 任务执行线程已启动
2026-01-16 21:55:32 - app - INFO - 日志清理循环已启动
2026-01-16 21:55:32 - app - INFO - 日志清理线程已启动
2026-01-16 21:55:32 - app - INFO - 下次日志清理时间: 2026-01-17 02:00:00
2026-01-16 21:55:32 - app - INFO - 启动Flask服务: http://0.0.0.0:8520
2026-01-16 21:55:32 - app - INFO - 跳过一次性执行任务: 测试
2026-01-16 21:55:32 - app - INFO - 跳过一次性执行任务: 测试谢谢谢谢
2026-01-16 21:55:32 - app - INFO - 跳过一次性执行任务: 测试189
2026-01-16 21:55:32 - app - INFO - 跳过一次性执行任务: 小城大事
2026-01-16 21:55:32 - app - INFO - ✅ 生成完成，共创建 0 条待执行记录
2026-01-16 21:55:32 - app - INFO - 下次生成账期时间: 2026-01-17 00:00:00, 等待 7467 秒
2026-01-16 21:58:36 - app - INFO - 许可证管理器初始化完成,服务器: http://license.22l2.com
2026-01-16 21:58:36 - app - INFO - 初始化许可证管理器...
2026-01-16 21:58:38 - app - INFO - 解密密钥设置成功
2026-01-16 21:58:38 - app - INFO - 解密密钥获取成功
2026-01-16 21:58:38 - app - INFO - 解密密钥获取成功，配置已就绪
2026-01-16 21:58:38 - app - INFO - 配置解密成功
2026-01-16 21:58:38 - app - INFO - 夸克API配置加载成功
2026-01-16 21:58:38 - app - INFO - 夸克API配置加载完成
2026-01-16 21:58:38 - app - INFO - 检查数据库...
2026-01-16 21:58:38 - app - INFO - 数据库检查完成
2026-01-16 21:58:38 - app - INFO - 检查数据库迁移...
2026-01-16 21:58:38 - app - INFO - 数据库迁移检查完成
2026-01-16 21:58:38 - app - INFO - 清理异常中断的任务状态...
2026-01-16 21:58:38 - app - INFO - 升级管理器初始化完成
2026-01-16 21:58:38 - app - INFO - Flask应用创建成功
2026-01-16 21:58:38 - app - INFO - 静态文件目录: C:\Data\夸克转存\client\frontend
2026-01-16 21:58:38 - app - INFO - 启动任务调度服务...
2026-01-16 21:58:38 - app - INFO - 检查被中断的影视下载任务...
2026-01-16 21:58:38 - app - INFO - 没有需要恢复的影视下载任务
2026-01-16 21:58:38 - app - INFO - 账期生成循环已启动
2026-01-16 21:58:38 - app - INFO - 账期生成线程已启动
2026-01-16 21:58:38 - app - INFO - 开始生成 2026-01-16 的任务账期
2026-01-16 21:58:38 - app - INFO - 任务执行循环已启动
2026-01-16 21:58:38 - app - INFO - 任务执行线程已启动
2026-01-16 21:58:38 - app - INFO - 日志清理循环已启动
2026-01-16 21:58:38 - app - INFO - 日志清理线程已启动
2026-01-16 21:58:38 - app - INFO - 下次日志清理时间: 2026-01-17 02:00:00
2026-01-16 21:58:38 - app - INFO - 启动Flask服务: http://0.0.0.0:8520
2026-01-16 21:58:38 - app - INFO - 跳过一次性执行任务: 测试
2026-01-16 21:58:38 - app - INFO - 跳过一次性执行任务: 测试谢谢谢谢
2026-01-16 21:58:38 - app - INFO - 跳过一次性执行任务: 测试189
2026-01-16 21:58:38 - app - INFO - 跳过一次性执行任务: 小城大事
2026-01-16 21:58:38 - app - INFO - ✅ 生成完成，共创建 0 条待执行记录
2026-01-16 21:58:38 - app - INFO - 下次生成账期时间: 2026-01-17 00:00:00, 等待 7281 秒
2026-01-16 21:59:44 - app - INFO - 许可证管理器初始化完成,服务器: http://license.22l2.com
2026-01-16 21:59:44 - app - INFO - 初始化许可证管理器...
2026-01-16 21:59:45 - app - INFO - 解密密钥设置成功
2026-01-16 21:59:45 - app - INFO - 解密密钥获取成功
2026-01-16 21:59:45 - app - INFO - 解密密钥获取成功，配置已就绪
2026-01-16 21:59:45 - app - INFO - 配置解密成功
2026-01-16 21:59:45 - app - INFO - 夸克API配置加载成功
2026-01-16 21:59:45 - app - INFO - 夸克API配置加载完成
2026-01-16 21:59:45 - app - INFO - 检查数据库...
2026-01-16 21:59:45 - app - INFO - 数据库检查完成
2026-01-16 21:59:45 - app - INFO - 检查数据库迁移...
2026-01-16 21:59:45 - app - INFO - 数据库迁移检查完成
2026-01-16 21:59:45 - app - INFO - 清理异常中断的任务状态...
2026-01-16 21:59:45 - app - INFO - 升级管理器初始化完成
2026-01-16 21:59:45 - app - INFO - Flask应用创建成功
2026-01-16 21:59:45 - app - INFO - 静态文件目录: C:\Data\夸克转存\client\frontend
2026-01-16 21:59:45 - app - INFO - 启动任务调度服务...
2026-01-16 21:59:45 - app - INFO - 检查被中断的影视下载任务...
2026-01-16 21:59:45 - app - INFO - 没有需要恢复的影视下载任务
2026-01-16 21:59:45 - app - INFO - 账期生成循环已启动
2026-01-16 21:59:45 - app - INFO - 账期生成线程已启动
2026-01-16 21:59:45 - app - INFO - 开始生成 2026-01-16 的任务账期
2026-01-16 21:59:45 - app - INFO - 任务执行循环已启动
2026-01-16 21:59:45 - app - INFO - 任务执行线程已启动
2026-01-16 21:59:45 - app - INFO - 日志清理循环已启动
2026-01-16 21:59:45 - app - INFO - 日志清理线程已启动
2026-01-16 21:59:45 - app - INFO - 下次日志清理时间: 2026-01-17 02:00:00
2026-01-16 21:59:45 - app - INFO - 启动Flask服务: http://0.0.0.0:8520
2026-01-16 21:59:45 - app - INFO - 跳过一次性执行任务: 测试
2026-01-16 21:59:45 - app - INFO - 跳过一次性执行任务: 测试谢谢谢谢
2026-01-16 21:59:45 - app - INFO - 跳过一次性执行任务: 测试189
2026-01-16 21:59:45 - app - INFO - 跳过一次性执行任务: 小城大事
2026-01-16 21:59:45 - app - INFO - ✅ 生成完成，共创建 0 条待执行记录
2026-01-16 21:59:45 - app - INFO - 下次生成账期时间: 2026-01-17 00:00:00, 等待 7214 秒
2026-01-16 22:00:35 - app - INFO - 许可证管理器初始化完成,服务器: http://license.22l2.com
2026-01-16 22:00:35 - app - INFO - 初始化许可证管理器...
2026-01-16 22:00:36 - app - INFO - 解密密钥设置成功
2026-01-16 22:00:36 - app - INFO - 解密密钥获取成功
2026-01-16 22:00:36 - app - INFO - 解密密钥获取成功，配置已就绪
2026-01-16 22:00:36 - app - INFO - 配置解密成功
2026-01-16 22:00:36 - app - INFO - 夸克API配置加载成功
2026-01-16 22:00:36 - app - INFO - 夸克API配置加载完成
2026-01-16 22:00:36 - app - INFO - 检查数据库...
2026-01-16 22:00:36 - app - INFO - 数据库检查完成
2026-01-16 22:00:36 - app - INFO - 检查数据库迁移...
2026-01-16 22:00:36 - app - INFO - 数据库迁移检查完成
2026-01-16 22:00:36 - app - INFO - 清理异常中断的任务状态...
2026-01-16 22:00:36 - app - INFO - 升级管理器初始化完成
2026-01-16 22:00:36 - app - INFO - Flask应用创建成功
2026-01-16 22:00:36 - app - INFO - 静态文件目录: C:\Data\夸克转存\client\frontend
2026-01-16 22:00:36 - app - INFO - 启动任务调度服务...
2026-01-16 22:00:36 - app - INFO - 检查被中断的影视下载任务...
2026-01-16 22:00:36 - app - INFO - 没有需要恢复的影视下载任务
2026-01-16 22:00:36 - app - INFO - 账期生成循环已启动
2026-01-16 22:00:36 - app - INFO - 账期生成线程已启动
2026-01-16 22:00:36 - app - INFO - 开始生成 2026-01-16 的任务账期
2026-01-16 22:00:36 - app - INFO - 任务执行循环已启动
2026-01-16 22:00:36 - app - INFO - 任务执行线程已启动
2026-01-16 22:00:36 - app - INFO - 跳过一次性执行任务: 测试
2026-01-16 22:00:36 - app - INFO - 日志清理循环已启动
2026-01-16 22:00:36 - app - INFO - 日志清理线程已启动
2026-01-16 22:00:36 - app - INFO - 跳过一次性执行任务: 测试谢谢谢谢
2026-01-16 22:00:36 - app - INFO - 下次日志清理时间: 2026-01-17 02:00:00
2026-01-16 22:00:36 - app - INFO - 启动Flask服务: http://0.0.0.0:8520
2026-01-16 22:00:36 - app - INFO - 跳过一次性执行任务: 测试189
2026-01-16 22:00:36 - app - INFO - 跳过一次性执行任务: 小城大事
2026-01-16 22:00:36 - app - INFO - ✅ 生成完成，共创建 0 条待执行记录
2026-01-16 22:00:36 - app - INFO - 下次生成账期时间: 2026-01-17 00:00:00, 等待 7164 秒
2026-01-16 22:00:41 - app - INFO - 许可证管理器初始化完成,服务器: http://license.22l2.com
2026-01-16 22:00:41 - app - INFO - 初始化许可证管理器...
2026-01-16 22:00:44 - app - INFO - 解密密钥设置成功
2026-01-16 22:00:44 - app - INFO - 解密密钥获取成功
2026-01-16 22:00:44 - app - INFO - 解密密钥获取成功，配置已就绪
2026-01-16 22:00:44 - app - INFO - 配置解密成功
2026-01-16 22:00:44 - app - INFO - 夸克API配置加载成功
2026-01-16 22:00:44 - app - INFO - 夸克API配置加载完成
2026-01-16 22:00:44 - app - INFO - 检查数据库...
2026-01-16 22:00:44 - app - INFO - 数据库检查完成
2026-01-16 22:00:44 - app - INFO - 检查数据库迁移...
2026-01-16 22:00:44 - app - INFO - 数据库迁移检查完成
2026-01-16 22:00:44 - app - INFO - 清理异常中断的任务状态...
2026-01-16 22:00:44 - app - INFO - 升级管理器初始化完成
2026-01-16 22:00:44 - app - INFO - Flask应用创建成功
2026-01-16 22:00:44 - app - INFO - 静态文件目录: C:\Data\夸克转存\client\frontend
2026-01-16 22:00:44 - app - INFO - 启动任务调度服务...
2026-01-16 22:00:44 - app - INFO - 检查被中断的影视下载任务...
2026-01-16 22:00:44 - app - INFO - 没有需要恢复的影视下载任务
2026-01-16 22:00:44 - app - INFO - 账期生成循环已启动
2026-01-16 22:00:44 - app - INFO - 账期生成线程已启动
2026-01-16 22:00:44 - app - INFO - 开始生成 2026-01-16 的任务账期
2026-01-16 22:00:44 - app - INFO - 任务执行循环已启动
2026-01-16 22:00:44 - app - INFO - 任务执行线程已启动
2026-01-16 22:00:44 - app - INFO - 跳过一次性执行任务: 测试
2026-01-16 22:00:44 - app - INFO - 日志清理循环已启动
2026-01-16 22:00:44 - app - INFO - 跳过一次性执行任务: 测试谢谢谢谢
2026-01-16 22:00:44 - app - INFO - 日志清理线程已启动
2026-01-16 22:00:44 - app - INFO - 下次日志清理时间: 2026-01-17 02:00:00
2026-01-16 22:00:44 - app - INFO - 跳过一次性执行任务: 测试189
2026-01-16 22:00:44 - app - INFO - 启动Flask服务: http://0.0.0.0:8520
2026-01-16 22:00:44 - app - INFO - 跳过一次性执行任务: 小城大事
2026-01-16 22:00:44 - app - INFO - ✅ 生成完成，共创建 0 条待执行记录
2026-01-16 22:00:44 - app - INFO - 下次生成账期时间: 2026-01-17 00:00:00, 等待 7156 秒
2026-01-16 22:02:05 - app - INFO - 许可证管理器初始化完成,服务器: http://license.22l2.com
2026-01-16 22:02:05 - app - INFO - 初始化许可证管理器...
2026-01-16 22:02:06 - app - INFO - 解密密钥设置成功
2026-01-16 22:02:06 - app - INFO - 解密密钥获取成功
2026-01-16 22:02:06 - app - INFO - 解密密钥获取成功，配置已就绪
2026-01-16 22:02:06 - app - INFO - 配置解密成功
2026-01-16 22:02:06 - app - INFO - 夸克API配置加载成功
2026-01-16 22:02:06 - app - INFO - 夸克API配置加载完成
2026-01-16 22:02:06 - app - INFO - 检查数据库...
2026-01-16 22:02:06 - app - INFO - 数据库检查完成
2026-01-16 22:02:06 - app - INFO - 检查数据库迁移...
2026-01-16 22:02:06 - app - INFO - 数据库迁移检查完成
2026-01-16 22:02:06 - app - INFO - 清理异常中断的任务状态...
2026-01-16 22:02:06 - app - INFO - 升级管理器初始化完成
2026-01-16 22:02:06 - app - INFO - Flask应用创建成功
2026-01-16 22:02:06 - app - INFO - 静态文件目录: C:\Data\夸克转存\client\frontend
2026-01-16 22:02:06 - app - INFO - 启动任务调度服务...
2026-01-16 22:02:06 - app - INFO - 检查被中断的影视下载任务...
2026-01-16 22:02:06 - app - INFO - 没有需要恢复的影视下载任务
2026-01-16 22:02:06 - app - INFO - 账期生成循环已启动
2026-01-16 22:02:06 - app - INFO - 账期生成线程已启动
2026-01-16 22:02:06 - app - INFO - 开始生成 2026-01-16 的任务账期
2026-01-16 22:02:06 - app - INFO - 任务执行循环已启动
2026-01-16 22:02:06 - app - INFO - 任务执行线程已启动
2026-01-16 22:02:06 - app - INFO - 日志清理循环已启动
2026-01-16 22:02:06 - app - INFO - 日志清理线程已启动
2026-01-16 22:02:06 - app - INFO - 下次日志清理时间: 2026-01-17 02:00:00
2026-01-16 22:02:06 - app - INFO - 启动Flask服务: http://0.0.0.0:8520
2026-01-16 22:02:06 - app - INFO - 跳过一次性执行任务: 测试
2026-01-16 22:02:06 - app - INFO - 跳过一次性执行任务: 测试谢谢谢谢
2026-01-16 22:02:06 - app - INFO - 跳过一次性执行任务: 测试189
2026-01-16 22:02:06 - app - INFO - 跳过一次性执行任务: 小城大事
2026-01-16 22:02:06 - app - INFO - ✅ 生成完成，共创建 0 条待执行记录
2026-01-16 22:02:06 - app - INFO - 下次生成账期时间: 2026-01-17 00:00:00, 等待 7074 秒
2026-01-16 22:02:19 - app - INFO - 许可证管理器初始化完成,服务器: http://license.22l2.com
2026-01-16 22:02:19 - app - INFO - 初始化许可证管理器...
2026-01-16 22:02:21 - app - INFO - 解密密钥设置成功
2026-01-16 22:02:21 - app - INFO - 解密密钥获取成功
2026-01-16 22:02:21 - app - INFO - 解密密钥获取成功，配置已就绪
2026-01-16 22:02:21 - app - INFO - 配置解密成功
2026-01-16 22:02:21 - app - INFO - 夸克API配置加载成功
2026-01-16 22:02:21 - app - INFO - 夸克API配置加载完成
2026-01-16 22:02:21 - app - INFO - 检查数据库...
2026-01-16 22:02:21 - app - INFO - 数据库检查完成
2026-01-16 22:02:21 - app - INFO - 检查数据库迁移...
2026-01-16 22:02:21 - app - INFO - 数据库迁移检查完成
2026-01-16 22:02:21 - app - INFO - 清理异常中断的任务状态...
2026-01-16 22:02:21 - app - INFO - 升级管理器初始化完成
2026-01-16 22:02:21 - app - INFO - Flask应用创建成功
2026-01-16 22:02:21 - app - INFO - 静态文件目录: C:\Data\夸克转存\client\frontend
2026-01-16 22:02:21 - app - INFO - 启动任务调度服务...
2026-01-16 22:02:21 - app - INFO - 检查被中断的影视下载任务...
2026-01-16 22:02:21 - app - INFO - 没有需要恢复的影视下载任务
2026-01-16 22:02:21 - app - INFO - 账期生成循环已启动
2026-01-16 22:02:21 - app - INFO - 账期生成线程已启动
2026-01-16 22:02:21 - app - INFO - 开始生成 2026-01-16 的任务账期
2026-01-16 22:02:21 - app - INFO - 任务执行循环已启动
2026-01-16 22:02:21 - app - INFO - 任务执行线程已启动
2026-01-16 22:02:21 - app - INFO - 日志清理循环已启动
2026-01-16 22:02:21 - app - INFO - 跳过一次性执行任务: 测试
2026-01-16 22:02:21 - app - INFO - 下次日志清理时间: 2026-01-17 02:00:00
2026-01-16 22:02:21 - app - INFO - 日志清理线程已启动
2026-01-16 22:02:21 - app - INFO - 跳过一次性执行任务: 测试谢谢谢谢
2026-01-16 22:02:21 - app - INFO - 启动Flask服务: http://0.0.0.0:8520
2026-01-16 22:02:21 - app - INFO - 跳过一次性执行任务: 测试189
2026-01-16 22:02:21 - app - INFO - 跳过一次性执行任务: 小城大事
2026-01-16 22:02:21 - app - INFO - ✅ 生成完成，共创建 0 条待执行记录
2026-01-16 22:02:21 - app - INFO - 下次生成账期时间: 2026-01-17 00:00:00, 等待 7059 秒
2026-01-16 22:02:35 - app - INFO - 许可证管理器初始化完成,服务器: http://license.22l2.com
2026-01-16 22:02:35 - app - INFO - 初始化许可证管理器...
2026-01-16 22:02:36 - app - INFO - 解密密钥设置成功
2026-01-16 22:02:36 - app - INFO - 解密密钥获取成功
2026-01-16 22:02:36 - app - INFO - 解密密钥获取成功，配置已就绪
2026-01-16 22:02:36 - app - INFO - 配置解密成功
2026-01-16 22:02:36 - app - INFO - 夸克API配置加载成功
2026-01-16 22:02:36 - app - INFO - 夸克API配置加载完成
2026-01-16 22:02:36 - app - INFO - 检查数据库...
2026-01-16 22:02:36 - app - INFO - 数据库检查完成
2026-01-16 22:02:36 - app - INFO - 检查数据库迁移...
2026-01-16 22:02:36 - app - INFO - 数据库迁移检查完成
2026-01-16 22:02:36 - app - INFO - 清理异常中断的任务状态...
2026-01-16 22:02:36 - app - INFO - 升级管理器初始化完成
2026-01-16 22:02:36 - app - INFO - Flask应用创建成功
2026-01-16 22:02:36 - app - INFO - 静态文件目录: C:\Data\夸克转存\client\frontend
2026-01-16 22:02:36 - app - INFO - 启动任务调度服务...
2026-01-16 22:02:36 - app - INFO - 检查被中断的影视下载任务...
2026-01-16 22:02:36 - app - INFO - 没有需要恢复的影视下载任务
2026-01-16 22:02:36 - app - INFO - 账期生成循环已启动
2026-01-16 22:02:36 - app - INFO - 账期生成线程已启动
2026-01-16 22:02:36 - app - INFO - 开始生成 2026-01-16 的任务账期
2026-01-16 22:02:36 - app - INFO - 任务执行循环已启动
2026-01-16 22:02:36 - app - INFO - 任务执行线程已启动
2026-01-16 22:02:36 - app - INFO - 日志清理循环已启动
2026-01-16 22:02:36 - app - INFO - 日志清理线程已启动
2026-01-16 22:02:36 - app - INFO - 下次日志清理时间: 2026-01-17 02:00:00
2026-01-16 22:02:36 - app - INFO - 启动Flask服务: http://0.0.0.0:8520
2026-01-16 22:02:36 - app - INFO - 跳过一次性执行任务: 测试
2026-01-16 22:02:36 - app - INFO - 跳过一次性执行任务: 测试谢谢谢谢
2026-01-16 22:02:36 - app - INFO - 跳过一次性执行任务: 测试189
2026-01-16 22:02:36 - app - INFO - 跳过一次性执行任务: 小城大事
2026-01-16 22:02:36 - app - INFO - ✅ 生成完成，共创建 0 条待执行记录
2026-01-16 22:02:36 - app - INFO - 下次生成账期时间: 2026-01-17 00:00:00, 等待 7044 秒
2026-01-16 22:03:00 - app - INFO - 许可证管理器初始化完成,服务器: http://license.22l2.com
2026-01-16 22:03:00 - app - INFO - 初始化许可证管理器...
2026-01-16 22:03:02 - app - INFO - 解密密钥设置成功
2026-01-16 22:03:02 - app - INFO - 解密密钥获取成功
2026-01-16 22:03:02 - app - INFO - 解密密钥获取成功，配置已就绪
2026-01-16 22:03:02 - app - INFO - 配置解密成功
2026-01-16 22:03:02 - app - INFO - 夸克API配置加载成功
2026-01-16 22:03:02 - app - INFO - 夸克API配置加载完成
2026-01-16 22:03:02 - app - INFO - 检查数据库...
2026-01-16 22:03:02 - app - INFO - 数据库检查完成
2026-01-16 22:03:02 - app - INFO - 检查数据库迁移...
2026-01-16 22:03:02 - app - INFO - 数据库迁移检查完成
2026-01-16 22:03:02 - app - INFO - 清理异常中断的任务状态...
2026-01-16 22:03:02 - app - INFO - 升级管理器初始化完成
2026-01-16 22:03:02 - app - INFO - Flask应用创建成功
2026-01-16 22:03:02 - app - INFO - 静态文件目录: C:\Data\夸克转存\client\frontend
2026-01-16 22:03:02 - app - INFO - 启动任务调度服务...
2026-01-16 22:03:02 - app - INFO - 检查被中断的影视下载任务...
2026-01-16 22:03:02 - app - INFO - 没有需要恢复的影视下载任务
2026-01-16 22:03:02 - app - INFO - 账期生成循环已启动
2026-01-16 22:03:02 - app - INFO - 账期生成线程已启动
2026-01-16 22:03:02 - app - INFO - 开始生成 2026-01-16 的任务账期
2026-01-16 22:03:02 - app - INFO - 任务执行循环已启动
2026-01-16 22:03:02 - app - INFO - 任务执行线程已启动
2026-01-16 22:03:02 - app - INFO - 日志清理循环已启动
2026-01-16 22:03:02 - app - INFO - 日志清理线程已启动
2026-01-16 22:03:02 - app - INFO - 下次日志清理时间: 2026-01-17 02:00:00
2026-01-16 22:03:02 - app - INFO - 启动Flask服务: http://0.0.0.0:8520
2026-01-16 22:03:02 - app - INFO - 跳过一次性执行任务: 测试
2026-01-16 22:03:02 - app - INFO - 跳过一次性执行任务: 测试谢谢谢谢
2026-01-16 22:03:02 - app - INFO - 跳过一次性执行任务: 测试189
2026-01-16 22:03:02 - app - INFO - 跳过一次性执行任务: 小城大事
2026-01-16 22:03:02 - app - INFO - ✅ 生成完成，共创建 0 条待执行记录
2026-01-16 22:03:02 - app - INFO - 下次生成账期时间: 2026-01-17 00:00:00, 等待 7018 秒
2026-01-16 22:03:15 - app - INFO - 许可证管理器初始化完成,服务器: http://license.22l2.com
2026-01-16 22:03:15 - app - INFO - 初始化许可证管理器...
2026-01-16 22:03:16 - app - INFO - 解密密钥设置成功
2026-01-16 22:03:16 - app - INFO - 解密密钥获取成功
2026-01-16 22:03:16 - app - INFO - 解密密钥获取成功，配置已就绪
2026-01-16 22:03:16 - app - INFO - 配置解密成功
2026-01-16 22:03:16 - app - INFO - 夸克API配置加载成功
2026-01-16 22:03:16 - app - INFO - 夸克API配置加载完成
2026-01-16 22:03:16 - app - INFO - 检查数据库...
2026-01-16 22:03:16 - app - INFO - 数据库检查完成
2026-01-16 22:03:16 - app - INFO - 检查数据库迁移...
2026-01-16 22:03:16 - app - INFO - 数据库迁移检查完成
2026-01-16 22:03:16 - app - INFO - 清理异常中断的任务状态...
2026-01-16 22:03:16 - app - INFO - 升级管理器初始化完成
2026-01-16 22:03:16 - app - INFO - Flask应用创建成功
2026-01-16 22:03:16 - app - INFO - 静态文件目录: C:\Data\夸克转存\client\frontend
2026-01-16 22:03:16 - app - INFO - 启动任务调度服务...
2026-01-16 22:03:16 - app - INFO - 检查被中断的影视下载任务...
2026-01-16 22:03:16 - app - INFO - 没有需要恢复的影视下载任务
2026-01-16 22:03:16 - app - INFO - 账期生成循环已启动
2026-01-16 22:03:16 - app - INFO - 账期生成线程已启动
2026-01-16 22:03:16 - app - INFO - 开始生成 2026-01-16 的任务账期
2026-01-16 22:03:16 - app - INFO - 任务执行循环已启动
2026-01-16 22:03:16 - app - INFO - 任务执行线程已启动
2026-01-16 22:03:16 - app - INFO - 日志清理循环已启动
2026-01-16 22:03:16 - app - INFO - 日志清理线程已启动
2026-01-16 22:03:16 - app - INFO - 跳过一次性执行任务: 测试
2026-01-16 22:03:16 - app - INFO - 下次日志清理时间: 2026-01-17 02:00:00
2026-01-16 22:03:16 - app - INFO - 启动Flask服务: http://0.0.0.0:8520
2026-01-16 22:03:16 - app - INFO - 跳过一次性执行任务: 测试谢谢谢谢
2026-01-16 22:03:16 - app - INFO - 跳过一次性执行任务: 测试189
2026-01-16 22:03:16 - app - INFO - 跳过一次性执行任务: 小城大事
2026-01-16 22:03:16 - app - INFO - ✅ 生成完成，共创建 0 条待执行记录
2026-01-16 22:03:16 - app - INFO - 下次生成账期时间: 2026-01-17 00:00:00, 等待 7003 秒
2026-01-16 22:03:26 - app - INFO - 许可证管理器初始化完成,服务器: http://license.22l2.com
2026-01-16 22:03:26 - app - INFO - 初始化许可证管理器...
2026-01-16 22:03:28 - app - INFO - 解密密钥设置成功
2026-01-16 22:03:28 - app - INFO - 解密密钥获取成功
2026-01-16 22:03:28 - app - INFO - 解密密钥获取成功，配置已就绪
2026-01-16 22:03:28 - app - INFO - 配置解密成功
2026-01-16 22:03:28 - app - INFO - 夸克API配置加载成功
2026-01-16 22:03:28 - app - INFO - 夸克API配置加载完成
2026-01-16 22:03:28 - app - INFO - 检查数据库...
2026-01-16 22:03:28 - app - INFO - 数据库检查完成
2026-01-16 22:03:28 - app - INFO - 检查数据库迁移...
2026-01-16 22:03:28 - app - INFO - 数据库迁移检查完成
2026-01-16 22:03:28 - app - INFO - 清理异常中断的任务状态...
2026-01-16 22:03:28 - app - INFO - 升级管理器初始化完成
2026-01-16 22:03:28 - app - INFO - Flask应用创建成功
2026-01-16 22:03:28 - app - INFO - 静态文件目录: C:\Data\夸克转存\client\frontend
2026-01-16 22:03:28 - app - INFO - 恢复已启动的插件...
2026-01-16 22:03:28 - app - INFO - 没有需要恢复的插件
2026-01-16 22:03:28 - app - INFO - 启动任务调度服务...
2026-01-16 22:03:28 - app - INFO - 检查被中断的影视下载任务...
2026-01-16 22:03:28 - app - INFO - 没有需要恢复的影视下载任务
2026-01-16 22:03:28 - app - INFO - 账期生成循环已启动
2026-01-16 22:03:28 - app - INFO - 账期生成线程已启动
2026-01-16 22:03:28 - app - INFO - 开始生成 2026-01-16 的任务账期
2026-01-16 22:03:28 - app - INFO - 任务执行循环已启动
2026-01-16 22:03:28 - app - INFO - 任务执行线程已启动
2026-01-16 22:03:28 - app - INFO - 日志清理循环已启动
2026-01-16 22:03:28 - app - INFO - 日志清理线程已启动
2026-01-16 22:03:28 - app - INFO - 下次日志清理时间: 2026-01-17 02:00:00
2026-01-16 22:03:28 - app - INFO - 启动Flask服务: http://0.0.0.0:8520
2026-01-16 22:03:28 - app - INFO - 跳过一次性执行任务: 测试
2026-01-16 22:03:28 - app - INFO - 跳过一次性执行任务: 测试谢谢谢谢
2026-01-16 22:03:28 - app - INFO - 跳过一次性执行任务: 测试189
2026-01-16 22:03:28 - app - INFO - 跳过一次性执行任务: 小城大事
2026-01-16 22:03:28 - app - INFO - ✅ 生成完成，共创建 0 条待执行记录
2026-01-16 22:03:28 - app - INFO - 下次生成账期时间: 2026-01-17 00:00:00, 等待 6992 秒
2026-01-16 22:03:52 - app - INFO - 许可证管理器初始化完成,服务器: http://license.22l2.com
2026-01-16 22:03:52 - app - INFO - 初始化许可证管理器...
2026-01-16 22:03:54 - app - INFO - 解密密钥设置成功
2026-01-16 22:03:54 - app - INFO - 解密密钥获取成功
2026-01-16 22:03:54 - app - INFO - 解密密钥获取成功，配置已就绪
2026-01-16 22:03:54 - app - INFO - 配置解密成功
2026-01-16 22:03:54 - app - INFO - 夸克API配置加载成功
2026-01-16 22:03:54 - app - INFO - 夸克API配置加载完成
2026-01-16 22:03:54 - app - INFO - 检查数据库...
2026-01-16 22:03:54 - app - INFO - 数据库检查完成
2026-01-16 22:03:54 - app - INFO - 检查数据库迁移...
2026-01-16 22:03:54 - app - INFO - 数据库迁移检查完成
2026-01-16 22:03:54 - app - INFO - 清理异常中断的任务状态...
2026-01-16 22:03:54 - app - INFO - 升级管理器初始化完成
2026-01-16 22:03:54 - app - INFO - Flask应用创建成功
2026-01-16 22:03:54 - app - INFO - 静态文件目录: C:\Data\夸克转存\client\frontend
2026-01-16 22:03:54 - app - INFO - 恢复已启动的插件...
2026-01-16 22:03:54 - app - INFO - 没有需要恢复的插件
2026-01-16 22:03:54 - app - INFO - 启动任务调度服务...
2026-01-16 22:03:54 - app - INFO - 检查被中断的影视下载任务...
2026-01-16 22:03:54 - app - INFO - 没有需要恢复的影视下载任务
2026-01-16 22:03:54 - app - INFO - 账期生成循环已启动
2026-01-16 22:03:54 - app - INFO - 账期生成线程已启动
2026-01-16 22:03:54 - app - INFO - 开始生成 2026-01-16 的任务账期
2026-01-16 22:03:54 - app - INFO - 任务执行循环已启动
2026-01-16 22:03:54 - app - INFO - 任务执行线程已启动
2026-01-16 22:03:54 - app - INFO - 日志清理循环已启动
2026-01-16 22:03:54 - app - INFO - 日志清理线程已启动
2026-01-16 22:03:54 - app - INFO - 下次日志清理时间: 2026-01-17 02:00:00
2026-01-16 22:03:54 - app - INFO - 跳过一次性执行任务: 测试
2026-01-16 22:03:54 - app - INFO - 启动Flask服务: http://0.0.0.0:8520
2026-01-16 22:03:54 - app - INFO - 跳过一次性执行任务: 测试谢谢谢谢
2026-01-16 22:03:54 - app - INFO - 跳过一次性执行任务: 测试189
2026-01-16 22:03:54 - app - INFO - 跳过一次性执行任务: 小城大事
2026-01-16 22:03:54 - app - INFO - ✅ 生成完成，共创建 0 条待执行记录
2026-01-16 22:03:54 - app - INFO - 下次生成账期时间: 2026-01-17 00:00:00, 等待 6965 秒
2026-01-16 22:04:26 - app - INFO - 许可证管理器初始化完成,服务器: http://license.22l2.com
2026-01-16 22:04:26 - app - INFO - 初始化许可证管理器...
2026-01-16 22:04:27 - app - INFO - 解密密钥设置成功
2026-01-16 22:04:27 - app - INFO - 解密密钥获取成功
2026-01-16 22:04:27 - app - INFO - 解密密钥获取成功，配置已就绪
2026-01-16 22:04:27 - app - INFO - 配置解密成功
2026-01-16 22:04:27 - app - INFO - 夸克API配置加载成功
2026-01-16 22:04:27 - app - INFO - 夸克API配置加载完成
2026-01-16 22:04:27 - app - INFO - 检查数据库...
2026-01-16 22:04:27 - app - INFO - 数据库检查完成
2026-01-16 22:04:27 - app - INFO - 检查数据库迁移...
2026-01-16 22:04:27 - app - INFO - 数据库迁移检查完成
2026-01-16 22:04:27 - app - INFO - 清理异常中断的任务状态...
2026-01-16 22:04:27 - app - INFO - 升级管理器初始化完成
2026-01-16 22:04:27 - app - INFO - Flask应用创建成功
2026-01-16 22:04:27 - app - INFO - 静态文件目录: C:\Data\夸克转存\client\frontend
2026-01-16 22:04:27 - app - INFO - 恢复已启动的插件...
2026-01-16 22:04:27 - app - INFO - 没有需要恢复的插件
2026-01-16 22:04:27 - app - INFO - 启动任务调度服务...
2026-01-16 22:04:27 - app - INFO - 检查被中断的影视下载任务...
2026-01-16 22:04:27 - app - INFO - 没有需要恢复的影视下载任务
2026-01-16 22:04:27 - app - INFO - 账期生成循环已启动
2026-01-16 22:04:27 - app - INFO - 账期生成线程已启动
2026-01-16 22:04:27 - app - INFO - 开始生成 2026-01-16 的任务账期
2026-01-16 22:04:27 - app - INFO - 任务执行循环已启动
2026-01-16 22:04:27 - app - INFO - 任务执行线程已启动
2026-01-16 22:04:27 - app - INFO - 日志清理循环已启动
2026-01-16 22:04:27 - app - INFO - 日志清理线程已启动
2026-01-16 22:04:27 - app - INFO - 下次日志清理时间: 2026-01-17 02:00:00
2026-01-16 22:04:27 - app - INFO - 跳过一次性执行任务: 测试
2026-01-16 22:04:27 - app - INFO - 启动Flask服务: http://0.0.0.0:8520
2026-01-16 22:04:27 - app - INFO - 跳过一次性执行任务: 测试谢谢谢谢
2026-01-16 22:04:27 - app - INFO - 跳过一次性执行任务: 测试189
2026-01-16 22:04:27 - app - INFO - 跳过一次性执行任务: 小城大事
2026-01-16 22:04:27 - app - INFO - ✅ 生成完成，共创建 0 条待执行记录
2026-01-16 22:04:27 - app - INFO - 下次生成账期时间: 2026-01-17 00:00:00, 等待 6933 秒
2026-01-16 22:05:03 - app - INFO - 许可证管理器初始化完成,服务器: http://license.22l2.com
2026-01-16 22:05:03 - app - INFO - 初始化许可证管理器...
2026-01-16 22:05:04 - app - INFO - 解密密钥设置成功
2026-01-16 22:05:04 - app - INFO - 解密密钥获取成功
2026-01-16 22:05:04 - app - INFO - 解密密钥获取成功，配置已就绪
2026-01-16 22:05:04 - app - INFO - 配置解密成功
2026-01-16 22:05:04 - app - INFO - 夸克API配置加载成功
2026-01-16 22:05:04 - app - INFO - 夸克API配置加载完成
2026-01-16 22:05:04 - app - INFO - 检查数据库...
2026-01-16 22:05:04 - app - INFO - 数据库检查完成
2026-01-16 22:05:04 - app - INFO - 检查数据库迁移...
2026-01-16 22:05:04 - app - INFO - 数据库迁移检查完成
2026-01-16 22:05:04 - app - INFO - 清理异常中断的任务状态...
2026-01-16 22:05:04 - app - INFO - 升级管理器初始化完成
2026-01-16 22:05:04 - app - INFO - Flask应用创建成功
2026-01-16 22:05:04 - app - INFO - 静态文件目录: C:\Data\夸克转存\client\frontend
2026-01-16 22:05:04 - app - INFO - 恢复已启动的插件...
2026-01-16 22:05:04 - app - INFO - 没有需要恢复的插件
2026-01-16 22:05:04 - app - INFO - 启动任务调度服务...
2026-01-16 22:05:04 - app - ERROR - 应用启动失败: unexpected indent (scheduler_service.py, line 1056)
2026-01-16 22:25:06 - app - INFO - 许可证管理器初始化完成,服务器: http://license.22l2.com
2026-01-16 22:25:06 - app - INFO - 初始化许可证管理器...
2026-01-16 22:25:10 - app - INFO - 解密密钥设置成功
2026-01-16 22:25:10 - app - INFO - 解密密钥获取成功
2026-01-16 22:25:10 - app - INFO - 解密密钥获取成功，配置已就绪
2026-01-16 22:25:10 - app - INFO - 配置解密成功
2026-01-16 22:25:10 - app - INFO - 夸克API配置加载成功
2026-01-16 22:25:10 - app - INFO - 夸克API配置加载完成
2026-01-16 22:25:10 - app - INFO - 检查数据库...
2026-01-16 22:25:10 - app - INFO - 数据库检查完成
2026-01-16 22:25:10 - app - INFO - 检查数据库迁移...
2026-01-16 22:25:10 - app - INFO - 数据库迁移检查完成
2026-01-16 22:25:10 - app - INFO - 清理异常中断的任务状态...
2026-01-16 22:25:10 - app - INFO - 升级管理器初始化完成
2026-01-16 22:25:10 - app - INFO - Flask应用创建成功
2026-01-16 22:25:10 - app - INFO - 静态文件目录: C:\Data\夸克转存\client\frontend
2026-01-16 22:25:10 - app - INFO - 恢复已启动的插件...
2026-01-16 22:25:10 - app - INFO - 没有需要恢复的插件
2026-01-16 22:25:10 - app - INFO - 启动任务调度服务...
2026-01-16 22:25:10 - app - INFO - 检查被中断的影视下载任务...
2026-01-16 22:25:10 - app - INFO - 没有需要恢复的影视下载任务
2026-01-16 22:25:10 - app - INFO - 账期生成循环已启动
2026-01-16 22:25:10 - app - INFO - 账期生成线程已启动
2026-01-16 22:25:10 - app - INFO - 开始生成 2026-01-16 的任务账期
2026-01-16 22:25:10 - app - INFO - 任务执行循环已启动
2026-01-16 22:25:10 - app - INFO - 任务执行线程已启动
2026-01-16 22:25:10 - app - INFO - 日志清理循环已启动
2026-01-16 22:25:10 - app - INFO - 日志清理线程已启动
2026-01-16 22:25:10 - app - INFO - 下次日志清理时间: 2026-01-17 02:00:00
2026-01-16 22:25:10 - app - INFO - 跳过一次性执行任务: 测试
2026-01-16 22:25:10 - app - INFO - 启动Flask服务: http://0.0.0.0:8520
2026-01-16 22:25:10 - app - INFO - 跳过一次性执行任务: 测试谢谢谢谢
2026-01-16 22:25:10 - app - INFO - 跳过一次性执行任务: 测试189
2026-01-16 22:25:10 - app - INFO - 跳过一次性执行任务: 小城大事
2026-01-16 22:25:10 - app - INFO - ✅ 生成完成，共创建 0 条待执行记录
2026-01-16 22:25:10 - app - INFO - 下次生成账期时间: 2026-01-17 00:00:00, 等待 5690 秒
2026-01-16 22:25:22 - app - INFO - 许可证管理器初始化完成,服务器: http://license.22l2.com
2026-01-16 22:25:22 - app - INFO - 初始化许可证管理器...
2026-01-16 22:25:23 - app - ERROR - 获取解密密钥失败: Expecting value: line 1 column 1 (char 0)
2026-01-16 22:25:23 - app - WARNING - 解密密钥获取失败，部分功能可能受限
2026-01-16 22:25:23 - app - INFO - 检查数据库...
2026-01-16 22:25:23 - app - INFO - 数据库检查完成
2026-01-16 22:25:23 - app - INFO - 检查数据库迁移...
2026-01-16 22:25:23 - app - INFO - 数据库迁移检查完成
2026-01-16 22:25:23 - app - INFO - 清理异常中断的任务状态...
2026-01-16 22:25:23 - app - INFO - 升级管理器初始化完成
2026-01-16 22:25:23 - app - INFO - Flask应用创建成功
2026-01-16 22:25:23 - app - INFO - 静态文件目录: C:\Data\夸克转存\client\frontend
2026-01-16 22:25:23 - app - INFO - 恢复已启动的插件...
2026-01-16 22:25:23 - app - INFO - 没有需要恢复的插件
2026-01-16 22:25:23 - app - INFO - 启动任务调度服务...
2026-01-16 22:25:23 - app - INFO - 检查被中断的影视下载任务...
2026-01-16 22:25:23 - app - INFO - 没有需要恢复的影视下载任务
2026-01-16 22:25:23 - app - INFO - 账期生成循环已启动
2026-01-16 22:25:23 - app - INFO - 账期生成线程已启动
2026-01-16 22:25:23 - app - INFO - 开始生成 2026-01-16 的任务账期
2026-01-16 22:25:23 - app - INFO - 任务执行循环已启动
2026-01-16 22:25:23 - app - INFO - 任务执行线程已启动
2026-01-16 22:25:23 - app - INFO - 日志清理循环已启动
2026-01-16 22:25:23 - app - INFO - 日志清理线程已启动
2026-01-16 22:25:23 - app - INFO - 下次日志清理时间: 2026-01-17 02:00:00
2026-01-16 22:25:23 - app - INFO - 跳过一次性执行任务: 测试
2026-01-16 22:25:23 - app - INFO - 启动Flask服务: http://0.0.0.0:8520
2026-01-16 22:25:23 - app - INFO - 跳过一次性执行任务: 测试谢谢谢谢
2026-01-16 22:25:23 - app - INFO - 跳过一次性执行任务: 测试189
2026-01-16 22:25:23 - app - INFO - 跳过一次性执行任务: 小城大事
2026-01-16 22:25:23 - app - INFO - ✅ 生成完成，共创建 0 条待执行记录
2026-01-16 22:25:23 - app - INFO - 下次生成账期时间: 2026-01-17 00:00:00, 等待 5677 秒
2026-01-16 22:33:13 - app - INFO - 检查登录状态, session内容: {'_permanent': True, 'user_id': 1, 'username': 'admin'}, cookies: ImmutableMultiDict([('session', 'eyJfcGVybWFuZW50Ijp0cnVlLCJ1c2VyX2lkIjoxLCJ1c2VybmFtZSI6ImFkbWluIn0.aWpMKQ.5Wlph1Kma_64j5w_7__RHPA-I6w')])
2026-01-16 22:33:13 - app - INFO - 检查登录状态, session内容: {'_permanent': True, 'user_id': 1, 'username': 'admin'}, cookies: ImmutableMultiDict([('session', 'eyJfcGVybWFuZW50Ijp0cnVlLCJ1c2VyX2lkIjoxLCJ1c2VybmFtZSI6ImFkbWluIn0.aWpMKQ.5Wlph1Kma_64j5w_7__RHPA-I6w')])
2026-01-16 22:33:16 - app - INFO - 检查更新: 当前版本 2.1.4
2026-01-16 22:33:25 - app - INFO - 检查更新成功: {'has_update': False, 'message': '当前已是最新版本'}
2026-01-16 22:35:15 - app - INFO - 检查登录状态, session内容: {'_permanent': True, 'user_id': 1, 'username': 'admin'}, cookies: ImmutableMultiDict([('session', 'eyJfcGVybWFuZW50Ijp0cnVlLCJ1c2VyX2lkIjoxLCJ1c2VybmFtZSI6ImFkbWluIn0.aWpMow.oi9w0vDHvkKqbXF0f5BcD4QPEkI')])
2026-01-16 22:35:15 - app - INFO - 检查登录状态, session内容: {'_permanent': True, 'user_id': 1, 'username': 'admin'}, cookies: ImmutableMultiDict([('session', 'eyJfcGVybWFuZW50Ijp0cnVlLCJ1c2VyX2lkIjoxLCJ1c2VybmFtZSI6ImFkbWluIn0.aWpMow.oi9w0vDHvkKqbXF0f5BcD4QPEkI')])
2026-01-16 22:35:18 - app - INFO - 检查更新: 当前版本 2.1.4
2026-01-16 22:35:19 - app - INFO - 检查登录状态, session内容: {'_permanent': True, 'user_id': 1, 'username': 'admin'}, cookies: ImmutableMultiDict([('session', 'eyJfcGVybWFuZW50Ijp0cnVlLCJ1c2VyX2lkIjoxLCJ1c2VybmFtZSI6ImFkbWluIn0.aWpMpw.kIqg2OmXAxW5Pv3O0lS7Kl5jmYs')])
2026-01-16 22:35:19 - app - INFO - 检查登录状态, session内容: {'_permanent': True, 'user_id': 1, 'username': 'admin'}, cookies: ImmutableMultiDict([('session', 'eyJfcGVybWFuZW50Ijp0cnVlLCJ1c2VyX2lkIjoxLCJ1c2VybmFtZSI6ImFkbWluIn0.aWpMpw.kIqg2OmXAxW5Pv3O0lS7Kl5jmYs')])
2026-01-16 22:35:19 - app - INFO - 检查登录状态, session内容: {'_permanent': True, 'user_id': 1, 'username': 'admin'}, cookies: ImmutableMultiDict([('session', 'eyJfcGVybWFuZW50Ijp0cnVlLCJ1c2VyX2lkIjoxLCJ1c2VybmFtZSI6ImFkbWluIn0.aWpMpw.kIqg2OmXAxW5Pv3O0lS7Kl5jmYs')])
2026-01-16 22:35:19 - app - INFO - 检查登录状态, session内容: {'_permanent': True, 'user_id': 1, 'username': 'admin'}, cookies: ImmutableMultiDict([('session', 'eyJfcGVybWFuZW50Ijp0cnVlLCJ1c2VyX2lkIjoxLCJ1c2VybmFtZSI6ImFkbWluIn0.aWpMpw.kIqg2OmXAxW5Pv3O0lS7Kl5jmYs')])
2026-01-16 22:35:21 - app - INFO - 检查更新: 当前版本 2.1.4
2026-01-16 22:35:29 - app - INFO - 检查更新成功: {'has_update': False, 'message': '当前已是最新版本'}
2026-01-16 22:35:29 - app - INFO - 检查更新成功: {'has_update': False, 'message': '当前已是最新版本'}
2026-01-16 22:38:22 - app - INFO - 检查登录状态, session内容: {'_permanent': True, 'user_id': 1, 'username': 'admin'}, cookies: ImmutableMultiDict([('session', 'eyJfcGVybWFuZW50Ijp0cnVlLCJ1c2VyX2lkIjoxLCJ1c2VybmFtZSI6ImFkbWluIn0.aWpNXg.UkZ_ftfYkRB1SmrJI5pe_oBBSnE')])
2026-01-16 22:38:22 - app - INFO - 检查登录状态, session内容: {'_permanent': True, 'user_id': 1, 'username': 'admin'}, cookies: ImmutableMultiDict([('session', 'eyJfcGVybWFuZW50Ijp0cnVlLCJ1c2VyX2lkIjoxLCJ1c2VybmFtZSI6ImFkbWluIn0.aWpNXg.UkZ_ftfYkRB1SmrJI5pe_oBBSnE')])
2026-01-16 22:38:24 - app - INFO - 检查更新: 当前版本 2.1.4
2026-01-16 22:38:33 - app - INFO - 检查更新成功: {'has_update': False, 'message': '当前已是最新版本'}
2026-01-16 22:42:28 - app - INFO - 检查登录状态, session内容: {'_permanent': True, 'user_id': 1, 'username': 'admin'}, cookies: ImmutableMultiDict([('session', 'eyJfcGVybWFuZW50Ijp0cnVlLCJ1c2VyX2lkIjoxLCJ1c2VybmFtZSI6ImFkbWluIn0.aWpOVA.PogWqcvInMizIo1AcRdE97vXC40')])
2026-01-16 22:42:28 - app - INFO - 检查登录状态, session内容: {'_permanent': True, 'user_id': 1, 'username': 'admin'}, cookies: ImmutableMultiDict([('session', 'eyJfcGVybWFuZW50Ijp0cnVlLCJ1c2VyX2lkIjoxLCJ1c2VybmFtZSI6ImFkbWluIn0.aWpOVA.PogWqcvInMizIo1AcRdE97vXC40')])
2026-01-16 22:42:31 - app - INFO - 检查更新: 当前版本 2.1.4
2026-01-16 22:42:42 - app - INFO - 检查更新成功: {'has_update': False, 'message': '当前已是最新版本'}
2026-01-16 22:45:13 - app - INFO - 检查登录状态, session内容: {'_permanent': True, 'user_id': 1, 'username': 'admin'}, cookies: ImmutableMultiDict([('session', 'eyJfcGVybWFuZW50Ijp0cnVlLCJ1c2VyX2lkIjoxLCJ1c2VybmFtZSI6ImFkbWluIn0.aWpO-Q.G3z-8A5ZU0Rba2hUteyifD1QTn0')])
2026-01-16 22:45:13 - app - INFO - 检查登录状态, session内容: {'_permanent': True, 'user_id': 1, 'username': 'admin'}, cookies: ImmutableMultiDict([('session', 'eyJfcGVybWFuZW50Ijp0cnVlLCJ1c2VyX2lkIjoxLCJ1c2VybmFtZSI6ImFkbWluIn0.aWpO-Q.G3z-8A5ZU0Rba2hUteyifD1QTn0')])
2026-01-16 22:45:15 - app - INFO - 检查更新: 当前版本 2.1.4
2026-01-16 22:45:26 - app - INFO - 检查更新成功: {'has_update': False, 'message': '当前已是最新版本'}
2026-01-16 22:45:44 - app - ERROR - 获取解密密钥失败: Expecting value: line 1 column 1 (char 0)
2026-01-16 22:45:45 - app - ERROR - 获取今日统计失败: no such table: daily_usage_stats
2026-01-16 22:45:45 - app - ERROR - 解密密钥未设置
2026-01-16 22:45:45 - app - WARNING - 配置解密失败,返回空配置
2026-01-16 22:48:37 - app - INFO - 许可证管理器初始化完成,服务器: http://license.22l2.com
2026-01-16 22:48:37 - app - INFO - 初始化许可证管理器...
2026-01-16 22:48:40 - app - INFO - 解密密钥设置成功
2026-01-16 22:48:40 - app - INFO - 解密密钥获取成功
2026-01-16 22:48:40 - app - INFO - 解密密钥获取成功，配置已就绪
2026-01-16 22:48:40 - app - INFO - 配置解密成功
2026-01-16 22:48:40 - app - INFO - 夸克API配置加载成功
2026-01-16 22:48:40 - app - INFO - 夸克API配置加载完成
2026-01-16 22:48:40 - app - INFO - 检查数据库...
2026-01-16 22:48:40 - app - INFO - 数据库检查完成
2026-01-16 22:48:40 - app - INFO - 检查数据库迁移...
2026-01-16 22:48:40 - app - INFO - 数据库迁移检查完成
2026-01-16 22:48:40 - app - INFO - 清理异常中断的任务状态...
2026-01-16 22:48:40 - app - INFO - 升级管理器初始化完成
2026-01-16 22:48:40 - app - INFO - Flask应用创建成功
2026-01-16 22:48:40 - app - INFO - 静态文件目录: C:\Data\夸克转存\client\frontend
2026-01-16 22:48:40 - app - INFO - 恢复已启动的插件...
2026-01-16 22:48:40 - app - INFO - 没有需要恢复的插件
2026-01-16 22:48:40 - app - INFO - 启动任务调度服务...
2026-01-16 22:48:40 - app - INFO - 检查被中断的影视下载任务...
2026-01-16 22:48:40 - app - INFO - 没有需要恢复的影视下载任务
2026-01-16 22:48:40 - app - INFO - 账期生成循环已启动
2026-01-16 22:48:40 - app - INFO - 账期生成线程已启动
2026-01-16 22:48:40 - app - INFO - 开始生成 2026-01-16 的任务账期
2026-01-16 22:48:40 - app - INFO - 任务执行循环已启动
2026-01-16 22:48:40 - app - INFO - 任务执行线程已启动
2026-01-16 22:48:40 - app - INFO - 跳过一次性执行任务: 测试
2026-01-16 22:48:40 - app - INFO - 日志清理循环已启动
2026-01-16 22:48:40 - app - INFO - 日志清理线程已启动
2026-01-16 22:48:40 - app - INFO - 跳过一次性执行任务: 测试谢谢谢谢
2026-01-16 22:48:40 - app - INFO - 下次日志清理时间: 2026-01-17 02:00:00
2026-01-16 22:48:40 - app - INFO - 启动Flask服务: http://0.0.0.0:8520
2026-01-16 22:48:40 - app - INFO - 跳过一次性执行任务: 测试189
2026-01-16 22:48:40 - app - INFO - 跳过一次性执行任务: 小城大事
2026-01-16 22:48:40 - app - INFO - ✅ 生成完成，共创建 0 条待执行记录
2026-01-16 22:48:40 - app - INFO - 下次生成账期时间: 2026-01-17 00:00:00, 等待 4279 秒
2026-01-16 22:49:03 - app - INFO - 许可证管理器初始化完成,服务器: http://license.22l2.com
2026-01-16 22:49:03 - app - INFO - 初始化许可证管理器...
2026-01-16 22:49:04 - app - INFO - 解密密钥设置成功
2026-01-16 22:49:04 - app - INFO - 解密密钥获取成功
2026-01-16 22:49:04 - app - INFO - 解密密钥获取成功，配置已就绪
2026-01-16 22:49:04 - app - INFO - 配置解密成功
2026-01-16 22:49:04 - app - INFO - 夸克API配置加载成功
2026-01-16 22:49:04 - app - INFO - 夸克API配置加载完成
2026-01-16 22:49:04 - app - INFO - 检查数据库...
2026-01-16 22:49:04 - app - INFO - 数据库检查完成
2026-01-16 22:49:04 - app - INFO - 检查数据库迁移...
2026-01-16 22:49:05 - app - INFO - 数据库迁移检查完成
2026-01-16 22:49:05 - app - INFO - 清理异常中断的任务状态...
2026-01-16 22:49:05 - app - INFO - 升级管理器初始化完成
2026-01-16 22:49:05 - app - INFO - Flask应用创建成功
2026-01-16 22:49:05 - app - INFO - 静态文件目录: C:\Data\夸克转存\client\frontend
2026-01-16 22:49:05 - app - INFO - 扫描本地插件目录...
2026-01-16 22:49:05 - app - INFO - 插件扫描完成: 发现 1 个，新安装 1 个，已存在 0 个
2026-01-16 22:49:05 - app - INFO - 恢复已启动的插件...
2026-01-16 22:49:05 - app - INFO - 没有需要恢复的插件
2026-01-16 22:49:05 - app - INFO - 启动任务调度服务...
2026-01-16 22:49:05 - app - INFO - 检查被中断的影视下载任务...
2026-01-16 22:49:05 - app - INFO - 没有需要恢复的影视下载任务
2026-01-16 22:49:05 - app - INFO - 账期生成循环已启动
2026-01-16 22:49:05 - app - INFO - 账期生成线程已启动
2026-01-16 22:49:05 - app - INFO - 开始生成 2026-01-16 的任务账期
2026-01-16 22:49:05 - app - INFO - 任务执行循环已启动
2026-01-16 22:49:05 - app - INFO - 任务执行线程已启动
2026-01-16 22:49:05 - app - INFO - 日志清理循环已启动
2026-01-16 22:49:05 - app - INFO - 日志清理线程已启动
2026-01-16 22:49:05 - app - INFO - 下次日志清理时间: 2026-01-17 02:00:00
2026-01-16 22:49:05 - app - INFO - 跳过一次性执行任务: 测试
2026-01-16 22:49:05 - app - INFO - 启动Flask服务: http://0.0.0.0:8520
2026-01-16 22:49:05 - app - INFO - 跳过一次性执行任务: 测试谢谢谢谢
2026-01-16 22:49:05 - app - INFO - 跳过一次性执行任务: 测试189
2026-01-16 22:49:05 - app - INFO - 跳过一次性执行任务: 小城大事
2026-01-16 22:49:05 - app - INFO - ✅ 生成完成，共创建 0 条待执行记录
2026-01-16 22:49:05 - app - INFO - 下次生成账期时间: 2026-01-17 00:00:00, 等待 4255 秒
2026-01-16 22:49:19 - app - INFO - 检查登录状态, session内容: {'_permanent': True, 'user_id': 1, 'username': 'admin'}, cookies: ImmutableMultiDict([('session', 'eyJfcGVybWFuZW50Ijp0cnVlLCJ1c2VyX2lkIjoxLCJ1c2VybmFtZSI6ImFkbWluIn0.aWpP7w.7IzUiD66j4sc9QFN9298XnR5LNQ')])
2026-01-16 22:49:19 - app - INFO - 检查登录状态, session内容: {'_permanent': True, 'user_id': 1, 'username': 'admin'}, cookies: ImmutableMultiDict([('session', 'eyJfcGVybWFuZW50Ijp0cnVlLCJ1c2VyX2lkIjoxLCJ1c2VybmFtZSI6ImFkbWluIn0.aWpP7w.7IzUiD66j4sc9QFN9298XnR5LNQ')])
2026-01-16 22:49:21 - app - INFO - 检查更新: 当前版本 2.1.4
2026-01-16 22:49:40 - app - ERROR - 检查更新异常: HTTPConnectionPool(host='127.0.0.1', port=7890): Read timed out. (read timeout=10)
2026-01-16 22:53:57 - app - INFO - 许可证管理器初始化完成,服务器: http://license.22l2.com
2026-01-16 22:53:57 - app - INFO - 初始化许可证管理器...
2026-01-16 22:53:58 - app - INFO - 解密密钥设置成功
2026-01-16 22:53:58 - app - INFO - 解密密钥获取成功
2026-01-16 22:53:58 - app - INFO - 解密密钥获取成功，配置已就绪
2026-01-16 22:53:58 - app - INFO - 配置解密成功
2026-01-16 22:53:58 - app - INFO - 夸克API配置加载成功
2026-01-16 22:53:58 - app - INFO - 夸克API配置加载完成
2026-01-16 22:53:58 - app - INFO - 检查数据库...
2026-01-16 22:53:58 - app - INFO - 数据库检查完成
2026-01-16 22:53:58 - app - INFO - 检查数据库迁移...
2026-01-16 22:53:58 - app - INFO - 数据库迁移检查完成
2026-01-16 22:53:58 - app - INFO - 清理异常中断的任务状态...
2026-01-16 22:53:58 - app - INFO - 升级管理器初始化完成
2026-01-16 22:53:58 - app - INFO - Flask应用创建成功
2026-01-16 22:53:58 - app - INFO - 静态文件目录: C:\Data\夸克转存\client\frontend
2026-01-16 22:53:58 - app - INFO - 扫描本地插件目录...
2026-01-16 22:53:58 - app - INFO - 插件扫描完成: 发现 1 个，新安装 0 个，已存在 1 个
2026-01-16 22:53:58 - app - INFO - 恢复已启动的插件...
2026-01-16 22:53:58 - app - INFO - 插件恢复完成: 总计 1 个，成功 1 个，失败 0 个
2026-01-16 22:53:58 - app - INFO - 启动任务调度服务...
2026-01-16 22:53:58 - app - INFO - 检查被中断的影视下载任务...
2026-01-16 22:53:58 - app - INFO - 没有需要恢复的影视下载任务
2026-01-16 22:53:58 - app - INFO - 账期生成循环已启动
2026-01-16 22:53:58 - app - INFO - 账期生成线程已启动
2026-01-16 22:53:58 - app - INFO - 开始生成 2026-01-16 的任务账期
2026-01-16 22:53:58 - app - INFO - 任务执行循环已启动
2026-01-16 22:53:58 - app - INFO - 任务执行线程已启动
2026-01-16 22:53:58 - app - INFO - 日志清理循环已启动
2026-01-16 22:53:58 - app - INFO - 日志清理线程已启动
2026-01-16 22:53:58 - app - INFO - 下次日志清理时间: 2026-01-17 02:00:00
2026-01-16 22:53:58 - app - INFO - 启动Flask服务: http://0.0.0.0:8520
2026-01-16 22:53:58 - app - INFO - 跳过一次性执行任务: 测试
2026-01-16 22:53:58 - app - INFO - 跳过一次性执行任务: 测试谢谢谢谢
2026-01-16 22:53:58 - app - INFO - 跳过一次性执行任务: 测试189
2026-01-16 22:53:58 - app - INFO - 跳过一次性执行任务: 小城大事
2026-01-16 22:53:58 - app - INFO - ✅ 生成完成，共创建 0 条待执行记录
2026-01-16 22:53:58 - app - INFO - 下次生成账期时间: 2026-01-17 00:00:00, 等待 3961 秒
2026-01-16 22:54:20 - app - INFO - 许可证管理器初始化完成,服务器: http://license.22l2.com
2026-01-16 22:54:20 - app - INFO - 初始化许可证管理器...
2026-01-16 22:54:21 - app - INFO - 解密密钥设置成功
2026-01-16 22:54:21 - app - INFO - 解密密钥获取成功
2026-01-16 22:54:21 - app - INFO - 解密密钥获取成功，配置已就绪
2026-01-16 22:54:21 - app - INFO - 配置解密成功
2026-01-16 22:54:21 - app - INFO - 夸克API配置加载成功
2026-01-16 22:54:21 - app - INFO - 夸克API配置加载完成
2026-01-16 22:54:21 - app - INFO - 检查数据库...
2026-01-16 22:54:21 - app - INFO - 数据库检查完成
2026-01-16 22:54:21 - app - INFO - 检查数据库迁移...
2026-01-16 22:54:21 - app - INFO - 数据库迁移检查完成
2026-01-16 22:54:21 - app - INFO - 清理异常中断的任务状态...
2026-01-16 22:54:21 - app - INFO - 升级管理器初始化完成
2026-01-16 22:54:21 - app - INFO - Flask应用创建成功
2026-01-16 22:54:21 - app - INFO - 静态文件目录: C:\Data\夸克转存\client\frontend
2026-01-16 22:54:21 - app - INFO - 扫描本地插件目录...
2026-01-16 22:54:21 - app - INFO - 插件扫描完成: 发现 1 个，新安装 0 个，已存在 1 个
2026-01-16 22:54:21 - app - INFO - 恢复已启动的插件...
2026-01-16 22:54:21 - app - INFO - 插件恢复完成: 总计 1 个，成功 1 个，失败 0 个
2026-01-16 22:54:21 - app - INFO - 启动任务调度服务...
2026-01-16 22:54:21 - app - INFO - 检查被中断的影视下载任务...
2026-01-16 22:54:21 - app - INFO - 没有需要恢复的影视下载任务
2026-01-16 22:54:21 - app - INFO - 账期生成循环已启动
2026-01-16 22:54:21 - app - INFO - 账期生成线程已启动
2026-01-16 22:54:21 - app - INFO - 开始生成 2026-01-16 的任务账期
2026-01-16 22:54:21 - app - INFO - 任务执行循环已启动
2026-01-16 22:54:21 - app - INFO - 任务执行线程已启动
2026-01-16 22:54:21 - app - INFO - 日志清理循环已启动
2026-01-16 22:54:21 - app - INFO - 日志清理线程已启动
2026-01-16 22:54:21 - app - INFO - 下次日志清理时间: 2026-01-17 02:00:00
2026-01-16 22:54:21 - app - INFO - 跳过一次性执行任务: 测试
2026-01-16 22:54:21 - app - INFO - 启动Flask服务: http://0.0.0.0:8520
2026-01-16 22:54:21 - app - INFO - 跳过一次性执行任务: 测试谢谢谢谢
2026-01-16 22:54:21 - app - INFO - 跳过一次性执行任务: 测试189
2026-01-16 22:54:21 - app - INFO - 跳过一次性执行任务: 小城大事
2026-01-16 22:54:21 - app - INFO - ✅ 生成完成，共创建 0 条待执行记录
2026-01-16 22:54:21 - app - INFO - 下次生成账期时间: 2026-01-17 00:00:00, 等待 3938 秒
2026-01-16 23:08:46 - app - INFO - 许可证管理器初始化完成,服务器: http://license.22l2.com
2026-01-16 23:08:46 - app - INFO - 初始化许可证管理器...
2026-01-16 23:08:47 - app - INFO - 解密密钥设置成功
2026-01-16 23:08:47 - app - INFO - 解密密钥获取成功
2026-01-16 23:08:47 - app - INFO - 解密密钥获取成功，配置已就绪
2026-01-16 23:08:47 - app - INFO - 配置解密成功
2026-01-16 23:08:47 - app - INFO - 夸克API配置加载成功
2026-01-16 23:08:47 - app - INFO - 夸克API配置加载完成
2026-01-16 23:08:47 - app - INFO - 检查数据库...
2026-01-16 23:08:47 - app - INFO - 数据库检查完成
2026-01-16 23:08:47 - app - INFO - 检查数据库迁移...
2026-01-16 23:08:47 - app - INFO - 数据库迁移检查完成
2026-01-16 23:08:47 - app - INFO - 清理异常中断的任务状态...
2026-01-16 23:08:47 - app - INFO - 升级管理器初始化完成
2026-01-16 23:08:47 - app - INFO - Flask应用创建成功
2026-01-16 23:08:47 - app - INFO - 静态文件目录: C:\Data\夸克转存\client\frontend
2026-01-16 23:08:47 - app - INFO - 扫描本地插件目录...
2026-01-16 23:08:47 - app - INFO - 插件扫描完成: 发现 1 个，新安装 0 个，已存在 1 个
2026-01-16 23:08:47 - app - INFO - 恢复已启动的插件...
2026-01-16 23:08:47 - app - INFO - 插件恢复完成: 总计 1 个，成功 1 个，失败 0 个
2026-01-16 23:08:47 - app - INFO - 启动任务调度服务...
2026-01-16 23:08:47 - app - INFO - 检查被中断的影视下载任务...
2026-01-16 23:08:47 - app - INFO - 没有需要恢复的影视下载任务
2026-01-16 23:08:47 - app - INFO - 账期生成循环已启动
2026-01-16 23:08:47 - app - INFO - 账期生成线程已启动
2026-01-16 23:08:47 - app - INFO - 开始生成 2026-01-16 的任务账期
2026-01-16 23:08:47 - app - INFO - 任务执行循环已启动
2026-01-16 23:08:47 - app - INFO - 任务执行线程已启动
2026-01-16 23:08:47 - app - INFO - 日志清理循环已启动
2026-01-16 23:08:47 - app - INFO - 日志清理线程已启动
2026-01-16 23:08:47 - app - INFO - 下次日志清理时间: 2026-01-17 02:00:00
2026-01-16 23:08:47 - app - INFO - 启动Flask服务: http://0.0.0.0:8520
2026-01-16 23:08:47 - app - INFO - 跳过一次性执行任务: 测试
2026-01-16 23:08:47 - app - INFO - 跳过一次性执行任务: 测试谢谢谢谢
2026-01-16 23:08:47 - app - INFO - 跳过一次性执行任务: 测试189
2026-01-16 23:08:47 - app - INFO - 跳过一次性执行任务: 小城大事
2026-01-16 23:08:47 - app - INFO - ✅ 生成完成，共创建 0 条待执行记录
2026-01-16 23:08:47 - app - INFO - 下次生成账期时间: 2026-01-17 00:00:00, 等待 3072 秒
2026-01-16 23:08:50 - app - INFO - 许可证管理器初始化完成,服务器: http://license.22l2.com
2026-01-16 23:08:50 - app - INFO - 初始化许可证管理器...
2026-01-16 23:08:50 - app - INFO - 解密密钥设置成功
2026-01-16 23:08:50 - app - INFO - 解密密钥获取成功
2026-01-16 23:08:50 - app - INFO - 解密密钥获取成功，配置已就绪
2026-01-16 23:08:50 - app - INFO - 配置解密成功
2026-01-16 23:08:50 - app - INFO - 夸克API配置加载成功
2026-01-16 23:08:50 - app - INFO - 夸克API配置加载完成
2026-01-16 23:08:50 - app - INFO - 检查数据库...
2026-01-16 23:08:50 - app - INFO - 数据库检查完成
2026-01-16 23:08:50 - app - INFO - 检查数据库迁移...
2026-01-16 23:08:50 - app - INFO - 数据库迁移检查完成
2026-01-16 23:08:50 - app - INFO - 清理异常中断的任务状态...
2026-01-16 23:08:50 - app - INFO - 升级管理器初始化完成
2026-01-16 23:08:50 - app - INFO - Flask应用创建成功
2026-01-16 23:08:50 - app - INFO - 静态文件目录: C:\Data\夸克转存\client\frontend
2026-01-16 23:08:50 - app - INFO - 扫描本地插件目录...
2026-01-16 23:08:50 - app - INFO - 插件扫描完成: 发现 1 个，新安装 0 个，已存在 1 个
2026-01-16 23:08:50 - app - INFO - 恢复已启动的插件...
2026-01-16 23:08:50 - app - INFO - 插件恢复完成: 总计 1 个，成功 1 个，失败 0 个
2026-01-16 23:08:50 - app - INFO - 启动任务调度服务...
2026-01-16 23:08:50 - app - INFO - 检查被中断的影视下载任务...
2026-01-16 23:08:50 - app - INFO - 没有需要恢复的影视下载任务
2026-01-16 23:08:50 - app - INFO - 账期生成循环已启动
2026-01-16 23:08:50 - app - INFO - 账期生成线程已启动
2026-01-16 23:08:50 - app - INFO - 开始生成 2026-01-16 的任务账期
2026-01-16 23:08:50 - app - INFO - 任务执行循环已启动
2026-01-16 23:08:50 - app - INFO - 任务执行线程已启动
2026-01-16 23:08:50 - app - INFO - 日志清理循环已启动
2026-01-16 23:08:50 - app - INFO - 日志清理线程已启动
2026-01-16 23:08:50 - app - INFO - 下次日志清理时间: 2026-01-17 02:00:00
2026-01-16 23:08:50 - app - INFO - 启动Flask服务: http://0.0.0.0:8520
2026-01-16 23:08:50 - app - INFO - 跳过一次性执行任务: 测试
2026-01-16 23:08:50 - app - INFO - 跳过一次性执行任务: 测试谢谢谢谢
2026-01-16 23:08:50 - app - INFO - 跳过一次性执行任务: 测试189
2026-01-16 23:08:50 - app - INFO - 跳过一次性执行任务: 小城大事
2026-01-16 23:08:50 - app - INFO - ✅ 生成完成，共创建 0 条待执行记录
2026-01-16 23:08:50 - app - INFO - 下次生成账期时间: 2026-01-17 00:00:00, 等待 3069 秒
2026-01-16 23:10:59 - app - ERROR - 获取今日统计失败: no such table: daily_usage_stats
2026-01-16 23:13:09 - app - INFO - 检查登录状态, session内容: {'_permanent': True, 'user_id': 1, 'username': 'admin'}, cookies: ImmutableMultiDict([('session', 'eyJfcGVybWFuZW50Ijp0cnVlLCJ1c2VyX2lkIjoxLCJ1c2VybmFtZSI6ImFkbWluIn0.aWpVhQ.LOj54C5vSaIZ2EuTE6IO3R60fLE')])
2026-01-16 23:13:09 - app - INFO - 检查登录状态, session内容: {'_permanent': True, 'user_id': 1, 'username': 'admin'}, cookies: ImmutableMultiDict([('session', 'eyJfcGVybWFuZW50Ijp0cnVlLCJ1c2VyX2lkIjoxLCJ1c2VybmFtZSI6ImFkbWluIn0.aWpVhQ.LOj54C5vSaIZ2EuTE6IO3R60fLE')])
2026-01-16 23:13:12 - app - INFO - 检查更新: 当前版本 2.1.4
2026-01-16 23:13:22 - app - INFO - 检查更新成功: {'has_update': False, 'message': '当前已是最新版本'}
2026-01-16 23:13:30 - app - INFO - 检查登录状态, session内容: {'_permanent': True, 'user_id': 1, 'username': 'admin'}, cookies: ImmutableMultiDict([('session', 'eyJfcGVybWFuZW50Ijp0cnVlLCJ1c2VyX2lkIjoxLCJ1c2VybmFtZSI6ImFkbWluIn0.aWpVmg.ZVin2Fkp79s7kruf7NkHYz96Txg')])
2026-01-16 23:13:30 - app - INFO - 检查登录状态, session内容: {'_permanent': True, 'user_id': 1, 'username': 'admin'}, cookies: ImmutableMultiDict([('session', 'eyJfcGVybWFuZW50Ijp0cnVlLCJ1c2VyX2lkIjoxLCJ1c2VybmFtZSI6ImFkbWluIn0.aWpVmg.ZVin2Fkp79s7kruf7NkHYz96Txg')])
2026-01-16 23:13:31 - app - INFO - 检查登录状态, session内容: {'_permanent': True, 'user_id': 1, 'username': 'admin'}, cookies: ImmutableMultiDict([('session', 'eyJfcGVybWFuZW50Ijp0cnVlLCJ1c2VyX2lkIjoxLCJ1c2VybmFtZSI6ImFkbWluIn0.aWpVmw.nX-ae80UzZvXDGkxC32uab1x2Hw')])
2026-01-16 23:13:31 - app - INFO - 检查登录状态, session内容: {'_permanent': True, 'user_id': 1, 'username': 'admin'}, cookies: ImmutableMultiDict([('session', 'eyJfcGVybWFuZW50Ijp0cnVlLCJ1c2VyX2lkIjoxLCJ1c2VybmFtZSI6ImFkbWluIn0.aWpVmw.nX-ae80UzZvXDGkxC32uab1x2Hw')])
2026-01-16 23:13:33 - app - INFO - 检查更新: 当前版本 2.1.4
2026-01-16 23:13:34 - app - INFO - 检查更新成功: {'has_update': False, 'message': '当前已是最新版本'}
2026-01-16 23:20:09 - app - INFO - 检查登录状态, session内容: {'_permanent': True, 'user_id': 1, 'username': 'admin'}, cookies: ImmutableMultiDict([('session', 'eyJfcGVybWFuZW50Ijp0cnVlLCJ1c2VyX2lkIjoxLCJ1c2VybmFtZSI6ImFkbWluIn0.aWpXKQ.DxXD5hrZjqe8HHMJFVTkMAgMNKc')])
2026-01-16 23:20:09 - app - INFO - 检查登录状态, session内容: {'_permanent': True, 'user_id': 1, 'username': 'admin'}, cookies: ImmutableMultiDict([('session', 'eyJfcGVybWFuZW50Ijp0cnVlLCJ1c2VyX2lkIjoxLCJ1c2VybmFtZSI6ImFkbWluIn0.aWpXKQ.DxXD5hrZjqe8HHMJFVTkMAgMNKc')])
2026-01-16 23:20:11 - app - INFO - 检查更新: 当前版本 2.1.4
2026-01-16 23:20:20 - app - INFO - 检查更新成功: {'has_update': False, 'message': '当前已是最新版本'}
2026-01-16 23:28:20 - app - INFO - 许可证管理器初始化完成,服务器: http://license.22l2.com
2026-01-16 23:28:20 - app - INFO - 初始化许可证管理器...
2026-01-16 23:28:22 - app - INFO - 解密密钥设置成功
2026-01-16 23:28:22 - app - INFO - 解密密钥获取成功
2026-01-16 23:28:22 - app - INFO - 解密密钥获取成功，配置已就绪
2026-01-16 23:28:22 - app - INFO - 配置解密成功
2026-01-16 23:28:22 - app - INFO - 夸克API配置加载成功
2026-01-16 23:28:22 - app - INFO - 夸克API配置加载完成
2026-01-16 23:28:22 - app - INFO - 检查数据库...
2026-01-16 23:28:22 - app - INFO - 数据库检查完成
2026-01-16 23:28:22 - app - INFO - 检查数据库迁移...
2026-01-16 23:28:22 - app - INFO - 数据库迁移检查完成
2026-01-16 23:28:22 - app - INFO - 清理异常中断的任务状态...
2026-01-16 23:28:22 - app - INFO - 升级管理器初始化完成
2026-01-16 23:28:22 - app - INFO - Flask应用创建成功
2026-01-16 23:28:22 - app - INFO - 静态文件目录: C:\Data\夸克转存\client\frontend
2026-01-16 23:28:22 - app - INFO - 扫描本地插件目录...
2026-01-16 23:28:22 - app - INFO - 插件扫描完成: 发现 1 个，新安装 0 个，已存在 1 个
2026-01-16 23:28:22 - app - INFO - 恢复已启动的插件...
2026-01-16 23:28:22 - app - INFO - 插件恢复完成: 总计 1 个，成功 1 个，失败 0 个
2026-01-16 23:28:22 - app - INFO - 启动任务调度服务...
2026-01-16 23:28:22 - app - INFO - 检查被中断的影视下载任务...
2026-01-16 23:28:22 - app - INFO - 没有需要恢复的影视下载任务
2026-01-16 23:28:22 - app - INFO - 账期生成循环已启动
2026-01-16 23:28:22 - app - INFO - 账期生成线程已启动
2026-01-16 23:28:22 - app - INFO - 开始生成 2026-01-16 的任务账期
2026-01-16 23:28:22 - app - INFO - 任务执行循环已启动
2026-01-16 23:28:22 - app - INFO - 任务执行线程已启动
2026-01-16 23:28:22 - app - INFO - 日志清理循环已启动
2026-01-16 23:28:22 - app - INFO - 日志清理线程已启动
2026-01-16 23:28:22 - app - INFO - 下次日志清理时间: 2026-01-17 02:00:00
2026-01-16 23:28:22 - app - INFO - 启动Flask服务: http://0.0.0.0:8520
2026-01-16 23:28:22 - app - INFO - 跳过一次性执行任务: 测试
2026-01-16 23:28:22 - app - INFO - 跳过一次性执行任务: 测试谢谢谢谢
2026-01-16 23:28:22 - app - INFO - 跳过一次性执行任务: 测试189
2026-01-16 23:28:22 - app - INFO - 跳过一次性执行任务: 小城大事
2026-01-16 23:28:22 - app - INFO - ✅ 生成完成，共创建 0 条待执行记录
2026-01-16 23:28:22 - app - INFO - 下次生成账期时间: 2026-01-17 00:00:00, 等待 1898 秒
2026-01-16 23:29:20 - app - INFO - 许可证管理器初始化完成,服务器: http://license.22l2.com
2026-01-16 23:29:20 - app - INFO - 初始化许可证管理器...
2026-01-16 23:29:22 - app - INFO - 解密密钥设置成功
2026-01-16 23:29:22 - app - INFO - 解密密钥获取成功
2026-01-16 23:29:22 - app - INFO - 解密密钥获取成功，配置已就绪
2026-01-16 23:29:22 - app - INFO - 配置解密成功
2026-01-16 23:29:22 - app - INFO - 夸克API配置加载成功
2026-01-16 23:29:22 - app - INFO - 夸克API配置加载完成
2026-01-16 23:29:22 - app - INFO - 检查数据库...
2026-01-16 23:29:22 - app - INFO - 数据库检查完成
2026-01-16 23:29:22 - app - INFO - 检查数据库迁移...
2026-01-16 23:29:22 - app - INFO - 数据库迁移检查完成
2026-01-16 23:29:22 - app - INFO - 清理异常中断的任务状态...
2026-01-16 23:29:22 - app - INFO - 升级管理器初始化完成
2026-01-16 23:29:22 - app - INFO - Flask应用创建成功
2026-01-16 23:29:22 - app - INFO - 静态文件目录: C:\Data\夸克转存\client\frontend
2026-01-16 23:29:22 - app - INFO - 扫描本地插件目录...
2026-01-16 23:29:22 - app - INFO - 插件扫描完成: 发现 1 个，新安装 0 个，已存在 1 个
2026-01-16 23:29:22 - app - INFO - 恢复已启动的插件...
2026-01-16 23:29:22 - app - INFO - 插件恢复完成: 总计 1 个，成功 1 个，失败 0 个
2026-01-16 23:29:22 - app - INFO - 启动任务调度服务...
2026-01-16 23:29:22 - app - INFO - 检查被中断的影视下载任务...
2026-01-16 23:29:22 - app - INFO - 没有需要恢复的影视下载任务
2026-01-16 23:29:22 - app - INFO - 账期生成循环已启动
2026-01-16 23:29:22 - app - INFO - 账期生成线程已启动
2026-01-16 23:29:22 - app - INFO - 开始生成 2026-01-16 的任务账期
2026-01-16 23:29:22 - app - INFO - 任务执行循环已启动
2026-01-16 23:29:22 - app - INFO - 任务执行线程已启动
2026-01-16 23:29:22 - app - INFO - 跳过一次性执行任务: 测试
2026-01-16 23:29:22 - app - INFO - 日志清理循环已启动
2026-01-16 23:29:22 - app - INFO - 跳过一次性执行任务: 测试谢谢谢谢
2026-01-16 23:29:22 - app - INFO - 日志清理线程已启动
2026-01-16 23:29:22 - app - INFO - 下次日志清理时间: 2026-01-17 02:00:00
2026-01-16 23:29:22 - app - INFO - 跳过一次性执行任务: 测试189
2026-01-16 23:29:22 - app - INFO - 启动Flask服务: http://0.0.0.0:8520
2026-01-16 23:29:22 - app - INFO - 跳过一次性执行任务: 小城大事
2026-01-16 23:29:22 - app - INFO - ✅ 生成完成，共创建 0 条待执行记录
2026-01-16 23:29:22 - app - INFO - 下次生成账期时间: 2026-01-17 00:00:00, 等待 1837 秒
2026-01-16 23:29:25 - app - INFO - 许可证管理器初始化完成,服务器: http://license.22l2.com
2026-01-16 23:29:25 - app - INFO - 初始化许可证管理器...
2026-01-16 23:29:27 - app - INFO - 解密密钥设置成功
2026-01-16 23:29:27 - app - INFO - 解密密钥获取成功
2026-01-16 23:29:27 - app - INFO - 解密密钥获取成功，配置已就绪
2026-01-16 23:29:27 - app - INFO - 配置解密成功
2026-01-16 23:29:27 - app - INFO - 夸克API配置加载成功
2026-01-16 23:29:27 - app - INFO - 夸克API配置加载完成
2026-01-16 23:29:27 - app - INFO - 检查数据库...
2026-01-16 23:29:27 - app - INFO - 数据库检查完成
2026-01-16 23:29:27 - app - INFO - 检查数据库迁移...
2026-01-16 23:29:27 - app - INFO - 数据库迁移检查完成
2026-01-16 23:29:27 - app - INFO - 清理异常中断的任务状态...
2026-01-16 23:29:27 - app - INFO - 升级管理器初始化完成
2026-01-16 23:29:27 - app - INFO - Flask应用创建成功
2026-01-16 23:29:27 - app - INFO - 静态文件目录: C:\Data\夸克转存\client\frontend
2026-01-16 23:29:27 - app - INFO - 扫描本地插件目录...
2026-01-16 23:29:27 - app - INFO - 插件扫描完成: 发现 1 个，新安装 0 个，已存在 1 个
2026-01-16 23:29:27 - app - INFO - 恢复已启动的插件...
2026-01-16 23:29:27 - app - INFO - 插件恢复完成: 总计 1 个，成功 1 个，失败 0 个
2026-01-16 23:29:27 - app - INFO - 启动任务调度服务...
2026-01-16 23:29:27 - app - INFO - 检查被中断的影视下载任务...
2026-01-16 23:29:27 - app - INFO - 没有需要恢复的影视下载任务
2026-01-16 23:29:27 - app - INFO - 账期生成循环已启动
2026-01-16 23:29:27 - app - INFO - 账期生成线程已启动
2026-01-16 23:29:27 - app - INFO - 开始生成 2026-01-16 的任务账期
2026-01-16 23:29:27 - app - INFO - 任务执行循环已启动
2026-01-16 23:29:27 - app - INFO - 任务执行线程已启动
2026-01-16 23:29:27 - app - INFO - 日志清理循环已启动
2026-01-16 23:29:27 - app - INFO - 下次日志清理时间: 2026-01-17 02:00:00
2026-01-16 23:29:27 - app - INFO - 日志清理线程已启动
2026-01-16 23:29:27 - app - INFO - 启动Flask服务: http://0.0.0.0:8520
2026-01-16 23:29:27 - app - INFO - 跳过一次性执行任务: 测试
2026-01-16 23:29:27 - app - INFO - 跳过一次性执行任务: 测试谢谢谢谢
2026-01-16 23:29:27 - app - INFO - 跳过一次性执行任务: 测试189
2026-01-16 23:29:27 - app - INFO - 跳过一次性执行任务: 小城大事
2026-01-16 23:29:27 - app - INFO - ✅ 生成完成，共创建 0 条待执行记录
2026-01-16 23:29:27 - app - INFO - 下次生成账期时间: 2026-01-17 00:00:00, 等待 1832 秒
2026-01-16 23:29:32 - app - INFO - 许可证管理器初始化完成,服务器: http://license.22l2.com
2026-01-16 23:29:32 - app - INFO - 初始化许可证管理器...
2026-01-16 23:29:34 - app - INFO - 解密密钥设置成功
2026-01-16 23:29:34 - app - INFO - 解密密钥获取成功
2026-01-16 23:29:34 - app - INFO - 解密密钥获取成功，配置已就绪
2026-01-16 23:29:34 - app - INFO - 配置解密成功
2026-01-16 23:29:34 - app - INFO - 夸克API配置加载成功
2026-01-16 23:29:34 - app - INFO - 夸克API配置加载完成
2026-01-16 23:29:34 - app - INFO - 检查数据库...
2026-01-16 23:29:34 - app - INFO - 数据库检查完成
2026-01-16 23:29:34 - app - INFO - 检查数据库迁移...
2026-01-16 23:29:34 - app - INFO - 数据库迁移检查完成
2026-01-16 23:29:34 - app - INFO - 清理异常中断的任务状态...
2026-01-16 23:29:34 - app - INFO - 升级管理器初始化完成
2026-01-16 23:29:34 - app - INFO - Flask应用创建成功
2026-01-16 23:29:34 - app - INFO - 静态文件目录: C:\Data\夸克转存\client\frontend
2026-01-16 23:29:34 - app - INFO - 扫描本地插件目录...
2026-01-16 23:29:34 - app - INFO - 插件扫描完成: 发现 1 个，新安装 0 个，已存在 1 个
2026-01-16 23:29:34 - app - INFO - 恢复已启动的插件...
2026-01-16 23:29:34 - app - INFO - 插件恢复完成: 总计 1 个，成功 1 个，失败 0 个
2026-01-16 23:29:34 - app - INFO - 启动任务调度服务...
2026-01-16 23:29:34 - app - INFO - 检查被中断的影视下载任务...
2026-01-16 23:29:34 - app - INFO - 没有需要恢复的影视下载任务
2026-01-16 23:29:34 - app - INFO - 账期生成循环已启动
2026-01-16 23:29:34 - app - INFO - 账期生成线程已启动
2026-01-16 23:29:34 - app - INFO - 开始生成 2026-01-16 的任务账期
2026-01-16 23:29:34 - app - INFO - 任务执行循环已启动
2026-01-16 23:29:34 - app - INFO - 任务执行线程已启动
2026-01-16 23:29:34 - app - INFO - 日志清理循环已启动
2026-01-16 23:29:34 - app - INFO - 日志清理线程已启动
2026-01-16 23:29:34 - app - INFO - 下次日志清理时间: 2026-01-17 02:00:00
2026-01-16 23:29:34 - app - INFO - 跳过一次性执行任务: 测试
2026-01-16 23:29:34 - app - INFO - 启动Flask服务: http://0.0.0.0:8520
2026-01-16 23:29:34 - app - INFO - 跳过一次性执行任务: 测试谢谢谢谢
2026-01-16 23:29:34 - app - INFO - 跳过一次性执行任务: 测试189
2026-01-16 23:29:34 - app - INFO - 跳过一次性执行任务: 小城大事
2026-01-16 23:29:34 - app - INFO - ✅ 生成完成，共创建 0 条待执行记录
2026-01-16 23:29:34 - app - INFO - 下次生成账期时间: 2026-01-17 00:00:00, 等待 1826 秒
2026-01-16 23:29:43 - app - INFO - 许可证管理器初始化完成,服务器: http://license.22l2.com
2026-01-16 23:29:43 - app - INFO - 初始化许可证管理器...
2026-01-16 23:29:44 - app - INFO - 解密密钥设置成功
2026-01-16 23:29:44 - app - INFO - 解密密钥获取成功
2026-01-16 23:29:44 - app - INFO - 解密密钥获取成功，配置已就绪
2026-01-16 23:29:44 - app - INFO - 配置解密成功
2026-01-16 23:29:44 - app - INFO - 夸克API配置加载成功
2026-01-16 23:29:44 - app - INFO - 夸克API配置加载完成
2026-01-16 23:29:44 - app - INFO - 检查数据库...
2026-01-16 23:29:44 - app - INFO - 数据库检查完成
2026-01-16 23:29:44 - app - INFO - 检查数据库迁移...
2026-01-16 23:29:44 - app - INFO - 数据库迁移检查完成
2026-01-16 23:29:44 - app - INFO - 清理异常中断的任务状态...
2026-01-16 23:29:44 - app - INFO - 升级管理器初始化完成
2026-01-16 23:29:44 - app - INFO - Flask应用创建成功
2026-01-16 23:29:44 - app - INFO - 静态文件目录: C:\Data\夸克转存\client\frontend
2026-01-16 23:29:44 - app - INFO - 扫描本地插件目录...
2026-01-16 23:29:44 - app - INFO - 插件扫描完成: 发现 1 个，新安装 0 个，已存在 1 个
2026-01-16 23:29:44 - app - INFO - 恢复已启动的插件...
2026-01-16 23:29:44 - app - INFO - 插件恢复完成: 总计 1 个，成功 1 个，失败 0 个
2026-01-16 23:29:44 - app - INFO - 启动任务调度服务...
2026-01-16 23:29:44 - app - INFO - 检查被中断的影视下载任务...
2026-01-16 23:29:44 - app - INFO - 没有需要恢复的影视下载任务
2026-01-16 23:29:44 - app - INFO - 账期生成循环已启动
2026-01-16 23:29:44 - app - INFO - 账期生成线程已启动
2026-01-16 23:29:44 - app - INFO - 开始生成 2026-01-16 的任务账期
2026-01-16 23:29:44 - app - INFO - 任务执行循环已启动
2026-01-16 23:29:44 - app - INFO - 任务执行线程已启动
2026-01-16 23:29:44 - app - INFO - 日志清理循环已启动
2026-01-16 23:29:44 - app - INFO - 日志清理线程已启动
2026-01-16 23:29:44 - app - INFO - 下次日志清理时间: 2026-01-17 02:00:00
2026-01-16 23:29:44 - app - INFO - 启动Flask服务: http://0.0.0.0:8520
2026-01-16 23:29:44 - app - INFO - 跳过一次性执行任务: 测试
2026-01-16 23:29:44 - app - INFO - 跳过一次性执行任务: 测试谢谢谢谢
2026-01-16 23:29:44 - app - INFO - 跳过一次性执行任务: 测试189
2026-01-16 23:29:44 - app - INFO - 跳过一次性执行任务: 小城大事
2026-01-16 23:29:44 - app - INFO - ✅ 生成完成，共创建 0 条待执行记录
2026-01-16 23:29:44 - app - INFO - 下次生成账期时间: 2026-01-17 00:00:00, 等待 1815 秒
2026-01-16 23:29:53 - app - INFO - 许可证管理器初始化完成,服务器: http://license.22l2.com
2026-01-16 23:29:53 - app - INFO - 初始化许可证管理器...
2026-01-16 23:29:55 - app - INFO - 解密密钥设置成功
2026-01-16 23:29:55 - app - INFO - 解密密钥获取成功
2026-01-16 23:29:55 - app - INFO - 解密密钥获取成功，配置已就绪
2026-01-16 23:29:55 - app - INFO - 配置解密成功
2026-01-16 23:29:55 - app - INFO - 夸克API配置加载成功
2026-01-16 23:29:55 - app - INFO - 夸克API配置加载完成
2026-01-16 23:29:55 - app - INFO - 检查数据库...
2026-01-16 23:29:55 - app - INFO - 数据库检查完成
2026-01-16 23:29:55 - app - INFO - 检查数据库迁移...
2026-01-16 23:29:55 - app - INFO - 数据库迁移检查完成
2026-01-16 23:29:55 - app - INFO - 清理异常中断的任务状态...
2026-01-16 23:29:55 - app - INFO - 升级管理器初始化完成
2026-01-16 23:29:55 - app - INFO - Flask应用创建成功
2026-01-16 23:29:55 - app - INFO - 静态文件目录: C:\Data\夸克转存\client\frontend
2026-01-16 23:29:55 - app - INFO - 扫描本地插件目录...
2026-01-16 23:29:55 - app - INFO - 插件扫描完成: 发现 1 个，新安装 0 个，已存在 1 个
2026-01-16 23:29:55 - app - INFO - 恢复已启动的插件...
2026-01-16 23:29:55 - app - INFO - 插件恢复完成: 总计 1 个，成功 1 个，失败 0 个
2026-01-16 23:29:55 - app - INFO - 启动任务调度服务...
2026-01-16 23:29:55 - app - INFO - 检查被中断的影视下载任务...
2026-01-16 23:29:55 - app - INFO - 没有需要恢复的影视下载任务
2026-01-16 23:29:55 - app - INFO - 账期生成循环已启动
2026-01-16 23:29:55 - app - INFO - 账期生成线程已启动
2026-01-16 23:29:55 - app - INFO - 开始生成 2026-01-16 的任务账期
2026-01-16 23:29:55 - app - INFO - 任务执行循环已启动
2026-01-16 23:29:55 - app - INFO - 任务执行线程已启动
2026-01-16 23:29:55 - app - INFO - 日志清理循环已启动
2026-01-16 23:29:55 - app - INFO - 日志清理线程已启动
2026-01-16 23:29:55 - app - INFO - 下次日志清理时间: 2026-01-17 02:00:00
2026-01-16 23:29:55 - app - INFO - 启动Flask服务: http://0.0.0.0:8520
2026-01-16 23:29:55 - app - INFO - 跳过一次性执行任务: 测试
2026-01-16 23:29:55 - app - INFO - 跳过一次性执行任务: 测试谢谢谢谢
2026-01-16 23:29:55 - app - INFO - 跳过一次性执行任务: 测试189
2026-01-16 23:29:55 - app - INFO - 跳过一次性执行任务: 小城大事
2026-01-16 23:29:55 - app - INFO - ✅ 生成完成，共创建 0 条待执行记录
2026-01-16 23:29:55 - app - INFO - 下次生成账期时间: 2026-01-17 00:00:00, 等待 1805 秒
2026-01-16 23:30:03 - app - INFO - 许可证管理器初始化完成,服务器: http://license.22l2.com
2026-01-16 23:30:03 - app - INFO - 初始化许可证管理器...
2026-01-16 23:30:06 - app - INFO - 解密密钥设置成功
2026-01-16 23:30:06 - app - INFO - 解密密钥获取成功
2026-01-16 23:30:06 - app - INFO - 解密密钥获取成功，配置已就绪
2026-01-16 23:30:06 - app - INFO - 配置解密成功
2026-01-16 23:30:06 - app - INFO - 夸克API配置加载成功
2026-01-16 23:30:06 - app - INFO - 夸克API配置加载完成
2026-01-16 23:30:06 - app - INFO - 检查数据库...
2026-01-16 23:30:06 - app - INFO - 数据库检查完成
2026-01-16 23:30:06 - app - INFO - 检查数据库迁移...
2026-01-16 23:30:06 - app - INFO - 数据库迁移检查完成
2026-01-16 23:30:06 - app - INFO - 清理异常中断的任务状态...
2026-01-16 23:30:06 - app - INFO - 升级管理器初始化完成
2026-01-16 23:30:06 - app - INFO - Flask应用创建成功
2026-01-16 23:30:06 - app - INFO - 静态文件目录: C:\Data\夸克转存\client\frontend
2026-01-16 23:30:06 - app - INFO - 扫描本地插件目录...
2026-01-16 23:30:06 - app - INFO - 插件扫描完成: 发现 1 个，新安装 0 个，已存在 1 个
2026-01-16 23:30:06 - app - INFO - 恢复已启动的插件...
2026-01-16 23:30:06 - app - INFO - 插件恢复完成: 总计 1 个，成功 1 个，失败 0 个
2026-01-16 23:30:06 - app - INFO - 启动任务调度服务...
2026-01-16 23:30:06 - app - INFO - 检查被中断的影视下载任务...
2026-01-16 23:30:06 - app - INFO - 没有需要恢复的影视下载任务
2026-01-16 23:30:06 - app - INFO - 账期生成循环已启动
2026-01-16 23:30:06 - app - INFO - 账期生成线程已启动
2026-01-16 23:30:06 - app - INFO - 开始生成 2026-01-16 的任务账期
2026-01-16 23:30:06 - app - INFO - 任务执行循环已启动
2026-01-16 23:30:06 - app - INFO - 任务执行线程已启动
2026-01-16 23:30:06 - app - INFO - 日志清理循环已启动
2026-01-16 23:30:06 - app - INFO - 日志清理线程已启动
2026-01-16 23:30:06 - app - INFO - 下次日志清理时间: 2026-01-17 02:00:00
2026-01-16 23:30:06 - app - INFO - 跳过一次性执行任务: 测试
2026-01-16 23:30:06 - app - INFO - 启动Flask服务: http://0.0.0.0:8520
2026-01-16 23:30:06 - app - INFO - 跳过一次性执行任务: 测试谢谢谢谢
2026-01-16 23:30:06 - app - INFO - 跳过一次性执行任务: 测试189
2026-01-16 23:30:06 - app - INFO - 跳过一次性执行任务: 小城大事
2026-01-16 23:30:06 - app - INFO - ✅ 生成完成，共创建 0 条待执行记录
2026-01-16 23:30:06 - app - INFO - 下次生成账期时间: 2026-01-17 00:00:00, 等待 1793 秒
2026-01-16 23:30:19 - app - INFO - 许可证管理器初始化完成,服务器: http://license.22l2.com
2026-01-16 23:30:19 - app - INFO - 初始化许可证管理器...
2026-01-16 23:30:21 - app - INFO - 解密密钥设置成功
2026-01-16 23:30:21 - app - INFO - 解密密钥获取成功
2026-01-16 23:30:21 - app - INFO - 解密密钥获取成功，配置已就绪
2026-01-16 23:30:21 - app - INFO - 配置解密成功
2026-01-16 23:30:21 - app - INFO - 夸克API配置加载成功
2026-01-16 23:30:21 - app - INFO - 夸克API配置加载完成
2026-01-16 23:30:21 - app - INFO - 检查数据库...
2026-01-16 23:30:21 - app - INFO - 数据库检查完成
2026-01-16 23:30:21 - app - INFO - 检查数据库迁移...
2026-01-16 23:30:21 - app - INFO - 数据库迁移检查完成
2026-01-16 23:30:21 - app - INFO - 清理异常中断的任务状态...
2026-01-16 23:30:21 - app - INFO - 升级管理器初始化完成
2026-01-16 23:30:21 - app - INFO - Flask应用创建成功
2026-01-16 23:30:21 - app - INFO - 静态文件目录: C:\Data\夸克转存\client\frontend
2026-01-16 23:30:21 - app - INFO - 扫描本地插件目录...
2026-01-16 23:30:21 - app - INFO - 插件扫描完成: 发现 1 个，新安装 0 个，已存在 1 个
2026-01-16 23:30:21 - app - INFO - 恢复已启动的插件...
2026-01-16 23:30:21 - app - INFO - 插件恢复完成: 总计 1 个，成功 1 个，失败 0 个
2026-01-16 23:30:21 - app - INFO - 启动任务调度服务...
2026-01-16 23:30:21 - app - INFO - 检查被中断的影视下载任务...
2026-01-16 23:30:21 - app - INFO - 没有需要恢复的影视下载任务
2026-01-16 23:30:21 - app - INFO - 账期生成循环已启动
2026-01-16 23:30:21 - app - INFO - 账期生成线程已启动
2026-01-16 23:30:21 - app - INFO - 开始生成 2026-01-16 的任务账期
2026-01-16 23:30:21 - app - INFO - 任务执行循环已启动
2026-01-16 23:30:21 - app - INFO - 任务执行线程已启动
2026-01-16 23:30:21 - app - INFO - 日志清理循环已启动
2026-01-16 23:30:21 - app - INFO - 日志清理线程已启动
2026-01-16 23:30:21 - app - INFO - 下次日志清理时间: 2026-01-17 02:00:00
2026-01-16 23:30:21 - app - INFO - 启动Flask服务: http://0.0.0.0:8520
2026-01-16 23:30:21 - app - INFO - 跳过一次性执行任务: 测试
2026-01-16 23:30:21 - app - INFO - 跳过一次性执行任务: 测试谢谢谢谢
2026-01-16 23:30:21 - app - INFO - 跳过一次性执行任务: 测试189
2026-01-16 23:30:21 - app - INFO - 跳过一次性执行任务: 小城大事
2026-01-16 23:30:21 - app - INFO - ✅ 生成完成，共创建 0 条待执行记录
2026-01-16 23:30:21 - app - INFO - 下次生成账期时间: 2026-01-17 00:00:00, 等待 1779 秒
2026-01-16 23:30:30 - app - INFO - 许可证管理器初始化完成,服务器: http://license.22l2.com
2026-01-16 23:30:30 - app - INFO - 初始化许可证管理器...
2026-01-16 23:30:31 - app - INFO - 解密密钥设置成功
2026-01-16 23:30:31 - app - INFO - 解密密钥获取成功
2026-01-16 23:30:31 - app - INFO - 解密密钥获取成功，配置已就绪
2026-01-16 23:30:31 - app - INFO - 配置解密成功
2026-01-16 23:30:31 - app - INFO - 夸克API配置加载成功
2026-01-16 23:30:31 - app - INFO - 夸克API配置加载完成
2026-01-16 23:30:31 - app - INFO - 检查数据库...
2026-01-16 23:30:31 - app - INFO - 数据库检查完成
2026-01-16 23:30:31 - app - INFO - 检查数据库迁移...
2026-01-16 23:30:31 - app - INFO - 数据库迁移检查完成
2026-01-16 23:30:31 - app - INFO - 清理异常中断的任务状态...
2026-01-16 23:30:31 - app - INFO - 升级管理器初始化完成
2026-01-16 23:30:31 - app - INFO - Flask应用创建成功
2026-01-16 23:30:31 - app - INFO - 静态文件目录: C:\Data\夸克转存\client\frontend
2026-01-16 23:30:31 - app - INFO - 扫描本地插件目录...
2026-01-16 23:30:31 - app - INFO - 插件扫描完成: 发现 1 个，新安装 0 个，已存在 1 个
2026-01-16 23:30:31 - app - INFO - 恢复已启动的插件...
2026-01-16 23:30:31 - app - INFO - 插件恢复完成: 总计 1 个，成功 1 个，失败 0 个
2026-01-16 23:30:31 - app - INFO - 启动任务调度服务...
2026-01-16 23:30:31 - app - INFO - 检查被中断的影视下载任务...
2026-01-16 23:30:31 - app - INFO - 没有需要恢复的影视下载任务
2026-01-16 23:30:31 - app - INFO - 账期生成循环已启动
2026-01-16 23:30:31 - app - INFO - 账期生成线程已启动
2026-01-16 23:30:31 - app - INFO - 开始生成 2026-01-16 的任务账期
2026-01-16 23:30:31 - app - INFO - 任务执行循环已启动
2026-01-16 23:30:31 - app - INFO - 任务执行线程已启动
2026-01-16 23:30:31 - app - INFO - 日志清理循环已启动
2026-01-16 23:30:31 - app - INFO - 日志清理线程已启动
2026-01-16 23:30:31 - app - INFO - 下次日志清理时间: 2026-01-17 02:00:00
2026-01-16 23:30:31 - app - INFO - 跳过一次性执行任务: 测试
2026-01-16 23:30:31 - app - INFO - 启动Flask服务: http://0.0.0.0:8520
2026-01-16 23:30:31 - app - INFO - 跳过一次性执行任务: 测试谢谢谢谢
2026-01-16 23:30:31 - app - INFO - 跳过一次性执行任务: 测试189
2026-01-16 23:30:31 - app - INFO - 跳过一次性执行任务: 小城大事
2026-01-16 23:30:31 - app - INFO - ✅ 生成完成，共创建 0 条待执行记录
2026-01-16 23:30:31 - app - INFO - 下次生成账期时间: 2026-01-17 00:00:00, 等待 1768 秒
2026-01-16 23:30:40 - app - INFO - 许可证管理器初始化完成,服务器: http://license.22l2.com
2026-01-16 23:30:40 - app - INFO - 初始化许可证管理器...
2026-01-16 23:30:44 - app - INFO - 解密密钥设置成功
2026-01-16 23:30:44 - app - INFO - 解密密钥获取成功
2026-01-16 23:30:44 - app - INFO - 解密密钥获取成功，配置已就绪
2026-01-16 23:30:44 - app - INFO - 配置解密成功
2026-01-16 23:30:44 - app - INFO - 夸克API配置加载成功
2026-01-16 23:30:44 - app - INFO - 夸克API配置加载完成
2026-01-16 23:30:44 - app - INFO - 检查数据库...
2026-01-16 23:30:44 - app - INFO - 数据库检查完成
2026-01-16 23:30:44 - app - INFO - 检查数据库迁移...
2026-01-16 23:30:44 - app - INFO - 数据库迁移检查完成
2026-01-16 23:30:44 - app - INFO - 清理异常中断的任务状态...
2026-01-16 23:30:44 - app - INFO - 升级管理器初始化完成
2026-01-16 23:30:44 - app - INFO - Flask应用创建成功
2026-01-16 23:30:44 - app - INFO - 静态文件目录: C:\Data\夸克转存\client\frontend
2026-01-16 23:30:44 - app - INFO - 扫描本地插件目录...
2026-01-16 23:30:44 - app - INFO - 插件扫描完成: 发现 1 个，新安装 0 个，已存在 1 个
2026-01-16 23:30:44 - app - INFO - 恢复已启动的插件...
2026-01-16 23:30:44 - app - INFO - 插件恢复完成: 总计 1 个，成功 1 个，失败 0 个
2026-01-16 23:30:44 - app - INFO - 启动任务调度服务...
2026-01-16 23:30:44 - app - INFO - 检查被中断的影视下载任务...
2026-01-16 23:30:44 - app - INFO - 没有需要恢复的影视下载任务
2026-01-16 23:30:44 - app - INFO - 账期生成循环已启动
2026-01-16 23:30:44 - app - INFO - 账期生成线程已启动
2026-01-16 23:30:44 - app - INFO - 开始生成 2026-01-16 的任务账期
2026-01-16 23:30:44 - app - INFO - 任务执行循环已启动
2026-01-16 23:30:44 - app - INFO - 任务执行线程已启动
2026-01-16 23:30:44 - app - INFO - 日志清理循环已启动
2026-01-16 23:30:44 - app - INFO - 日志清理线程已启动
2026-01-16 23:30:44 - app - INFO - 下次日志清理时间: 2026-01-17 02:00:00
2026-01-16 23:30:44 - app - INFO - 跳过一次性执行任务: 测试
2026-01-16 23:30:44 - app - INFO - 启动Flask服务: http://0.0.0.0:8520
2026-01-16 23:30:44 - app - INFO - 跳过一次性执行任务: 测试谢谢谢谢
2026-01-16 23:30:44 - app - INFO - 跳过一次性执行任务: 测试189
2026-01-16 23:30:44 - app - INFO - 跳过一次性执行任务: 小城大事
2026-01-16 23:30:44 - app - INFO - ✅ 生成完成，共创建 0 条待执行记录
2026-01-16 23:30:44 - app - INFO - 下次生成账期时间: 2026-01-17 00:00:00, 等待 1755 秒
2026-01-16 23:31:06 - app - INFO - 许可证管理器初始化完成,服务器: http://license.22l2.com
2026-01-16 23:31:06 - app - INFO - 初始化许可证管理器...
2026-01-16 23:31:07 - app - INFO - 解密密钥设置成功
2026-01-16 23:31:07 - app - INFO - 解密密钥获取成功
2026-01-16 23:31:07 - app - INFO - 解密密钥获取成功，配置已就绪
2026-01-16 23:31:07 - app - INFO - 配置解密成功
2026-01-16 23:31:07 - app - INFO - 夸克API配置加载成功
2026-01-16 23:31:07 - app - INFO - 夸克API配置加载完成
2026-01-16 23:31:07 - app - INFO - 检查数据库...
2026-01-16 23:31:07 - app - INFO - 数据库检查完成
2026-01-16 23:31:07 - app - INFO - 检查数据库迁移...
2026-01-16 23:31:07 - app - INFO - 数据库迁移检查完成
2026-01-16 23:31:07 - app - INFO - 清理异常中断的任务状态...
2026-01-16 23:31:08 - app - INFO - 升级管理器初始化完成
2026-01-16 23:31:08 - app - INFO - Flask应用创建成功
2026-01-16 23:31:08 - app - INFO - 静态文件目录: C:\Data\夸克转存\client\frontend
2026-01-16 23:31:08 - app - INFO - 扫描本地插件目录...
2026-01-16 23:31:08 - app - INFO - 插件扫描完成: 发现 1 个，新安装 0 个，已存在 1 个
2026-01-16 23:31:08 - app - INFO - 恢复已启动的插件...
2026-01-16 23:31:08 - app - INFO - 插件恢复完成: 总计 1 个，成功 1 个，失败 0 个
2026-01-16 23:31:08 - app - INFO - 启动任务调度服务...
2026-01-16 23:31:08 - app - INFO - 检查被中断的影视下载任务...
2026-01-16 23:31:08 - app - INFO - 没有需要恢复的影视下载任务
2026-01-16 23:31:08 - app - INFO - 账期生成循环已启动
2026-01-16 23:31:08 - app - INFO - 账期生成线程已启动
2026-01-16 23:31:08 - app - INFO - 开始生成 2026-01-16 的任务账期
2026-01-16 23:31:08 - app - INFO - 任务执行循环已启动
2026-01-16 23:31:08 - app - INFO - 任务执行线程已启动
2026-01-16 23:31:08 - app - INFO - 日志清理循环已启动
2026-01-16 23:31:08 - app - INFO - 日志清理线程已启动
2026-01-16 23:31:08 - app - INFO - 下次日志清理时间: 2026-01-17 02:00:00
2026-01-16 23:31:08 - app - INFO - 跳过一次性执行任务: 测试
2026-01-16 23:31:08 - app - INFO - 启动Flask服务: http://0.0.0.0:8520
2026-01-16 23:31:08 - app - INFO - 跳过一次性执行任务: 测试谢谢谢谢
2026-01-16 23:31:08 - app - INFO - 跳过一次性执行任务: 测试189
2026-01-16 23:31:08 - app - INFO - 跳过一次性执行任务: 小城大事
2026-01-16 23:31:08 - app - INFO - ✅ 生成完成，共创建 0 条待执行记录
2026-01-16 23:31:08 - app - INFO - 下次生成账期时间: 2026-01-17 00:00:00, 等待 1732 秒
2026-01-16 23:31:13 - app - INFO - 许可证管理器初始化完成,服务器: http://license.22l2.com
2026-01-16 23:31:13 - app - INFO - 初始化许可证管理器...
2026-01-16 23:31:15 - app - INFO - 解密密钥设置成功
2026-01-16 23:31:15 - app - INFO - 解密密钥获取成功
2026-01-16 23:31:15 - app - INFO - 解密密钥获取成功，配置已就绪
2026-01-16 23:31:15 - app - INFO - 配置解密成功
2026-01-16 23:31:15 - app - INFO - 夸克API配置加载成功
2026-01-16 23:31:15 - app - INFO - 夸克API配置加载完成
2026-01-16 23:31:15 - app - INFO - 检查数据库...
2026-01-16 23:31:15 - app - INFO - 数据库检查完成
2026-01-16 23:31:15 - app - INFO - 检查数据库迁移...
2026-01-16 23:31:15 - app - INFO - 数据库迁移检查完成
2026-01-16 23:31:15 - app - INFO - 清理异常中断的任务状态...
2026-01-16 23:31:15 - app - INFO - 升级管理器初始化完成
2026-01-16 23:31:15 - app - INFO - Flask应用创建成功
2026-01-16 23:31:15 - app - INFO - 静态文件目录: C:\Data\夸克转存\client\frontend
2026-01-16 23:31:15 - app - INFO - 扫描本地插件目录...
2026-01-16 23:31:15 - app - INFO - 插件扫描完成: 发现 1 个，新安装 0 个，已存在 1 个
2026-01-16 23:31:15 - app - INFO - 恢复已启动的插件...
2026-01-16 23:31:15 - app - INFO - 插件恢复完成: 总计 1 个，成功 1 个，失败 0 个
2026-01-16 23:31:15 - app - INFO - 启动任务调度服务...
2026-01-16 23:31:15 - app - INFO - 检查被中断的影视下载任务...
2026-01-16 23:31:15 - app - INFO - 没有需要恢复的影视下载任务
2026-01-16 23:31:15 - app - INFO - 账期生成循环已启动
2026-01-16 23:31:15 - app - INFO - 账期生成线程已启动
2026-01-16 23:31:15 - app - INFO - 开始生成 2026-01-16 的任务账期
2026-01-16 23:31:15 - app - INFO - 任务执行循环已启动
2026-01-16 23:31:15 - app - INFO - 任务执行线程已启动
2026-01-16 23:31:15 - app - INFO - 日志清理循环已启动
2026-01-16 23:31:15 - app - INFO - 日志清理线程已启动
2026-01-16 23:31:15 - app - INFO - 下次日志清理时间: 2026-01-17 02:00:00
2026-01-16 23:31:15 - app - INFO - 启动Flask服务: http://0.0.0.0:8520
2026-01-16 23:31:15 - app - INFO - 跳过一次性执行任务: 测试
2026-01-16 23:31:15 - app - INFO - 跳过一次性执行任务: 测试谢谢谢谢
2026-01-16 23:31:15 - app - INFO - 跳过一次性执行任务: 测试189
2026-01-16 23:31:15 - app - INFO - 跳过一次性执行任务: 小城大事
2026-01-16 23:31:15 - app - INFO - ✅ 生成完成，共创建 0 条待执行记录
2026-01-16 23:31:15 - app - INFO - 下次生成账期时间: 2026-01-17 00:00:00, 等待 1724 秒
2026-01-16 23:31:24 - app - INFO - 许可证管理器初始化完成,服务器: http://license.22l2.com
2026-01-16 23:31:24 - app - INFO - 初始化许可证管理器...
2026-01-16 23:31:25 - app - INFO - 解密密钥设置成功
2026-01-16 23:31:25 - app - INFO - 解密密钥获取成功
2026-01-16 23:31:25 - app - INFO - 解密密钥获取成功，配置已就绪
2026-01-16 23:31:25 - app - INFO - 配置解密成功
2026-01-16 23:31:25 - app - INFO - 夸克API配置加载成功
2026-01-16 23:31:25 - app - INFO - 夸克API配置加载完成
2026-01-16 23:31:25 - app - INFO - 检查数据库...
2026-01-16 23:31:25 - app - INFO - 数据库检查完成
2026-01-16 23:31:25 - app - INFO - 检查数据库迁移...
2026-01-16 23:31:25 - app - INFO - 数据库迁移检查完成
2026-01-16 23:31:25 - app - INFO - 清理异常中断的任务状态...
2026-01-16 23:31:25 - app - INFO - 升级管理器初始化完成
2026-01-16 23:31:25 - app - INFO - Flask应用创建成功
2026-01-16 23:31:25 - app - INFO - 静态文件目录: C:\Data\夸克转存\client\frontend
2026-01-16 23:31:25 - app - INFO - 扫描本地插件目录...
2026-01-16 23:31:25 - app - INFO - 插件扫描完成: 发现 1 个，新安装 0 个，已存在 1 个
2026-01-16 23:31:25 - app - INFO - 恢复已启动的插件...
2026-01-16 23:31:25 - app - INFO - 插件恢复完成: 总计 1 个，成功 1 个，失败 0 个
2026-01-16 23:31:25 - app - INFO - 启动任务调度服务...
2026-01-16 23:31:25 - app - INFO - 检查被中断的影视下载任务...
2026-01-16 23:31:25 - app - INFO - 没有需要恢复的影视下载任务
2026-01-16 23:31:25 - app - INFO - 账期生成循环已启动
2026-01-16 23:31:25 - app - INFO - 账期生成线程已启动
2026-01-16 23:31:25 - app - INFO - 开始生成 2026-01-16 的任务账期
2026-01-16 23:31:25 - app - INFO - 任务执行循环已启动
2026-01-16 23:31:25 - app - INFO - 任务执行线程已启动
2026-01-16 23:31:25 - app - INFO - 日志清理循环已启动
2026-01-16 23:31:25 - app - INFO - 下次日志清理时间: 2026-01-17 02:00:00
2026-01-16 23:31:25 - app - INFO - 日志清理线程已启动
2026-01-16 23:31:25 - app - INFO - 启动Flask服务: http://0.0.0.0:8520
2026-01-16 23:31:25 - app - INFO - 跳过一次性执行任务: 测试
2026-01-16 23:31:25 - app - INFO - 跳过一次性执行任务: 测试谢谢谢谢
2026-01-16 23:31:25 - app - INFO - 跳过一次性执行任务: 测试189
2026-01-16 23:31:25 - app - INFO - 跳过一次性执行任务: 小城大事
2026-01-16 23:31:25 - app - INFO - ✅ 生成完成，共创建 0 条待执行记录
2026-01-16 23:31:25 - app - INFO - 下次生成账期时间: 2026-01-17 00:00:00, 等待 1714 秒
2026-01-16 23:31:33 - app - INFO - 许可证管理器初始化完成,服务器: http://license.22l2.com
2026-01-16 23:31:33 - app - INFO - 初始化许可证管理器...
2026-01-16 23:31:34 - app - INFO - 解密密钥设置成功
2026-01-16 23:31:34 - app - INFO - 解密密钥获取成功
2026-01-16 23:31:34 - app - INFO - 解密密钥获取成功，配置已就绪
2026-01-16 23:31:34 - app - INFO - 配置解密成功
2026-01-16 23:31:34 - app - INFO - 夸克API配置加载成功
2026-01-16 23:31:34 - app - INFO - 夸克API配置加载完成
2026-01-16 23:31:34 - app - INFO - 检查数据库...
2026-01-16 23:31:34 - app - INFO - 数据库检查完成
2026-01-16 23:31:34 - app - INFO - 检查数据库迁移...
2026-01-16 23:31:35 - app - INFO - 数据库迁移检查完成
2026-01-16 23:31:35 - app - INFO - 清理异常中断的任务状态...
2026-01-16 23:31:35 - app - INFO - 升级管理器初始化完成
2026-01-16 23:31:35 - app - INFO - Flask应用创建成功
2026-01-16 23:31:35 - app - INFO - 静态文件目录: C:\Data\夸克转存\client\frontend
2026-01-16 23:31:35 - app - INFO - 扫描本地插件目录...
2026-01-16 23:31:35 - app - INFO - 插件扫描完成: 发现 1 个，新安装 0 个，已存在 1 个
2026-01-16 23:31:35 - app - INFO - 恢复已启动的插件...
2026-01-16 23:31:35 - app - INFO - 插件恢复完成: 总计 1 个，成功 1 个，失败 0 个
2026-01-16 23:31:35 - app - INFO - 启动任务调度服务...
2026-01-16 23:31:35 - app - INFO - 检查被中断的影视下载任务...
2026-01-16 23:31:35 - app - INFO - 没有需要恢复的影视下载任务
2026-01-16 23:31:35 - app - INFO - 账期生成循环已启动
2026-01-16 23:31:35 - app - INFO - 账期生成线程已启动
2026-01-16 23:31:35 - app - INFO - 开始生成 2026-01-16 的任务账期
2026-01-16 23:31:35 - app - INFO - 任务执行循环已启动
2026-01-16 23:31:35 - app - INFO - 任务执行线程已启动
2026-01-16 23:31:35 - app - INFO - 日志清理循环已启动
2026-01-16 23:31:35 - app - INFO - 日志清理线程已启动
2026-01-16 23:31:35 - app - INFO - 下次日志清理时间: 2026-01-17 02:00:00
2026-01-16 23:31:35 - app - INFO - 跳过一次性执行任务: 测试
2026-01-16 23:31:35 - app - INFO - 启动Flask服务: http://0.0.0.0:8520
2026-01-16 23:31:35 - app - INFO - 跳过一次性执行任务: 测试谢谢谢谢
2026-01-16 23:31:35 - app - INFO - 跳过一次性执行任务: 测试189
2026-01-16 23:31:35 - app - INFO - 跳过一次性执行任务: 小城大事
2026-01-16 23:31:35 - app - INFO - ✅ 生成完成，共创建 0 条待执行记录
2026-01-16 23:31:35 - app - INFO - 下次生成账期时间: 2026-01-17 00:00:00, 等待 1705 秒
2026-01-16 23:32:26 - app - INFO - 检查登录状态, session内容: {'_permanent': True, 'user_id': 1, 'username': 'admin'}, cookies: ImmutableMultiDict([('session', 'eyJfcGVybWFuZW50Ijp0cnVlLCJ1c2VyX2lkIjoxLCJ1c2VybmFtZSI6ImFkbWluIn0.aWpaCQ.F_PI_t25LMYMJvpYqrOMjt1mFiE')])
2026-01-16 23:32:26 - app - INFO - 检查登录状态, session内容: {'_permanent': True, 'user_id': 1, 'username': 'admin'}, cookies: ImmutableMultiDict([('session', 'eyJfcGVybWFuZW50Ijp0cnVlLCJ1c2VyX2lkIjoxLCJ1c2VybmFtZSI6ImFkbWluIn0.aWpaCg.ThoL4A6fF3CIsoJxCX4s_0D6OMk')])
2026-01-16 23:32:28 - app - INFO - 检查更新: 当前版本 2.1.4
2026-01-16 23:32:37 - app - INFO - 检查更新成功: {'has_update': False, 'message': '当前已是最新版本'}
2026-01-16 23:36:00 - app - INFO - 检查登录状态, session内容: {'_permanent': True, 'user_id': 1, 'username': 'admin'}, cookies: ImmutableMultiDict([('session', 'eyJfcGVybWFuZW50Ijp0cnVlLCJ1c2VyX2lkIjoxLCJ1c2VybmFtZSI6ImFkbWluIn0.aWpa4A.QoSVmU-Ox0RS7QosuxGIew1S4hs')])
2026-01-16 23:36:00 - app - INFO - 检查登录状态, session内容: {'_permanent': True, 'user_id': 1, 'username': 'admin'}, cookies: ImmutableMultiDict([('session', 'eyJfcGVybWFuZW50Ijp0cnVlLCJ1c2VyX2lkIjoxLCJ1c2VybmFtZSI6ImFkbWluIn0.aWpa4A.QoSVmU-Ox0RS7QosuxGIew1S4hs')])
2026-01-16 23:36:02 - app - INFO - 检查更新: 当前版本 2.1.4
2026-01-16 23:36:11 - app - INFO - 检查更新成功: {'has_update': False, 'message': '当前已是最新版本'}
2026-01-16 23:55:11 - app - INFO - 更新下载任务成功: ID 1
2026-01-16 23:55:12 - app - INFO - [TaskExecutor] start_task 被调用: task_id=1, execution_id=None, schedule_period=None
2026-01-16 23:55:12 - app - INFO - [TaskExecutor] 任务 1 状态已初始化到 _running_tasks
2026-01-16 23:55:12 - app - INFO - [TaskExecutor] _execute_task 线程开始执行: task_id=1
2026-01-16 23:55:12 - app - INFO - [TaskExecutor] 任务 1 执行线程已启动
2026-01-16 23:55:12 - app - INFO - [TaskExecutor] 从_running_tasks获取: execution_id=None, schedule_period=None
2026-01-16 23:55:12 - app - INFO - [TaskExecutor] 开始获取任务信息: task_id=1
2026-01-16 23:55:12 - app - INFO - [TaskExecutor] 任务信息获取成功: 测试
2026-01-16 23:55:12 - app - INFO - [TaskExecutor] 开始创建执行历史记录
2026-01-16 23:55:12 - app - INFO - [TaskExecutor] 执行历史记录创建成功: execution_id=49
2026-01-16 23:55:12 - app - INFO - [TaskExecutor] execution_id已更新到_running_tasks
2026-01-16 23:55:12 - app - INFO - [TaskExecutor] 开始记录日志
2026-01-16 23:55:12 - app - INFO - [下载任务1] 任务已启动，正在初始化...
2026-01-16 23:55:12 - app - INFO - [下载任务1] 执行历史记录ID: 49
2026-01-16 23:55:12 - app - INFO - [下载任务1] 开始执行任务: 测试
2026-01-16 23:55:13 - app - INFO - [下载任务1] 使用账号: ces
2026-01-16 23:55:13 - app - INFO - [下载任务1] 网盘目录: /来自：分享/小样如我
2026-01-16 23:55:13 - app - INFO - [下载任务1] 本地目录: C:\Data\下载
2026-01-16 23:55:13 - app - INFO - [下载任务1] 云盘类型: quark
2026-01-16 23:55:13 - app - INFO - [下载任务1] 正在获取文件列表...
2026-01-16 23:55:13 - app - INFO - [下载任务1] 解析路径: 来自：分享 -> 小样如我
2026-01-16 23:55:13 - app - INFO - [下载任务1] 执行异常: 'QuarkService' object has no attribute 'list_files'
2026-01-16 23:55:13 - app - ERROR - 执行下载任务异常: 'QuarkService' object has no attribute 'list_files'
Traceback (most recent call last):
  File "C:\Data\夸克转存\client\backend\services\task_executor.py", line 601, in _execute_task
    files = cloud_service.list_files(current_fid)
AttributeError: 'QuarkService' object has no attribute 'list_files'
2026-01-16 23:55:13 - app - INFO - 许可证管理器初始化完成,服务器: http://license.22l2.com
2026-01-16 23:55:13 - app - INFO - 初始化许可证管理器...
2026-01-16 23:55:14 - app - INFO - 解密密钥设置成功
2026-01-16 23:55:14 - app - INFO - 解密密钥获取成功
2026-01-16 23:55:14 - app - INFO - 解密密钥获取成功，配置已就绪
2026-01-16 23:55:14 - app - INFO - 配置解密成功
2026-01-16 23:55:14 - app - INFO - 夸克API配置加载成功
2026-01-16 23:55:14 - app - INFO - 夸克API配置加载完成
2026-01-16 23:55:14 - app - INFO - 检查数据库...
2026-01-16 23:55:14 - app - INFO - 数据库检查完成
2026-01-16 23:55:14 - app - INFO - 检查数据库迁移...
2026-01-16 23:55:14 - app - INFO - 数据库迁移检查完成
2026-01-16 23:55:14 - app - INFO - 清理异常中断的任务状态...
2026-01-16 23:55:14 - app - INFO - 升级管理器初始化完成
2026-01-16 23:55:14 - app - INFO - Flask应用创建成功
2026-01-16 23:55:14 - app - INFO - 静态文件目录: C:\Data\夸克转存\client\frontend
2026-01-16 23:55:14 - app - INFO - 扫描本地插件目录...
2026-01-16 23:55:14 - app - INFO - 插件扫描完成: 发现 1 个，新安装 0 个，已存在 1 个
2026-01-16 23:55:14 - app - INFO - 恢复已启动的插件...
2026-01-16 23:55:14 - app - INFO - 插件恢复完成: 总计 1 个，成功 1 个，失败 0 个
2026-01-16 23:55:14 - app - INFO - 启动任务调度服务...
2026-01-16 23:55:14 - app - INFO - 检查被中断的影视下载任务...
2026-01-16 23:55:14 - app - INFO - 没有需要恢复的影视下载任务
2026-01-16 23:55:14 - app - INFO - 账期生成循环已启动
2026-01-16 23:55:14 - app - INFO - 账期生成线程已启动
2026-01-16 23:55:14 - app - INFO - 开始生成 2026-01-16 的任务账期
2026-01-16 23:55:14 - app - INFO - 任务执行循环已启动
2026-01-16 23:55:14 - app - INFO - 任务执行线程已启动
2026-01-16 23:55:14 - app - INFO - 日志清理循环已启动
2026-01-16 23:55:14 - app - INFO - 日志清理线程已启动
2026-01-16 23:55:14 - app - INFO - 下次日志清理时间: 2026-01-17 02:00:00
2026-01-16 23:55:14 - app - INFO - 启动Flask服务: http://0.0.0.0:8520
2026-01-16 23:55:14 - app - INFO - 跳过一次性执行任务: 测试
2026-01-16 23:55:14 - app - INFO - 跳过一次性执行任务: 测试谢谢谢谢
2026-01-16 23:55:14 - app - INFO - 跳过一次性执行任务: 测试189
2026-01-16 23:55:14 - app - INFO - 跳过一次性执行任务: 小城大事
2026-01-16 23:55:14 - app - INFO - ✅ 生成完成，共创建 0 条待执行记录
2026-01-16 23:55:14 - app - INFO - 下次生成账期时间: 2026-01-17 00:00:00, 等待 285 秒
2026-01-16 23:55:51 - app - INFO - 检查登录状态, session内容: {'_permanent': True, 'user_id': 1, 'username': 'admin'}, cookies: ImmutableMultiDict([('session', 'eyJfcGVybWFuZW50Ijp0cnVlLCJ1c2VyX2lkIjoxLCJ1c2VybmFtZSI6ImFkbWluIn0.aWpfhg.8j8B_dplMFSdy1WzoQFZ1IANzfc')])
2026-01-16 23:55:51 - app - INFO - 检查登录状态, session内容: {'_permanent': True, 'user_id': 1, 'username': 'admin'}, cookies: ImmutableMultiDict([('session', 'eyJfcGVybWFuZW50Ijp0cnVlLCJ1c2VyX2lkIjoxLCJ1c2VybmFtZSI6ImFkbWluIn0.aWpfhw.ZXLrfCTkRBaZNwRXkV0PDFqkjRw')])
2026-01-16 23:55:52 - app - INFO - 已设置 1 个Cookie字段
2026-01-16 23:55:52 - app - INFO - 189获取文件列表请求: folder_id=-11, page=1, size=50
2026-01-16 23:55:53 - app - INFO - 检查更新: 当前版本 2.1.4
2026-01-16 23:56:02 - app - INFO - 189文件列表响应状态码: 400
2026-01-16 23:56:02 - app - ERROR - 189文件列表请求失败，状态码: 400
2026-01-16 23:56:03 - app - INFO - 检查更新成功: {'has_update': False, 'message': '当前已是最新版本'}
2026-01-16 23:56:09 - app - INFO - [TaskExecutor] start_task 被调用: task_id=1, execution_id=None, schedule_period=None
2026-01-16 23:56:09 - app - INFO - [TaskExecutor] 任务 1 状态已初始化到 _running_tasks
2026-01-16 23:56:09 - app - INFO - [TaskExecutor] _execute_task 线程开始执行: task_id=1
2026-01-16 23:56:09 - app - INFO - [TaskExecutor] 任务 1 执行线程已启动
2026-01-16 23:56:09 - app - INFO - [TaskExecutor] 从_running_tasks获取: execution_id=None, schedule_period=None
2026-01-16 23:56:09 - app - INFO - [TaskExecutor] 开始获取任务信息: task_id=1
2026-01-16 23:56:09 - app - INFO - [TaskExecutor] 任务信息获取成功: 测试
2026-01-16 23:56:09 - app - INFO - [TaskExecutor] 开始创建执行历史记录
2026-01-16 23:56:09 - app - INFO - [下载任务1] 执行异常: UNIQUE constraint failed: task_execution_history.task_id, task_execution_history.task_type, task_execution_history.schedule_period
2026-01-16 23:56:09 - app - ERROR - 执行下载任务异常: UNIQUE constraint failed: task_execution_history.task_id, task_execution_history.task_type, task_execution_history.schedule_period
Traceback (most recent call last):
  File "C:\Data\夸克转存\client\backend\services\task_executor.py", line 539, in _execute_task
    cursor.execute("""
sqlite3.IntegrityError: UNIQUE constraint failed: task_execution_history.task_id, task_execution_history.task_type, task_execution_history.schedule_period
2026-01-16 23:56:13 - app - INFO - 许可证管理器初始化完成,服务器: http://license.22l2.com
2026-01-16 23:56:13 - app - INFO - 初始化许可证管理器...
2026-01-16 23:56:15 - app - INFO - 解密密钥设置成功
2026-01-16 23:56:15 - app - INFO - 解密密钥获取成功
2026-01-16 23:56:15 - app - INFO - 解密密钥获取成功，配置已就绪
2026-01-16 23:56:15 - app - INFO - 配置解密成功
2026-01-16 23:56:15 - app - INFO - 夸克API配置加载成功
2026-01-16 23:56:15 - app - INFO - 夸克API配置加载完成
2026-01-16 23:56:15 - app - INFO - 检查数据库...
2026-01-16 23:56:15 - app - INFO - 数据库检查完成
2026-01-16 23:56:15 - app - INFO - 检查数据库迁移...
2026-01-16 23:56:15 - app - INFO - 数据库迁移检查完成
2026-01-16 23:56:15 - app - INFO - 清理异常中断的任务状态...
2026-01-16 23:56:15 - app - INFO - 升级管理器初始化完成
2026-01-16 23:56:15 - app - INFO - Flask应用创建成功
2026-01-16 23:56:15 - app - INFO - 静态文件目录: C:\Data\夸克转存\client\frontend
2026-01-16 23:56:15 - app - INFO - 扫描本地插件目录...
2026-01-16 23:56:15 - app - INFO - 插件扫描完成: 发现 1 个，新安装 0 个，已存在 1 个
2026-01-16 23:56:15 - app - INFO - 恢复已启动的插件...
2026-01-16 23:56:15 - app - INFO - 插件恢复完成: 总计 1 个，成功 1 个，失败 0 个
2026-01-16 23:56:15 - app - INFO - 启动任务调度服务...
2026-01-16 23:56:15 - app - INFO - 检查被中断的影视下载任务...
2026-01-16 23:56:15 - app - INFO - 没有需要恢复的影视下载任务
2026-01-16 23:56:15 - app - INFO - 账期生成循环已启动
2026-01-16 23:56:15 - app - INFO - 账期生成线程已启动
2026-01-16 23:56:15 - app - INFO - 开始生成 2026-01-16 的任务账期
2026-01-16 23:56:15 - app - INFO - 任务执行循环已启动
2026-01-16 23:56:15 - app - INFO - 任务执行线程已启动
2026-01-16 23:56:15 - app - INFO - 日志清理循环已启动
2026-01-16 23:56:15 - app - INFO - 日志清理线程已启动
2026-01-16 23:56:15 - app - INFO - 下次日志清理时间: 2026-01-17 02:00:00
2026-01-16 23:56:15 - app - INFO - 跳过一次性执行任务: 测试
2026-01-16 23:56:15 - app - INFO - 启动Flask服务: http://0.0.0.0:8520
2026-01-16 23:56:15 - app - INFO - 跳过一次性执行任务: 测试谢谢谢谢
2026-01-16 23:56:15 - app - INFO - 跳过一次性执行任务: 测试189
2026-01-16 23:56:15 - app - INFO - 跳过一次性执行任务: 小城大事
2026-01-16 23:56:15 - app - INFO - ✅ 生成完成，共创建 0 条待执行记录
2026-01-16 23:56:15 - app - INFO - 下次生成账期时间: 2026-01-17 00:00:00, 等待 225 秒
2026-01-16 23:56:15 - app - INFO - [TaskExecutor] start_task 被调用: task_id=1, execution_id=None, schedule_period=None
2026-01-16 23:56:15 - app - INFO - [TaskExecutor] 任务 1 状态已初始化到 _running_tasks
2026-01-16 23:56:15 - app - INFO - [TaskExecutor] _execute_task 线程开始执行: task_id=1
2026-01-16 23:56:15 - app - INFO - [TaskExecutor] 任务 1 执行线程已启动
2026-01-16 23:56:15 - app - INFO - [TaskExecutor] 从_running_tasks获取: execution_id=None, schedule_period=None
2026-01-16 23:56:15 - app - INFO - [TaskExecutor] 开始获取任务信息: task_id=1
2026-01-16 23:56:15 - app - INFO - [TaskExecutor] 任务信息获取成功: 测试
2026-01-16 23:56:15 - app - INFO - [TaskExecutor] 开始创建执行历史记录
2026-01-16 23:56:15 - app - INFO - [下载任务1] 执行异常: UNIQUE constraint failed: task_execution_history.task_id, task_execution_history.task_type, task_execution_history.schedule_period
2026-01-16 23:56:15 - app - ERROR - 执行下载任务异常: UNIQUE constraint failed: task_execution_history.task_id, task_execution_history.task_type, task_execution_history.schedule_period
Traceback (most recent call last):
  File "C:\Data\夸克转存\client\backend\services\task_executor.py", line 539, in _execute_task
    cursor.execute("""
sqlite3.IntegrityError: UNIQUE constraint failed: task_execution_history.task_id, task_execution_history.task_type, task_execution_history.schedule_period
2026-01-16 23:56:32 - app - INFO - 许可证管理器初始化完成,服务器: http://license.22l2.com
2026-01-16 23:56:32 - app - INFO - 初始化许可证管理器...
2026-01-16 23:56:33 - app - INFO - 解密密钥设置成功
2026-01-16 23:56:33 - app - INFO - 解密密钥获取成功
2026-01-16 23:56:33 - app - INFO - 解密密钥获取成功，配置已就绪
2026-01-16 23:56:33 - app - INFO - 配置解密成功
2026-01-16 23:56:33 - app - INFO - 夸克API配置加载成功
2026-01-16 23:56:33 - app - INFO - 夸克API配置加载完成
2026-01-16 23:56:33 - app - INFO - 检查数据库...
2026-01-16 23:56:33 - app - INFO - 数据库检查完成
2026-01-16 23:56:33 - app - INFO - 检查数据库迁移...
2026-01-16 23:56:33 - app - INFO - 数据库迁移检查完成
2026-01-16 23:56:33 - app - INFO - 清理异常中断的任务状态...
2026-01-16 23:56:33 - app - INFO - 升级管理器初始化完成
2026-01-16 23:56:33 - app - INFO - Flask应用创建成功
2026-01-16 23:56:33 - app - INFO - 静态文件目录: C:\Data\夸克转存\client\frontend
2026-01-16 23:56:33 - app - INFO - 扫描本地插件目录...
2026-01-16 23:56:33 - app - INFO - 插件扫描完成: 发现 1 个，新安装 0 个，已存在 1 个
2026-01-16 23:56:33 - app - INFO - 恢复已启动的插件...
2026-01-16 23:56:33 - app - INFO - 插件恢复完成: 总计 1 个，成功 1 个，失败 0 个
2026-01-16 23:56:33 - app - INFO - 启动任务调度服务...
2026-01-16 23:56:33 - app - INFO - 检查被中断的影视下载任务...
2026-01-16 23:56:33 - app - INFO - 没有需要恢复的影视下载任务
2026-01-16 23:56:33 - app - INFO - 账期生成循环已启动
2026-01-16 23:56:33 - app - INFO - 账期生成线程已启动
2026-01-16 23:56:33 - app - INFO - 开始生成 2026-01-16 的任务账期
2026-01-16 23:56:33 - app - INFO - 任务执行循环已启动
2026-01-16 23:56:33 - app - INFO - 任务执行线程已启动
2026-01-16 23:56:33 - app - INFO - 日志清理循环已启动
2026-01-16 23:56:33 - app - INFO - 日志清理线程已启动
2026-01-16 23:56:33 - app - INFO - 下次日志清理时间: 2026-01-17 02:00:00
2026-01-16 23:56:33 - app - INFO - 启动Flask服务: http://0.0.0.0:8520
2026-01-16 23:56:33 - app - INFO - 跳过一次性执行任务: 测试
2026-01-16 23:56:33 - app - INFO - 跳过一次性执行任务: 测试谢谢谢谢
2026-01-16 23:56:33 - app - INFO - 跳过一次性执行任务: 测试189
2026-01-16 23:56:33 - app - INFO - 跳过一次性执行任务: 小城大事
2026-01-16 23:56:33 - app - INFO - ✅ 生成完成，共创建 0 条待执行记录
2026-01-16 23:56:33 - app - INFO - 下次生成账期时间: 2026-01-17 00:00:00, 等待 206 秒
2026-01-16 23:57:06 - app - INFO - 许可证管理器初始化完成,服务器: http://license.22l2.com
2026-01-16 23:57:06 - app - INFO - 初始化许可证管理器...
2026-01-16 23:57:07 - app - INFO - 解密密钥设置成功
2026-01-16 23:57:07 - app - INFO - 解密密钥获取成功
2026-01-16 23:57:07 - app - INFO - 解密密钥获取成功，配置已就绪
2026-01-16 23:57:07 - app - INFO - 配置解密成功
2026-01-16 23:57:07 - app - INFO - 夸克API配置加载成功
2026-01-16 23:57:07 - app - INFO - 夸克API配置加载完成
2026-01-16 23:57:07 - app - INFO - 检查数据库...
2026-01-16 23:57:07 - app - INFO - 数据库检查完成
2026-01-16 23:57:07 - app - INFO - 检查数据库迁移...
2026-01-16 23:57:07 - app - INFO - 数据库迁移检查完成
2026-01-16 23:57:07 - app - INFO - 清理异常中断的任务状态...
2026-01-16 23:57:07 - app - INFO - 升级管理器初始化完成
2026-01-16 23:57:07 - app - INFO - Flask应用创建成功
2026-01-16 23:57:07 - app - INFO - 静态文件目录: C:\Data\夸克转存\client\frontend
2026-01-16 23:57:07 - app - INFO - 扫描本地插件目录...
2026-01-16 23:57:07 - app - INFO - 插件扫描完成: 发现 1 个，新安装 0 个，已存在 1 个
2026-01-16 23:57:07 - app - INFO - 恢复已启动的插件...
2026-01-16 23:57:07 - app - INFO - 插件恢复完成: 总计 1 个，成功 1 个，失败 0 个
2026-01-16 23:57:07 - app - INFO - 启动任务调度服务...
2026-01-16 23:57:07 - app - INFO - 检查被中断的影视下载任务...
2026-01-16 23:57:07 - app - INFO - 没有需要恢复的影视下载任务
2026-01-16 23:57:07 - app - INFO - 账期生成循环已启动
2026-01-16 23:57:07 - app - INFO - 账期生成线程已启动
2026-01-16 23:57:07 - app - INFO - 开始生成 2026-01-16 的任务账期
2026-01-16 23:57:07 - app - INFO - 跳过一次性执行任务: 测试
2026-01-16 23:57:07 - app - INFO - 任务执行循环已启动
2026-01-16 23:57:07 - app - INFO - 任务执行线程已启动
2026-01-16 23:57:07 - app - INFO - 跳过一次性执行任务: 测试谢谢谢谢
2026-01-16 23:57:07 - app - INFO - 跳过一次性执行任务: 测试189
2026-01-16 23:57:07 - app - INFO - 日志清理循环已启动
2026-01-16 23:57:07 - app - INFO - 日志清理线程已启动
2026-01-16 23:57:07 - app - INFO - 跳过一次性执行任务: 小城大事
2026-01-16 23:57:07 - app - INFO - 下次日志清理时间: 2026-01-17 02:00:00
2026-01-16 23:57:07 - app - INFO - 启动Flask服务: http://0.0.0.0:8520
2026-01-16 23:57:07 - app - INFO - ✅ 生成完成，共创建 0 条待执行记录
2026-01-16 23:57:07 - app - INFO - 下次生成账期时间: 2026-01-17 00:00:00, 等待 173 秒
2026-01-16 23:57:28 - app - INFO - [TaskExecutor] start_task 被调用: task_id=1, execution_id=None, schedule_period=None
2026-01-16 23:57:28 - app - INFO - [TaskExecutor] 任务 1 状态已初始化到 _running_tasks
2026-01-16 23:57:28 - app - INFO - [TaskExecutor] _execute_task 线程开始执行: task_id=1
2026-01-16 23:57:28 - app - INFO - [TaskExecutor] 任务 1 执行线程已启动
2026-01-16 23:57:28 - app - INFO - [TaskExecutor] 从_running_tasks获取: execution_id=None, schedule_period=None
2026-01-16 23:57:28 - app - INFO - [TaskExecutor] 开始获取任务信息: task_id=1
2026-01-16 23:57:28 - app - INFO - [TaskExecutor] 任务信息获取成功: 测试
2026-01-16 23:57:28 - app - INFO - [TaskExecutor] 开始创建执行历史记录
2026-01-16 23:57:28 - app - INFO - [下载任务1] 执行异常: UNIQUE constraint failed: task_execution_history.task_id, task_execution_history.task_type, task_execution_history.schedule_period
2026-01-16 23:57:28 - app - ERROR - 执行下载任务异常: UNIQUE constraint failed: task_execution_history.task_id, task_execution_history.task_type, task_execution_history.schedule_period
Traceback (most recent call last):
  File "C:\Data\夸克转存\client\backend\services\task_executor.py", line 539, in _execute_task
    cursor.execute("""
sqlite3.IntegrityError: UNIQUE constraint failed: task_execution_history.task_id, task_execution_history.task_type, task_execution_history.schedule_period
2026-01-16 23:57:52 - app - INFO - 许可证管理器初始化完成,服务器: http://license.22l2.com
2026-01-16 23:57:52 - app - INFO - 初始化许可证管理器...
2026-01-16 23:57:53 - app - INFO - 解密密钥设置成功
2026-01-16 23:57:53 - app - INFO - 解密密钥获取成功
2026-01-16 23:57:53 - app - INFO - 解密密钥获取成功，配置已就绪
2026-01-16 23:57:53 - app - INFO - 配置解密成功
2026-01-16 23:57:53 - app - INFO - 夸克API配置加载成功
2026-01-16 23:57:53 - app - INFO - 夸克API配置加载完成
2026-01-16 23:57:53 - app - INFO - 检查数据库...
2026-01-16 23:57:53 - app - INFO - 数据库检查完成
2026-01-16 23:57:53 - app - INFO - 检查数据库迁移...
2026-01-16 23:57:53 - app - INFO - 数据库迁移检查完成
2026-01-16 23:57:53 - app - INFO - 清理异常中断的任务状态...
2026-01-16 23:57:53 - app - INFO - 升级管理器初始化完成
2026-01-16 23:57:53 - app - INFO - Flask应用创建成功
2026-01-16 23:57:53 - app - INFO - 静态文件目录: C:\Data\夸克转存\client\frontend
2026-01-16 23:57:53 - app - INFO - 扫描本地插件目录...
2026-01-16 23:57:53 - app - INFO - 插件扫描完成: 发现 1 个，新安装 0 个，已存在 1 个
2026-01-16 23:57:53 - app - INFO - 恢复已启动的插件...
2026-01-16 23:57:53 - app - INFO - 插件恢复完成: 总计 1 个，成功 1 个，失败 0 个
2026-01-16 23:57:53 - app - INFO - 启动任务调度服务...
2026-01-16 23:57:53 - app - INFO - 检查被中断的影视下载任务...
2026-01-16 23:57:53 - app - INFO - 没有需要恢复的影视下载任务
2026-01-16 23:57:53 - app - INFO - 账期生成循环已启动
2026-01-16 23:57:53 - app - INFO - 账期生成线程已启动
2026-01-16 23:57:53 - app - INFO - 开始生成 2026-01-16 的任务账期
2026-01-16 23:57:53 - app - INFO - 任务执行循环已启动
2026-01-16 23:57:53 - app - INFO - 任务执行线程已启动
2026-01-16 23:57:53 - app - INFO - 日志清理循环已启动
2026-01-16 23:57:53 - app - INFO - 日志清理线程已启动
2026-01-16 23:57:53 - app - INFO - 下次日志清理时间: 2026-01-17 02:00:00
2026-01-16 23:57:53 - app - INFO - 启动Flask服务: http://0.0.0.0:8520
2026-01-16 23:57:53 - app - INFO - 跳过一次性执行任务: 测试
2026-01-16 23:57:53 - app - INFO - 跳过一次性执行任务: 测试谢谢谢谢
2026-01-16 23:57:53 - app - INFO - 跳过一次性执行任务: 测试189
2026-01-16 23:57:53 - app - INFO - 跳过一次性执行任务: 小城大事
2026-01-16 23:57:53 - app - INFO - ✅ 生成完成，共创建 0 条待执行记录
2026-01-16 23:57:53 - app - INFO - 下次生成账期时间: 2026-01-17 00:00:00, 等待 126 秒
2026-01-16 23:57:58 - app - INFO - 更新转存任务成功: ID 2
2026-01-16 23:58:11 - app - INFO - [execute_task] 开始执行任务: task_id=2
2026-01-16 23:58:11 - app - INFO - [任务2] 开始执行任务: 测试谢谢谢谢
2026-01-16 23:58:11 - app - INFO - [任务2] 使用账号: 天意
2026-01-16 23:58:11 - app - INFO - [任务2] 目标路径: /测试
2026-01-16 23:58:11 - app - INFO - [任务2] 云盘类型: cloud189
2026-01-16 23:58:12 - app - INFO - 已设置 1 个Cookie字段
2026-01-16 23:58:12 - app - INFO - [任务2] 共有 1 个分享链接待处理
2026-01-16 23:58:12 - app - INFO - [任务2] [1/1] 正在处理: https://h5.cloud.189.cn/share.html#/t/JV3Y3mZreqmi...
2026-01-16 23:58:12 - app - INFO - [任务2] [1/1] 解析分享链接...
2026-01-16 23:58:12 - app - INFO - 解析天翼分享链接: url=https://h5.cloud.189.cn/share.html#/t/JV3Y3mZreqmi, share_code=JV3Y3mZreqmi, access_code=
2026-01-16 23:58:12 - app - INFO - [任务2] [1/1] 解析结果: share_code=JV3Y3mZreqmi
2026-01-16 23:58:12 - app - INFO - [任务2] [1/1] 开始转存...
2026-01-16 23:58:12 - app - INFO - [任务2] [1/1] 目标路径: /测试//123
2026-01-16 23:58:12 - app - INFO - 189云盘路径解析: path=测试//123, parts=['测试', '123']
2026-01-16 23:58:12 - app - INFO - 189获取文件列表请求: folder_id=-11, page=1, size=1000
2026-01-16 23:58:23 - app - INFO - 189文件列表响应状态码: 400
2026-01-16 23:58:23 - app - ERROR - 189文件列表请求失败，状态码: 400
2026-01-16 23:58:23 - app - INFO - 189创建文件夹: name=测试, parent_id=-11
2026-01-16 23:58:23 - app - INFO - 189创建文件夹响应: {'errorCode': 'InvalidSessionKey', 'errorMsg': 'check ip error - curIp=183.199.43.49, cookiesIp=117.133.153.146', 'success': None}
2026-01-16 23:58:23 - app - ERROR - 189云盘创建文件夹失败: 测试, error=创建文件夹失败
2026-01-16 23:58:23 - app - INFO - 189云盘目标文件夹ID: -11
2026-01-16 23:58:23 - app - INFO - 调用save_share: url=https://h5.cloud.189.cn/share.html#/t/JV3Y3mZreqmi, target_folder_id=-11
2026-01-16 23:58:23 - app - INFO - [save_share] 开始执行: url=https://h5.cloud.189.cn/share.html#/t/JV3Y3mZreqmi, target_folder_id=-11
2026-01-16 23:58:23 - app - INFO - 解析天翼分享链接: url=https://h5.cloud.189.cn/share.html#/t/JV3Y3mZreqmi, share_code=JV3Y3mZreqmi, access_code=
2026-01-16 23:58:23 - app - INFO - 开始转存189分享: share_code=JV3Y3mZreqmi
2026-01-16 23:58:23 - app - INFO - 分享信息: shareId=12547119517682, shareMode=3, rootFileId=323421229629570696
2026-01-16 23:58:23 - app - INFO - 列出分享目录请求: {'shareId': 12547119517682, 'isFolder': 'true', 'shareMode': 3, 'orderBy': 'lastOpTime', 'descending': 'true', 'pageNum': 1, 'pageSize': 1000, 'fileId': '323421229629570696'}
2026-01-16 23:58:23 - app - INFO - 列出分享目录响应: {'res_code': 0, 'res_message': '成功', 'expireTime': 0, 'expireType': 0, 'fileListAO': {'count': 2, 'fileList': [{'createDate': '2026-01-15 00:12:04', 'fileCata': 1, 'id': 525233229659568152, 'lastOpTime': '2026-01-15 00:12:04', 'md5': '2DB96647BD5C3C356863B1685A4734E8', 'mediaType': 4, 'name': '雷鲸小站3.txt', 'rev': '20260115001204', 'size': 204, 'starLabel': 2}], 'fileListSize': 1, 'folderList': [{'createDate': '2026-01-15 00:02:36', 'fileCata': 1, 'fileListSize': 0, 'id': 924631229621493439, 'lastOpTime': '2026-01-15 00:29:11', 'name': 'Season 1', 'parentId': 323421229629570696, 'rev': '20260115002911', 'starLabel': 2}]}, 'lastRev': 20260116235907}
2026-01-16 23:58:23 - app - INFO - 准备转存 2 个文件/文件夹
2026-01-16 23:58:23 - app - INFO - 189转存任务参数: type=SHARE_SAVE, shareId=12547119517682, targetFolderId=-11, shareMode=3
2026-01-16 23:58:23 - app - INFO - 189转存文件列表: [{"fileId": "924631229621493439", "fileName": "Season 1", "isFolder": 1}, {"fileId": "525233229659568152", "fileName": "\u96f7\u9cb8\u5c0f\u7ad93.txt", "isFolder": 0}]
2026-01-16 23:58:23 - app - INFO - 创建批量任务请求: {'type': 'SHARE_SAVE', 'shareId': '12547119517682', 'taskInfos': '[{"fileId": "924631229621493439", "fileName": "Season 1", "isFolder": 1}, {"fileId": "525233229659568152", "fileName": "\\u96f7\\u9cb8\\u5c0f\\u7ad93.txt", "isFolder": 0}]', 'targetFolderId': '-11', 'shareMode': '3'}
2026-01-16 23:58:23 - app - INFO - 创建批量任务响应状态码: 400
2026-01-16 23:58:23 - app - INFO - 创建批量任务响应头: {'Server': 'openresty', 'Date': 'Fri, 16 Jan 2026 15:59:08 GMT', 'Content-Type': 'application/json;charset=UTF-8', 'Content-Length': '125', 'Connection': 'keep-alive', 'Access-Control-Allow-Origin': 'https://cloud.189.cn', 'Access-Control-Allow-Credentials': 'true', 'Status-Code': '400'}
2026-01-16 23:58:23 - app - INFO - 创建批量任务响应内容: {"errorCode":"InvalidSessionKey","errorMsg":"check ip error - curIp=183.199.43.49, cookiesIp=117.133.153.146","success":null}
2026-01-16 23:58:23 - app - INFO - save_share返回: {'success': False, 'message': '请求失败，状态码: 400'}
2026-01-16 23:58:23 - app - INFO - [任务2] [1/1] 转存失败: 请求失败，状态码: 400
2026-01-16 23:58:23 - app - INFO - [任务2] 任务执行完成！成功: 0, 失败: 1, 文件数: 0
2026-01-16 23:58:41 - app - INFO - 许可证管理器初始化完成,服务器: http://license.22l2.com
2026-01-16 23:58:41 - app - INFO - 初始化许可证管理器...
2026-01-16 23:58:43 - app - INFO - 解密密钥设置成功
2026-01-16 23:58:43 - app - INFO - 解密密钥获取成功
2026-01-16 23:58:43 - app - INFO - 解密密钥获取成功，配置已就绪
2026-01-16 23:58:43 - app - INFO - 配置解密成功
2026-01-16 23:58:43 - app - INFO - 夸克API配置加载成功
2026-01-16 23:58:43 - app - INFO - 夸克API配置加载完成
2026-01-16 23:58:43 - app - INFO - 检查数据库...
2026-01-16 23:58:43 - app - INFO - 数据库检查完成
2026-01-16 23:58:43 - app - INFO - 检查数据库迁移...
2026-01-16 23:58:43 - app - INFO - 数据库迁移检查完成
2026-01-16 23:58:43 - app - INFO - 清理异常中断的任务状态...
2026-01-16 23:58:43 - app - INFO - 升级管理器初始化完成
2026-01-16 23:58:43 - app - INFO - Flask应用创建成功
2026-01-16 23:58:43 - app - INFO - 静态文件目录: C:\Data\夸克转存\client\frontend
2026-01-16 23:58:43 - app - INFO - 扫描本地插件目录...
2026-01-16 23:58:43 - app - INFO - 插件扫描完成: 发现 1 个，新安装 0 个，已存在 1 个
2026-01-16 23:58:43 - app - INFO - 恢复已启动的插件...
2026-01-16 23:58:43 - app - INFO - 插件恢复完成: 总计 1 个，成功 1 个，失败 0 个
2026-01-16 23:58:43 - app - INFO - 启动任务调度服务...
2026-01-16 23:58:43 - app - INFO - 检查被中断的影视下载任务...
2026-01-16 23:58:43 - app - INFO - 没有需要恢复的影视下载任务
2026-01-16 23:58:43 - app - INFO - 账期生成循环已启动
2026-01-16 23:58:43 - app - INFO - 账期生成线程已启动
2026-01-16 23:58:43 - app - INFO - 开始生成 2026-01-16 的任务账期
2026-01-16 23:58:43 - app - INFO - 任务执行循环已启动
2026-01-16 23:58:43 - app - INFO - 任务执行线程已启动
2026-01-16 23:58:43 - app - INFO - 日志清理循环已启动
2026-01-16 23:58:43 - app - INFO - 日志清理线程已启动
2026-01-16 23:58:43 - app - INFO - 下次日志清理时间: 2026-01-17 02:00:00
2026-01-16 23:58:43 - app - INFO - 启动Flask服务: http://0.0.0.0:8520
2026-01-16 23:58:43 - app - INFO - 跳过一次性执行任务: 测试
2026-01-16 23:58:43 - app - INFO - 跳过一次性执行任务: 测试谢谢谢谢
2026-01-16 23:58:43 - app - INFO - 跳过一次性执行任务: 测试189
2026-01-16 23:58:43 - app - INFO - 跳过一次性执行任务: 小城大事
2026-01-16 23:58:43 - app - INFO - ✅ 生成完成，共创建 0 条待执行记录
2026-01-16 23:58:43 - app - INFO - 下次生成账期时间: 2026-01-17 00:00:00, 等待 77 秒
2026-01-16 23:59:41 - app - INFO - 检查登录状态, session内容: {'_permanent': True, 'user_id': 1, 'username': 'admin'}, cookies: ImmutableMultiDict([('session', 'eyJfcGVybWFuZW50Ijp0cnVlLCJ1c2VyX2lkIjoxLCJ1c2VybmFtZSI6ImFkbWluIn0.aWpgbQ.fOxUESFDUKClSuKHGS7J-0Taa90')])
2026-01-16 23:59:41 - app - INFO - 检查登录状态, session内容: {'_permanent': True, 'user_id': 1, 'username': 'admin'}, cookies: ImmutableMultiDict([('session', 'eyJfcGVybWFuZW50Ijp0cnVlLCJ1c2VyX2lkIjoxLCJ1c2VybmFtZSI6ImFkbWluIn0.aWpgbQ.fOxUESFDUKClSuKHGS7J-0Taa90')])
2026-01-16 23:59:44 - app - INFO - 检查更新: 当前版本 2.1.4
2026-01-16 23:59:52 - app - INFO - 检查更新成功: {'has_update': False, 'message': '当前已是最新版本'}
2026-01-17 00:00:05 - app - INFO - [TaskExecutor] start_task 被调用: task_id=1, execution_id=None, schedule_period=None
2026-01-17 00:00:05 - app - INFO - [TaskExecutor] 任务 1 状态已初始化到 _running_tasks
2026-01-17 00:00:05 - app - INFO - [TaskExecutor] _execute_task 线程开始执行: task_id=1
2026-01-17 00:00:05 - app - INFO - [TaskExecutor] 任务 1 执行线程已启动
2026-01-17 00:00:05 - app - INFO - [TaskExecutor] 从_running_tasks获取: execution_id=None, schedule_period=None
2026-01-17 00:00:05 - app - INFO - [TaskExecutor] 开始获取任务信息: task_id=1
2026-01-17 00:00:05 - app - INFO - [TaskExecutor] 任务信息获取成功: 测试
2026-01-17 00:00:05 - app - INFO - [TaskExecutor] 开始创建执行历史记录
2026-01-17 00:00:05 - app - INFO - [TaskExecutor] 执行历史记录创建成功: execution_id=51
2026-01-17 00:00:05 - app - INFO - [TaskExecutor] execution_id已更新到_running_tasks
2026-01-17 00:00:05 - app - INFO - [TaskExecutor] 开始记录日志
2026-01-17 00:00:05 - app - INFO - [下载任务1] 任务已启动，正在初始化...
2026-01-17 00:00:05 - app - INFO - [下载任务1] 执行历史记录ID: 51
2026-01-17 00:00:05 - app - INFO - [下载任务1] 开始执行任务: 测试
2026-01-17 00:00:05 - app - INFO - [下载任务1] 使用账号: ces
2026-01-17 00:00:05 - app - INFO - [下载任务1] 网盘目录: /来自：分享/小样如我
2026-01-17 00:00:05 - app - INFO - [下载任务1] 本地目录: C:\Data\下载
2026-01-17 00:00:05 - app - INFO - [下载任务1] 云盘类型: quark
2026-01-17 00:00:05 - app - INFO - [下载任务1] 正在获取文件列表...
2026-01-17 00:00:05 - app - INFO - [下载任务1] 解析路径: 来自：分享 -> 小样如我
2026-01-17 00:00:05 - app - INFO - [下载任务1] 执行异常: 'QuarkService' object has no attribute 'list_files'
2026-01-17 00:00:05 - app - ERROR - 执行下载任务异常: 'QuarkService' object has no attribute 'list_files'
Traceback (most recent call last):
  File "C:\Data\夸克转存\client\backend\services\task_executor.py", line 601, in _execute_task
    files = cloud_service.list_files(current_fid)
AttributeError: 'QuarkService' object has no attribute 'list_files'
2026-01-17 00:00:11 - app - INFO - 开始生成 2026-01-17 的任务账期
2026-01-17 00:00:11 - app - INFO - 跳过一次性执行任务: 测试
2026-01-17 00:00:11 - app - INFO - 跳过一次性执行任务: 测试谢谢谢谢
2026-01-17 00:00:11 - app - INFO - 跳过一次性执行任务: 测试189
2026-01-17 00:00:11 - app - INFO - 跳过一次性执行任务: 小城大事
2026-01-17 00:00:11 - app - INFO - ✅ 生成完成，共创建 0 条待执行记录
2026-01-17 00:00:11 - app - INFO - 下次生成账期时间: 2026-01-18 00:00:00, 等待 86389 秒
2026-01-17 00:00:34 - app - INFO - [TaskExecutor] start_task 被调用: task_id=2, execution_id=None, schedule_period=None
2026-01-17 00:00:34 - app - INFO - [TaskExecutor] 任务 2 状态已初始化到 _running_tasks
2026-01-17 00:00:34 - app - INFO - [TaskExecutor] _execute_task 线程开始执行: task_id=2
2026-01-17 00:00:34 - app - INFO - [TaskExecutor] 任务 2 执行线程已启动
2026-01-17 00:00:34 - app - INFO - [TaskExecutor] 从_running_tasks获取: execution_id=None, schedule_period=None
2026-01-17 00:00:34 - app - INFO - [TaskExecutor] 开始获取任务信息: task_id=2
2026-01-17 00:00:34 - app - INFO - [TaskExecutor] 任务信息获取成功: 测试189
2026-01-17 00:00:34 - app - INFO - [TaskExecutor] 开始创建执行历史记录
2026-01-17 00:00:34 - app - INFO - [TaskExecutor] 执行历史记录创建成功: execution_id=52
2026-01-17 00:00:34 - app - INFO - [TaskExecutor] execution_id已更新到_running_tasks
2026-01-17 00:00:34 - app - INFO - [TaskExecutor] 开始记录日志
2026-01-17 00:00:34 - app - INFO - [下载任务2] 任务已启动，正在初始化...
2026-01-17 00:00:34 - app - INFO - [下载任务2] 执行历史记录ID: 52
2026-01-17 00:00:34 - app - INFO - [下载任务2] 开始执行任务: 测试189
2026-01-17 00:00:34 - app - INFO - [下载任务2] 使用账号: 天意
2026-01-17 00:00:34 - app - INFO - [下载任务2] 网盘目录: /测试
2026-01-17 00:00:34 - app - INFO - [下载任务2] 本地目录: C:\Data\下载
2026-01-17 00:00:34 - app - INFO - [下载任务2] 云盘类型: cloud189
2026-01-17 00:00:34 - app - INFO - 已设置 1 个Cookie字段
2026-01-17 00:00:34 - app - INFO - [下载任务2] 正在获取文件列表...
2026-01-17 00:00:34 - app - INFO - [下载任务2] 解析路径: 测试
2026-01-17 00:00:34 - app - INFO - 189获取文件列表请求: folder_id=-11, page=1, size=100
2026-01-17 00:00:43 - app - INFO - 开始生成 2026-01-17 的任务账期
2026-01-17 00:00:43 - app - INFO - 跳过一次性执行任务: 测试
2026-01-17 00:00:43 - app - INFO - 跳过一次性执行任务: 测试谢谢谢谢
2026-01-17 00:00:43 - app - INFO - 跳过一次性执行任务: 测试189
2026-01-17 00:00:43 - app - INFO - 跳过一次性执行任务: 小城大事
2026-01-17 00:00:43 - app - INFO - ✅ 生成完成，共创建 0 条待执行记录
2026-01-17 00:00:43 - app - INFO - 下次生成账期时间: 2026-01-18 00:00:00, 等待 86357 秒
2026-01-17 00:00:45 - app - INFO - 189文件列表响应状态码: 400
2026-01-17 00:00:45 - app - ERROR - 189文件列表请求失败，状态码: 400
2026-01-17 00:00:45 - app - INFO - [下载任务2] 获取目录失败
2026-01-17 00:00:48 - app - INFO - 更新下载任务成功: ID 2
2026-01-17 00:00:50 - app - INFO - [TaskExecutor] start_task 被调用: task_id=2, execution_id=None, schedule_period=None
2026-01-17 00:00:50 - app - WARNING - [TaskExecutor] 任务 2 已在执行中
2026-01-17 00:00:55 - app - INFO - 更新下载任务成功: ID 1
2026-01-17 00:01:05 - app - INFO - 更新转存任务成功: ID 1
2026-01-17 02:04:01 - app - INFO - 开始清理超过 30 天的调度日志
2026-01-17 02:04:01 - app - INFO - 没有需要清理的调度日志
2026-01-17 02:04:01 - app - INFO - 首次启动，立即执行一次日志清理
2026-01-17 02:04:01 - app - INFO - 开始清理超过 30 天的调度日志
2026-01-17 02:04:01 - app - INFO - 没有需要清理的调度日志
2026-01-17 02:04:01 - app - INFO - 下次日志清理时间: 2026-01-18 02:00:00
