2026-01-02 11:25:16 - app - INFO - 尝试从accelerator.js获取tvid: https://www.iqiyi.com/v_1o68nz8spzc.html
2026-01-02 11:25:28 - app - INFO - 从accelerator.js中提取到tvid: 6125839769481700
2026-01-02 11:25:28 - app - INFO - 尝试从accelerator.js获取tvid: https://www.iqiyi.com/v_1o68nz8spzc.html
2026-01-02 11:25:29 - app - INFO - 从accelerator.js中提取到tvid: 6125839769481700
2026-01-02 11:25:29 - app - INFO - 提取到tvid: 6125839769481700
2026-01-02 16:46:21 - app - INFO - 检查数据库...
2026-01-02 16:46:21 - app - INFO - 数据库检查完成
2026-01-02 16:46:21 - app - INFO - 清理异常中断的任务状态...
2026-01-02 16:46:21 - app - INFO - 已清理 1 个异常中断的任务
2026-01-02 16:46:21 - app - INFO - 已重置 1 个影视下载任务状态
2026-01-02 16:46:21 - app - INFO - Flask应用创建成功
2026-01-02 16:46:21 - app - INFO - 启动任务调度服务...
2026-01-02 16:46:21 - app - INFO - 检查被中断的影视下载任务...
2026-01-02 16:46:21 - app - INFO - 没有需要恢复的影视下载任务
2026-01-02 16:46:21 - app - INFO - 账期生成循环已启动
2026-01-02 16:46:21 - app - INFO - 账期生成线程已启动
2026-01-02 16:46:21 - app - INFO - 开始生成 2026-01-02 的任务账期
2026-01-02 16:46:21 - app - INFO - 任务执行循环已启动
2026-01-02 16:46:21 - app - INFO - 任务执行线程已启动
2026-01-02 16:46:21 - app - INFO - 日志清理循环已启动
2026-01-02 16:46:21 - app - INFO - 日志清理线程已启动
2026-01-02 16:46:21 - app - INFO - 下次日志清理时间: 2026-01-03 02:00:00
2026-01-02 16:46:21 - app - INFO - 启动Flask服务: http://0.0.0.0:9710
2026-01-02 16:46:21 - app - INFO - 跳过一次性执行任务: 腾讯视频_mzc00200znyfa5u
2026-01-02 16:46:21 - app - INFO - ✅ 生成完成，共创建 0 条待执行记录
2026-01-02 16:46:21 - app - INFO - 下次生成账期时间: 2026-01-03 00:00:00, 等待 26019 秒
2026-01-02 16:46:34 - app - INFO - 检查数据库...
2026-01-02 16:46:34 - app - INFO - 数据库检查完成
2026-01-02 16:46:34 - app - INFO - 清理异常中断的任务状态...
2026-01-02 16:46:34 - app - INFO - Flask应用创建成功
2026-01-02 16:46:34 - app - INFO - 启动任务调度服务...
2026-01-02 16:46:34 - app - INFO - 检查被中断的影视下载任务...
2026-01-02 16:46:34 - app - INFO - 没有需要恢复的影视下载任务
2026-01-02 16:46:34 - app - INFO - 账期生成循环已启动
2026-01-02 16:46:34 - app - INFO - 账期生成线程已启动
2026-01-02 16:46:34 - app - INFO - 开始生成 2026-01-02 的任务账期
2026-01-02 16:46:34 - app - INFO - 任务执行循环已启动
2026-01-02 16:46:34 - app - INFO - 任务执行线程已启动
2026-01-02 16:46:34 - app - INFO - 日志清理循环已启动
2026-01-02 16:46:34 - app - INFO - 日志清理线程已启动
2026-01-02 16:46:34 - app - INFO - 下次日志清理时间: 2026-01-03 02:00:00
2026-01-02 16:46:34 - app - INFO - 启动Flask服务: http://0.0.0.0:9710
2026-01-02 16:46:34 - app - INFO - 跳过一次性执行任务: 腾讯视频_mzc00200znyfa5u
2026-01-02 16:46:34 - app - INFO - ✅ 生成完成，共创建 0 条待执行记录
2026-01-02 16:46:34 - app - INFO - 下次生成账期时间: 2026-01-03 00:00:00, 等待 26006 秒
2026-01-02 16:50:11 - app - INFO - 检查数据库...
2026-01-02 16:50:11 - app - INFO - 数据库检查完成
2026-01-02 16:50:11 - app - INFO - 清理异常中断的任务状态...
2026-01-02 16:50:11 - app - INFO - Flask应用创建成功
2026-01-02 16:50:11 - app - INFO - 启动任务调度服务...
2026-01-02 16:50:11 - app - INFO - 检查被中断的影视下载任务...
2026-01-02 16:50:11 - app - INFO - 没有需要恢复的影视下载任务
2026-01-02 16:50:11 - app - INFO - 账期生成循环已启动
2026-01-02 16:50:11 - app - INFO - 账期生成线程已启动
2026-01-02 16:50:11 - app - INFO - 开始生成 2026-01-02 的任务账期
2026-01-02 16:50:11 - app - INFO - 任务执行循环已启动
2026-01-02 16:50:11 - app - INFO - 任务执行线程已启动
2026-01-02 16:50:11 - app - INFO - 日志清理循环已启动
2026-01-02 16:50:11 - app - INFO - 日志清理线程已启动
2026-01-02 16:50:11 - app - INFO - 跳过一次性执行任务: 腾讯视频_mzc00200znyfa5u
2026-01-02 16:50:11 - app - INFO - 下次日志清理时间: 2026-01-03 02:00:00
2026-01-02 16:50:11 - app - INFO - 启动Flask服务: http://0.0.0.0:9710
2026-01-02 16:50:11 - app - INFO - ✅ 生成完成，共创建 0 条待执行记录
2026-01-02 16:50:11 - app - INFO - 下次生成账期时间: 2026-01-03 00:00:00, 等待 25788 秒
2026-01-02 16:50:15 - app - INFO - 用户登录成功: admin
2026-01-02 16:50:20 - app - INFO - 用户登录成功: admin
2026-01-02 16:50:59 - app - INFO - 检查数据库...
2026-01-02 16:50:59 - app - INFO - 数据库检查完成
2026-01-02 16:50:59 - app - INFO - 清理异常中断的任务状态...
2026-01-02 16:50:59 - app - INFO - Flask应用创建成功
2026-01-02 16:50:59 - app - INFO - 启动任务调度服务...
2026-01-02 16:50:59 - app - INFO - 检查被中断的影视下载任务...
2026-01-02 16:50:59 - app - INFO - 没有需要恢复的影视下载任务
2026-01-02 16:50:59 - app - INFO - 账期生成循环已启动
2026-01-02 16:50:59 - app - INFO - 账期生成线程已启动
2026-01-02 16:50:59 - app - INFO - 开始生成 2026-01-02 的任务账期
2026-01-02 16:50:59 - app - INFO - 任务执行循环已启动
2026-01-02 16:50:59 - app - INFO - 任务执行线程已启动
2026-01-02 16:50:59 - app - INFO - 日志清理循环已启动
2026-01-02 16:50:59 - app - INFO - 日志清理线程已启动
2026-01-02 16:50:59 - app - INFO - 下次日志清理时间: 2026-01-03 02:00:00
2026-01-02 16:50:59 - app - INFO - 跳过一次性执行任务: 腾讯视频_mzc00200znyfa5u
2026-01-02 16:50:59 - app - INFO - 启动Flask服务: http://0.0.0.0:9710
2026-01-02 16:50:59 - app - INFO - ✅ 生成完成，共创建 0 条待执行记录
2026-01-02 16:50:59 - app - INFO - 下次生成账期时间: 2026-01-03 00:00:00, 等待 25741 秒
2026-01-02 16:51:21 - app - INFO - 检查数据库...
2026-01-02 16:51:21 - app - INFO - 数据库检查完成
2026-01-02 16:51:21 - app - INFO - 清理异常中断的任务状态...
2026-01-02 16:51:21 - app - INFO - Flask应用创建成功
2026-01-02 16:51:21 - app - INFO - 启动任务调度服务...
2026-01-02 16:51:21 - app - INFO - 检查被中断的影视下载任务...
2026-01-02 16:51:21 - app - INFO - 没有需要恢复的影视下载任务
2026-01-02 16:51:21 - app - INFO - 账期生成循环已启动
2026-01-02 16:51:21 - app - INFO - 账期生成线程已启动
2026-01-02 16:51:21 - app - INFO - 开始生成 2026-01-02 的任务账期
2026-01-02 16:51:21 - app - INFO - 任务执行循环已启动
2026-01-02 16:51:21 - app - INFO - 任务执行线程已启动
2026-01-02 16:51:21 - app - INFO - 日志清理循环已启动
2026-01-02 16:51:21 - app - INFO - 日志清理线程已启动
2026-01-02 16:51:21 - app - INFO - 下次日志清理时间: 2026-01-03 02:00:00
2026-01-02 16:51:21 - app - INFO - 跳过一次性执行任务: 腾讯视频_mzc00200znyfa5u
2026-01-02 16:51:21 - app - INFO - 启动Flask服务: http://0.0.0.0:9710
2026-01-02 16:51:21 - app - INFO - ✅ 生成完成，共创建 0 条待执行记录
2026-01-02 16:51:21 - app - INFO - 下次生成账期时间: 2026-01-03 00:00:00, 等待 25718 秒
2026-01-02 16:51:34 - app - INFO - 检查数据库...
2026-01-02 16:51:34 - app - INFO - 数据库检查完成
2026-01-02 16:51:34 - app - INFO - 清理异常中断的任务状态...
2026-01-02 16:51:34 - app - INFO - Flask应用创建成功
2026-01-02 16:51:34 - app - INFO - 启动任务调度服务...
2026-01-02 16:51:34 - app - INFO - 检查被中断的影视下载任务...
2026-01-02 16:51:34 - app - INFO - 没有需要恢复的影视下载任务
2026-01-02 16:51:34 - app - INFO - 账期生成循环已启动
2026-01-02 16:51:34 - app - INFO - 账期生成线程已启动
2026-01-02 16:51:34 - app - INFO - 开始生成 2026-01-02 的任务账期
2026-01-02 16:51:34 - app - INFO - 任务执行循环已启动
2026-01-02 16:51:34 - app - INFO - 任务执行线程已启动
2026-01-02 16:51:34 - app - INFO - 日志清理循环已启动
2026-01-02 16:51:34 - app - INFO - 日志清理线程已启动
2026-01-02 16:51:34 - app - INFO - 下次日志清理时间: 2026-01-03 02:00:00
2026-01-02 16:51:34 - app - INFO - 跳过一次性执行任务: 腾讯视频_mzc00200znyfa5u
2026-01-02 16:51:34 - app - INFO - 启动Flask服务: http://0.0.0.0:9710
2026-01-02 16:51:34 - app - INFO - ✅ 生成完成，共创建 0 条待执行记录
2026-01-02 16:51:34 - app - INFO - 下次生成账期时间: 2026-01-03 00:00:00, 等待 25706 秒
2026-01-02 16:51:38 - app - INFO - 检查数据库...
2026-01-02 16:51:38 - app - INFO - 数据库检查完成
2026-01-02 16:51:38 - app - INFO - 清理异常中断的任务状态...
2026-01-02 16:51:38 - app - INFO - Flask应用创建成功
2026-01-02 16:51:38 - app - INFO - 启动任务调度服务...
2026-01-02 16:51:39 - app - INFO - 检查被中断的影视下载任务...
2026-01-02 16:51:39 - app - INFO - 没有需要恢复的影视下载任务
2026-01-02 16:51:39 - app - INFO - 账期生成循环已启动
2026-01-02 16:51:39 - app - INFO - 账期生成线程已启动
2026-01-02 16:51:39 - app - INFO - 开始生成 2026-01-02 的任务账期
2026-01-02 16:51:39 - app - INFO - 任务执行循环已启动
2026-01-02 16:51:39 - app - INFO - 任务执行线程已启动
2026-01-02 16:51:39 - app - INFO - 跳过一次性执行任务: 腾讯视频_mzc00200znyfa5u
2026-01-02 16:51:39 - app - INFO - ✅ 生成完成，共创建 0 条待执行记录
2026-01-02 16:51:39 - app - INFO - 日志清理循环已启动
2026-01-02 16:51:39 - app - INFO - 下次生成账期时间: 2026-01-03 00:00:00, 等待 25701 秒
2026-01-02 16:51:39 - app - INFO - 日志清理线程已启动
2026-01-02 16:51:39 - app - INFO - 下次日志清理时间: 2026-01-03 02:00:00
2026-01-02 16:51:39 - app - INFO - 启动Flask服务: http://0.0.0.0:9710
2026-01-02 16:51:43 - app - INFO - 用户登录成功: admin
2026-01-02 16:51:54 - app - INFO - 检查数据库...
2026-01-02 16:51:54 - app - INFO - 数据库检查完成
2026-01-02 16:51:54 - app - INFO - 清理异常中断的任务状态...
2026-01-02 16:51:54 - app - INFO - Flask应用创建成功
2026-01-02 16:51:54 - app - INFO - 启动任务调度服务...
2026-01-02 16:51:54 - app - INFO - 检查被中断的影视下载任务...
2026-01-02 16:51:54 - app - INFO - 没有需要恢复的影视下载任务
2026-01-02 16:51:54 - app - INFO - 账期生成循环已启动
2026-01-02 16:51:54 - app - INFO - 账期生成线程已启动
2026-01-02 16:51:54 - app - INFO - 开始生成 2026-01-02 的任务账期
2026-01-02 16:51:54 - app - INFO - 任务执行循环已启动
2026-01-02 16:51:54 - app - INFO - 任务执行线程已启动
2026-01-02 16:51:54 - app - INFO - 日志清理循环已启动
2026-01-02 16:51:54 - app - INFO - 日志清理线程已启动
2026-01-02 16:51:54 - app - INFO - 下次日志清理时间: 2026-01-03 02:00:00
2026-01-02 16:51:54 - app - INFO - 启动Flask服务: http://0.0.0.0:9710
2026-01-02 16:51:54 - app - INFO - 跳过一次性执行任务: 腾讯视频_mzc00200znyfa5u
2026-01-02 16:51:54 - app - INFO - ✅ 生成完成，共创建 0 条待执行记录
2026-01-02 16:51:54 - app - INFO - 下次生成账期时间: 2026-01-03 00:00:00, 等待 25685 秒
2026-01-02 16:52:07 - app - INFO - 检查数据库...
2026-01-02 16:52:07 - app - INFO - 数据库检查完成
2026-01-02 16:52:07 - app - INFO - 清理异常中断的任务状态...
2026-01-02 16:52:07 - app - INFO - Flask应用创建成功
2026-01-02 16:52:07 - app - INFO - 启动任务调度服务...
2026-01-02 16:52:07 - app - INFO - 检查被中断的影视下载任务...
2026-01-02 16:52:07 - app - INFO - 没有需要恢复的影视下载任务
2026-01-02 16:52:07 - app - INFO - 账期生成循环已启动
2026-01-02 16:52:07 - app - INFO - 账期生成线程已启动
2026-01-02 16:52:07 - app - INFO - 开始生成 2026-01-02 的任务账期
2026-01-02 16:52:07 - app - INFO - 任务执行循环已启动
2026-01-02 16:52:07 - app - INFO - 任务执行线程已启动
2026-01-02 16:52:07 - app - INFO - 日志清理循环已启动
2026-01-02 16:52:07 - app - INFO - 日志清理线程已启动
2026-01-02 16:52:07 - app - INFO - 下次日志清理时间: 2026-01-03 02:00:00
2026-01-02 16:52:07 - app - INFO - 跳过一次性执行任务: 腾讯视频_mzc00200znyfa5u
2026-01-02 16:52:07 - app - INFO - 启动Flask服务: http://0.0.0.0:9710
2026-01-02 16:52:07 - app - INFO - ✅ 生成完成，共创建 0 条待执行记录
2026-01-02 16:52:07 - app - INFO - 下次生成账期时间: 2026-01-03 00:00:00, 等待 25673 秒
2026-01-02 16:52:07 - app - INFO - 用户登录成功: admin
2026-01-02 16:52:09 - app - INFO - 用户登录成功: admin
2026-01-02 16:52:22 - app - INFO - 用户登录成功: admin
2026-01-02 16:52:30 - app - INFO - 检查数据库...
2026-01-02 16:52:30 - app - INFO - 数据库检查完成
2026-01-02 16:52:30 - app - INFO - 清理异常中断的任务状态...
2026-01-02 16:52:30 - app - INFO - Flask应用创建成功
2026-01-02 16:52:30 - app - INFO - 启动任务调度服务...
2026-01-02 16:52:30 - app - INFO - 检查被中断的影视下载任务...
2026-01-02 16:52:30 - app - INFO - 没有需要恢复的影视下载任务
2026-01-02 16:52:30 - app - INFO - 账期生成循环已启动
2026-01-02 16:52:30 - app - INFO - 账期生成线程已启动
2026-01-02 16:52:30 - app - INFO - 开始生成 2026-01-02 的任务账期
2026-01-02 16:52:30 - app - INFO - 任务执行循环已启动
2026-01-02 16:52:30 - app - INFO - 任务执行线程已启动
2026-01-02 16:52:30 - app - INFO - 跳过一次性执行任务: 腾讯视频_mzc00200znyfa5u
2026-01-02 16:52:30 - app - INFO - 日志清理循环已启动
2026-01-02 16:52:30 - app - INFO - 日志清理线程已启动
2026-01-02 16:52:30 - app - INFO - ✅ 生成完成，共创建 0 条待执行记录
2026-01-02 16:52:30 - app - INFO - 下次日志清理时间: 2026-01-03 02:00:00
2026-01-02 16:52:30 - app - INFO - 启动Flask服务: http://0.0.0.0:9710
2026-01-02 16:52:30 - app - INFO - 下次生成账期时间: 2026-01-03 00:00:00, 等待 25649 秒
2026-01-02 16:52:36 - app - INFO - 用户登录成功: admin
2026-01-02 16:52:38 - app - INFO - 用户登录成功: admin
2026-01-02 16:52:46 - app - INFO - 检查数据库...
2026-01-02 16:52:46 - app - INFO - 数据库检查完成
2026-01-02 16:52:46 - app - INFO - 清理异常中断的任务状态...
2026-01-02 16:52:46 - app - INFO - Flask应用创建成功
2026-01-02 16:52:46 - app - INFO - 启动任务调度服务...
2026-01-02 16:52:46 - app - INFO - 检查被中断的影视下载任务...
2026-01-02 16:52:46 - app - INFO - 没有需要恢复的影视下载任务
2026-01-02 16:52:46 - app - INFO - 账期生成循环已启动
2026-01-02 16:52:46 - app - INFO - 账期生成线程已启动
2026-01-02 16:52:46 - app - INFO - 开始生成 2026-01-02 的任务账期
2026-01-02 16:52:46 - app - INFO - 任务执行循环已启动
2026-01-02 16:52:46 - app - INFO - 任务执行线程已启动
2026-01-02 16:52:46 - app - INFO - 日志清理循环已启动
2026-01-02 16:52:46 - app - INFO - 日志清理线程已启动
2026-01-02 16:52:46 - app - INFO - 下次日志清理时间: 2026-01-03 02:00:00
2026-01-02 16:52:46 - app - INFO - 跳过一次性执行任务: 腾讯视频_mzc00200znyfa5u
2026-01-02 16:52:46 - app - INFO - 启动Flask服务: http://0.0.0.0:9710
2026-01-02 16:52:46 - app - INFO - ✅ 生成完成，共创建 0 条待执行记录
2026-01-02 16:52:46 - app - INFO - 下次生成账期时间: 2026-01-03 00:00:00, 等待 25633 秒
2026-01-02 16:53:02 - app - INFO - 检查数据库...
2026-01-02 16:53:02 - app - INFO - 数据库检查完成
2026-01-02 16:53:02 - app - INFO - 清理异常中断的任务状态...
2026-01-02 16:53:02 - app - INFO - Flask应用创建成功
2026-01-02 16:53:02 - app - INFO - 启动任务调度服务...
2026-01-02 16:53:02 - app - INFO - 检查被中断的影视下载任务...
2026-01-02 16:53:02 - app - INFO - 没有需要恢复的影视下载任务
2026-01-02 16:53:02 - app - INFO - 账期生成循环已启动
2026-01-02 16:53:02 - app - INFO - 账期生成线程已启动
2026-01-02 16:53:02 - app - INFO - 开始生成 2026-01-02 的任务账期
2026-01-02 16:53:02 - app - INFO - 任务执行循环已启动
2026-01-02 16:53:02 - app - INFO - 任务执行线程已启动
2026-01-02 16:53:02 - app - INFO - 日志清理循环已启动
2026-01-02 16:53:02 - app - INFO - 日志清理线程已启动
2026-01-02 16:53:02 - app - INFO - 下次日志清理时间: 2026-01-03 02:00:00
2026-01-02 16:53:02 - app - INFO - 跳过一次性执行任务: 腾讯视频_mzc00200znyfa5u
2026-01-02 16:53:02 - app - INFO - 启动Flask服务: http://0.0.0.0:9710
2026-01-02 16:53:02 - app - INFO - ✅ 生成完成，共创建 0 条待执行记录
2026-01-02 16:53:02 - app - INFO - 下次生成账期时间: 2026-01-03 00:00:00, 等待 25617 秒
2026-01-02 16:53:15 - app - INFO - 检查数据库...
2026-01-02 16:53:15 - app - INFO - 数据库检查完成
2026-01-02 16:53:15 - app - INFO - 清理异常中断的任务状态...
2026-01-02 16:53:15 - app - INFO - Flask应用创建成功
2026-01-02 16:53:15 - app - INFO - 启动任务调度服务...
2026-01-02 16:53:15 - app - INFO - 检查被中断的影视下载任务...
2026-01-02 16:53:15 - app - INFO - 没有需要恢复的影视下载任务
2026-01-02 16:53:15 - app - INFO - 账期生成循环已启动
2026-01-02 16:53:15 - app - INFO - 账期生成线程已启动
2026-01-02 16:53:15 - app - INFO - 开始生成 2026-01-02 的任务账期
2026-01-02 16:53:15 - app - INFO - 任务执行循环已启动
2026-01-02 16:53:15 - app - INFO - 任务执行线程已启动
2026-01-02 16:53:15 - app - INFO - 日志清理循环已启动
2026-01-02 16:53:15 - app - INFO - 日志清理线程已启动
2026-01-02 16:53:15 - app - INFO - 下次日志清理时间: 2026-01-03 02:00:00
2026-01-02 16:53:15 - app - INFO - 跳过一次性执行任务: 腾讯视频_mzc00200znyfa5u
2026-01-02 16:53:15 - app - INFO - 启动Flask服务: http://0.0.0.0:9710
2026-01-02 16:53:15 - app - INFO - ✅ 生成完成，共创建 0 条待执行记录
2026-01-02 16:53:15 - app - INFO - 下次生成账期时间: 2026-01-03 00:00:00, 等待 25604 秒
2026-01-02 16:53:16 - app - INFO - 用户登录成功: admin
2026-01-02 16:53:27 - app - INFO - 用户登录成功: admin
2026-01-02 16:53:44 - app - INFO - 用户登录成功: admin
2026-01-02 16:54:14 - app - INFO - 用户登录成功: admin
2026-01-02 16:54:22 - app - INFO - 检查数据库...
2026-01-02 16:54:22 - app - INFO - 数据库检查完成
2026-01-02 16:54:22 - app - INFO - 清理异常中断的任务状态...
2026-01-02 16:54:22 - app - INFO - Flask应用创建成功
2026-01-02 16:54:22 - app - INFO - 启动任务调度服务...
2026-01-02 16:54:22 - app - INFO - 检查被中断的影视下载任务...
2026-01-02 16:54:22 - app - INFO - 没有需要恢复的影视下载任务
2026-01-02 16:54:22 - app - INFO - 账期生成循环已启动
2026-01-02 16:54:22 - app - INFO - 账期生成线程已启动
2026-01-02 16:54:22 - app - INFO - 开始生成 2026-01-02 的任务账期
2026-01-02 16:54:22 - app - INFO - 任务执行循环已启动
2026-01-02 16:54:22 - app - INFO - 任务执行线程已启动
2026-01-02 16:54:22 - app - INFO - 日志清理循环已启动
2026-01-02 16:54:22 - app - INFO - 日志清理线程已启动
2026-01-02 16:54:22 - app - INFO - 下次日志清理时间: 2026-01-03 02:00:00
2026-01-02 16:54:22 - app - INFO - 跳过一次性执行任务: 腾讯视频_mzc00200znyfa5u
2026-01-02 16:54:22 - app - INFO - 启动Flask服务: http://0.0.0.0:9710
2026-01-02 16:54:22 - app - INFO - ✅ 生成完成，共创建 0 条待执行记录
2026-01-02 16:54:22 - app - INFO - 下次生成账期时间: 2026-01-03 00:00:00, 等待 25538 秒
2026-01-02 16:54:28 - app - INFO - 检查数据库...
2026-01-02 16:54:28 - app - INFO - 数据库检查完成
2026-01-02 16:54:28 - app - INFO - 清理异常中断的任务状态...
2026-01-02 16:54:28 - app - INFO - Flask应用创建成功
2026-01-02 16:54:28 - app - INFO - 启动任务调度服务...
2026-01-02 16:54:28 - app - INFO - 检查被中断的影视下载任务...
2026-01-02 16:54:28 - app - INFO - 没有需要恢复的影视下载任务
2026-01-02 16:54:28 - app - INFO - 账期生成循环已启动
2026-01-02 16:54:28 - app - INFO - 账期生成线程已启动
2026-01-02 16:54:28 - app - INFO - 开始生成 2026-01-02 的任务账期
2026-01-02 16:54:28 - app - INFO - 任务执行循环已启动
2026-01-02 16:54:28 - app - INFO - 任务执行线程已启动
2026-01-02 16:54:28 - app - INFO - 跳过一次性执行任务: 腾讯视频_mzc00200znyfa5u
2026-01-02 16:54:28 - app - INFO - 日志清理循环已启动
2026-01-02 16:54:28 - app - INFO - 日志清理线程已启动
2026-01-02 16:54:28 - app - INFO - ✅ 生成完成，共创建 0 条待执行记录
2026-01-02 16:54:28 - app - INFO - 下次日志清理时间: 2026-01-03 02:00:00
2026-01-02 16:54:28 - app - INFO - 启动Flask服务: http://0.0.0.0:9710
2026-01-02 16:54:28 - app - INFO - 下次生成账期时间: 2026-01-03 00:00:00, 等待 25532 秒
2026-01-02 16:54:42 - app - INFO - 检查数据库...
2026-01-02 16:54:42 - app - INFO - 数据库检查完成
2026-01-02 16:54:42 - app - INFO - 清理异常中断的任务状态...
2026-01-02 16:54:43 - app - INFO - Flask应用创建成功
2026-01-02 16:54:43 - app - INFO - 启动任务调度服务...
2026-01-02 16:54:43 - app - INFO - 检查被中断的影视下载任务...
2026-01-02 16:54:43 - app - INFO - 没有需要恢复的影视下载任务
2026-01-02 16:54:43 - app - INFO - 账期生成循环已启动
2026-01-02 16:54:43 - app - INFO - 账期生成线程已启动
2026-01-02 16:54:43 - app - INFO - 开始生成 2026-01-02 的任务账期
2026-01-02 16:54:43 - app - INFO - 任务执行循环已启动
2026-01-02 16:54:43 - app - INFO - 任务执行线程已启动
2026-01-02 16:54:43 - app - INFO - 日志清理循环已启动
2026-01-02 16:54:43 - app - INFO - 跳过一次性执行任务: 腾讯视频_mzc00200znyfa5u
2026-01-02 16:54:43 - app - INFO - 日志清理线程已启动
2026-01-02 16:54:43 - app - INFO - 下次日志清理时间: 2026-01-03 02:00:00
2026-01-02 16:54:43 - app - INFO - ✅ 生成完成，共创建 0 条待执行记录
2026-01-02 16:54:43 - app - INFO - 启动Flask服务: http://0.0.0.0:9710
2026-01-02 16:54:43 - app - INFO - 下次生成账期时间: 2026-01-03 00:00:00, 等待 25517 秒
2026-01-02 16:54:55 - app - INFO - 检查数据库...
2026-01-02 16:54:55 - app - INFO - 数据库检查完成
2026-01-02 16:54:55 - app - INFO - 清理异常中断的任务状态...
2026-01-02 16:54:55 - app - INFO - Flask应用创建成功
2026-01-02 16:54:55 - app - INFO - 启动任务调度服务...
2026-01-02 16:54:55 - app - INFO - 检查被中断的影视下载任务...
2026-01-02 16:54:55 - app - INFO - 没有需要恢复的影视下载任务
2026-01-02 16:54:55 - app - INFO - 账期生成循环已启动
2026-01-02 16:54:55 - app - INFO - 账期生成线程已启动
2026-01-02 16:54:55 - app - INFO - 开始生成 2026-01-02 的任务账期
2026-01-02 16:54:55 - app - INFO - 任务执行循环已启动
2026-01-02 16:54:55 - app - INFO - 任务执行线程已启动
2026-01-02 16:54:55 - app - INFO - 跳过一次性执行任务: 腾讯视频_mzc00200znyfa5u
2026-01-02 16:54:55 - app - INFO - 日志清理循环已启动
2026-01-02 16:54:55 - app - INFO - 日志清理线程已启动
2026-01-02 16:54:55 - app - INFO - ✅ 生成完成，共创建 0 条待执行记录
2026-01-02 16:54:55 - app - INFO - 下次日志清理时间: 2026-01-03 02:00:00
2026-01-02 16:54:55 - app - INFO - 启动Flask服务: http://0.0.0.0:9710
2026-01-02 16:54:55 - app - INFO - 下次生成账期时间: 2026-01-03 00:00:00, 等待 25504 秒
2026-01-02 16:54:56 - app - INFO - 用户登录成功: admin
2026-01-02 16:55:02 - app - INFO - 用户登录成功: admin
2026-01-02 16:55:08 - app - INFO - 用户登录成功: admin
2026-01-02 16:55:47 - app - ERROR - 获取许可证失败: no such table: licenses
2026-01-02 16:55:47 - app - ERROR - 获取今日统计失败: no such table: daily_usage_stats
2026-01-02 16:57:02 - app - INFO - 用户登录成功: admin
2026-01-02 16:58:58 - app - INFO - 用户登录成功: admin
2026-01-02 17:01:33 - app - INFO - 检查数据库...
2026-01-02 17:01:33 - app - INFO - 数据库检查完成
2026-01-02 17:01:33 - app - INFO - 清理异常中断的任务状态...
2026-01-02 17:01:33 - app - INFO - Flask应用创建成功
2026-01-02 17:01:33 - app - INFO - 启动任务调度服务...
2026-01-02 17:01:33 - app - INFO - 检查被中断的影视下载任务...
2026-01-02 17:01:33 - app - INFO - 没有需要恢复的影视下载任务
2026-01-02 17:01:33 - app - INFO - 账期生成循环已启动
2026-01-02 17:01:33 - app - INFO - 账期生成线程已启动
2026-01-02 17:01:33 - app - INFO - 开始生成 2026-01-02 的任务账期
2026-01-02 17:01:33 - app - INFO - 任务执行循环已启动
2026-01-02 17:01:33 - app - INFO - 任务执行线程已启动
2026-01-02 17:01:33 - app - INFO - 日志清理循环已启动
2026-01-02 17:01:33 - app - INFO - 日志清理线程已启动
2026-01-02 17:01:33 - app - INFO - 下次日志清理时间: 2026-01-03 02:00:00
2026-01-02 17:01:33 - app - INFO - 启动Flask服务: http://0.0.0.0:9710
2026-01-02 17:01:33 - app - INFO - 跳过一次性执行任务: 腾讯视频_mzc00200znyfa5u
2026-01-02 17:01:33 - app - INFO - ✅ 生成完成，共创建 0 条待执行记录
2026-01-02 17:01:33 - app - INFO - 下次生成账期时间: 2026-01-03 00:00:00, 等待 25106 秒
2026-01-02 17:01:47 - app - INFO - 检查数据库...
2026-01-02 17:01:47 - app - INFO - 数据库检查完成
2026-01-02 17:01:47 - app - INFO - 清理异常中断的任务状态...
2026-01-02 17:01:47 - app - INFO - Flask应用创建成功
2026-01-02 17:01:47 - app - INFO - 启动任务调度服务...
2026-01-02 17:01:47 - app - INFO - 检查被中断的影视下载任务...
2026-01-02 17:01:47 - app - INFO - 没有需要恢复的影视下载任务
2026-01-02 17:01:47 - app - INFO - 账期生成循环已启动
2026-01-02 17:01:47 - app - INFO - 账期生成线程已启动
2026-01-02 17:01:47 - app - INFO - 开始生成 2026-01-02 的任务账期
2026-01-02 17:01:47 - app - INFO - 任务执行循环已启动
2026-01-02 17:01:47 - app - INFO - 任务执行线程已启动
2026-01-02 17:01:47 - app - INFO - 日志清理循环已启动
2026-01-02 17:01:47 - app - INFO - 日志清理线程已启动
2026-01-02 17:01:47 - app - INFO - 下次日志清理时间: 2026-01-03 02:00:00
2026-01-02 17:01:47 - app - INFO - 跳过一次性执行任务: 腾讯视频_mzc00200znyfa5u
2026-01-02 17:01:47 - app - INFO - 启动Flask服务: http://0.0.0.0:9710
2026-01-02 17:01:47 - app - INFO - ✅ 生成完成，共创建 0 条待执行记录
2026-01-02 17:01:47 - app - INFO - 下次生成账期时间: 2026-01-03 00:00:00, 等待 25092 秒
2026-01-02 17:02:04 - app - INFO - 检查数据库...
2026-01-02 17:02:04 - app - INFO - 数据库检查完成
2026-01-02 17:02:04 - app - INFO - 清理异常中断的任务状态...
2026-01-02 17:02:04 - app - INFO - Flask应用创建成功
2026-01-02 17:02:04 - app - INFO - 启动任务调度服务...
2026-01-02 17:02:04 - app - INFO - 检查被中断的影视下载任务...
2026-01-02 17:02:04 - app - INFO - 没有需要恢复的影视下载任务
2026-01-02 17:02:04 - app - INFO - 账期生成循环已启动
2026-01-02 17:02:04 - app - INFO - 账期生成线程已启动
2026-01-02 17:02:04 - app - INFO - 开始生成 2026-01-02 的任务账期
2026-01-02 17:02:04 - app - INFO - 任务执行循环已启动
2026-01-02 17:02:04 - app - INFO - 任务执行线程已启动
2026-01-02 17:02:04 - app - INFO - 日志清理循环已启动
2026-01-02 17:02:04 - app - INFO - 日志清理线程已启动
2026-01-02 17:02:04 - app - INFO - 下次日志清理时间: 2026-01-03 02:00:00
2026-01-02 17:02:04 - app - INFO - 跳过一次性执行任务: 腾讯视频_mzc00200znyfa5u
2026-01-02 17:02:04 - app - INFO - 启动Flask服务: http://0.0.0.0:9710
2026-01-02 17:02:04 - app - INFO - ✅ 生成完成，共创建 0 条待执行记录
2026-01-02 17:02:04 - app - INFO - 下次生成账期时间: 2026-01-03 00:00:00, 等待 25075 秒
2026-01-02 17:02:17 - app - INFO - 检查数据库...
2026-01-02 17:02:17 - app - INFO - 数据库检查完成
2026-01-02 17:02:17 - app - INFO - 清理异常中断的任务状态...
2026-01-02 17:02:17 - app - INFO - Flask应用创建成功
2026-01-02 17:02:17 - app - INFO - 启动任务调度服务...
2026-01-02 17:02:17 - app - INFO - 检查被中断的影视下载任务...
2026-01-02 17:02:17 - app - INFO - 没有需要恢复的影视下载任务
2026-01-02 17:02:17 - app - INFO - 账期生成循环已启动
2026-01-02 17:02:17 - app - INFO - 账期生成线程已启动
2026-01-02 17:02:17 - app - INFO - 开始生成 2026-01-02 的任务账期
2026-01-02 17:02:17 - app - INFO - 任务执行循环已启动
2026-01-02 17:02:17 - app - INFO - 任务执行线程已启动
2026-01-02 17:02:17 - app - INFO - 跳过一次性执行任务: 腾讯视频_mzc00200znyfa5u
2026-01-02 17:02:17 - app - INFO - 日志清理循环已启动
2026-01-02 17:02:17 - app - INFO - 日志清理线程已启动
2026-01-02 17:02:17 - app - INFO - ✅ 生成完成，共创建 0 条待执行记录
2026-01-02 17:02:17 - app - INFO - 下次日志清理时间: 2026-01-03 02:00:00
2026-01-02 17:02:17 - app - INFO - 启动Flask服务: http://0.0.0.0:9710
2026-01-02 17:02:17 - app - INFO - 下次生成账期时间: 2026-01-03 00:00:00, 等待 25063 秒
2026-01-02 17:02:22 - app - INFO - 用户登录成功: admin, session_id: N/A
2026-01-02 17:02:30 - app - INFO - 用户登录成功: admin, session_id: N/A
2026-01-02 17:02:49 - app - INFO - 用户登录成功: admin, session_id: N/A
2026-01-02 17:03:43 - app - INFO - 检查数据库...
2026-01-02 17:03:43 - app - INFO - 数据库检查完成
2026-01-02 17:03:43 - app - INFO - 清理异常中断的任务状态...
2026-01-02 17:03:43 - app - INFO - Flask应用创建成功
2026-01-02 17:03:43 - app - INFO - 启动任务调度服务...
2026-01-02 17:03:43 - app - INFO - 检查被中断的影视下载任务...
2026-01-02 17:03:43 - app - INFO - 没有需要恢复的影视下载任务
2026-01-02 17:03:43 - app - INFO - 账期生成循环已启动
2026-01-02 17:03:43 - app - INFO - 账期生成线程已启动
2026-01-02 17:03:43 - app - INFO - 开始生成 2026-01-02 的任务账期
2026-01-02 17:03:43 - app - INFO - 任务执行循环已启动
2026-01-02 17:03:43 - app - INFO - 任务执行线程已启动
2026-01-02 17:03:43 - app - INFO - 日志清理循环已启动
2026-01-02 17:03:43 - app - INFO - 日志清理线程已启动
2026-01-02 17:03:43 - app - INFO - 下次日志清理时间: 2026-01-03 02:00:00
2026-01-02 17:03:43 - app - INFO - 启动Flask服务: http://0.0.0.0:9710
2026-01-02 17:03:43 - app - INFO - 跳过一次性执行任务: 腾讯视频_mzc00200znyfa5u
2026-01-02 17:03:43 - app - INFO - ✅ 生成完成，共创建 0 条待执行记录
2026-01-02 17:03:43 - app - INFO - 下次生成账期时间: 2026-01-03 00:00:00, 等待 24977 秒
2026-01-02 17:03:54 - app - INFO - 检查数据库...
2026-01-02 17:03:54 - app - INFO - 数据库检查完成
2026-01-02 17:03:54 - app - INFO - 清理异常中断的任务状态...
2026-01-02 17:03:54 - app - INFO - Flask应用创建成功
2026-01-02 17:03:54 - app - INFO - 启动任务调度服务...
2026-01-02 17:03:54 - app - INFO - 检查被中断的影视下载任务...
2026-01-02 17:03:54 - app - INFO - 没有需要恢复的影视下载任务
2026-01-02 17:03:54 - app - INFO - 账期生成循环已启动
2026-01-02 17:03:54 - app - INFO - 账期生成线程已启动
2026-01-02 17:03:54 - app - INFO - 开始生成 2026-01-02 的任务账期
2026-01-02 17:03:54 - app - INFO - 任务执行循环已启动
2026-01-02 17:03:54 - app - INFO - 任务执行线程已启动
2026-01-02 17:03:54 - app - INFO - 日志清理循环已启动
2026-01-02 17:03:54 - app - INFO - 日志清理线程已启动
2026-01-02 17:03:54 - app - INFO - 下次日志清理时间: 2026-01-03 02:00:00
2026-01-02 17:03:54 - app - INFO - 跳过一次性执行任务: 腾讯视频_mzc00200znyfa5u
2026-01-02 17:03:54 - app - INFO - 启动Flask服务: http://0.0.0.0:9710
2026-01-02 17:03:54 - app - INFO - ✅ 生成完成，共创建 0 条待执行记录
2026-01-02 17:03:54 - app - INFO - 下次生成账期时间: 2026-01-03 00:00:00, 等待 24966 秒
2026-01-02 17:04:13 - app - INFO - 检查数据库...
2026-01-02 17:04:13 - app - INFO - 数据库检查完成
2026-01-02 17:04:13 - app - INFO - 清理异常中断的任务状态...
2026-01-02 17:04:13 - app - INFO - Flask应用创建成功
2026-01-02 17:04:13 - app - INFO - 启动任务调度服务...
2026-01-02 17:04:13 - app - INFO - 检查被中断的影视下载任务...
2026-01-02 17:04:13 - app - INFO - 没有需要恢复的影视下载任务
2026-01-02 17:04:13 - app - INFO - 账期生成循环已启动
2026-01-02 17:04:13 - app - INFO - 账期生成线程已启动
2026-01-02 17:04:13 - app - INFO - 开始生成 2026-01-02 的任务账期
2026-01-02 17:04:13 - app - INFO - 任务执行循环已启动
2026-01-02 17:04:13 - app - INFO - 任务执行线程已启动
2026-01-02 17:04:13 - app - INFO - 跳过一次性执行任务: 腾讯视频_mzc00200znyfa5u
2026-01-02 17:04:13 - app - INFO - 日志清理循环已启动
2026-01-02 17:04:13 - app - INFO - ✅ 生成完成，共创建 0 条待执行记录
2026-01-02 17:04:13 - app - INFO - 日志清理线程已启动
2026-01-02 17:04:13 - app - INFO - 下次日志清理时间: 2026-01-03 02:00:00
2026-01-02 17:04:13 - app - INFO - 下次生成账期时间: 2026-01-03 00:00:00, 等待 24947 秒
2026-01-02 17:04:13 - app - INFO - 启动Flask服务: http://0.0.0.0:9710
2026-01-02 17:04:25 - app - INFO - 检查数据库...
2026-01-02 17:04:25 - app - INFO - 数据库检查完成
2026-01-02 17:04:25 - app - INFO - 清理异常中断的任务状态...
2026-01-02 17:04:25 - app - INFO - Flask应用创建成功
2026-01-02 17:04:25 - app - INFO - 启动任务调度服务...
2026-01-02 17:04:25 - app - INFO - 检查被中断的影视下载任务...
2026-01-02 17:04:25 - app - INFO - 没有需要恢复的影视下载任务
2026-01-02 17:04:25 - app - INFO - 账期生成循环已启动
2026-01-02 17:04:25 - app - INFO - 账期生成线程已启动
2026-01-02 17:04:25 - app - INFO - 开始生成 2026-01-02 的任务账期
2026-01-02 17:04:25 - app - INFO - 任务执行循环已启动
2026-01-02 17:04:25 - app - INFO - 任务执行线程已启动
2026-01-02 17:04:25 - app - INFO - 日志清理循环已启动
2026-01-02 17:04:25 - app - INFO - 日志清理线程已启动
2026-01-02 17:04:25 - app - INFO - 下次日志清理时间: 2026-01-03 02:00:00
2026-01-02 17:04:25 - app - INFO - 跳过一次性执行任务: 腾讯视频_mzc00200znyfa5u
2026-01-02 17:04:25 - app - INFO - 启动Flask服务: http://0.0.0.0:9710
2026-01-02 17:04:25 - app - INFO - ✅ 生成完成，共创建 0 条待执行记录
2026-01-02 17:04:25 - app - INFO - 下次生成账期时间: 2026-01-03 00:00:00, 等待 24934 秒
2026-01-02 17:04:30 - app - INFO - 用户登录成功: admin, session_id: N/A
2026-01-02 17:04:31 - app - INFO - 检查登录状态, session内容: {}, cookies: ImmutableMultiDict([])
2026-01-02 17:05:34 - app - INFO - 用户登录成功: admin, session_id: N/A
2026-01-02 17:05:35 - app - INFO - 检查登录状态, session内容: {}, cookies: ImmutableMultiDict([])
2026-01-02 17:06:24 - app - INFO - 用户登录成功: admin, session_id: N/A
2026-01-02 17:06:25 - app - INFO - 检查登录状态, session内容: {'_permanent': True, 'user_id': 1, 'username': 'admin'}, cookies: ImmutableMultiDict([('session', 'eyJfcGVybWFuZW50Ijp0cnVlLCJ1c2VyX2lkIjoxLCJ1c2VybmFtZSI6ImFkbWluIn0.aVeKkA.lmbezMOAko9vfJpxhIHkUDj5_e8')])
2026-01-02 17:06:25 - app - INFO - 检查登录状态, session内容: {'_permanent': True, 'user_id': 1, 'username': 'admin'}, cookies: ImmutableMultiDict([('session', 'eyJfcGVybWFuZW50Ijp0cnVlLCJ1c2VyX2lkIjoxLCJ1c2VybmFtZSI6ImFkbWluIn0.aVeKkQ.BlMYEvhsrHj3dVlA9I_DW2Tth34')])
2026-01-02 17:08:20 - app - INFO - 检查登录状态, session内容: {'_permanent': True, 'user_id': 1, 'username': 'admin'}, cookies: ImmutableMultiDict([('session', 'eyJfcGVybWFuZW50Ijp0cnVlLCJ1c2VyX2lkIjoxLCJ1c2VybmFtZSI6ImFkbWluIn0.aVeK5g.wdIu0hmOLxxhlOEZVcKuyKLacW4')])
2026-01-02 17:08:20 - app - INFO - 检查登录状态, session内容: {'_permanent': True, 'user_id': 1, 'username': 'admin'}, cookies: ImmutableMultiDict([('session', 'eyJfcGVybWFuZW50Ijp0cnVlLCJ1c2VyX2lkIjoxLCJ1c2VybmFtZSI6ImFkbWluIn0.aVeLBA.avBlF6DiMmMT8NusPSOmD9oOTfM')])
2026-01-02 17:12:20 - app - INFO - 试用版激活成功
2026-01-02 17:12:38 - app - INFO - 检查登录状态, session内容: {'_permanent': True, 'user_id': 1, 'username': 'admin'}, cookies: ImmutableMultiDict([('session', 'eyJfcGVybWFuZW50Ijp0cnVlLCJ1c2VyX2lkIjoxLCJ1c2VybmFtZSI6ImFkbWluIn0.aVeLpQ.bKGJltg17be2d0TnhfKlMRja4lY')])
2026-01-02 17:12:38 - app - INFO - 检查登录状态, session内容: {'_permanent': True, 'user_id': 1, 'username': 'admin'}, cookies: ImmutableMultiDict([('session', 'eyJfcGVybWFuZW50Ijp0cnVlLCJ1c2VyX2lkIjoxLCJ1c2VybmFtZSI6ImFkbWluIn0.aVeMBg.f_61vlCedPXJ8GTPH_ZeIXoxeQU')])
2026-01-02 17:13:00 - app - INFO - 检查登录状态, session内容: {'_permanent': True, 'user_id': 1, 'username': 'admin'}, cookies: ImmutableMultiDict([('session', 'eyJfcGVybWFuZW50Ijp0cnVlLCJ1c2VyX2lkIjoxLCJ1c2VybmFtZSI6ImFkbWluIn0.aVeMFQ.eK-PbNdKWbQ_DtFjJhIxb1BfQlk')])
2026-01-02 17:13:00 - app - INFO - 检查登录状态, session内容: {'_permanent': True, 'user_id': 1, 'username': 'admin'}, cookies: ImmutableMultiDict([('session', 'eyJfcGVybWFuZW50Ijp0cnVlLCJ1c2VyX2lkIjoxLCJ1c2VybmFtZSI6ImFkbWluIn0.aVeMHA.inHb-bLPSDkJIQzdGMq2QlVLp-4')])
2026-01-02 17:13:51 - app - INFO - 检查登录状态, session内容: {}, cookies: ImmutableMultiDict([])
2026-01-02 17:13:55 - app - INFO - 用户登录成功: admin, session_id: N/A
2026-01-02 17:13:56 - app - INFO - 检查登录状态, session内容: {'_permanent': True, 'user_id': 1, 'username': 'admin'}, cookies: ImmutableMultiDict([('session', 'eyJfcGVybWFuZW50Ijp0cnVlLCJ1c2VyX2lkIjoxLCJ1c2VybmFtZSI6ImFkbWluIn0.aVeMUw.NVlBHxVjh-s-8qmDCTrD3NtaKWo')])
2026-01-02 17:13:56 - app - INFO - 检查登录状态, session内容: {'_permanent': True, 'user_id': 1, 'username': 'admin'}, cookies: ImmutableMultiDict([('session', 'eyJfcGVybWFuZW50Ijp0cnVlLCJ1c2VyX2lkIjoxLCJ1c2VybmFtZSI6ImFkbWluIn0.aVeMVA.0efJBpnVpg68ARWpb_P1BTJ4T4g')])
2026-01-02 17:14:02 - app - INFO - 系统配置保存成功
2026-01-02 17:15:20 - app - INFO - 检查登录状态, session内容: {'_permanent': True, 'user_id': 1, 'username': 'admin'}, cookies: ImmutableMultiDict([('session', 'eyJfcGVybWFuZW50Ijp0cnVlLCJ1c2VyX2lkIjoxLCJ1c2VybmFtZSI6ImFkbWluIn0.aVeMYw.DOvKuGa468TNiSbcXzmBHLfyyBA')])
2026-01-02 17:15:20 - app - INFO - 检查登录状态, session内容: {'_permanent': True, 'user_id': 1, 'username': 'admin'}, cookies: ImmutableMultiDict([('session', 'eyJfcGVybWFuZW50Ijp0cnVlLCJ1c2VyX2lkIjoxLCJ1c2VybmFtZSI6ImFkbWluIn0.aVeMqA.4paLQkSQkU2UzA1qN1iE8gBkxiE')])
2026-01-02 17:15:28 - app - INFO - 检查登录状态, session内容: {'_permanent': True, 'user_id': 1, 'username': 'admin'}, cookies: ImmutableMultiDict([('session', 'eyJfcGVybWFuZW50Ijp0cnVlLCJ1c2VyX2lkIjoxLCJ1c2VybmFtZSI6ImFkbWluIn0.aVeMqA.4paLQkSQkU2UzA1qN1iE8gBkxiE')])
2026-01-02 17:15:28 - app - INFO - 检查登录状态, session内容: {'_permanent': True, 'user_id': 1, 'username': 'admin'}, cookies: ImmutableMultiDict([('session', 'eyJfcGVybWFuZW50Ijp0cnVlLCJ1c2VyX2lkIjoxLCJ1c2VybmFtZSI6ImFkbWluIn0.aVeMsA.-ozM-QYRHnKHp_6qzKP9kDCMWjw')])
2026-01-02 17:16:27 - app - INFO - 检查登录状态, session内容: {'_permanent': True, 'user_id': 1, 'username': 'admin'}, cookies: ImmutableMultiDict([('session', 'eyJfcGVybWFuZW50Ijp0cnVlLCJ1c2VyX2lkIjoxLCJ1c2VybmFtZSI6ImFkbWluIn0.aVeMtg.d_szPJ-jAGyND_DqOpu4upKeVdI')])
2026-01-02 17:16:27 - app - INFO - 检查登录状态, session内容: {'_permanent': True, 'user_id': 1, 'username': 'admin'}, cookies: ImmutableMultiDict([('session', 'eyJfcGVybWFuZW50Ijp0cnVlLCJ1c2VyX2lkIjoxLCJ1c2VybmFtZSI6ImFkbWluIn0.aVeM6w.LDyWlGG9hgIatNKiQpyWseMgqgw')])
2026-01-02 17:17:38 - app - INFO - 检查登录状态, session内容: {'_permanent': True, 'user_id': 1, 'username': 'admin'}, cookies: ImmutableMultiDict([('session', 'eyJfcGVybWFuZW50Ijp0cnVlLCJ1c2VyX2lkIjoxLCJ1c2VybmFtZSI6ImFkbWluIn0.aVeM-Q.hKqJwEMtatl4rnTM5YzfnX6UUvk')])
2026-01-02 17:17:38 - app - INFO - 检查登录状态, session内容: {'_permanent': True, 'user_id': 1, 'username': 'admin'}, cookies: ImmutableMultiDict([('session', 'eyJfcGVybWFuZW50Ijp0cnVlLCJ1c2VyX2lkIjoxLCJ1c2VybmFtZSI6ImFkbWluIn0.aVeNMg.-_w7fUrdJh-6DjFunP1y0rg7sBA')])
2026-01-02 17:21:10 - app - INFO - 检查数据库...
2026-01-02 17:21:10 - app - INFO - 数据库检查完成
2026-01-02 17:21:10 - app - INFO - 清理异常中断的任务状态...
2026-01-02 17:21:10 - app - INFO - Flask应用创建成功
2026-01-02 17:21:10 - app - INFO - 前端目录: C:\Data\夸克转存\frontend
2026-01-02 17:21:10 - app - INFO - 启动任务调度服务...
2026-01-02 17:21:10 - app - INFO - 检查被中断的影视下载任务...
2026-01-02 17:21:10 - app - INFO - 没有需要恢复的影视下载任务
2026-01-02 17:21:10 - app - INFO - 账期生成循环已启动
2026-01-02 17:21:10 - app - INFO - 账期生成线程已启动
2026-01-02 17:21:10 - app - INFO - 开始生成 2026-01-02 的任务账期
2026-01-02 17:21:10 - app - INFO - 任务执行循环已启动
2026-01-02 17:21:10 - app - INFO - 任务执行线程已启动
2026-01-02 17:21:10 - app - INFO - 日志清理循环已启动
2026-01-02 17:21:10 - app - INFO - 日志清理线程已启动
2026-01-02 17:21:10 - app - INFO - 下次日志清理时间: 2026-01-03 02:00:00
2026-01-02 17:21:10 - app - INFO - 启动Flask服务: http://0.0.0.0:9710
2026-01-02 17:21:10 - app - INFO - 跳过一次性执行任务: 腾讯视频_mzc00200znyfa5u
2026-01-02 17:21:10 - app - INFO - ✅ 生成完成，共创建 0 条待执行记录
2026-01-02 17:21:10 - app - INFO - 下次生成账期时间: 2026-01-03 00:00:00, 等待 23929 秒
2026-01-02 17:21:48 - app - INFO - 检查数据库...
2026-01-02 17:21:48 - app - INFO - 数据库检查完成
2026-01-02 17:21:48 - app - INFO - 清理异常中断的任务状态...
2026-01-02 17:21:48 - app - INFO - Flask应用创建成功
2026-01-02 17:21:48 - app - INFO - 前端目录: C:\Data\夸克转存\frontend
2026-01-02 17:21:48 - app - INFO - 启动任务调度服务...
2026-01-02 17:21:48 - app - INFO - 检查被中断的影视下载任务...
2026-01-02 17:21:48 - app - INFO - 没有需要恢复的影视下载任务
2026-01-02 17:21:48 - app - INFO - 账期生成循环已启动
2026-01-02 17:21:48 - app - INFO - 账期生成线程已启动
2026-01-02 17:21:48 - app - INFO - 开始生成 2026-01-02 的任务账期
2026-01-02 17:21:48 - app - INFO - 任务执行循环已启动
2026-01-02 17:21:48 - app - INFO - 任务执行线程已启动
2026-01-02 17:21:48 - app - INFO - 日志清理循环已启动
2026-01-02 17:21:48 - app - INFO - 日志清理线程已启动
2026-01-02 17:21:48 - app - INFO - 下次日志清理时间: 2026-01-03 02:00:00
2026-01-02 17:21:48 - app - INFO - 跳过一次性执行任务: 腾讯视频_mzc00200znyfa5u
2026-01-02 17:21:48 - app - INFO - 启动Flask服务: http://0.0.0.0:9710
2026-01-02 17:21:48 - app - INFO - ✅ 生成完成，共创建 0 条待执行记录
2026-01-02 17:21:48 - app - INFO - 下次生成账期时间: 2026-01-03 00:00:00, 等待 23892 秒
2026-01-02 17:22:00 - app - INFO - 检查数据库...
2026-01-02 17:22:00 - app - INFO - 数据库检查完成
2026-01-02 17:22:00 - app - INFO - 清理异常中断的任务状态...
2026-01-02 17:22:01 - app - INFO - Flask应用创建成功
2026-01-02 17:22:01 - app - INFO - 前端目录: C:\Data\夸克转存\frontend
2026-01-02 17:22:01 - app - INFO - 启动任务调度服务...
2026-01-02 17:22:01 - app - INFO - 检查被中断的影视下载任务...
2026-01-02 17:22:01 - app - INFO - 没有需要恢复的影视下载任务
2026-01-02 17:22:01 - app - INFO - 账期生成循环已启动
2026-01-02 17:22:01 - app - INFO - 账期生成线程已启动
2026-01-02 17:22:01 - app - INFO - 开始生成 2026-01-02 的任务账期
2026-01-02 17:22:01 - app - INFO - 任务执行循环已启动
2026-01-02 17:22:01 - app - INFO - 任务执行线程已启动
2026-01-02 17:22:01 - app - INFO - 日志清理循环已启动
2026-01-02 17:22:01 - app - INFO - 日志清理线程已启动
2026-01-02 17:22:01 - app - INFO - 下次日志清理时间: 2026-01-03 02:00:00
2026-01-02 17:22:01 - app - INFO - 跳过一次性执行任务: 腾讯视频_mzc00200znyfa5u
2026-01-02 17:22:01 - app - INFO - 启动Flask服务: http://0.0.0.0:9710
2026-01-02 17:22:01 - app - INFO - ✅ 生成完成，共创建 0 条待执行记录
2026-01-02 17:22:01 - app - INFO - 下次生成账期时间: 2026-01-03 00:00:00, 等待 23879 秒
2026-01-02 17:23:24 - app - INFO - 检查数据库...
2026-01-02 17:23:24 - app - INFO - 数据库检查完成
2026-01-02 17:23:24 - app - INFO - 清理异常中断的任务状态...
2026-01-02 17:23:24 - app - INFO - Flask应用创建成功
2026-01-02 17:23:24 - app - INFO - 启动任务调度服务...
2026-01-02 17:23:24 - app - INFO - 检查被中断的影视下载任务...
2026-01-02 17:23:24 - app - INFO - 没有需要恢复的影视下载任务
2026-01-02 17:23:24 - app - INFO - 账期生成循环已启动
2026-01-02 17:23:24 - app - INFO - 账期生成线程已启动
2026-01-02 17:23:24 - app - INFO - 开始生成 2026-01-02 的任务账期
2026-01-02 17:23:24 - app - INFO - 任务执行循环已启动
2026-01-02 17:23:24 - app - INFO - 任务执行线程已启动
2026-01-02 17:23:24 - app - INFO - 日志清理循环已启动
2026-01-02 17:23:24 - app - INFO - 日志清理线程已启动
2026-01-02 17:23:24 - app - INFO - 跳过一次性执行任务: 腾讯视频_mzc00200znyfa5u
2026-01-02 17:23:24 - app - INFO - 下次日志清理时间: 2026-01-03 02:00:00
2026-01-02 17:23:24 - app - INFO - 启动Flask服务: http://0.0.0.0:9710
2026-01-02 17:23:24 - app - INFO - ✅ 生成完成，共创建 0 条待执行记录
2026-01-02 17:23:24 - app - INFO - 下次生成账期时间: 2026-01-03 00:00:00, 等待 23795 秒
2026-01-02 17:24:07 - app - INFO - 检查数据库...
2026-01-02 17:24:07 - app - INFO - 数据库检查完成
2026-01-02 17:24:07 - app - INFO - 清理异常中断的任务状态...
2026-01-02 17:24:07 - app - INFO - Flask应用创建成功
2026-01-02 17:24:07 - app - INFO - 静态文件目录: C:\Data\夸克转存\frontend
2026-01-02 17:24:07 - app - INFO - 启动任务调度服务...
2026-01-02 17:24:07 - app - INFO - 检查被中断的影视下载任务...
2026-01-02 17:24:07 - app - INFO - 没有需要恢复的影视下载任务
2026-01-02 17:24:07 - app - INFO - 账期生成循环已启动
2026-01-02 17:24:07 - app - INFO - 账期生成线程已启动
2026-01-02 17:24:07 - app - INFO - 开始生成 2026-01-02 的任务账期
2026-01-02 17:24:07 - app - INFO - 任务执行循环已启动
2026-01-02 17:24:07 - app - INFO - 任务执行线程已启动
2026-01-02 17:24:07 - app - INFO - 跳过一次性执行任务: 腾讯视频_mzc00200znyfa5u
2026-01-02 17:24:07 - app - INFO - 日志清理循环已启动
2026-01-02 17:24:07 - app - INFO - ✅ 生成完成，共创建 0 条待执行记录
2026-01-02 17:24:07 - app - INFO - 日志清理线程已启动
2026-01-02 17:24:07 - app - INFO - 下次日志清理时间: 2026-01-03 02:00:00
2026-01-02 17:24:07 - app - INFO - 下次生成账期时间: 2026-01-03 00:00:00, 等待 23753 秒
2026-01-02 17:24:07 - app - INFO - 启动Flask服务: http://0.0.0.0:9710
2026-01-02 17:24:39 - app - INFO - 检查数据库...
2026-01-02 17:24:39 - app - INFO - 数据库检查完成
2026-01-02 17:24:39 - app - INFO - 清理异常中断的任务状态...
2026-01-02 17:24:39 - app - INFO - Flask应用创建成功
2026-01-02 17:24:39 - app - INFO - 静态文件目录: C:\Data\夸克转存\frontend
2026-01-02 17:24:39 - app - INFO - 启动任务调度服务...
2026-01-02 17:24:39 - app - INFO - 检查被中断的影视下载任务...
2026-01-02 17:24:39 - app - INFO - 没有需要恢复的影视下载任务
2026-01-02 17:24:39 - app - INFO - 账期生成循环已启动
2026-01-02 17:24:39 - app - INFO - 账期生成线程已启动
2026-01-02 17:24:39 - app - INFO - 开始生成 2026-01-02 的任务账期
2026-01-02 17:24:39 - app - INFO - 任务执行循环已启动
2026-01-02 17:24:39 - app - INFO - 任务执行线程已启动
2026-01-02 17:24:39 - app - INFO - 日志清理循环已启动
2026-01-02 17:24:39 - app - INFO - 日志清理线程已启动
2026-01-02 17:24:39 - app - INFO - 下次日志清理时间: 2026-01-03 02:00:00
2026-01-02 17:24:39 - app - INFO - 跳过一次性执行任务: 腾讯视频_mzc00200znyfa5u
2026-01-02 17:24:39 - app - INFO - 启动Flask服务: http://0.0.0.0:9710
2026-01-02 17:24:39 - app - INFO - ✅ 生成完成，共创建 0 条待执行记录
2026-01-02 17:24:39 - app - INFO - 下次生成账期时间: 2026-01-03 00:00:00, 等待 23721 秒
2026-01-02 17:24:52 - app - INFO - 检查数据库...
2026-01-02 17:24:52 - app - INFO - 数据库检查完成
2026-01-02 17:24:52 - app - INFO - 清理异常中断的任务状态...
2026-01-02 17:24:52 - app - INFO - Flask应用创建成功
2026-01-02 17:24:52 - app - INFO - 静态文件目录: C:\Data\夸克转存\frontend
2026-01-02 17:24:52 - app - INFO - 启动任务调度服务...
2026-01-02 17:24:52 - app - INFO - 检查被中断的影视下载任务...
2026-01-02 17:24:52 - app - INFO - 没有需要恢复的影视下载任务
2026-01-02 17:24:52 - app - INFO - 账期生成循环已启动
2026-01-02 17:24:52 - app - INFO - 账期生成线程已启动
2026-01-02 17:24:52 - app - INFO - 开始生成 2026-01-02 的任务账期
2026-01-02 17:24:52 - app - INFO - 任务执行循环已启动
2026-01-02 17:24:52 - app - INFO - 任务执行线程已启动
2026-01-02 17:24:52 - app - INFO - 跳过一次性执行任务: 腾讯视频_mzc00200znyfa5u
2026-01-02 17:24:52 - app - INFO - 日志清理循环已启动
2026-01-02 17:24:52 - app - INFO - ✅ 生成完成，共创建 0 条待执行记录
2026-01-02 17:24:52 - app - INFO - 日志清理线程已启动
2026-01-02 17:24:52 - app - INFO - 下次生成账期时间: 2026-01-03 00:00:00, 等待 23708 秒
2026-01-02 17:24:52 - app - INFO - 启动Flask服务: http://0.0.0.0:9710
2026-01-02 17:24:52 - app - INFO - 下次日志清理时间: 2026-01-03 02:00:00
2026-01-02 17:24:58 - app - INFO - 检查登录状态, session内容: {'_permanent': True, 'user_id': 1, 'username': 'admin'}, cookies: ImmutableMultiDict([('session', 'eyJfcGVybWFuZW50Ijp0cnVlLCJ1c2VyX2lkIjoxLCJ1c2VybmFtZSI6ImFkbWluIn0.aVeO6g.mjLl86Zi2J26LfzA9xHMlWrTRAM')])
2026-01-02 17:24:58 - app - INFO - 检查登录状态, session内容: {'_permanent': True, 'user_id': 1, 'username': 'admin'}, cookies: ImmutableMultiDict([('session', 'eyJfcGVybWFuZW50Ijp0cnVlLCJ1c2VyX2lkIjoxLCJ1c2VybmFtZSI6ImFkbWluIn0.aVeO6g.mjLl86Zi2J26LfzA9xHMlWrTRAM')])
2026-01-02 17:28:11 - app - ERROR - 搜索失败: 502 Server Error: Bad Gateway for url: http://192.168.0.111:8383/api/search?kw=%E6%B0%B8%E6%81%92%E7%AB%99&res=merge&src=all
2026-01-02 17:28:11 - app - ERROR - 搜索资源失败: 搜索失败: 502 Server Error: Bad Gateway for url: http://192.168.0.111:8383/api/search?kw=%E6%B0%B8%E6%81%92%E7%AB%99&res=merge&src=all
2026-01-02 17:28:35 - app - INFO - 检查登录状态, session内容: {'_permanent': True, 'user_id': 1, 'username': 'admin'}, cookies: ImmutableMultiDict([('session', 'eyJfcGVybWFuZW50Ijp0cnVlLCJ1c2VyX2lkIjoxLCJ1c2VybmFtZSI6ImFkbWluIn0.aVePwQ.XjUR3IgT9Ie1IXZmm-8JBkgnGTc')])
2026-01-02 17:28:35 - app - INFO - 检查登录状态, session内容: {'_permanent': True, 'user_id': 1, 'username': 'admin'}, cookies: ImmutableMultiDict([('session', 'eyJfcGVybWFuZW50Ijp0cnVlLCJ1c2VyX2lkIjoxLCJ1c2VybmFtZSI6ImFkbWluIn0.aVePww.FehJ3UCK-dtmx7sk1tCVuUyeTGM')])
2026-01-02 17:29:35 - app - INFO - 检查数据库...
2026-01-02 17:29:35 - app - INFO - 数据库检查完成
2026-01-02 17:29:35 - app - INFO - 清理异常中断的任务状态...
2026-01-02 17:29:35 - app - INFO - Flask应用创建成功
2026-01-02 17:29:35 - app - INFO - 静态文件目录: C:\Data\夸克转存\frontend
2026-01-02 17:29:35 - app - INFO - 启动任务调度服务...
2026-01-02 17:29:35 - app - INFO - 检查被中断的影视下载任务...
2026-01-02 17:29:35 - app - INFO - 没有需要恢复的影视下载任务
2026-01-02 17:29:35 - app - INFO - 账期生成循环已启动
2026-01-02 17:29:35 - app - INFO - 账期生成线程已启动
2026-01-02 17:29:35 - app - INFO - 开始生成 2026-01-02 的任务账期
2026-01-02 17:29:35 - app - INFO - 任务执行循环已启动
2026-01-02 17:29:35 - app - INFO - 任务执行线程已启动
2026-01-02 17:29:35 - app - INFO - 日志清理循环已启动
2026-01-02 17:29:35 - app - INFO - 日志清理线程已启动
2026-01-02 17:29:35 - app - INFO - 下次日志清理时间: 2026-01-03 02:00:00
2026-01-02 17:29:35 - app - INFO - 跳过一次性执行任务: 腾讯视频_mzc00200znyfa5u
2026-01-02 17:29:35 - app - INFO - 启动Flask服务: http://0.0.0.0:9710
2026-01-02 17:29:35 - app - INFO - ✅ 生成完成，共创建 0 条待执行记录
2026-01-02 17:29:35 - app - INFO - 下次生成账期时间: 2026-01-03 00:00:00, 等待 23425 秒
2026-01-02 17:30:16 - app - INFO - 检查数据库...
2026-01-02 17:30:16 - app - INFO - 数据库检查完成
2026-01-02 17:30:16 - app - INFO - 清理异常中断的任务状态...
2026-01-02 17:30:16 - app - INFO - Flask应用创建成功
2026-01-02 17:30:16 - app - INFO - 静态文件目录: C:\Data\夸克转存\frontend
2026-01-02 17:30:16 - app - INFO - 启动任务调度服务...
2026-01-02 17:30:16 - app - INFO - 检查被中断的影视下载任务...
2026-01-02 17:30:16 - app - INFO - 没有需要恢复的影视下载任务
2026-01-02 17:30:16 - app - INFO - 账期生成循环已启动
2026-01-02 17:30:16 - app - INFO - 账期生成线程已启动
2026-01-02 17:30:16 - app - INFO - 开始生成 2026-01-02 的任务账期
2026-01-02 17:30:16 - app - INFO - 任务执行循环已启动
2026-01-02 17:30:16 - app - INFO - 任务执行线程已启动
2026-01-02 17:30:16 - app - INFO - 日志清理循环已启动
2026-01-02 17:30:16 - app - INFO - 日志清理线程已启动
2026-01-02 17:30:16 - app - INFO - 下次日志清理时间: 2026-01-03 02:00:00
2026-01-02 17:30:16 - app - INFO - 启动Flask服务: http://0.0.0.0:9710
2026-01-02 17:30:16 - app - INFO - 跳过一次性执行任务: 腾讯视频_mzc00200znyfa5u
2026-01-02 17:30:16 - app - INFO - ✅ 生成完成，共创建 0 条待执行记录
2026-01-02 17:30:16 - app - INFO - 下次生成账期时间: 2026-01-03 00:00:00, 等待 23383 秒
2026-01-02 17:30:22 - app - INFO - 检查数据库...
2026-01-02 17:30:22 - app - INFO - 数据库检查完成
2026-01-02 17:30:22 - app - INFO - 清理异常中断的任务状态...
2026-01-02 17:30:22 - app - INFO - Flask应用创建成功
2026-01-02 17:30:22 - app - INFO - 静态文件目录: C:\Data\夸克转存\frontend
2026-01-02 17:30:22 - app - INFO - 启动任务调度服务...
2026-01-02 17:30:22 - app - INFO - 检查被中断的影视下载任务...
2026-01-02 17:30:22 - app - INFO - 没有需要恢复的影视下载任务
2026-01-02 17:30:22 - app - INFO - 账期生成循环已启动
2026-01-02 17:30:22 - app - INFO - 账期生成线程已启动
2026-01-02 17:30:22 - app - INFO - 开始生成 2026-01-02 的任务账期
2026-01-02 17:30:22 - app - INFO - 任务执行循环已启动
2026-01-02 17:30:22 - app - INFO - 任务执行线程已启动
2026-01-02 17:30:22 - app - INFO - 日志清理循环已启动
2026-01-02 17:30:22 - app - INFO - 日志清理线程已启动
2026-01-02 17:30:22 - app - INFO - 下次日志清理时间: 2026-01-03 02:00:00
2026-01-02 17:30:22 - app - INFO - 跳过一次性执行任务: 腾讯视频_mzc00200znyfa5u
2026-01-02 17:30:22 - app - INFO - 启动Flask服务: http://0.0.0.0:9710
2026-01-02 17:30:22 - app - INFO - ✅ 生成完成，共创建 0 条待执行记录
2026-01-02 17:30:22 - app - INFO - 下次生成账期时间: 2026-01-03 00:00:00, 等待 23377 秒
2026-01-02 17:30:40 - app - INFO - 检查数据库...
2026-01-02 17:30:40 - app - INFO - 数据库检查完成
2026-01-02 17:30:40 - app - INFO - 清理异常中断的任务状态...
2026-01-02 17:30:40 - app - INFO - Flask应用创建成功
2026-01-02 17:30:40 - app - INFO - 静态文件目录: C:\Data\夸克转存\frontend
2026-01-02 17:30:40 - app - INFO - 启动任务调度服务...
2026-01-02 17:30:40 - app - INFO - 检查被中断的影视下载任务...
2026-01-02 17:30:40 - app - INFO - 没有需要恢复的影视下载任务
2026-01-02 17:30:40 - app - INFO - 账期生成循环已启动
2026-01-02 17:30:40 - app - INFO - 开始生成 2026-01-02 的任务账期
2026-01-02 17:30:40 - app - INFO - 账期生成线程已启动
2026-01-02 17:30:40 - app - INFO - 跳过一次性执行任务: 腾讯视频_mzc00200znyfa5u
2026-01-02 17:30:40 - app - INFO - ✅ 生成完成，共创建 0 条待执行记录
2026-01-02 17:30:40 - app - INFO - 下次生成账期时间: 2026-01-03 00:00:00, 等待 23359 秒
2026-01-02 17:30:40 - app - INFO - 任务执行循环已启动
2026-01-02 17:30:40 - app - INFO - 任务执行线程已启动
2026-01-02 17:30:40 - app - INFO - 日志清理循环已启动
2026-01-02 17:30:40 - app - INFO - 日志清理线程已启动
2026-01-02 17:30:40 - app - INFO - 下次日志清理时间: 2026-01-03 02:00:00
2026-01-02 17:30:40 - app - INFO - 启动Flask服务: http://0.0.0.0:9710
2026-01-02 17:30:54 - app - INFO - 检查数据库...
2026-01-02 17:30:54 - app - INFO - 数据库检查完成
2026-01-02 17:30:54 - app - INFO - 清理异常中断的任务状态...
2026-01-02 17:30:54 - app - ERROR - 应用启动失败: cannot import name 'get_machine_id' from 'utils.machine_id' (C:\Data\夸克转存\backend\utils\machine_id.py)
2026-01-02 19:55:13 - app - INFO - 检查数据库...
2026-01-02 19:55:13 - app - INFO - 数据库检查完成
2026-01-02 19:55:13 - app - INFO - 清理异常中断的任务状态...
2026-01-02 19:55:13 - app - ERROR - 应用启动失败: cannot import name 'get_machine_id' from 'utils.machine_id' (C:\Data\夸克转存\backend\utils\machine_id.py)
2026-01-02 19:57:39 - app - INFO - 检查数据库...
2026-01-02 19:57:39 - app - INFO - 数据库检查完成
2026-01-02 19:57:39 - app - INFO - 清理异常中断的任务状态...
2026-01-02 19:57:39 - app - INFO - Flask应用创建成功
2026-01-02 19:57:39 - app - INFO - 静态文件目录: C:\Data\夸克转存\frontend
2026-01-02 19:57:39 - app - INFO - 启动任务调度服务...
2026-01-02 19:57:39 - app - INFO - 检查被中断的影视下载任务...
2026-01-02 19:57:39 - app - INFO - 没有需要恢复的影视下载任务
2026-01-02 19:57:39 - app - INFO - 账期生成循环已启动
2026-01-02 19:57:39 - app - INFO - 账期生成线程已启动
2026-01-02 19:57:39 - app - INFO - 开始生成 2026-01-02 的任务账期
2026-01-02 19:57:39 - app - INFO - 任务执行循环已启动
2026-01-02 19:57:39 - app - INFO - 任务执行线程已启动
2026-01-02 19:57:39 - app - INFO - 日志清理循环已启动
2026-01-02 19:57:39 - app - INFO - 日志清理线程已启动
2026-01-02 19:57:39 - app - INFO - 下次日志清理时间: 2026-01-03 02:00:00
2026-01-02 19:57:39 - app - INFO - 跳过一次性执行任务: 腾讯视频_mzc00200znyfa5u
2026-01-02 19:57:39 - app - INFO - 启动Flask服务: http://0.0.0.0:9710
2026-01-02 19:57:39 - app - INFO - ✅ 生成完成，共创建 0 条待执行记录
2026-01-02 19:57:39 - app - INFO - 下次生成账期时间: 2026-01-03 00:00:00, 等待 14540 秒
2026-01-02 19:57:52 - app - INFO - 检查数据库...
2026-01-02 19:57:52 - app - INFO - 数据库检查完成
2026-01-02 19:57:52 - app - INFO - 清理异常中断的任务状态...
2026-01-02 19:57:52 - app - INFO - Flask应用创建成功
2026-01-02 19:57:52 - app - INFO - 静态文件目录: C:\Data\夸克转存\frontend
2026-01-02 19:57:52 - app - INFO - 启动任务调度服务...
2026-01-02 19:57:52 - app - INFO - 检查被中断的影视下载任务...
2026-01-02 19:57:52 - app - INFO - 没有需要恢复的影视下载任务
2026-01-02 19:57:52 - app - INFO - 账期生成循环已启动
2026-01-02 19:57:52 - app - INFO - 账期生成线程已启动
2026-01-02 19:57:52 - app - INFO - 开始生成 2026-01-02 的任务账期
2026-01-02 19:57:52 - app - INFO - 任务执行循环已启动
2026-01-02 19:57:52 - app - INFO - 任务执行线程已启动
2026-01-02 19:57:52 - app - INFO - 日志清理循环已启动
2026-01-02 19:57:52 - app - INFO - 日志清理线程已启动
2026-01-02 19:57:52 - app - INFO - 下次日志清理时间: 2026-01-03 02:00:00
2026-01-02 19:57:52 - app - INFO - 跳过一次性执行任务: 腾讯视频_mzc00200znyfa5u
2026-01-02 19:57:52 - app - INFO - 启动Flask服务: http://0.0.0.0:9710
2026-01-02 19:57:52 - app - INFO - ✅ 生成完成，共创建 0 条待执行记录
2026-01-02 19:57:52 - app - INFO - 下次生成账期时间: 2026-01-03 00:00:00, 等待 14527 秒
2026-01-02 19:58:06 - app - INFO - 检查登录状态, session内容: {'_permanent': True, 'user_id': 1, 'username': 'admin'}, cookies: ImmutableMultiDict([('session', 'eyJfcGVybWFuZW50Ijp0cnVlLCJ1c2VyX2lkIjoxLCJ1c2VybmFtZSI6ImFkbWluIn0.aVeyzg.wSGgbxOS7Rsy73za93Me6f3Uh3c')])
2026-01-02 19:58:06 - app - INFO - 检查登录状态, session内容: {'_permanent': True, 'user_id': 1, 'username': 'admin'}, cookies: ImmutableMultiDict([('session', 'eyJfcGVybWFuZW50Ijp0cnVlLCJ1c2VyX2lkIjoxLCJ1c2VybmFtZSI6ImFkbWluIn0.aVeyzg.wSGgbxOS7Rsy73za93Me6f3Uh3c')])
2026-01-02 19:58:10 - app - INFO - 检查更新: 当前版本 2.0.0
2026-01-02 19:58:17 - app - INFO - 检查更新成功: {'has_update': False, 'message': '当前已是最新版本'}
2026-01-02 20:04:33 - app - INFO - 检查登录状态, session内容: {'_permanent': True, 'user_id': 1, 'username': 'admin'}, cookies: ImmutableMultiDict([('session', 'eyJfcGVybWFuZW50Ijp0cnVlLCJ1c2VyX2lkIjoxLCJ1c2VybmFtZSI6ImFkbWluIn0.aVe0UQ.IaTVGOpPSSLe9pkmBEbughaAMpI')])
2026-01-02 20:04:33 - app - INFO - 检查登录状态, session内容: {'_permanent': True, 'user_id': 1, 'username': 'admin'}, cookies: ImmutableMultiDict([('session', 'eyJfcGVybWFuZW50Ijp0cnVlLCJ1c2VyX2lkIjoxLCJ1c2VybmFtZSI6ImFkbWluIn0.aVe0UQ.IaTVGOpPSSLe9pkmBEbughaAMpI')])
2026-01-02 20:08:23 - app - INFO - 检查登录状态, session内容: {'_permanent': True, 'user_id': 1, 'username': 'admin'}, cookies: ImmutableMultiDict([('session', 'eyJfcGVybWFuZW50Ijp0cnVlLCJ1c2VyX2lkIjoxLCJ1c2VybmFtZSI6ImFkbWluIn0.aVe1Nw.AWzonjTmumOEV2jmPXHfSS3NoJQ')])
2026-01-02 20:08:23 - app - INFO - 检查登录状态, session内容: {'_permanent': True, 'user_id': 1, 'username': 'admin'}, cookies: ImmutableMultiDict([('session', 'eyJfcGVybWFuZW50Ijp0cnVlLCJ1c2VyX2lkIjoxLCJ1c2VybmFtZSI6ImFkbWluIn0.aVe1Nw.AWzonjTmumOEV2jmPXHfSS3NoJQ')])
2026-01-02 20:08:26 - app - INFO - 检查更新: 当前版本 2.0.0
2026-01-02 20:08:31 - app - INFO - 检查更新: 当前版本 2.0.0
2026-01-02 20:08:34 - app - INFO - 检查更新成功: {'has_update': False, 'message': '当前已是最新版本'}
2026-01-02 20:08:34 - app - INFO - 检查更新成功: {'has_update': False, 'message': '当前已是最新版本'}
2026-01-02 20:09:28 - app - INFO - 检查更新: 当前版本 2.0.0
2026-01-02 20:09:28 - app - INFO - 检查更新成功: {'current_version': '2.0.0', 'has_update': True, 'is_force_update': False, 'latest_version': '2.0.01', 'package_md5': None, 'package_size': 5511, 'package_url': 'http://127.0.0.1:8888/upgrade/1.zip', 'release_date': '2026-01-02 20:09:24', 'release_notes': '更新xxx内容'}
2026-01-02 20:10:22 - app - INFO - 检查登录状态, session内容: {'_permanent': True, 'user_id': 1, 'username': 'admin'}, cookies: ImmutableMultiDict([('session', 'eyJfcGVybWFuZW50Ijp0cnVlLCJ1c2VyX2lkIjoxLCJ1c2VybmFtZSI6ImFkbWluIn0.aVe1rg.3yQmne4P0nLL76F6hV1wL51iZUI')])
2026-01-02 20:10:22 - app - INFO - 检查登录状态, session内容: {'_permanent': True, 'user_id': 1, 'username': 'admin'}, cookies: ImmutableMultiDict([('session', 'eyJfcGVybWFuZW50Ijp0cnVlLCJ1c2VyX2lkIjoxLCJ1c2VybmFtZSI6ImFkbWluIn0.aVe1rg.3yQmne4P0nLL76F6hV1wL51iZUI')])
2026-01-02 20:10:24 - app - INFO - 检查更新: 当前版本 2.0.0
2026-01-02 20:10:33 - app - INFO - 检查更新成功: {'current_version': '2.0.0', 'has_update': True, 'is_force_update': True, 'latest_version': '2.0.01', 'package_md5': None, 'package_size': 5511, 'package_url': 'http://127.0.0.1:8888/upgrade/1.zip', 'release_date': '2026-01-02 20:09:24', 'release_notes': '更新xxx内容'}
2026-01-02 20:11:19 - app - INFO - 检查更新: 当前版本 2.0.0
2026-01-02 20:11:28 - app - INFO - 检查更新成功: {'current_version': '2.0.0', 'has_update': True, 'is_force_update': True, 'latest_version': '2.0.01', 'package_md5': None, 'package_size': 5511, 'package_url': 'http://127.0.0.1:8888/upgrade/1.zip', 'release_date': '2026-01-02 20:09:24', 'release_notes': '更新xxx内容'}
2026-01-02 20:18:20 - app - INFO - 检查登录状态, session内容: {'_permanent': True, 'user_id': 1, 'username': 'admin'}, cookies: ImmutableMultiDict([('session', 'eyJfcGVybWFuZW50Ijp0cnVlLCJ1c2VyX2lkIjoxLCJ1c2VybmFtZSI6ImFkbWluIn0.aVe3jA.211qvURZOd_0PHc41BB7apUnDvs')])
2026-01-02 20:18:20 - app - INFO - 检查登录状态, session内容: {'_permanent': True, 'user_id': 1, 'username': 'admin'}, cookies: ImmutableMultiDict([('session', 'eyJfcGVybWFuZW50Ijp0cnVlLCJ1c2VyX2lkIjoxLCJ1c2VybmFtZSI6ImFkbWluIn0.aVe3jA.211qvURZOd_0PHc41BB7apUnDvs')])
2026-01-02 20:18:22 - app - INFO - 检查更新: 当前版本 2.0.0
2026-01-02 20:18:32 - app - INFO - 检查更新成功: {'current_version': '2.0.0', 'has_update': True, 'is_force_update': True, 'latest_version': '2.0.01', 'package_md5': None, 'package_size': 5511, 'package_url': 'http://127.0.0.1:8888/upgrade/1.zip', 'release_date': '2026-01-02 20:09:24', 'release_notes': '更新xxx内容'}
2026-01-02 20:18:53 - app - INFO - 检查更新: 当前版本 2.0.0
2026-01-02 20:18:53 - app - INFO - 检查更新成功: {'current_version': '2.0.0', 'has_update': True, 'is_force_update': True, 'latest_version': '2.0.01', 'package_md5': None, 'package_size': 5511, 'package_url': 'http://127.0.0.1:8888/upgrade/1.zip', 'release_date': '2026-01-02 20:09:24', 'release_notes': '更新xxx内容'}
2026-01-02 20:18:59 - app - INFO - 检查登录状态, session内容: {'_permanent': True, 'user_id': 1, 'username': 'admin'}, cookies: ImmutableMultiDict([('session', 'eyJfcGVybWFuZW50Ijp0cnVlLCJ1c2VyX2lkIjoxLCJ1c2VybmFtZSI6ImFkbWluIn0.aVe3sw.hdDY6YH17PwV0aJ20gf9lIM6dFg')])
2026-01-02 20:18:59 - app - INFO - 检查登录状态, session内容: {'_permanent': True, 'user_id': 1, 'username': 'admin'}, cookies: ImmutableMultiDict([('session', 'eyJfcGVybWFuZW50Ijp0cnVlLCJ1c2VyX2lkIjoxLCJ1c2VybmFtZSI6ImFkbWluIn0.aVe3sw.hdDY6YH17PwV0aJ20gf9lIM6dFg')])
2026-01-02 20:19:01 - app - INFO - 检查更新: 当前版本 2.0.0
2026-01-02 20:19:01 - app - INFO - 检查更新成功: {'current_version': '2.0.0', 'has_update': True, 'is_force_update': True, 'latest_version': '2.0.01', 'package_md5': None, 'package_size': 5511, 'package_url': 'http://127.0.0.1:8888/upgrade/1.zip', 'release_date': '2026-01-02 20:09:24', 'release_notes': '更新xxx内容'}
2026-01-02 20:19:11 - app - INFO - 检查登录状态, session内容: {'_permanent': True, 'user_id': 1, 'username': 'admin'}, cookies: ImmutableMultiDict([('session', 'eyJfcGVybWFuZW50Ijp0cnVlLCJ1c2VyX2lkIjoxLCJ1c2VybmFtZSI6ImFkbWluIn0.aVe3vw.kXm3NiBAQZTeQpCHXLCpsVCaiuI')])
2026-01-02 20:19:11 - app - INFO - 检查登录状态, session内容: {'_permanent': True, 'user_id': 1, 'username': 'admin'}, cookies: ImmutableMultiDict([('session', 'eyJfcGVybWFuZW50Ijp0cnVlLCJ1c2VyX2lkIjoxLCJ1c2VybmFtZSI6ImFkbWluIn0.aVe3vw.kXm3NiBAQZTeQpCHXLCpsVCaiuI')])
2026-01-02 20:19:12 - app - INFO - 检查更新: 当前版本 2.0.0
2026-01-02 20:19:16 - app - INFO - 检查更新成功: {'has_update': False, 'message': '当前已是最新版本'}
2026-01-02 20:19:50 - app - INFO - 检查登录状态, session内容: {'_permanent': True, 'user_id': 1, 'username': 'admin'}, cookies: ImmutableMultiDict([('session', 'eyJfcGVybWFuZW50Ijp0cnVlLCJ1c2VyX2lkIjoxLCJ1c2VybmFtZSI6ImFkbWluIn0.aVe35g.s_0ByR5sQM4yqA8BKBquMuGus-Y')])
2026-01-02 20:19:50 - app - INFO - 检查登录状态, session内容: {'_permanent': True, 'user_id': 1, 'username': 'admin'}, cookies: ImmutableMultiDict([('session', 'eyJfcGVybWFuZW50Ijp0cnVlLCJ1c2VyX2lkIjoxLCJ1c2VybmFtZSI6ImFkbWluIn0.aVe35g.s_0ByR5sQM4yqA8BKBquMuGus-Y')])
2026-01-02 20:19:52 - app - INFO - 检查更新: 当前版本 2.0.0
2026-01-02 20:19:52 - app - INFO - 检查更新成功: {'current_version': '2.0.0', 'has_update': True, 'is_force_update': False, 'latest_version': '2.0.1', 'package_md5': None, 'package_size': 1024, 'package_url': 'http://127.0.0.1:8888/upgrade/xxxx.zip', 'release_date': '2026-01-02 20:19:37', 'release_notes': '喜喜喜喜喜喜喜喜喜喜'}
2026-01-02 20:20:41 - app - INFO - 检查更新: 当前版本 2.0.0
2026-01-02 20:20:41 - app - INFO - 检查更新成功: {'current_version': '2.0.0', 'has_update': True, 'is_force_update': False, 'latest_version': '2.0.1', 'package_md5': None, 'package_size': 1024, 'package_url': 'http://127.0.0.1:8888/upgrade/xxxx.zip', 'release_date': '2026-01-02 20:19:37', 'release_notes': '喜喜喜喜喜喜喜喜喜喜'}
2026-01-02 20:25:58 - app - INFO - 检查登录状态, session内容: {'_permanent': True, 'user_id': 1, 'username': 'admin'}, cookies: ImmutableMultiDict([('session', 'eyJfcGVybWFuZW50Ijp0cnVlLCJ1c2VyX2lkIjoxLCJ1c2VybmFtZSI6ImFkbWluIn0.aVe5Vg.qH2ow1UQSIKO7yqMOkbhrpda_lU')])
2026-01-02 20:25:58 - app - INFO - 检查登录状态, session内容: {'_permanent': True, 'user_id': 1, 'username': 'admin'}, cookies: ImmutableMultiDict([('session', 'eyJfcGVybWFuZW50Ijp0cnVlLCJ1c2VyX2lkIjoxLCJ1c2VybmFtZSI6ImFkbWluIn0.aVe5Vg.qH2ow1UQSIKO7yqMOkbhrpda_lU')])
2026-01-02 20:26:00 - app - INFO - 检查更新: 当前版本 2.0.0
2026-01-02 20:26:09 - app - INFO - 检查更新成功: {'current_version': '2.0.0', 'has_update': True, 'is_force_update': False, 'latest_version': '2.0.1', 'package_md5': None, 'package_size': 1024, 'package_url': 'http://127.0.0.1:8888/upgrade/xxxx.zip', 'release_date': '2026-01-02 20:19:37', 'release_notes': '喜喜喜喜喜喜喜喜喜喜'}
2026-01-02 20:26:19 - app - INFO - 检查登录状态, session内容: {'_permanent': True, 'user_id': 1, 'username': 'admin'}, cookies: ImmutableMultiDict([('session', 'eyJfcGVybWFuZW50Ijp0cnVlLCJ1c2VyX2lkIjoxLCJ1c2VybmFtZSI6ImFkbWluIn0.aVe5aw.DAQRtWWIA_-f6x1vZgy4QdyKoZs')])
2026-01-02 20:26:19 - app - INFO - 检查登录状态, session内容: {'_permanent': True, 'user_id': 1, 'username': 'admin'}, cookies: ImmutableMultiDict([('session', 'eyJfcGVybWFuZW50Ijp0cnVlLCJ1c2VyX2lkIjoxLCJ1c2VybmFtZSI6ImFkbWluIn0.aVe5aw.DAQRtWWIA_-f6x1vZgy4QdyKoZs')])
2026-01-02 20:26:20 - app - INFO - 检查更新: 当前版本 2.0.0
2026-01-02 20:26:21 - app - INFO - 检查更新成功: {'current_version': '2.0.0', 'has_update': True, 'is_force_update': False, 'latest_version': '2.0.1', 'package_md5': None, 'package_size': 1024, 'package_url': 'http://127.0.0.1:8888/upgrade/xxxx.zip', 'release_date': '2026-01-02 20:19:37', 'release_notes': '喜喜喜喜喜喜喜喜喜喜'}
2026-01-02 20:30:09 - app - INFO - 检查登录状态, session内容: {'_permanent': True, 'user_id': 1, 'username': 'admin'}, cookies: ImmutableMultiDict([('session', 'eyJfcGVybWFuZW50Ijp0cnVlLCJ1c2VyX2lkIjoxLCJ1c2VybmFtZSI6ImFkbWluIn0.aVe6UQ.SxeV2JA5DkgFq_qE6o7EmtINTu8')])
2026-01-02 20:30:09 - app - INFO - 检查登录状态, session内容: {'_permanent': True, 'user_id': 1, 'username': 'admin'}, cookies: ImmutableMultiDict([('session', 'eyJfcGVybWFuZW50Ijp0cnVlLCJ1c2VyX2lkIjoxLCJ1c2VybmFtZSI6ImFkbWluIn0.aVe6UQ.SxeV2JA5DkgFq_qE6o7EmtINTu8')])
2026-01-02 20:30:37 - app - INFO - 检查更新: 当前版本 2.0.0
2026-01-02 20:30:37 - app - INFO - 检查更新成功: {'current_version': '2.0.0', 'has_update': True, 'is_force_update': False, 'latest_version': '2.0.1', 'package_md5': None, 'package_size': 1024, 'package_url': 'http://127.0.0.1:8888/upgrade/xxxx.zip', 'release_date': '2026-01-02 20:19:37', 'release_notes': '喜喜喜喜喜喜喜喜喜喜'}
2026-01-02 20:30:42 - app - INFO - 检查登录状态, session内容: {'_permanent': True, 'user_id': 1, 'username': 'admin'}, cookies: ImmutableMultiDict([('session', 'eyJfcGVybWFuZW50Ijp0cnVlLCJ1c2VyX2lkIjoxLCJ1c2VybmFtZSI6ImFkbWluIn0.aVe6cg.cGpZkeXVx3rlbW_IMaUkeFupxsY')])
2026-01-02 20:30:42 - app - INFO - 检查登录状态, session内容: {'_permanent': True, 'user_id': 1, 'username': 'admin'}, cookies: ImmutableMultiDict([('session', 'eyJfcGVybWFuZW50Ijp0cnVlLCJ1c2VyX2lkIjoxLCJ1c2VybmFtZSI6ImFkbWluIn0.aVe6cg.cGpZkeXVx3rlbW_IMaUkeFupxsY')])
2026-01-02 20:30:48 - app - INFO - 检查更新: 当前版本 2.0.0
2026-01-02 20:30:48 - app - INFO - 检查更新成功: {'current_version': '2.0.0', 'has_update': True, 'is_force_update': False, 'latest_version': '2.0.1', 'package_md5': None, 'package_size': 1024, 'package_url': 'http://127.0.0.1:8888/upgrade/xxxx.zip', 'release_date': '2026-01-02 20:19:37', 'release_notes': '喜喜喜喜喜喜喜喜喜喜'}
2026-01-02 20:30:59 - app - INFO - 检查登录状态, session内容: {}, cookies: ImmutableMultiDict([])
2026-01-02 20:31:03 - app - INFO - 用户登录成功: admin, session_id: N/A
2026-01-02 20:31:04 - app - INFO - 检查登录状态, session内容: {'_permanent': True, 'user_id': 1, 'username': 'admin'}, cookies: ImmutableMultiDict([('session', 'eyJfcGVybWFuZW50Ijp0cnVlLCJ1c2VyX2lkIjoxLCJ1c2VybmFtZSI6ImFkbWluIn0.aVe6iA.HJy2KI2JaU11RqPhYhwdya_BBCo')])
2026-01-02 20:31:04 - app - INFO - 检查登录状态, session内容: {'_permanent': True, 'user_id': 1, 'username': 'admin'}, cookies: ImmutableMultiDict([('session', 'eyJfcGVybWFuZW50Ijp0cnVlLCJ1c2VyX2lkIjoxLCJ1c2VybmFtZSI6ImFkbWluIn0.aVe6iA.HJy2KI2JaU11RqPhYhwdya_BBCo')])
2026-01-02 20:31:12 - app - INFO - 检查更新: 当前版本 2.0.0
2026-01-02 20:31:15 - app - INFO - 检查更新成功: {'current_version': '2.0.0', 'has_update': True, 'is_force_update': False, 'latest_version': '2.0.1', 'package_md5': None, 'package_size': 1024, 'package_url': 'http://127.0.0.1:8888/upgrade/xxxx.zip', 'release_date': '2026-01-02 20:19:37', 'release_notes': '喜喜喜喜喜喜喜喜喜喜'}
2026-01-02 20:31:38 - app - INFO - 检查更新: 当前版本 2.0.0
2026-01-02 20:31:38 - app - INFO - 检查更新成功: {'current_version': '2.0.0', 'has_update': True, 'is_force_update': False, 'latest_version': '2.0.1', 'package_md5': None, 'package_size': 1024, 'package_url': 'http://127.0.0.1:8888/upgrade/xxxx.zip', 'release_date': '2026-01-02 20:19:37', 'release_notes': '喜喜喜喜喜喜喜喜喜喜'}
2026-01-02 20:33:57 - app - INFO - 检查登录状态, session内容: {'_permanent': True, 'user_id': 1, 'username': 'admin'}, cookies: ImmutableMultiDict([('session', 'eyJfcGVybWFuZW50Ijp0cnVlLCJ1c2VyX2lkIjoxLCJ1c2VybmFtZSI6ImFkbWluIn0.aVe7NQ.0PVK2ijF9HOzxrO8EmpGalPKgig')])
2026-01-02 20:33:57 - app - INFO - 检查登录状态, session内容: {'_permanent': True, 'user_id': 1, 'username': 'admin'}, cookies: ImmutableMultiDict([('session', 'eyJfcGVybWFuZW50Ijp0cnVlLCJ1c2VyX2lkIjoxLCJ1c2VybmFtZSI6ImFkbWluIn0.aVe7NQ.0PVK2ijF9HOzxrO8EmpGalPKgig')])
2026-01-02 20:34:35 - app - INFO - 检查登录状态, session内容: {'_permanent': True, 'user_id': 1, 'username': 'admin'}, cookies: ImmutableMultiDict([('session', 'eyJfcGVybWFuZW50Ijp0cnVlLCJ1c2VyX2lkIjoxLCJ1c2VybmFtZSI6ImFkbWluIn0.aVe7Ww.MLpd-4MakIqlZZcH5eDUMEwSLf4')])
2026-01-02 20:34:35 - app - INFO - 检查登录状态, session内容: {'_permanent': True, 'user_id': 1, 'username': 'admin'}, cookies: ImmutableMultiDict([('session', 'eyJfcGVybWFuZW50Ijp0cnVlLCJ1c2VyX2lkIjoxLCJ1c2VybmFtZSI6ImFkbWluIn0.aVe7Ww.MLpd-4MakIqlZZcH5eDUMEwSLf4')])
2026-01-02 20:40:25 - app - INFO - 检查登录状态, session内容: {'_permanent': True, 'user_id': 1, 'username': 'admin'}, cookies: ImmutableMultiDict([('session', 'eyJfcGVybWFuZW50Ijp0cnVlLCJ1c2VyX2lkIjoxLCJ1c2VybmFtZSI6ImFkbWluIn0.aVe8uQ.O7i7RSoVS54WpFUwvX8sbByzT_8')])
2026-01-02 20:40:25 - app - INFO - 检查登录状态, session内容: {'_permanent': True, 'user_id': 1, 'username': 'admin'}, cookies: ImmutableMultiDict([('session', 'eyJfcGVybWFuZW50Ijp0cnVlLCJ1c2VyX2lkIjoxLCJ1c2VybmFtZSI6ImFkbWluIn0.aVe8uQ.O7i7RSoVS54WpFUwvX8sbByzT_8')])
2026-01-02 20:45:22 - app - INFO - 许可证激活成功: pro
2026-01-02 20:46:09 - app - INFO - 许可证激活成功: pro
2026-01-02 20:48:15 - app - INFO - 许可证激活成功: pro
2026-01-02 20:48:18 - app - INFO - 检查登录状态, session内容: {'_permanent': True, 'user_id': 1, 'username': 'admin'}, cookies: ImmutableMultiDict([('session', 'eyJfcGVybWFuZW50Ijp0cnVlLCJ1c2VyX2lkIjoxLCJ1c2VybmFtZSI6ImFkbWluIn0.aVe-kg.Uo6pakuXzFovL0N_zF0s2GmjSok')])
2026-01-02 20:48:18 - app - INFO - 检查登录状态, session内容: {'_permanent': True, 'user_id': 1, 'username': 'admin'}, cookies: ImmutableMultiDict([('session', 'eyJfcGVybWFuZW50Ijp0cnVlLCJ1c2VyX2lkIjoxLCJ1c2VybmFtZSI6ImFkbWluIn0.aVe-kg.Uo6pakuXzFovL0N_zF0s2GmjSok')])
2026-01-02 20:48:52 - app - ERROR - 验证许可证失败: 'LicenseManager' object has no attribute 'verify_license'
2026-01-02 20:48:58 - app - INFO - 许可证激活成功: pro
2026-01-02 20:50:18 - app - INFO - 检查数据库...
2026-01-02 20:50:18 - app - INFO - 数据库检查完成
2026-01-02 20:50:18 - app - INFO - 清理异常中断的任务状态...
2026-01-02 20:50:18 - app - INFO - Flask应用创建成功
2026-01-02 20:50:18 - app - INFO - 静态文件目录: C:\Data\夸克转存\frontend
2026-01-02 20:50:18 - app - INFO - 启动任务调度服务...
2026-01-02 20:50:18 - app - INFO - 检查被中断的影视下载任务...
2026-01-02 20:50:18 - app - INFO - 没有需要恢复的影视下载任务
2026-01-02 20:50:18 - app - INFO - 账期生成循环已启动
2026-01-02 20:50:18 - app - INFO - 账期生成线程已启动
2026-01-02 20:50:18 - app - INFO - 开始生成 2026-01-02 的任务账期
2026-01-02 20:50:18 - app - INFO - 任务执行循环已启动
2026-01-02 20:50:18 - app - INFO - 任务执行线程已启动
2026-01-02 20:50:18 - app - INFO - 跳过一次性执行任务: 腾讯视频_mzc00200znyfa5u
2026-01-02 20:50:18 - app - INFO - 日志清理循环已启动
2026-01-02 20:50:18 - app - INFO - 日志清理线程已启动
2026-01-02 20:50:18 - app - INFO - ✅ 生成完成，共创建 0 条待执行记录
2026-01-02 20:50:18 - app - INFO - 下次日志清理时间: 2026-01-03 02:00:00
2026-01-02 20:50:18 - app - INFO - 启动Flask服务: http://0.0.0.0:9710
2026-01-02 20:50:18 - app - INFO - 下次生成账期时间: 2026-01-03 00:00:00, 等待 11381 秒
2026-01-02 20:50:36 - app - INFO - 检查数据库...
2026-01-02 20:50:36 - app - INFO - 数据库检查完成
2026-01-02 20:50:36 - app - INFO - 清理异常中断的任务状态...
2026-01-02 20:50:36 - app - INFO - Flask应用创建成功
2026-01-02 20:50:36 - app - INFO - 静态文件目录: C:\Data\夸克转存\frontend
2026-01-02 20:50:36 - app - INFO - 启动任务调度服务...
2026-01-02 20:50:36 - app - INFO - 检查被中断的影视下载任务...
2026-01-02 20:50:36 - app - INFO - 没有需要恢复的影视下载任务
2026-01-02 20:50:36 - app - INFO - 账期生成循环已启动
2026-01-02 20:50:36 - app - INFO - 账期生成线程已启动
2026-01-02 20:50:36 - app - INFO - 开始生成 2026-01-02 的任务账期
2026-01-02 20:50:36 - app - INFO - 任务执行循环已启动
2026-01-02 20:50:36 - app - INFO - 任务执行线程已启动
2026-01-02 20:50:36 - app - INFO - 跳过一次性执行任务: 腾讯视频_mzc00200znyfa5u
2026-01-02 20:50:36 - app - INFO - 日志清理循环已启动
2026-01-02 20:50:36 - app - INFO - 日志清理线程已启动
2026-01-02 20:50:36 - app - INFO - ✅ 生成完成，共创建 0 条待执行记录
2026-01-02 20:50:36 - app - INFO - 启动Flask服务: http://0.0.0.0:9710
2026-01-02 20:50:36 - app - INFO - 下次日志清理时间: 2026-01-03 02:00:00
2026-01-02 20:50:36 - app - INFO - 下次生成账期时间: 2026-01-03 00:00:00, 等待 11364 秒
2026-01-02 20:51:06 - app - INFO - 检查登录状态, session内容: {'_permanent': True, 'user_id': 1, 'username': 'admin'}, cookies: ImmutableMultiDict([('session', 'eyJfcGVybWFuZW50Ijp0cnVlLCJ1c2VyX2lkIjoxLCJ1c2VybmFtZSI6ImFkbWluIn0.aVe_Og.XuY12SxmyTA8CY0eAXFtSQvwGjM')])
2026-01-02 20:51:06 - app - INFO - 检查登录状态, session内容: {'_permanent': True, 'user_id': 1, 'username': 'admin'}, cookies: ImmutableMultiDict([('session', 'eyJfcGVybWFuZW50Ijp0cnVlLCJ1c2VyX2lkIjoxLCJ1c2VybmFtZSI6ImFkbWluIn0.aVe_Og.XuY12SxmyTA8CY0eAXFtSQvwGjM')])
2026-01-02 20:56:10 - app - INFO - 检查数据库...
2026-01-02 20:56:10 - app - INFO - 数据库检查完成
2026-01-02 20:56:10 - app - INFO - 清理异常中断的任务状态...
2026-01-02 20:56:10 - app - INFO - Flask应用创建成功
2026-01-02 20:56:10 - app - INFO - 静态文件目录: C:\Data\夸克转存\frontend
2026-01-02 20:56:10 - app - INFO - 启动任务调度服务...
2026-01-02 20:56:10 - app - INFO - 检查被中断的影视下载任务...
2026-01-02 20:56:10 - app - INFO - 没有需要恢复的影视下载任务
2026-01-02 20:56:10 - app - INFO - 账期生成循环已启动
2026-01-02 20:56:10 - app - INFO - 账期生成线程已启动
2026-01-02 20:56:10 - app - INFO - 开始生成 2026-01-02 的任务账期
2026-01-02 20:56:10 - app - INFO - 任务执行循环已启动
2026-01-02 20:56:10 - app - INFO - 任务执行线程已启动
2026-01-02 20:56:10 - app - INFO - 日志清理循环已启动
2026-01-02 20:56:10 - app - INFO - 日志清理线程已启动
2026-01-02 20:56:10 - app - INFO - 跳过一次性执行任务: 腾讯视频_mzc00200znyfa5u
2026-01-02 20:56:10 - app - INFO - 下次日志清理时间: 2026-01-03 02:00:00
2026-01-02 20:56:10 - app - INFO - 启动Flask服务: http://0.0.0.0:9710
2026-01-02 20:56:10 - app - INFO - ✅ 生成完成，共创建 0 条待执行记录
2026-01-02 20:56:10 - app - INFO - 下次生成账期时间: 2026-01-03 00:00:00, 等待 11030 秒
2026-01-02 21:00:08 - app - INFO - 检查登录状态, session内容: {'_permanent': True, 'user_id': 1, 'username': 'admin'}, cookies: ImmutableMultiDict([('session', 'eyJfcGVybWFuZW50Ijp0cnVlLCJ1c2VyX2lkIjoxLCJ1c2VybmFtZSI6ImFkbWluIn0.aVfBWA.jpGSMLmT8S5tAfg2ieQSGZ3_hdg')])
2026-01-02 21:00:08 - app - INFO - 检查登录状态, session内容: {'_permanent': True, 'user_id': 1, 'username': 'admin'}, cookies: ImmutableMultiDict([('session', 'eyJfcGVybWFuZW50Ijp0cnVlLCJ1c2VyX2lkIjoxLCJ1c2VybmFtZSI6ImFkbWluIn0.aVfBWA.jpGSMLmT8S5tAfg2ieQSGZ3_hdg')])
2026-01-02 21:00:26 - app - INFO - 检查更新: 当前版本 2.0.0
2026-01-02 21:00:30 - app - INFO - 检查更新成功: {'current_version': '2.0.0', 'has_update': True, 'is_force_update': False, 'latest_version': '2.0.1', 'package_md5': None, 'package_size': 1024, 'package_url': 'http://127.0.0.1:8888/upgrade/xxxx.zip', 'release_date': '2026-01-02 20:19:37', 'release_notes': '喜喜喜喜喜喜喜喜喜喜'}
2026-01-02 21:01:20 - app - INFO - 检查登录状态, session内容: {'_permanent': True, 'user_id': 1, 'username': 'admin'}, cookies: ImmutableMultiDict([('session', 'eyJfcGVybWFuZW50Ijp0cnVlLCJ1c2VyX2lkIjoxLCJ1c2VybmFtZSI6ImFkbWluIn0.aVfBoA.l_OQqM2BAWUCOKwraUc1a-PWUnk')])
2026-01-02 21:01:20 - app - INFO - 检查登录状态, session内容: {'_permanent': True, 'user_id': 1, 'username': 'admin'}, cookies: ImmutableMultiDict([('session', 'eyJfcGVybWFuZW50Ijp0cnVlLCJ1c2VyX2lkIjoxLCJ1c2VybmFtZSI6ImFkbWluIn0.aVfBoA.l_OQqM2BAWUCOKwraUc1a-PWUnk')])
2026-01-02 21:01:43 - app - INFO - 检查登录状态, session内容: {'_permanent': True, 'user_id': 1, 'username': 'admin'}, cookies: ImmutableMultiDict([('session', 'eyJfcGVybWFuZW50Ijp0cnVlLCJ1c2VyX2lkIjoxLCJ1c2VybmFtZSI6ImFkbWluIn0.aVfBtw.tDNJsy3xJPqof1ZluO0KEN3JhOQ')])
2026-01-02 21:01:43 - app - INFO - 检查登录状态, session内容: {'_permanent': True, 'user_id': 1, 'username': 'admin'}, cookies: ImmutableMultiDict([('session', 'eyJfcGVybWFuZW50Ijp0cnVlLCJ1c2VyX2lkIjoxLCJ1c2VybmFtZSI6ImFkbWluIn0.aVfBtw.tDNJsy3xJPqof1ZluO0KEN3JhOQ')])
2026-01-02 21:05:09 - app - INFO - 检查数据库...
2026-01-02 21:05:09 - app - INFO - 数据库检查完成
2026-01-02 21:05:09 - app - INFO - 清理异常中断的任务状态...
2026-01-02 21:05:09 - app - INFO - Flask应用创建成功
2026-01-02 21:05:09 - app - INFO - 静态文件目录: C:\Data\夸克转存\frontend
2026-01-02 21:05:09 - app - INFO - 启动任务调度服务...
2026-01-02 21:05:09 - app - INFO - 检查被中断的影视下载任务...
2026-01-02 21:05:09 - app - INFO - 没有需要恢复的影视下载任务
2026-01-02 21:05:09 - app - INFO - 账期生成循环已启动
2026-01-02 21:05:09 - app - INFO - 账期生成线程已启动
2026-01-02 21:05:09 - app - INFO - 开始生成 2026-01-02 的任务账期
2026-01-02 21:05:09 - app - INFO - 任务执行循环已启动
2026-01-02 21:05:09 - app - INFO - 任务执行线程已启动
2026-01-02 21:05:09 - app - INFO - 日志清理循环已启动
2026-01-02 21:05:09 - app - INFO - 日志清理线程已启动
2026-01-02 21:05:09 - app - INFO - 下次日志清理时间: 2026-01-03 02:00:00
2026-01-02 21:05:09 - app - INFO - 跳过一次性执行任务: 腾讯视频_mzc00200znyfa5u
2026-01-02 21:05:09 - app - INFO - 启动Flask服务: http://0.0.0.0:9710
2026-01-02 21:05:09 - app - INFO - ✅ 生成完成，共创建 0 条待执行记录
2026-01-02 21:05:09 - app - INFO - 下次生成账期时间: 2026-01-03 00:00:00, 等待 10490 秒
2026-01-02 21:05:29 - app - INFO - 检查数据库...
2026-01-02 21:05:29 - app - INFO - 数据库检查完成
2026-01-02 21:05:29 - app - INFO - 清理异常中断的任务状态...
2026-01-02 21:05:29 - app - INFO - Flask应用创建成功
2026-01-02 21:05:29 - app - INFO - 静态文件目录: C:\Data\夸克转存\frontend
2026-01-02 21:05:29 - app - INFO - 启动任务调度服务...
2026-01-02 21:05:29 - app - INFO - 检查被中断的影视下载任务...
2026-01-02 21:05:29 - app - INFO - 没有需要恢复的影视下载任务
2026-01-02 21:05:29 - app - INFO - 账期生成循环已启动
2026-01-02 21:05:29 - app - INFO - 账期生成线程已启动
2026-01-02 21:05:29 - app - INFO - 开始生成 2026-01-02 的任务账期
2026-01-02 21:05:29 - app - INFO - 任务执行循环已启动
2026-01-02 21:05:29 - app - INFO - 任务执行线程已启动
2026-01-02 21:05:29 - app - INFO - 日志清理循环已启动
2026-01-02 21:05:29 - app - INFO - 日志清理线程已启动
2026-01-02 21:05:29 - app - INFO - 下次日志清理时间: 2026-01-03 02:00:00
2026-01-02 21:05:29 - app - INFO - 跳过一次性执行任务: 腾讯视频_mzc00200znyfa5u
2026-01-02 21:05:29 - app - INFO - 启动Flask服务: http://0.0.0.0:9710
2026-01-02 21:05:29 - app - INFO - ✅ 生成完成，共创建 0 条待执行记录
2026-01-02 21:05:29 - app - INFO - 下次生成账期时间: 2026-01-03 00:00:00, 等待 10470 秒
2026-01-02 21:06:21 - app - INFO - 检查数据库...
2026-01-02 21:06:21 - app - INFO - 数据库检查完成
2026-01-02 21:06:21 - app - INFO - 清理异常中断的任务状态...
2026-01-02 21:06:21 - app - INFO - Flask应用创建成功
2026-01-02 21:06:21 - app - INFO - 静态文件目录: C:\Data\夸克转存\frontend
2026-01-02 21:06:21 - app - INFO - 启动任务调度服务...
2026-01-02 21:06:21 - app - INFO - 检查被中断的影视下载任务...
2026-01-02 21:06:21 - app - INFO - 没有需要恢复的影视下载任务
2026-01-02 21:06:21 - app - INFO - 账期生成循环已启动
2026-01-02 21:06:21 - app - INFO - 账期生成线程已启动
2026-01-02 21:06:21 - app - INFO - 开始生成 2026-01-02 的任务账期
2026-01-02 21:06:21 - app - INFO - 任务执行循环已启动
2026-01-02 21:06:21 - app - INFO - 任务执行线程已启动
2026-01-02 21:06:21 - app - INFO - 日志清理循环已启动
2026-01-02 21:06:21 - app - INFO - 日志清理线程已启动
2026-01-02 21:06:21 - app - INFO - 下次日志清理时间: 2026-01-03 02:00:00
2026-01-02 21:06:21 - app - INFO - 跳过一次性执行任务: 腾讯视频_mzc00200znyfa5u
2026-01-02 21:06:21 - app - INFO - 启动Flask服务: http://0.0.0.0:9710
2026-01-02 21:06:21 - app - INFO - ✅ 生成完成，共创建 0 条待执行记录
2026-01-02 21:06:21 - app - INFO - 下次生成账期时间: 2026-01-03 00:00:00, 等待 10418 秒
2026-01-02 21:06:44 - app - INFO - 检查数据库...
2026-01-02 21:06:44 - app - INFO - 数据库检查完成
2026-01-02 21:06:44 - app - INFO - 清理异常中断的任务状态...
2026-01-02 21:06:44 - app - INFO - Flask应用创建成功
2026-01-02 21:06:44 - app - INFO - 静态文件目录: C:\Data\夸克转存\frontend
2026-01-02 21:06:44 - app - INFO - 启动任务调度服务...
2026-01-02 21:06:44 - app - INFO - 检查被中断的影视下载任务...
2026-01-02 21:06:44 - app - INFO - 没有需要恢复的影视下载任务
2026-01-02 21:06:44 - app - INFO - 账期生成循环已启动
2026-01-02 21:06:44 - app - INFO - 账期生成线程已启动
2026-01-02 21:06:44 - app - INFO - 开始生成 2026-01-02 的任务账期
2026-01-02 21:06:44 - app - INFO - 任务执行循环已启动
2026-01-02 21:06:44 - app - INFO - 任务执行线程已启动
2026-01-02 21:06:44 - app - INFO - 日志清理循环已启动
2026-01-02 21:06:44 - app - INFO - 跳过一次性执行任务: 腾讯视频_mzc00200znyfa5u
2026-01-02 21:06:44 - app - INFO - 日志清理线程已启动
2026-01-02 21:06:44 - app - INFO - 下次日志清理时间: 2026-01-03 02:00:00
2026-01-02 21:06:44 - app - INFO - ✅ 生成完成，共创建 0 条待执行记录
2026-01-02 21:06:44 - app - INFO - 启动Flask服务: http://0.0.0.0:9710
2026-01-02 21:06:44 - app - INFO - 下次生成账期时间: 2026-01-03 00:00:00, 等待 10395 秒
2026-01-02 21:07:31 - app - INFO - 检查登录状态, session内容: {'_permanent': True, 'user_id': 1, 'username': 'admin'}, cookies: ImmutableMultiDict([('session', 'eyJfcGVybWFuZW50Ijp0cnVlLCJ1c2VyX2lkIjoxLCJ1c2VybmFtZSI6ImFkbWluIn0.aVfDEw.W0upznNsNDemAA080YGZsKPRE7I')])
2026-01-02 21:07:31 - app - INFO - 检查登录状态, session内容: {'_permanent': True, 'user_id': 1, 'username': 'admin'}, cookies: ImmutableMultiDict([('session', 'eyJfcGVybWFuZW50Ijp0cnVlLCJ1c2VyX2lkIjoxLCJ1c2VybmFtZSI6ImFkbWluIn0.aVfDEw.W0upznNsNDemAA080YGZsKPRE7I')])
2026-01-02 21:07:32 - app - INFO - 检查登录状态, session内容: {'_permanent': True, 'user_id': 1, 'username': 'admin'}, cookies: ImmutableMultiDict([('session', 'eyJfcGVybWFuZW50Ijp0cnVlLCJ1c2VyX2lkIjoxLCJ1c2VybmFtZSI6ImFkbWluIn0.aVfDFA.vivFd2os8aG6uTmx7uMt7DOvRBE')])
2026-01-02 21:07:32 - app - INFO - 检查登录状态, session内容: {'_permanent': True, 'user_id': 1, 'username': 'admin'}, cookies: ImmutableMultiDict([('session', 'eyJfcGVybWFuZW50Ijp0cnVlLCJ1c2VyX2lkIjoxLCJ1c2VybmFtZSI6ImFkbWluIn0.aVfDFA.vivFd2os8aG6uTmx7uMt7DOvRBE')])
2026-01-02 21:12:24 - app - INFO - 检查数据库...
2026-01-02 21:12:24 - app - INFO - 数据库检查完成
2026-01-02 21:12:24 - app - INFO - 清理异常中断的任务状态...
2026-01-02 21:12:24 - app - INFO - Flask应用创建成功
2026-01-02 21:12:24 - app - INFO - 静态文件目录: C:\Data\夸克转存\frontend
2026-01-02 21:12:24 - app - INFO - 启动任务调度服务...
2026-01-02 21:12:24 - app - INFO - 检查被中断的影视下载任务...
2026-01-02 21:12:24 - app - INFO - 没有需要恢复的影视下载任务
2026-01-02 21:12:24 - app - INFO - 账期生成循环已启动
2026-01-02 21:12:24 - app - INFO - 账期生成线程已启动
2026-01-02 21:12:24 - app - INFO - 开始生成 2026-01-02 的任务账期
2026-01-02 21:12:24 - app - INFO - 任务执行循环已启动
2026-01-02 21:12:24 - app - INFO - 任务执行线程已启动
2026-01-02 21:12:24 - app - INFO - 跳过一次性执行任务: 腾讯视频_mzc00200znyfa5u
2026-01-02 21:12:24 - app - INFO - 日志清理循环已启动
2026-01-02 21:12:24 - app - INFO - 日志清理线程已启动
2026-01-02 21:12:24 - app - INFO - ✅ 生成完成，共创建 0 条待执行记录
2026-01-02 21:12:24 - app - INFO - 下次日志清理时间: 2026-01-03 02:00:00
2026-01-02 21:12:24 - app - INFO - 启动Flask服务: http://0.0.0.0:9710
2026-01-02 21:12:24 - app - INFO - 下次生成账期时间: 2026-01-03 00:00:00, 等待 10056 秒
2026-01-02 21:12:40 - app - INFO - 检查数据库...
2026-01-02 21:12:40 - app - INFO - 数据库检查完成
2026-01-02 21:12:40 - app - INFO - 清理异常中断的任务状态...
2026-01-02 21:12:40 - app - INFO - Flask应用创建成功
2026-01-02 21:12:40 - app - INFO - 静态文件目录: C:\Data\夸克转存\frontend
2026-01-02 21:12:40 - app - INFO - 启动任务调度服务...
2026-01-02 21:12:40 - app - INFO - 检查被中断的影视下载任务...
2026-01-02 21:12:40 - app - INFO - 没有需要恢复的影视下载任务
2026-01-02 21:12:40 - app - INFO - 账期生成循环已启动
2026-01-02 21:12:40 - app - INFO - 账期生成线程已启动
2026-01-02 21:12:40 - app - INFO - 开始生成 2026-01-02 的任务账期
2026-01-02 21:12:40 - app - INFO - 任务执行循环已启动
2026-01-02 21:12:40 - app - INFO - 任务执行线程已启动
2026-01-02 21:12:40 - app - INFO - 日志清理循环已启动
2026-01-02 21:12:40 - app - INFO - 日志清理线程已启动
2026-01-02 21:12:40 - app - INFO - 下次日志清理时间: 2026-01-03 02:00:00
2026-01-02 21:12:40 - app - INFO - 跳过一次性执行任务: 腾讯视频_mzc00200znyfa5u
2026-01-02 21:12:40 - app - INFO - 启动Flask服务: http://0.0.0.0:9710
2026-01-02 21:12:40 - app - INFO - ✅ 生成完成，共创建 0 条待执行记录
2026-01-02 21:12:40 - app - INFO - 下次生成账期时间: 2026-01-03 00:00:00, 等待 10040 秒
2026-01-02 21:12:51 - app - INFO - 检查数据库...
2026-01-02 21:12:51 - app - INFO - 数据库检查完成
2026-01-02 21:12:51 - app - INFO - 清理异常中断的任务状态...
2026-01-02 21:12:51 - app - INFO - Flask应用创建成功
2026-01-02 21:12:51 - app - INFO - 静态文件目录: C:\Data\夸克转存\frontend
2026-01-02 21:12:51 - app - INFO - 启动任务调度服务...
2026-01-02 21:12:51 - app - INFO - 检查被中断的影视下载任务...
2026-01-02 21:12:51 - app - INFO - 没有需要恢复的影视下载任务
2026-01-02 21:12:51 - app - INFO - 账期生成循环已启动
2026-01-02 21:12:51 - app - INFO - 账期生成线程已启动
2026-01-02 21:12:51 - app - INFO - 开始生成 2026-01-02 的任务账期
2026-01-02 21:12:51 - app - INFO - 任务执行循环已启动
2026-01-02 21:12:51 - app - INFO - 任务执行线程已启动
2026-01-02 21:12:51 - app - INFO - 日志清理循环已启动
2026-01-02 21:12:51 - app - INFO - 日志清理线程已启动
2026-01-02 21:12:51 - app - INFO - 下次日志清理时间: 2026-01-03 02:00:00
2026-01-02 21:12:51 - app - INFO - 跳过一次性执行任务: 腾讯视频_mzc00200znyfa5u
2026-01-02 21:12:51 - app - INFO - 启动Flask服务: http://0.0.0.0:9710
2026-01-02 21:12:51 - app - INFO - ✅ 生成完成，共创建 0 条待执行记录
2026-01-02 21:12:51 - app - INFO - 下次生成账期时间: 2026-01-03 00:00:00, 等待 10029 秒
2026-01-02 21:13:18 - app - INFO - 检查数据库...
2026-01-02 21:13:18 - app - INFO - 数据库检查完成
2026-01-02 21:13:18 - app - INFO - 清理异常中断的任务状态...
2026-01-02 21:13:18 - app - INFO - Flask应用创建成功
2026-01-02 21:13:18 - app - INFO - 静态文件目录: C:\Data\夸克转存\frontend
2026-01-02 21:13:18 - app - INFO - 启动任务调度服务...
2026-01-02 21:13:18 - app - INFO - 检查被中断的影视下载任务...
2026-01-02 21:13:18 - app - INFO - 没有需要恢复的影视下载任务
2026-01-02 21:13:18 - app - INFO - 账期生成循环已启动
2026-01-02 21:13:18 - app - INFO - 账期生成线程已启动
2026-01-02 21:13:18 - app - INFO - 开始生成 2026-01-02 的任务账期
2026-01-02 21:13:18 - app - INFO - 任务执行循环已启动
2026-01-02 21:13:18 - app - INFO - 任务执行线程已启动
2026-01-02 21:13:18 - app - INFO - 日志清理循环已启动
2026-01-02 21:13:18 - app - INFO - 日志清理线程已启动
2026-01-02 21:13:18 - app - INFO - 下次日志清理时间: 2026-01-03 02:00:00
2026-01-02 21:13:18 - app - INFO - 启动Flask服务: http://0.0.0.0:9710
2026-01-02 21:13:18 - app - INFO - 跳过一次性执行任务: 腾讯视频_mzc00200znyfa5u
2026-01-02 21:13:18 - app - INFO - ✅ 生成完成，共创建 0 条待执行记录
2026-01-02 21:13:18 - app - INFO - 下次生成账期时间: 2026-01-03 00:00:00, 等待 10001 秒
2026-01-02 21:13:55 - app - INFO - 检查数据库...
2026-01-02 21:13:55 - app - INFO - 数据库检查完成
2026-01-02 21:13:55 - app - INFO - 清理异常中断的任务状态...
2026-01-02 21:13:55 - app - INFO - Flask应用创建成功
2026-01-02 21:13:55 - app - INFO - 静态文件目录: C:\Data\夸克转存\frontend
2026-01-02 21:13:55 - app - INFO - 启动任务调度服务...
2026-01-02 21:13:55 - app - INFO - 检查被中断的影视下载任务...
2026-01-02 21:13:55 - app - INFO - 没有需要恢复的影视下载任务
2026-01-02 21:13:55 - app - INFO - 账期生成循环已启动
2026-01-02 21:13:55 - app - INFO - 账期生成线程已启动
2026-01-02 21:13:55 - app - INFO - 开始生成 2026-01-02 的任务账期
2026-01-02 21:13:55 - app - INFO - 任务执行循环已启动
2026-01-02 21:13:55 - app - INFO - 任务执行线程已启动
2026-01-02 21:13:55 - app - INFO - 日志清理循环已启动
2026-01-02 21:13:55 - app - INFO - 日志清理线程已启动
2026-01-02 21:13:55 - app - INFO - 下次日志清理时间: 2026-01-03 02:00:00
2026-01-02 21:13:55 - app - INFO - 启动Flask服务: http://0.0.0.0:9710
2026-01-02 21:13:55 - app - INFO - 跳过一次性执行任务: 腾讯视频_mzc00200znyfa5u
2026-01-02 21:13:55 - app - INFO - ✅ 生成完成，共创建 0 条待执行记录
2026-01-02 21:13:55 - app - INFO - 下次生成账期时间: 2026-01-03 00:00:00, 等待 9965 秒
2026-01-02 21:14:25 - app - INFO - 检查数据库...
2026-01-02 21:14:25 - app - INFO - 数据库检查完成
2026-01-02 21:14:25 - app - INFO - 清理异常中断的任务状态...
2026-01-02 21:14:25 - app - INFO - Flask应用创建成功
2026-01-02 21:14:25 - app - INFO - 静态文件目录: C:\Data\夸克转存\frontend
2026-01-02 21:14:25 - app - INFO - 启动任务调度服务...
2026-01-02 21:14:25 - app - INFO - 检查被中断的影视下载任务...
2026-01-02 21:14:25 - app - INFO - 没有需要恢复的影视下载任务
2026-01-02 21:14:25 - app - INFO - 账期生成循环已启动
2026-01-02 21:14:25 - app - INFO - 账期生成线程已启动
2026-01-02 21:14:25 - app - INFO - 开始生成 2026-01-02 的任务账期
2026-01-02 21:14:25 - app - INFO - 任务执行循环已启动
2026-01-02 21:14:25 - app - INFO - 任务执行线程已启动
2026-01-02 21:14:25 - app - INFO - 跳过一次性执行任务: 腾讯视频_mzc00200znyfa5u
2026-01-02 21:14:25 - app - INFO - 日志清理循环已启动
2026-01-02 21:14:25 - app - INFO - 日志清理线程已启动
2026-01-02 21:14:25 - app - INFO - ✅ 生成完成，共创建 0 条待执行记录
2026-01-02 21:14:25 - app - INFO - 下次日志清理时间: 2026-01-03 02:00:00
2026-01-02 21:14:25 - app - INFO - 启动Flask服务: http://0.0.0.0:9710
2026-01-02 21:14:25 - app - INFO - 下次生成账期时间: 2026-01-03 00:00:00, 等待 9934 秒
2026-01-02 21:16:38 - app - INFO - 检查登录状态, session内容: {'_permanent': True, 'user_id': 1, 'username': 'admin'}, cookies: ImmutableMultiDict([('session', 'eyJfcGVybWFuZW50Ijp0cnVlLCJ1c2VyX2lkIjoxLCJ1c2VybmFtZSI6ImFkbWluIn0.aVfFNg.flCI-FTQTTlDqxnI7FteLE7DzTk')])
2026-01-02 21:16:38 - app - INFO - 检查登录状态, session内容: {'_permanent': True, 'user_id': 1, 'username': 'admin'}, cookies: ImmutableMultiDict([('session', 'eyJfcGVybWFuZW50Ijp0cnVlLCJ1c2VyX2lkIjoxLCJ1c2VybmFtZSI6ImFkbWluIn0.aVfFNg.flCI-FTQTTlDqxnI7FteLE7DzTk')])
2026-01-02 21:17:24 - app - INFO - 检查数据库...
2026-01-02 21:17:24 - app - INFO - 数据库检查完成
2026-01-02 21:17:24 - app - INFO - 清理异常中断的任务状态...
2026-01-02 21:17:24 - app - INFO - Flask应用创建成功
2026-01-02 21:17:24 - app - INFO - 静态文件目录: C:\Data\夸克转存\frontend
2026-01-02 21:17:24 - app - INFO - 启动任务调度服务...
2026-01-02 21:17:24 - app - INFO - 检查被中断的影视下载任务...
2026-01-02 21:17:24 - app - INFO - 没有需要恢复的影视下载任务
2026-01-02 21:17:24 - app - INFO - 账期生成循环已启动
2026-01-02 21:17:24 - app - INFO - 账期生成线程已启动
2026-01-02 21:17:24 - app - INFO - 开始生成 2026-01-02 的任务账期
2026-01-02 21:17:24 - app - INFO - 任务执行循环已启动
2026-01-02 21:17:24 - app - INFO - 任务执行线程已启动
2026-01-02 21:17:24 - app - INFO - 日志清理循环已启动
2026-01-02 21:17:24 - app - INFO - 日志清理线程已启动
2026-01-02 21:17:24 - app - INFO - 下次日志清理时间: 2026-01-03 02:00:00
2026-01-02 21:17:24 - app - INFO - 启动Flask服务: http://0.0.0.0:9710
2026-01-02 21:17:24 - app - INFO - 跳过一次性执行任务: 腾讯视频_mzc00200znyfa5u
2026-01-02 21:17:24 - app - INFO - ✅ 生成完成，共创建 0 条待执行记录
2026-01-02 21:17:24 - app - INFO - 下次生成账期时间: 2026-01-03 00:00:00, 等待 9755 秒
2026-01-02 21:23:52 - app - INFO - 检查数据库...
2026-01-02 21:23:52 - app - INFO - 数据库检查完成
2026-01-02 21:23:52 - app - INFO - 清理异常中断的任务状态...
2026-01-02 21:23:52 - app - INFO - Flask应用创建成功
2026-01-02 21:23:52 - app - INFO - 静态文件目录: C:\Data\夸克转存\frontend
2026-01-02 21:23:52 - app - INFO - 启动任务调度服务...
2026-01-02 21:23:52 - app - INFO - 检查被中断的影视下载任务...
2026-01-02 21:23:52 - app - INFO - 没有需要恢复的影视下载任务
2026-01-02 21:23:52 - app - INFO - 账期生成循环已启动
2026-01-02 21:23:52 - app - INFO - 账期生成线程已启动
2026-01-02 21:23:52 - app - INFO - 开始生成 2026-01-02 的任务账期
2026-01-02 21:23:52 - app - INFO - 任务执行循环已启动
2026-01-02 21:23:52 - app - INFO - 任务执行线程已启动
2026-01-02 21:23:52 - app - INFO - 日志清理循环已启动
2026-01-02 21:23:52 - app - INFO - 跳过一次性执行任务: 腾讯视频_mzc00200znyfa5u
2026-01-02 21:23:52 - app - INFO - 下次日志清理时间: 2026-01-03 02:00:00
2026-01-02 21:23:52 - app - INFO - 日志清理线程已启动
2026-01-02 21:23:52 - app - INFO - ✅ 生成完成，共创建 0 条待执行记录
2026-01-02 21:23:52 - app - INFO - 启动Flask服务: http://0.0.0.0:9710
2026-01-02 21:23:52 - app - INFO - 下次生成账期时间: 2026-01-03 00:00:00, 等待 9368 秒
2026-01-02 21:24:12 - app - INFO - 检查数据库...
2026-01-02 21:24:12 - app - INFO - 数据库检查完成
2026-01-02 21:24:12 - app - INFO - 清理异常中断的任务状态...
2026-01-02 21:24:12 - app - INFO - Flask应用创建成功
2026-01-02 21:24:12 - app - INFO - 静态文件目录: C:\Data\夸克转存\frontend
2026-01-02 21:24:12 - app - INFO - 启动任务调度服务...
2026-01-02 21:24:12 - app - INFO - 检查被中断的影视下载任务...
2026-01-02 21:24:12 - app - INFO - 没有需要恢复的影视下载任务
2026-01-02 21:24:12 - app - INFO - 账期生成循环已启动
2026-01-02 21:24:12 - app - INFO - 账期生成线程已启动
2026-01-02 21:24:12 - app - INFO - 开始生成 2026-01-02 的任务账期
2026-01-02 21:24:12 - app - INFO - 任务执行循环已启动
2026-01-02 21:24:12 - app - INFO - 任务执行线程已启动
2026-01-02 21:24:12 - app - INFO - 日志清理循环已启动
2026-01-02 21:24:12 - app - INFO - 日志清理线程已启动
2026-01-02 21:24:12 - app - INFO - 下次日志清理时间: 2026-01-03 02:00:00
2026-01-02 21:24:12 - app - INFO - 启动Flask服务: http://0.0.0.0:9710
2026-01-02 21:24:12 - app - INFO - 跳过一次性执行任务: 腾讯视频_mzc00200znyfa5u
2026-01-02 21:24:12 - app - INFO - ✅ 生成完成，共创建 0 条待执行记录
2026-01-02 21:24:12 - app - INFO - 下次生成账期时间: 2026-01-03 00:00:00, 等待 9348 秒
2026-01-02 21:24:31 - app - INFO - 检查数据库...
2026-01-02 21:24:31 - app - INFO - 数据库检查完成
2026-01-02 21:24:31 - app - INFO - 清理异常中断的任务状态...
2026-01-02 21:24:31 - app - INFO - Flask应用创建成功
2026-01-02 21:24:31 - app - INFO - 静态文件目录: C:\Data\夸克转存\frontend
2026-01-02 21:24:31 - app - INFO - 启动任务调度服务...
2026-01-02 21:24:31 - app - INFO - 检查被中断的影视下载任务...
2026-01-02 21:24:31 - app - INFO - 没有需要恢复的影视下载任务
2026-01-02 21:24:31 - app - INFO - 账期生成循环已启动
2026-01-02 21:24:31 - app - INFO - 账期生成线程已启动
2026-01-02 21:24:31 - app - INFO - 开始生成 2026-01-02 的任务账期
2026-01-02 21:24:31 - app - INFO - 任务执行循环已启动
2026-01-02 21:24:31 - app - INFO - 任务执行线程已启动
2026-01-02 21:24:31 - app - INFO - 日志清理循环已启动
2026-01-02 21:24:31 - app - INFO - 日志清理线程已启动
2026-01-02 21:24:31 - app - INFO - 跳过一次性执行任务: 腾讯视频_mzc00200znyfa5u
2026-01-02 21:24:31 - app - INFO - 下次日志清理时间: 2026-01-03 02:00:00
2026-01-02 21:24:31 - app - INFO - 启动Flask服务: http://0.0.0.0:9710
2026-01-02 21:24:31 - app - INFO - ✅ 生成完成，共创建 0 条待执行记录
2026-01-02 21:24:31 - app - INFO - 下次生成账期时间: 2026-01-03 00:00:00, 等待 9328 秒
2026-01-02 21:24:55 - app - INFO - 检查数据库...
2026-01-02 21:24:55 - app - INFO - 数据库检查完成
2026-01-02 21:24:55 - app - INFO - 清理异常中断的任务状态...
2026-01-02 21:24:55 - app - INFO - Flask应用创建成功
2026-01-02 21:24:55 - app - INFO - 静态文件目录: C:\Data\夸克转存\frontend
2026-01-02 21:24:55 - app - INFO - 启动任务调度服务...
2026-01-02 21:24:55 - app - INFO - 检查被中断的影视下载任务...
2026-01-02 21:24:55 - app - INFO - 没有需要恢复的影视下载任务
2026-01-02 21:24:55 - app - INFO - 账期生成循环已启动
2026-01-02 21:24:55 - app - INFO - 账期生成线程已启动
2026-01-02 21:24:55 - app - INFO - 开始生成 2026-01-02 的任务账期
2026-01-02 21:24:55 - app - INFO - 任务执行循环已启动
2026-01-02 21:24:55 - app - INFO - 任务执行线程已启动
2026-01-02 21:24:55 - app - INFO - 跳过一次性执行任务: 腾讯视频_mzc00200znyfa5u
2026-01-02 21:24:55 - app - INFO - 日志清理循环已启动
2026-01-02 21:24:55 - app - INFO - 日志清理线程已启动
2026-01-02 21:24:55 - app - INFO - ✅ 生成完成，共创建 0 条待执行记录
2026-01-02 21:24:55 - app - INFO - 下次日志清理时间: 2026-01-03 02:00:00
2026-01-02 21:24:55 - app - INFO - 启动Flask服务: http://0.0.0.0:9710
2026-01-02 21:24:55 - app - INFO - 下次生成账期时间: 2026-01-03 00:00:00, 等待 9304 秒
2026-01-02 21:26:32 - app - INFO - 检查数据库...
2026-01-02 21:26:32 - app - INFO - 数据库检查完成
2026-01-02 21:26:32 - app - INFO - 清理异常中断的任务状态...
2026-01-02 21:26:32 - app - INFO - Flask应用创建成功
2026-01-02 21:26:32 - app - INFO - 静态文件目录: C:\Data\夸克转存\frontend
2026-01-02 21:26:32 - app - INFO - 启动任务调度服务...
2026-01-02 21:26:32 - app - INFO - 检查被中断的影视下载任务...
2026-01-02 21:26:32 - app - INFO - 没有需要恢复的影视下载任务
2026-01-02 21:26:32 - app - INFO - 账期生成循环已启动
2026-01-02 21:26:32 - app - INFO - 账期生成线程已启动
2026-01-02 21:26:32 - app - INFO - 开始生成 2026-01-02 的任务账期
2026-01-02 21:26:32 - app - INFO - 任务执行循环已启动
2026-01-02 21:26:32 - app - INFO - 任务执行线程已启动
2026-01-02 21:26:32 - app - INFO - 日志清理循环已启动
2026-01-02 21:26:32 - app - INFO - 日志清理线程已启动
2026-01-02 21:26:32 - app - INFO - 跳过一次性执行任务: 腾讯视频_mzc00200znyfa5u
2026-01-02 21:26:32 - app - INFO - 下次日志清理时间: 2026-01-03 02:00:00
2026-01-02 21:26:32 - app - INFO - 启动Flask服务: http://0.0.0.0:9710
2026-01-02 21:26:32 - app - INFO - ✅ 生成完成，共创建 0 条待执行记录
2026-01-02 21:26:32 - app - INFO - 下次生成账期时间: 2026-01-03 00:00:00, 等待 9207 秒
2026-01-02 21:26:41 - app - INFO - 检查数据库...
2026-01-02 21:26:41 - app - INFO - 数据库检查完成
2026-01-02 21:26:41 - app - INFO - 清理异常中断的任务状态...
2026-01-02 21:26:41 - app - INFO - Flask应用创建成功
2026-01-02 21:26:41 - app - INFO - 静态文件目录: C:\Data\夸克转存\frontend
2026-01-02 21:26:41 - app - INFO - 启动任务调度服务...
2026-01-02 21:26:41 - app - INFO - 检查被中断的影视下载任务...
2026-01-02 21:26:41 - app - INFO - 没有需要恢复的影视下载任务
2026-01-02 21:26:41 - app - INFO - 账期生成循环已启动
2026-01-02 21:26:41 - app - INFO - 账期生成线程已启动
2026-01-02 21:26:41 - app - INFO - 开始生成 2026-01-02 的任务账期
2026-01-02 21:26:41 - app - INFO - 任务执行循环已启动
2026-01-02 21:26:41 - app - INFO - 任务执行线程已启动
2026-01-02 21:26:41 - app - INFO - 跳过一次性执行任务: 腾讯视频_mzc00200znyfa5u
2026-01-02 21:26:41 - app - INFO - ✅ 生成完成，共创建 0 条待执行记录
2026-01-02 21:26:41 - app - INFO - 日志清理循环已启动
2026-01-02 21:26:41 - app - INFO - 日志清理线程已启动
2026-01-02 21:26:41 - app - INFO - 下次生成账期时间: 2026-01-03 00:00:00, 等待 9198 秒
2026-01-02 21:26:41 - app - INFO - 下次日志清理时间: 2026-01-03 02:00:00
2026-01-02 21:26:41 - app - INFO - 启动Flask服务: http://0.0.0.0:9710
2026-01-02 21:27:24 - app - INFO - 检查数据库...
2026-01-02 21:27:24 - app - INFO - 数据库检查完成
2026-01-02 21:27:24 - app - INFO - 清理异常中断的任务状态...
2026-01-02 21:27:24 - app - INFO - Flask应用创建成功
2026-01-02 21:27:24 - app - INFO - 静态文件目录: C:\Data\夸克转存\frontend
2026-01-02 21:27:24 - app - INFO - 启动任务调度服务...
2026-01-02 21:27:24 - app - INFO - 检查被中断的影视下载任务...
2026-01-02 21:27:24 - app - INFO - 没有需要恢复的影视下载任务
2026-01-02 21:27:24 - app - INFO - 账期生成循环已启动
2026-01-02 21:27:24 - app - INFO - 账期生成线程已启动
2026-01-02 21:27:24 - app - INFO - 开始生成 2026-01-02 的任务账期
2026-01-02 21:27:24 - app - INFO - 任务执行循环已启动
2026-01-02 21:27:24 - app - INFO - 任务执行线程已启动
2026-01-02 21:27:24 - app - INFO - 日志清理循环已启动
2026-01-02 21:27:24 - app - INFO - 日志清理线程已启动
2026-01-02 21:27:24 - app - INFO - 下次日志清理时间: 2026-01-03 02:00:00
2026-01-02 21:27:24 - app - INFO - 跳过一次性执行任务: 腾讯视频_mzc00200znyfa5u
2026-01-02 21:27:24 - app - INFO - 启动Flask服务: http://0.0.0.0:9710
2026-01-02 21:27:24 - app - INFO - ✅ 生成完成，共创建 0 条待执行记录
2026-01-02 21:27:24 - app - INFO - 下次生成账期时间: 2026-01-03 00:00:00, 等待 9156 秒
2026-01-02 21:27:33 - app - INFO - 检查数据库...
2026-01-02 21:27:33 - app - INFO - 数据库检查完成
2026-01-02 21:27:33 - app - INFO - 清理异常中断的任务状态...
2026-01-02 21:27:33 - app - INFO - Flask应用创建成功
2026-01-02 21:27:33 - app - INFO - 静态文件目录: C:\Data\夸克转存\frontend
2026-01-02 21:27:33 - app - INFO - 启动任务调度服务...
2026-01-02 21:27:33 - app - INFO - 检查被中断的影视下载任务...
2026-01-02 21:27:33 - app - INFO - 没有需要恢复的影视下载任务
2026-01-02 21:27:33 - app - INFO - 账期生成循环已启动
2026-01-02 21:27:33 - app - INFO - 账期生成线程已启动
2026-01-02 21:27:33 - app - INFO - 开始生成 2026-01-02 的任务账期
2026-01-02 21:27:33 - app - INFO - 任务执行循环已启动
2026-01-02 21:27:33 - app - INFO - 任务执行线程已启动
2026-01-02 21:27:33 - app - INFO - 日志清理循环已启动
2026-01-02 21:27:33 - app - INFO - 日志清理线程已启动
2026-01-02 21:27:33 - app - INFO - 下次日志清理时间: 2026-01-03 02:00:00
2026-01-02 21:27:33 - app - INFO - 跳过一次性执行任务: 腾讯视频_mzc00200znyfa5u
2026-01-02 21:27:33 - app - INFO - 启动Flask服务: http://0.0.0.0:9710
2026-01-02 21:27:33 - app - INFO - ✅ 生成完成，共创建 0 条待执行记录
2026-01-02 21:27:33 - app - INFO - 下次生成账期时间: 2026-01-03 00:00:00, 等待 9147 秒
2026-01-02 21:31:08 - app - INFO - 检查数据库...
2026-01-02 21:31:08 - app - INFO - 数据库检查完成
2026-01-02 21:31:08 - app - INFO - 清理异常中断的任务状态...
2026-01-02 21:31:08 - app - INFO - Flask应用创建成功
2026-01-02 21:31:08 - app - INFO - 静态文件目录: C:\Data\夸克转存\frontend
2026-01-02 21:31:08 - app - INFO - 启动任务调度服务...
2026-01-02 21:31:08 - app - INFO - 检查被中断的影视下载任务...
2026-01-02 21:31:08 - app - INFO - 没有需要恢复的影视下载任务
2026-01-02 21:31:08 - app - INFO - 账期生成循环已启动
2026-01-02 21:31:08 - app - INFO - 账期生成线程已启动
2026-01-02 21:31:08 - app - INFO - 开始生成 2026-01-02 的任务账期
2026-01-02 21:31:08 - app - INFO - 任务执行循环已启动
2026-01-02 21:31:08 - app - INFO - 任务执行线程已启动
2026-01-02 21:31:08 - app - INFO - 日志清理循环已启动
2026-01-02 21:31:08 - app - INFO - 日志清理线程已启动
2026-01-02 21:31:08 - app - INFO - 下次日志清理时间: 2026-01-03 02:00:00
2026-01-02 21:31:08 - app - INFO - 跳过一次性执行任务: 腾讯视频_mzc00200znyfa5u
2026-01-02 21:31:08 - app - INFO - 启动Flask服务: http://0.0.0.0:9710
2026-01-02 21:31:08 - app - INFO - ✅ 生成完成，共创建 0 条待执行记录
2026-01-02 21:31:08 - app - INFO - 下次生成账期时间: 2026-01-03 00:00:00, 等待 8932 秒
2026-01-02 21:31:38 - app - INFO - 检查数据库...
2026-01-02 21:31:38 - app - INFO - 数据库检查完成
2026-01-02 21:31:38 - app - INFO - 清理异常中断的任务状态...
2026-01-02 21:31:38 - app - INFO - Flask应用创建成功
2026-01-02 21:31:38 - app - INFO - 静态文件目录: C:\Data\夸克转存\frontend
2026-01-02 21:31:38 - app - INFO - 启动任务调度服务...
2026-01-02 21:31:38 - app - INFO - 检查被中断的影视下载任务...
2026-01-02 21:31:38 - app - INFO - 没有需要恢复的影视下载任务
2026-01-02 21:31:38 - app - INFO - 账期生成循环已启动
2026-01-02 21:31:38 - app - INFO - 账期生成线程已启动
2026-01-02 21:31:38 - app - INFO - 开始生成 2026-01-02 的任务账期
2026-01-02 21:31:38 - app - INFO - 跳过一次性执行任务: 腾讯视频_mzc00200znyfa5u
2026-01-02 21:31:38 - app - INFO - ✅ 生成完成，共创建 0 条待执行记录
2026-01-02 21:31:38 - app - INFO - 下次生成账期时间: 2026-01-03 00:00:00, 等待 8901 秒
2026-01-02 21:31:38 - app - INFO - 任务执行循环已启动
2026-01-02 21:31:38 - app - INFO - 任务执行线程已启动
2026-01-02 21:31:38 - app - INFO - 日志清理循环已启动
2026-01-02 21:31:38 - app - INFO - 日志清理线程已启动
2026-01-02 21:31:38 - app - INFO - 下次日志清理时间: 2026-01-03 02:00:00
2026-01-02 21:31:38 - app - INFO - 启动Flask服务: http://0.0.0.0:9710
2026-01-02 21:32:49 - app - INFO - 检查数据库...
2026-01-02 21:32:49 - app - INFO - 数据库检查完成
2026-01-02 21:32:49 - app - INFO - 清理异常中断的任务状态...
2026-01-02 21:32:49 - app - INFO - Flask应用创建成功
2026-01-02 21:32:49 - app - INFO - 静态文件目录: C:\Data\夸克转存\frontend
2026-01-02 21:32:49 - app - INFO - 启动任务调度服务...
2026-01-02 21:32:49 - app - INFO - 检查被中断的影视下载任务...
2026-01-02 21:32:49 - app - INFO - 没有需要恢复的影视下载任务
2026-01-02 21:32:49 - app - INFO - 账期生成循环已启动
2026-01-02 21:32:49 - app - INFO - 账期生成线程已启动
2026-01-02 21:32:49 - app - INFO - 开始生成 2026-01-02 的任务账期
2026-01-02 21:32:49 - app - INFO - 任务执行循环已启动
2026-01-02 21:32:49 - app - INFO - 任务执行线程已启动
2026-01-02 21:32:49 - app - INFO - 日志清理循环已启动
2026-01-02 21:32:49 - app - INFO - 日志清理线程已启动
2026-01-02 21:32:49 - app - INFO - 下次日志清理时间: 2026-01-03 02:00:00
2026-01-02 21:32:49 - app - INFO - 启动Flask服务: http://0.0.0.0:9710
2026-01-02 21:32:49 - app - INFO - 跳过一次性执行任务: 腾讯视频_mzc00200znyfa5u
2026-01-02 21:32:49 - app - INFO - ✅ 生成完成，共创建 0 条待执行记录
2026-01-02 21:32:49 - app - INFO - 下次生成账期时间: 2026-01-03 00:00:00, 等待 8831 秒
2026-01-02 21:33:14 - app - INFO - 检查数据库...
2026-01-02 21:33:14 - app - INFO - 数据库检查完成
2026-01-02 21:33:14 - app - INFO - 清理异常中断的任务状态...
2026-01-02 21:33:14 - app - INFO - Flask应用创建成功
2026-01-02 21:33:14 - app - INFO - 静态文件目录: C:\Data\夸克转存\frontend
2026-01-02 21:33:14 - app - INFO - 启动任务调度服务...
2026-01-02 21:33:14 - app - INFO - 检查被中断的影视下载任务...
2026-01-02 21:33:14 - app - INFO - 没有需要恢复的影视下载任务
2026-01-02 21:33:14 - app - INFO - 账期生成循环已启动
2026-01-02 21:33:14 - app - INFO - 账期生成线程已启动
2026-01-02 21:33:14 - app - INFO - 开始生成 2026-01-02 的任务账期
2026-01-02 21:33:14 - app - INFO - 跳过一次性执行任务: 腾讯视频_mzc00200znyfa5u
2026-01-02 21:33:14 - app - INFO - ✅ 生成完成，共创建 0 条待执行记录
2026-01-02 21:33:14 - app - INFO - 任务执行循环已启动
2026-01-02 21:33:14 - app - INFO - 任务执行线程已启动
2026-01-02 21:33:14 - app - INFO - 下次生成账期时间: 2026-01-03 00:00:00, 等待 8805 秒
2026-01-02 21:33:14 - app - INFO - 日志清理循环已启动
2026-01-02 21:33:14 - app - INFO - 日志清理线程已启动
2026-01-02 21:33:14 - app - INFO - 下次日志清理时间: 2026-01-03 02:00:00
2026-01-02 21:33:14 - app - INFO - 启动Flask服务: http://0.0.0.0:9710
2026-01-02 21:34:21 - app - INFO - 检查登录状态, session内容: {'_permanent': True, 'user_id': 1, 'username': 'admin'}, cookies: ImmutableMultiDict([('session', 'eyJfcGVybWFuZW50Ijp0cnVlLCJ1c2VyX2lkIjoxLCJ1c2VybmFtZSI6ImFkbWluIn0.aVfJXQ.O8HNO8GxQTCyo2-3LmP5SqhUOBA')])
2026-01-02 21:34:21 - app - INFO - 检查登录状态, session内容: {'_permanent': True, 'user_id': 1, 'username': 'admin'}, cookies: ImmutableMultiDict([('session', 'eyJfcGVybWFuZW50Ijp0cnVlLCJ1c2VyX2lkIjoxLCJ1c2VybmFtZSI6ImFkbWluIn0.aVfJXQ.O8HNO8GxQTCyo2-3LmP5SqhUOBA')])
2026-01-02 21:35:15 - app - INFO - 检查数据库...
2026-01-02 21:35:15 - app - INFO - 数据库检查完成
2026-01-02 21:35:15 - app - INFO - 清理异常中断的任务状态...
2026-01-02 21:35:15 - app - INFO - Flask应用创建成功
2026-01-02 21:35:15 - app - INFO - 静态文件目录: C:\Data\夸克转存\frontend
2026-01-02 21:35:15 - app - INFO - 启动任务调度服务...
2026-01-02 21:35:15 - app - INFO - 检查被中断的影视下载任务...
2026-01-02 21:35:15 - app - INFO - 没有需要恢复的影视下载任务
2026-01-02 21:35:15 - app - INFO - 账期生成循环已启动
2026-01-02 21:35:15 - app - INFO - 账期生成线程已启动
2026-01-02 21:35:15 - app - INFO - 开始生成 2026-01-02 的任务账期
2026-01-02 21:35:15 - app - INFO - 任务执行循环已启动
2026-01-02 21:35:15 - app - INFO - 任务执行线程已启动
2026-01-02 21:35:15 - app - INFO - 日志清理循环已启动
2026-01-02 21:35:15 - app - INFO - 日志清理线程已启动
2026-01-02 21:35:15 - app - INFO - 下次日志清理时间: 2026-01-03 02:00:00
2026-01-02 21:35:15 - app - INFO - 启动Flask服务: http://0.0.0.0:9710
2026-01-02 21:35:15 - app - INFO - 跳过一次性执行任务: 腾讯视频_mzc00200znyfa5u
2026-01-02 21:35:15 - app - INFO - ✅ 生成完成，共创建 0 条待执行记录
2026-01-02 21:35:15 - app - INFO - 下次生成账期时间: 2026-01-03 00:00:00, 等待 8684 秒
2026-01-02 21:35:42 - app - INFO - 检查数据库...
2026-01-02 21:35:42 - app - INFO - 数据库检查完成
2026-01-02 21:35:42 - app - INFO - 清理异常中断的任务状态...
2026-01-02 21:35:42 - app - INFO - Flask应用创建成功
2026-01-02 21:35:42 - app - INFO - 静态文件目录: C:\Data\夸克转存\frontend
2026-01-02 21:35:42 - app - INFO - 启动任务调度服务...
2026-01-02 21:35:42 - app - INFO - 检查被中断的影视下载任务...
2026-01-02 21:35:42 - app - INFO - 没有需要恢复的影视下载任务
2026-01-02 21:35:42 - app - INFO - 账期生成循环已启动
2026-01-02 21:35:42 - app - INFO - 账期生成线程已启动
2026-01-02 21:35:42 - app - INFO - 开始生成 2026-01-02 的任务账期
2026-01-02 21:35:42 - app - INFO - 任务执行循环已启动
2026-01-02 21:35:42 - app - INFO - 任务执行线程已启动
2026-01-02 21:35:42 - app - INFO - 跳过一次性执行任务: 腾讯视频_mzc00200znyfa5u
2026-01-02 21:35:42 - app - INFO - 日志清理循环已启动
2026-01-02 21:35:42 - app - INFO - 日志清理线程已启动
2026-01-02 21:35:42 - app - INFO - ✅ 生成完成，共创建 0 条待执行记录
2026-01-02 21:35:42 - app - INFO - 下次日志清理时间: 2026-01-03 02:00:00
2026-01-02 21:35:42 - app - INFO - 启动Flask服务: http://0.0.0.0:9710
2026-01-02 21:35:42 - app - INFO - 下次生成账期时间: 2026-01-03 00:00:00, 等待 8658 秒
2026-01-02 21:35:53 - app - INFO - 检查数据库...
2026-01-02 21:35:53 - app - INFO - 数据库检查完成
2026-01-02 21:35:53 - app - INFO - 清理异常中断的任务状态...
2026-01-02 21:35:53 - app - INFO - Flask应用创建成功
2026-01-02 21:35:53 - app - INFO - 静态文件目录: C:\Data\夸克转存\frontend
2026-01-02 21:35:53 - app - INFO - 启动任务调度服务...
2026-01-02 21:35:53 - app - INFO - 检查被中断的影视下载任务...
2026-01-02 21:35:53 - app - INFO - 没有需要恢复的影视下载任务
2026-01-02 21:35:53 - app - INFO - 账期生成循环已启动
2026-01-02 21:35:53 - app - INFO - 账期生成线程已启动
2026-01-02 21:35:53 - app - INFO - 开始生成 2026-01-02 的任务账期
2026-01-02 21:35:53 - app - INFO - 任务执行循环已启动
2026-01-02 21:35:53 - app - INFO - 任务执行线程已启动
2026-01-02 21:35:53 - app - INFO - 日志清理循环已启动
2026-01-02 21:35:53 - app - INFO - 日志清理线程已启动
2026-01-02 21:35:53 - app - INFO - 下次日志清理时间: 2026-01-03 02:00:00
2026-01-02 21:35:53 - app - INFO - 跳过一次性执行任务: 腾讯视频_mzc00200znyfa5u
2026-01-02 21:35:53 - app - INFO - 启动Flask服务: http://0.0.0.0:9710
2026-01-02 21:35:53 - app - INFO - ✅ 生成完成，共创建 0 条待执行记录
2026-01-02 21:35:53 - app - INFO - 下次生成账期时间: 2026-01-03 00:00:00, 等待 8647 秒
2026-01-02 21:36:42 - app - INFO - 检查数据库...
2026-01-02 21:36:42 - app - INFO - 数据库检查完成
2026-01-02 21:36:42 - app - INFO - 清理异常中断的任务状态...
2026-01-02 21:36:42 - app - INFO - Flask应用创建成功
2026-01-02 21:36:42 - app - INFO - 静态文件目录: C:\Data\夸克转存\frontend
2026-01-02 21:36:42 - app - INFO - 启动任务调度服务...
2026-01-02 21:36:42 - app - INFO - 检查被中断的影视下载任务...
2026-01-02 21:36:42 - app - INFO - 没有需要恢复的影视下载任务
2026-01-02 21:36:42 - app - INFO - 账期生成循环已启动
2026-01-02 21:36:42 - app - INFO - 账期生成线程已启动
2026-01-02 21:36:42 - app - INFO - 开始生成 2026-01-02 的任务账期
2026-01-02 21:36:42 - app - INFO - 任务执行循环已启动
2026-01-02 21:36:42 - app - INFO - 任务执行线程已启动
2026-01-02 21:36:42 - app - INFO - 日志清理循环已启动
2026-01-02 21:36:42 - app - INFO - 日志清理线程已启动
2026-01-02 21:36:42 - app - INFO - 下次日志清理时间: 2026-01-03 02:00:00
2026-01-02 21:36:42 - app - INFO - 跳过一次性执行任务: 腾讯视频_mzc00200znyfa5u
2026-01-02 21:36:42 - app - INFO - 启动Flask服务: http://0.0.0.0:9710
2026-01-02 21:36:42 - app - INFO - ✅ 生成完成，共创建 0 条待执行记录
2026-01-02 21:36:42 - app - INFO - 下次生成账期时间: 2026-01-03 00:00:00, 等待 8597 秒
2026-01-02 21:37:36 - app - INFO - 检查数据库...
2026-01-02 21:37:36 - app - INFO - 数据库检查完成
2026-01-02 21:37:36 - app - INFO - 清理异常中断的任务状态...
2026-01-02 21:37:36 - app - INFO - Flask应用创建成功
2026-01-02 21:37:36 - app - INFO - 静态文件目录: C:\Data\夸克转存\frontend
2026-01-02 21:37:36 - app - INFO - 启动任务调度服务...
2026-01-02 21:37:36 - app - INFO - 检查被中断的影视下载任务...
2026-01-02 21:37:36 - app - INFO - 没有需要恢复的影视下载任务
2026-01-02 21:37:36 - app - INFO - 账期生成循环已启动
2026-01-02 21:37:36 - app - INFO - 账期生成线程已启动
2026-01-02 21:37:36 - app - INFO - 开始生成 2026-01-02 的任务账期
2026-01-02 21:37:36 - app - INFO - 任务执行循环已启动
2026-01-02 21:37:36 - app - INFO - 任务执行线程已启动
2026-01-02 21:37:36 - app - INFO - 日志清理循环已启动
2026-01-02 21:37:36 - app - INFO - 日志清理线程已启动
2026-01-02 21:37:36 - app - INFO - 跳过一次性执行任务: 腾讯视频_mzc00200znyfa5u
2026-01-02 21:37:36 - app - INFO - 下次日志清理时间: 2026-01-03 02:00:00
2026-01-02 21:37:36 - app - INFO - 启动Flask服务: http://0.0.0.0:9710
2026-01-02 21:37:36 - app - INFO - ✅ 生成完成，共创建 0 条待执行记录
2026-01-02 21:37:36 - app - INFO - 下次生成账期时间: 2026-01-03 00:00:00, 等待 8544 秒
2026-01-02 21:38:11 - app - INFO - 检查数据库...
2026-01-02 21:38:11 - app - INFO - 数据库检查完成
2026-01-02 21:38:11 - app - INFO - 清理异常中断的任务状态...
2026-01-02 21:38:11 - app - INFO - Flask应用创建成功
2026-01-02 21:38:11 - app - INFO - 静态文件目录: C:\Data\夸克转存\frontend
2026-01-02 21:38:11 - app - INFO - 启动任务调度服务...
2026-01-02 21:38:11 - app - INFO - 检查被中断的影视下载任务...
2026-01-02 21:38:11 - app - INFO - 没有需要恢复的影视下载任务
2026-01-02 21:38:11 - app - INFO - 账期生成循环已启动
2026-01-02 21:38:11 - app - INFO - 账期生成线程已启动
2026-01-02 21:38:11 - app - INFO - 开始生成 2026-01-02 的任务账期
2026-01-02 21:38:11 - app - INFO - 任务执行循环已启动
2026-01-02 21:38:11 - app - INFO - 任务执行线程已启动
2026-01-02 21:38:11 - app - INFO - 跳过一次性执行任务: 腾讯视频_mzc00200znyfa5u
2026-01-02 21:38:11 - app - INFO - ✅ 生成完成，共创建 0 条待执行记录
2026-01-02 21:38:11 - app - INFO - 日志清理循环已启动
2026-01-02 21:38:11 - app - INFO - 日志清理线程已启动
2026-01-02 21:38:11 - app - INFO - 下次生成账期时间: 2026-01-03 00:00:00, 等待 8508 秒
2026-01-02 21:38:11 - app - INFO - 下次日志清理时间: 2026-01-03 02:00:00
2026-01-02 21:38:11 - app - INFO - 启动Flask服务: http://0.0.0.0:9710
2026-01-02 22:29:34 - app - ERROR - 解密密钥未设置
2026-01-02 22:29:34 - app - WARNING - 配置解密失败,返回空配置
2026-01-02 22:29:34 - app - ERROR - 夸克API配置未加载,请联系管理员获取配置
2026-01-02 22:29:35 - app - ERROR - 解密密钥未设置
2026-01-02 22:29:35 - app - WARNING - 配置解密失败,返回空配置
2026-01-02 22:29:35 - app - ERROR - 芒果TV配置未加载,请联系管理员获取配置
2026-01-02 22:34:59 - app - INFO - 配置加密保存成功
2026-01-02 22:35:21 - app - ERROR - 解密密钥未设置
2026-01-02 22:35:21 - app - WARNING - 配置解密失败,返回空配置
2026-01-02 22:35:21 - app - ERROR - 夸克API配置未加载,请联系管理员获取配置
2026-01-02 22:35:21 - app - ERROR - 解密密钥未设置
2026-01-02 22:35:21 - app - WARNING - 配置解密失败,返回空配置
2026-01-02 22:35:21 - app - ERROR - 芒果TV配置未加载,请联系管理员获取配置
2026-01-02 22:38:12 - app - ERROR - 解密密钥未设置
2026-01-02 22:38:12 - app - WARNING - 配置解密失败,返回空配置
2026-01-02 22:38:12 - app - ERROR - 夸克API配置未加载,请联系管理员获取配置
2026-01-02 22:38:12 - app - ERROR - 解密密钥未设置
2026-01-02 22:38:12 - app - WARNING - 配置解密失败,返回空配置
2026-01-02 22:38:12 - app - ERROR - 芒果TV配置未加载,请联系管理员获取配置
2026-01-02 22:39:18 - app - ERROR - 解密密钥未设置
2026-01-02 22:39:18 - app - WARNING - 配置解密失败,返回空配置
2026-01-02 22:39:18 - app - ERROR - 夸克API配置未加载,请联系管理员获取配置
2026-01-02 22:39:18 - app - INFO - 检查数据库...
2026-01-02 22:39:18 - app - INFO - 数据库检查完成
2026-01-02 22:39:18 - app - INFO - 清理异常中断的任务状态...
2026-01-02 22:39:18 - app - INFO - Flask应用创建成功
2026-01-02 22:39:18 - app - INFO - 静态文件目录: C:\Data\夸克转存\client\frontend
2026-01-02 22:39:18 - app - INFO - 启动任务调度服务...
2026-01-02 22:39:18 - app - INFO - 检查被中断的影视下载任务...
2026-01-02 22:39:18 - app - INFO - 没有需要恢复的影视下载任务
2026-01-02 22:39:18 - app - INFO - 账期生成循环已启动
2026-01-02 22:39:18 - app - INFO - 账期生成线程已启动
2026-01-02 22:39:18 - app - INFO - 开始生成 2026-01-02 的任务账期
2026-01-02 22:39:18 - app - INFO - 任务执行循环已启动
2026-01-02 22:39:18 - app - INFO - 任务执行线程已启动
2026-01-02 22:39:18 - app - INFO - 日志清理循环已启动
2026-01-02 22:39:18 - app - INFO - 日志清理线程已启动
2026-01-02 22:39:18 - app - INFO - 下次日志清理时间: 2026-01-03 02:00:00
2026-01-02 22:39:18 - app - INFO - 启动Flask服务: http://0.0.0.0:9710
2026-01-02 22:39:18 - app - INFO - 跳过一次性执行任务: 腾讯视频_mzc00200znyfa5u
2026-01-02 22:39:18 - app - INFO - ✅ 生成完成，共创建 0 条待执行记录
2026-01-02 22:39:18 - app - INFO - 下次生成账期时间: 2026-01-03 00:00:00, 等待 4841 秒
2026-01-02 22:39:31 - app - ERROR - 解密密钥未设置
2026-01-02 22:39:31 - app - WARNING - 配置解密失败,返回空配置
2026-01-02 22:39:31 - app - ERROR - 夸克API配置未加载,请联系管理员获取配置
2026-01-02 22:39:31 - app - INFO - 检查数据库...
2026-01-02 22:39:31 - app - INFO - 数据库检查完成
2026-01-02 22:39:31 - app - INFO - 清理异常中断的任务状态...
2026-01-02 22:39:31 - app - INFO - Flask应用创建成功
2026-01-02 22:39:31 - app - INFO - 静态文件目录: C:\Data\夸克转存\client\frontend
2026-01-02 22:39:31 - app - INFO - 启动任务调度服务...
2026-01-02 22:39:31 - app - INFO - 检查被中断的影视下载任务...
2026-01-02 22:39:31 - app - INFO - 没有需要恢复的影视下载任务
2026-01-02 22:39:31 - app - INFO - 账期生成循环已启动
2026-01-02 22:39:31 - app - INFO - 开始生成 2026-01-02 的任务账期
2026-01-02 22:39:31 - app - INFO - 账期生成线程已启动
2026-01-02 22:39:31 - app - INFO - 任务执行循环已启动
2026-01-02 22:39:31 - app - INFO - 任务执行线程已启动
2026-01-02 22:39:31 - app - INFO - 日志清理循环已启动
2026-01-02 22:39:31 - app - INFO - 日志清理线程已启动
2026-01-02 22:39:31 - app - INFO - 跳过一次性执行任务: 腾讯视频_mzc00200znyfa5u
2026-01-02 22:39:31 - app - INFO - 下次日志清理时间: 2026-01-03 02:00:00
2026-01-02 22:39:31 - app - INFO - 启动Flask服务: http://0.0.0.0:9710
2026-01-02 22:39:31 - app - INFO - ✅ 生成完成，共创建 0 条待执行记录
2026-01-02 22:39:31 - app - INFO - 下次生成账期时间: 2026-01-03 00:00:00, 等待 4829 秒
2026-01-02 22:41:33 - app - INFO - 检查登录状态, session内容: {'_permanent': True, 'user_id': 1, 'username': 'admin'}, cookies: ImmutableMultiDict([('session', 'eyJfcGVybWFuZW50Ijp0cnVlLCJ1c2VyX2lkIjoxLCJ1c2VybmFtZSI6ImFkbWluIn0.aVfZHQ.HzTWwxRSDUiv-PTz9f23JEHjNJA')])
2026-01-02 22:41:33 - app - INFO - 检查登录状态, session内容: {'_permanent': True, 'user_id': 1, 'username': 'admin'}, cookies: ImmutableMultiDict([('session', 'eyJfcGVybWFuZW50Ijp0cnVlLCJ1c2VyX2lkIjoxLCJ1c2VybmFtZSI6ImFkbWluIn0.aVfZHQ.HzTWwxRSDUiv-PTz9f23JEHjNJA')])
2026-01-02 22:41:39 - app - ERROR - 夸克API配置未加载,请联系管理员获取配置
2026-01-02 22:41:39 - app - ERROR - 获取文件列表失败: 夸克API配置未加载,请联系管理员获取配置
2026-01-02 22:41:42 - app - ERROR - 夸克API配置未加载,请联系管理员获取配置
2026-01-02 22:41:42 - app - ERROR - 获取文件列表失败: 夸克API配置未加载,请联系管理员获取配置
2026-01-02 22:43:58 - app - ERROR - 解密密钥未设置
2026-01-02 22:43:58 - app - WARNING - 配置解密失败,返回空配置
2026-01-02 22:43:58 - app - ERROR - 夸克API配置未加载,请联系管理员获取配置
2026-01-02 22:43:58 - app - INFO - 检查数据库...
2026-01-02 22:43:58 - app - INFO - 数据库检查完成
2026-01-02 22:43:58 - app - INFO - 清理异常中断的任务状态...
2026-01-02 22:43:58 - app - INFO - Flask应用创建成功
2026-01-02 22:43:58 - app - INFO - 静态文件目录: C:\Data\夸克转存\client\frontend
2026-01-02 22:43:58 - app - INFO - 启动任务调度服务...
2026-01-02 22:43:58 - app - INFO - 检查被中断的影视下载任务...
2026-01-02 22:43:58 - app - INFO - 没有需要恢复的影视下载任务
2026-01-02 22:43:58 - app - INFO - 账期生成循环已启动
2026-01-02 22:43:58 - app - INFO - 账期生成线程已启动
2026-01-02 22:43:58 - app - INFO - 开始生成 2026-01-02 的任务账期
2026-01-02 22:43:58 - app - INFO - 跳过一次性执行任务: 腾讯视频_mzc00200znyfa5u
2026-01-02 22:43:58 - app - INFO - ✅ 生成完成，共创建 0 条待执行记录
2026-01-02 22:43:58 - app - INFO - 下次生成账期时间: 2026-01-03 00:00:00, 等待 4561 秒
2026-01-02 22:43:58 - app - INFO - 任务执行循环已启动
2026-01-02 22:43:58 - app - INFO - 任务执行线程已启动
2026-01-02 22:43:58 - app - INFO - 日志清理循环已启动
2026-01-02 22:43:58 - app - INFO - 日志清理线程已启动
2026-01-02 22:43:58 - app - INFO - 下次日志清理时间: 2026-01-03 02:00:00
2026-01-02 22:43:58 - app - INFO - 启动Flask服务: http://0.0.0.0:8520
2026-01-02 22:44:18 - app - ERROR - 解密密钥未设置
2026-01-02 22:44:18 - app - WARNING - 配置解密失败,返回空配置
2026-01-02 22:44:18 - app - ERROR - 夸克API配置未加载,请联系管理员获取配置
2026-01-02 22:44:18 - app - INFO - 检查数据库...
2026-01-02 22:44:18 - app - INFO - 数据库检查完成
2026-01-02 22:44:18 - app - INFO - 清理异常中断的任务状态...
2026-01-02 22:44:18 - app - INFO - Flask应用创建成功
2026-01-02 22:44:18 - app - INFO - 静态文件目录: C:\Data\夸克转存\client\frontend
2026-01-02 22:44:18 - app - INFO - 启动任务调度服务...
2026-01-02 22:44:18 - app - INFO - 检查被中断的影视下载任务...
2026-01-02 22:44:18 - app - INFO - 没有需要恢复的影视下载任务
2026-01-02 22:44:18 - app - INFO - 账期生成循环已启动
2026-01-02 22:44:18 - app - INFO - 账期生成线程已启动
2026-01-02 22:44:18 - app - INFO - 开始生成 2026-01-02 的任务账期
2026-01-02 22:44:18 - app - INFO - 任务执行循环已启动
2026-01-02 22:44:18 - app - INFO - 任务执行线程已启动
2026-01-02 22:44:18 - app - INFO - 日志清理循环已启动
2026-01-02 22:44:18 - app - INFO - 日志清理线程已启动
2026-01-02 22:44:18 - app - INFO - 下次日志清理时间: 2026-01-03 02:00:00
2026-01-02 22:44:18 - app - INFO - 跳过一次性执行任务: 腾讯视频_mzc00200znyfa5u
2026-01-02 22:44:18 - app - INFO - 启动Flask服务: http://0.0.0.0:8520
2026-01-02 22:44:18 - app - INFO - ✅ 生成完成，共创建 0 条待执行记录
2026-01-02 22:44:18 - app - INFO - 下次生成账期时间: 2026-01-03 00:00:00, 等待 4541 秒
2026-01-02 22:45:03 - app - ERROR - 解密密钥未设置
2026-01-02 22:45:03 - app - WARNING - 配置解密失败,返回空配置
2026-01-02 22:45:03 - app - ERROR - 夸克API配置未加载,请联系管理员获取配置
2026-01-02 22:45:04 - app - INFO - 检查数据库...
2026-01-02 22:45:04 - app - INFO - 数据库检查完成
2026-01-02 22:45:04 - app - INFO - 清理异常中断的任务状态...
2026-01-02 22:45:04 - app - INFO - Flask应用创建成功
2026-01-02 22:45:04 - app - INFO - 静态文件目录: C:\Data\夸克转存\client\frontend
2026-01-02 22:45:04 - app - INFO - 启动任务调度服务...
2026-01-02 22:45:04 - app - INFO - 检查被中断的影视下载任务...
2026-01-02 22:45:04 - app - INFO - 没有需要恢复的影视下载任务
2026-01-02 22:45:04 - app - INFO - 账期生成循环已启动
2026-01-02 22:45:04 - app - INFO - 账期生成线程已启动
2026-01-02 22:45:04 - app - INFO - 开始生成 2026-01-02 的任务账期
2026-01-02 22:45:04 - app - INFO - 任务执行循环已启动
2026-01-02 22:45:04 - app - INFO - 任务执行线程已启动
2026-01-02 22:45:04 - app - INFO - 日志清理循环已启动
2026-01-02 22:45:04 - app - INFO - 日志清理线程已启动
2026-01-02 22:45:04 - app - INFO - 下次日志清理时间: 2026-01-03 02:00:00
2026-01-02 22:45:04 - app - INFO - 跳过一次性执行任务: 腾讯视频_mzc00200znyfa5u
2026-01-02 22:45:04 - app - INFO - 启动Flask服务: http://0.0.0.0:8520
2026-01-02 22:45:04 - app - INFO - ✅ 生成完成，共创建 0 条待执行记录
2026-01-02 22:45:04 - app - INFO - 下次生成账期时间: 2026-01-03 00:00:00, 等待 4496 秒
2026-01-02 22:45:20 - app - ERROR - 解密密钥未设置
2026-01-02 22:45:20 - app - WARNING - 配置解密失败,返回空配置
2026-01-02 22:45:20 - app - ERROR - 夸克API配置未加载,请联系管理员获取配置
2026-01-02 22:45:21 - app - INFO - 检查数据库...
2026-01-02 22:45:21 - app - INFO - 数据库检查完成
2026-01-02 22:45:21 - app - INFO - 清理异常中断的任务状态...
2026-01-02 22:45:21 - app - INFO - Flask应用创建成功
2026-01-02 22:45:21 - app - INFO - 静态文件目录: C:\Data\夸克转存\client\frontend
2026-01-02 22:45:21 - app - INFO - 启动任务调度服务...
2026-01-02 22:45:21 - app - INFO - 检查被中断的影视下载任务...
2026-01-02 22:45:21 - app - INFO - 没有需要恢复的影视下载任务
2026-01-02 22:45:21 - app - INFO - 账期生成循环已启动
2026-01-02 22:45:21 - app - INFO - 账期生成线程已启动
2026-01-02 22:45:21 - app - INFO - 开始生成 2026-01-02 的任务账期
2026-01-02 22:45:21 - app - INFO - 任务执行循环已启动
2026-01-02 22:45:21 - app - INFO - 任务执行线程已启动
2026-01-02 22:45:21 - app - INFO - 跳过一次性执行任务: 腾讯视频_mzc00200znyfa5u
2026-01-02 22:45:21 - app - INFO - ✅ 生成完成，共创建 0 条待执行记录
2026-01-02 22:45:21 - app - INFO - 下次生成账期时间: 2026-01-03 00:00:00, 等待 4479 秒
2026-01-02 22:45:21 - app - INFO - 日志清理循环已启动
2026-01-02 22:45:21 - app - INFO - 日志清理线程已启动
2026-01-02 22:45:21 - app - INFO - 下次日志清理时间: 2026-01-03 02:00:00
2026-01-02 22:45:21 - app - INFO - 启动Flask服务: http://0.0.0.0:8520
2026-01-02 22:45:30 - app - INFO - 配置加密保存成功
2026-01-02 22:45:40 - app - ERROR - 解密密钥未设置
2026-01-02 22:45:40 - app - WARNING - 配置解密失败,返回空配置
2026-01-02 22:45:40 - app - ERROR - 夸克API配置未加载,请联系管理员获取配置
2026-01-02 22:45:41 - app - INFO - 检查数据库...
2026-01-02 22:45:41 - app - INFO - 数据库检查完成
2026-01-02 22:45:41 - app - INFO - 清理异常中断的任务状态...
2026-01-02 22:45:41 - app - INFO - Flask应用创建成功
2026-01-02 22:45:41 - app - INFO - 静态文件目录: C:\Data\夸克转存\client\frontend
2026-01-02 22:45:41 - app - INFO - 启动任务调度服务...
2026-01-02 22:45:41 - app - INFO - 检查被中断的影视下载任务...
2026-01-02 22:45:41 - app - INFO - 没有需要恢复的影视下载任务
2026-01-02 22:45:41 - app - INFO - 账期生成循环已启动
2026-01-02 22:45:41 - app - INFO - 账期生成线程已启动
2026-01-02 22:45:41 - app - INFO - 开始生成 2026-01-02 的任务账期
2026-01-02 22:45:41 - app - INFO - 任务执行循环已启动
2026-01-02 22:45:41 - app - INFO - 任务执行线程已启动
2026-01-02 22:45:41 - app - INFO - 日志清理循环已启动
2026-01-02 22:45:41 - app - INFO - 跳过一次性执行任务: 腾讯视频_mzc00200znyfa5u
2026-01-02 22:45:41 - app - INFO - 日志清理线程已启动
2026-01-02 22:45:41 - app - INFO - 下次日志清理时间: 2026-01-03 02:00:00
2026-01-02 22:45:41 - app - INFO - ✅ 生成完成，共创建 0 条待执行记录
2026-01-02 22:45:41 - app - INFO - 下次生成账期时间: 2026-01-03 00:00:00, 等待 4459 秒
2026-01-02 22:45:41 - app - INFO - 启动Flask服务: http://0.0.0.0:8520
2026-01-02 22:45:58 - app - ERROR - 解密密钥未设置
2026-01-02 22:45:58 - app - WARNING - 配置解密失败,返回空配置
2026-01-02 22:45:58 - app - ERROR - 夸克API配置未加载,请联系管理员获取配置
2026-01-02 22:45:58 - app - INFO - 检查数据库...
2026-01-02 22:45:58 - app - INFO - 数据库检查完成
2026-01-02 22:45:58 - app - INFO - 清理异常中断的任务状态...
2026-01-02 22:45:58 - app - INFO - Flask应用创建成功
2026-01-02 22:45:58 - app - INFO - 静态文件目录: C:\Data\夸克转存\client\frontend
2026-01-02 22:45:58 - app - INFO - 启动任务调度服务...
2026-01-02 22:45:58 - app - INFO - 检查被中断的影视下载任务...
2026-01-02 22:45:58 - app - INFO - 没有需要恢复的影视下载任务
2026-01-02 22:45:58 - app - INFO - 账期生成循环已启动
2026-01-02 22:45:58 - app - INFO - 账期生成线程已启动
2026-01-02 22:45:58 - app - INFO - 开始生成 2026-01-02 的任务账期
2026-01-02 22:45:58 - app - INFO - 任务执行循环已启动
2026-01-02 22:45:58 - app - INFO - 任务执行线程已启动
2026-01-02 22:45:58 - app - INFO - 日志清理循环已启动
2026-01-02 22:45:58 - app - INFO - 日志清理线程已启动
2026-01-02 22:45:58 - app - INFO - 下次日志清理时间: 2026-01-03 02:00:00
2026-01-02 22:45:58 - app - INFO - 启动Flask服务: http://0.0.0.0:8520
2026-01-02 22:45:58 - app - INFO - 跳过一次性执行任务: 腾讯视频_mzc00200znyfa5u
2026-01-02 22:45:58 - app - INFO - ✅ 生成完成，共创建 0 条待执行记录
2026-01-02 22:45:58 - app - INFO - 下次生成账期时间: 2026-01-03 00:00:00, 等待 4441 秒
2026-01-02 22:46:11 - app - ERROR - 解密密钥未设置
2026-01-02 22:46:11 - app - WARNING - 配置解密失败,返回空配置
2026-01-02 22:46:11 - app - ERROR - 夸克API配置未加载,请联系管理员获取配置
2026-01-02 22:46:11 - app - INFO - 检查数据库...
2026-01-02 22:46:11 - app - INFO - 数据库检查完成
2026-01-02 22:46:11 - app - INFO - 清理异常中断的任务状态...
2026-01-02 22:46:11 - app - INFO - Flask应用创建成功
2026-01-02 22:46:11 - app - INFO - 静态文件目录: C:\Data\夸克转存\client\frontend
2026-01-02 22:46:11 - app - INFO - 启动任务调度服务...
2026-01-02 22:46:11 - app - INFO - 检查被中断的影视下载任务...
2026-01-02 22:46:11 - app - INFO - 没有需要恢复的影视下载任务
2026-01-02 22:46:11 - app - INFO - 账期生成循环已启动
2026-01-02 22:46:11 - app - INFO - 账期生成线程已启动
2026-01-02 22:46:11 - app - INFO - 开始生成 2026-01-02 的任务账期
2026-01-02 22:46:11 - app - INFO - 任务执行循环已启动
2026-01-02 22:46:11 - app - INFO - 任务执行线程已启动
2026-01-02 22:46:11 - app - INFO - 日志清理循环已启动
2026-01-02 22:46:11 - app - INFO - 日志清理线程已启动
2026-01-02 22:46:11 - app - INFO - 下次日志清理时间: 2026-01-03 02:00:00
2026-01-02 22:46:11 - app - INFO - 跳过一次性执行任务: 腾讯视频_mzc00200znyfa5u
2026-01-02 22:46:11 - app - INFO - 启动Flask服务: http://0.0.0.0:8520
2026-01-02 22:46:11 - app - INFO - ✅ 生成完成，共创建 0 条待执行记录
2026-01-02 22:46:11 - app - INFO - 下次生成账期时间: 2026-01-03 00:00:00, 等待 4429 秒
2026-01-02 22:49:58 - app - INFO - 检查登录状态, session内容: {'_permanent': True, 'user_id': 1, 'username': 'admin'}, cookies: ImmutableMultiDict([('session', 'eyJfcGVybWFuZW50Ijp0cnVlLCJ1c2VyX2lkIjoxLCJ1c2VybmFtZSI6ImFkbWluIn0.aVfbFg.GqzszZjYs6QdEXgIPXOsCBDYJuI')])
2026-01-02 22:49:58 - app - INFO - 检查登录状态, session内容: {'_permanent': True, 'user_id': 1, 'username': 'admin'}, cookies: ImmutableMultiDict([('session', 'eyJfcGVybWFuZW50Ijp0cnVlLCJ1c2VyX2lkIjoxLCJ1c2VybmFtZSI6ImFkbWluIn0.aVfbFg.GqzszZjYs6QdEXgIPXOsCBDYJuI')])
2026-01-02 22:55:45 - app - ERROR - 获取解密密钥失败: Expecting value: line 1 column 1 (char 0)
2026-01-02 23:02:40 - app - ERROR - 夸克API配置未加载,请联系管理员获取配置
2026-01-02 23:02:40 - app - ERROR - 获取文件列表失败: 夸克API配置未加载,请联系管理员获取配置
2026-01-02 23:21:16 - app - ERROR - 解密密钥未设置
2026-01-02 23:21:16 - app - WARNING - 配置解密失败,返回空配置
2026-01-02 23:21:16 - app - ERROR - 夸克API配置未加载,请联系管理员获取配置
2026-01-02 23:21:16 - app - INFO - 检查数据库...
2026-01-02 23:21:16 - app - INFO - 数据库检查完成
2026-01-02 23:21:16 - app - INFO - 清理异常中断的任务状态...
2026-01-02 23:21:16 - app - INFO - Flask应用创建成功
2026-01-02 23:21:16 - app - INFO - 静态文件目录: C:\Data\夸克转存\client\frontend
2026-01-02 23:21:16 - app - INFO - 启动任务调度服务...
2026-01-02 23:21:16 - app - INFO - 检查被中断的影视下载任务...
2026-01-02 23:21:16 - app - INFO - 没有需要恢复的影视下载任务
2026-01-02 23:21:16 - app - INFO - 账期生成循环已启动
2026-01-02 23:21:16 - app - INFO - 账期生成线程已启动
2026-01-02 23:21:16 - app - INFO - 开始生成 2026-01-02 的任务账期
2026-01-02 23:21:16 - app - INFO - 任务执行循环已启动
2026-01-02 23:21:16 - app - INFO - 任务执行线程已启动
2026-01-02 23:21:16 - app - INFO - 跳过一次性执行任务: 腾讯视频_mzc00200znyfa5u
2026-01-02 23:21:16 - app - INFO - 日志清理循环已启动
2026-01-02 23:21:16 - app - INFO - 日志清理线程已启动
2026-01-02 23:21:16 - app - INFO - ✅ 生成完成，共创建 0 条待执行记录
2026-01-02 23:21:16 - app - INFO - 下次日志清理时间: 2026-01-03 02:00:00
2026-01-02 23:21:16 - app - INFO - 启动Flask服务: http://0.0.0.0:8520
2026-01-02 23:21:16 - app - INFO - 下次生成账期时间: 2026-01-03 00:00:00, 等待 2323 秒
2026-01-02 23:21:33 - app - ERROR - 解密密钥未设置
2026-01-02 23:21:33 - app - WARNING - 配置解密失败,返回空配置
2026-01-02 23:21:33 - app - ERROR - 夸克API配置未加载,请联系管理员获取配置
2026-01-02 23:21:33 - app - INFO - 检查数据库...
2026-01-02 23:21:33 - app - INFO - 数据库检查完成
2026-01-02 23:21:33 - app - INFO - 清理异常中断的任务状态...
2026-01-02 23:21:33 - app - INFO - Flask应用创建成功
2026-01-02 23:21:33 - app - INFO - 静态文件目录: C:\Data\夸克转存\client\frontend
2026-01-02 23:21:33 - app - INFO - 启动任务调度服务...
2026-01-02 23:21:33 - app - INFO - 检查被中断的影视下载任务...
2026-01-02 23:21:33 - app - INFO - 没有需要恢复的影视下载任务
2026-01-02 23:21:33 - app - INFO - 账期生成循环已启动
2026-01-02 23:21:33 - app - INFO - 账期生成线程已启动
2026-01-02 23:21:33 - app - INFO - 开始生成 2026-01-02 的任务账期
2026-01-02 23:21:33 - app - INFO - 任务执行循环已启动
2026-01-02 23:21:33 - app - INFO - 任务执行线程已启动
2026-01-02 23:21:33 - app - INFO - 日志清理循环已启动
2026-01-02 23:21:33 - app - INFO - 日志清理线程已启动
2026-01-02 23:21:33 - app - INFO - 下次日志清理时间: 2026-01-03 02:00:00
2026-01-02 23:21:33 - app - INFO - 启动Flask服务: http://0.0.0.0:8520
2026-01-02 23:21:33 - app - INFO - 跳过一次性执行任务: 腾讯视频_mzc00200znyfa5u
2026-01-02 23:21:33 - app - INFO - ✅ 生成完成，共创建 0 条待执行记录
2026-01-02 23:21:33 - app - INFO - 下次生成账期时间: 2026-01-03 00:00:00, 等待 2306 秒
2026-01-02 23:21:41 - app - INFO - 配置加密保存成功
2026-01-02 23:21:52 - app - ERROR - 解密密钥未设置
2026-01-02 23:21:52 - app - WARNING - 配置解密失败,返回空配置
2026-01-02 23:21:52 - app - ERROR - 夸克API配置未加载,请联系管理员获取配置
2026-01-02 23:21:52 - app - INFO - 检查数据库...
2026-01-02 23:21:52 - app - INFO - 数据库检查完成
2026-01-02 23:21:52 - app - INFO - 清理异常中断的任务状态...
2026-01-02 23:21:52 - app - INFO - Flask应用创建成功
2026-01-02 23:21:52 - app - INFO - 静态文件目录: C:\Data\夸克转存\client\frontend
2026-01-02 23:21:52 - app - INFO - 启动任务调度服务...
2026-01-02 23:21:52 - app - INFO - 检查被中断的影视下载任务...
2026-01-02 23:21:52 - app - INFO - 没有需要恢复的影视下载任务
2026-01-02 23:21:52 - app - INFO - 账期生成循环已启动
2026-01-02 23:21:52 - app - INFO - 账期生成线程已启动
2026-01-02 23:21:52 - app - INFO - 开始生成 2026-01-02 的任务账期
2026-01-02 23:21:52 - app - INFO - 任务执行循环已启动
2026-01-02 23:21:52 - app - INFO - 任务执行线程已启动
2026-01-02 23:21:52 - app - INFO - 日志清理循环已启动
2026-01-02 23:21:52 - app - INFO - 日志清理线程已启动
2026-01-02 23:21:52 - app - INFO - 下次日志清理时间: 2026-01-03 02:00:00
2026-01-02 23:21:52 - app - INFO - 启动Flask服务: http://0.0.0.0:8520
2026-01-02 23:21:52 - app - INFO - 跳过一次性执行任务: 腾讯视频_mzc00200znyfa5u
2026-01-02 23:21:52 - app - INFO - ✅ 生成完成，共创建 0 条待执行记录
2026-01-02 23:21:52 - app - INFO - 下次生成账期时间: 2026-01-03 00:00:00, 等待 2287 秒
2026-01-02 23:22:04 - app - ERROR - 解密密钥未设置
2026-01-02 23:22:04 - app - WARNING - 配置解密失败,返回空配置
2026-01-02 23:22:04 - app - ERROR - 夸克API配置未加载,请联系管理员获取配置
2026-01-02 23:22:04 - app - INFO - 检查数据库...
2026-01-02 23:22:04 - app - INFO - 数据库检查完成
2026-01-02 23:22:04 - app - INFO - 清理异常中断的任务状态...
2026-01-02 23:22:04 - app - INFO - Flask应用创建成功
2026-01-02 23:22:04 - app - INFO - 静态文件目录: C:\Data\夸克转存\client\frontend
2026-01-02 23:22:04 - app - INFO - 启动任务调度服务...
2026-01-02 23:22:04 - app - INFO - 检查被中断的影视下载任务...
2026-01-02 23:22:04 - app - INFO - 没有需要恢复的影视下载任务
2026-01-02 23:22:04 - app - INFO - 账期生成循环已启动
2026-01-02 23:22:04 - app - INFO - 账期生成线程已启动
2026-01-02 23:22:04 - app - INFO - 开始生成 2026-01-02 的任务账期
2026-01-02 23:22:04 - app - INFO - 任务执行循环已启动
2026-01-02 23:22:04 - app - INFO - 任务执行线程已启动
2026-01-02 23:22:04 - app - INFO - 日志清理循环已启动
2026-01-02 23:22:04 - app - INFO - 日志清理线程已启动
2026-01-02 23:22:04 - app - INFO - 下次日志清理时间: 2026-01-03 02:00:00
2026-01-02 23:22:04 - app - INFO - 启动Flask服务: http://0.0.0.0:8520
2026-01-02 23:22:04 - app - INFO - 跳过一次性执行任务: 腾讯视频_mzc00200znyfa5u
2026-01-02 23:22:04 - app - INFO - ✅ 生成完成，共创建 0 条待执行记录
2026-01-02 23:22:04 - app - INFO - 下次生成账期时间: 2026-01-03 00:00:00, 等待 2275 秒
2026-01-02 23:22:16 - app - ERROR - 解密密钥未设置
2026-01-02 23:22:16 - app - WARNING - 配置解密失败,返回空配置
2026-01-02 23:22:16 - app - ERROR - 夸克API配置未加载,请联系管理员获取配置
2026-01-02 23:22:17 - app - INFO - 检查数据库...
2026-01-02 23:22:17 - app - INFO - 数据库检查完成
2026-01-02 23:22:17 - app - INFO - 清理异常中断的任务状态...
2026-01-02 23:22:17 - app - INFO - Flask应用创建成功
2026-01-02 23:22:17 - app - INFO - 静态文件目录: C:\Data\夸克转存\client\frontend
2026-01-02 23:22:17 - app - INFO - 启动任务调度服务...
2026-01-02 23:22:17 - app - INFO - 检查被中断的影视下载任务...
2026-01-02 23:22:17 - app - INFO - 没有需要恢复的影视下载任务
2026-01-02 23:22:17 - app - INFO - 账期生成循环已启动
2026-01-02 23:22:17 - app - INFO - 账期生成线程已启动
2026-01-02 23:22:17 - app - INFO - 开始生成 2026-01-02 的任务账期
2026-01-02 23:22:17 - app - INFO - 任务执行循环已启动
2026-01-02 23:22:17 - app - INFO - 任务执行线程已启动
2026-01-02 23:22:17 - app - INFO - 日志清理循环已启动
2026-01-02 23:22:17 - app - INFO - 日志清理线程已启动
2026-01-02 23:22:17 - app - INFO - 跳过一次性执行任务: 腾讯视频_mzc00200znyfa5u
2026-01-02 23:22:17 - app - INFO - 下次日志清理时间: 2026-01-03 02:00:00
2026-01-02 23:22:17 - app - INFO - 启动Flask服务: http://0.0.0.0:8520
2026-01-02 23:22:17 - app - INFO - ✅ 生成完成，共创建 0 条待执行记录
2026-01-02 23:22:17 - app - INFO - 下次生成账期时间: 2026-01-03 00:00:00, 等待 2263 秒
2026-01-02 23:22:17 - app - ERROR - 获取解密密钥失败: Expecting value: line 1 column 1 (char 0)
2026-01-02 23:24:29 - app - ERROR - 解密密钥未设置
2026-01-02 23:24:29 - app - WARNING - 配置解密失败,返回空配置
2026-01-02 23:24:29 - app - ERROR - 夸克API配置未加载,请联系管理员获取配置
2026-01-02 23:24:29 - app - INFO - 检查数据库...
2026-01-02 23:24:29 - app - INFO - 数据库检查完成
2026-01-02 23:24:29 - app - INFO - 清理异常中断的任务状态...
2026-01-02 23:24:29 - app - INFO - Flask应用创建成功
2026-01-02 23:24:29 - app - INFO - 静态文件目录: C:\Data\夸克转存\client\frontend
2026-01-02 23:24:29 - app - INFO - 启动任务调度服务...
2026-01-02 23:24:29 - app - INFO - 检查被中断的影视下载任务...
2026-01-02 23:24:29 - app - INFO - 没有需要恢复的影视下载任务
2026-01-02 23:24:29 - app - INFO - 账期生成循环已启动
2026-01-02 23:24:29 - app - INFO - 账期生成线程已启动
2026-01-02 23:24:29 - app - INFO - 开始生成 2026-01-02 的任务账期
2026-01-02 23:24:29 - app - INFO - 任务执行循环已启动
2026-01-02 23:24:29 - app - INFO - 任务执行线程已启动
2026-01-02 23:24:29 - app - INFO - 日志清理循环已启动
2026-01-02 23:24:29 - app - INFO - 日志清理线程已启动
2026-01-02 23:24:29 - app - INFO - 下次日志清理时间: 2026-01-03 02:00:00
2026-01-02 23:24:29 - app - INFO - 启动Flask服务: http://0.0.0.0:8520
2026-01-02 23:24:29 - app - INFO - 跳过一次性执行任务: 腾讯视频_mzc00200znyfa5u
2026-01-02 23:24:29 - app - INFO - ✅ 生成完成，共创建 0 条待执行记录
2026-01-02 23:24:29 - app - INFO - 下次生成账期时间: 2026-01-03 00:00:00, 等待 2130 秒
2026-01-02 23:24:39 - app - ERROR - 解密密钥未设置
2026-01-02 23:24:39 - app - WARNING - 配置解密失败,返回空配置
2026-01-02 23:24:39 - app - ERROR - 夸克API配置未加载,请联系管理员获取配置
2026-01-02 23:24:39 - app - INFO - 检查数据库...
2026-01-02 23:24:39 - app - INFO - 数据库检查完成
2026-01-02 23:24:39 - app - INFO - 清理异常中断的任务状态...
2026-01-02 23:24:39 - app - INFO - Flask应用创建成功
2026-01-02 23:24:39 - app - INFO - 静态文件目录: C:\Data\夸克转存\client\frontend
2026-01-02 23:24:39 - app - INFO - 启动任务调度服务...
2026-01-02 23:24:39 - app - INFO - 检查被中断的影视下载任务...
2026-01-02 23:24:39 - app - INFO - 没有需要恢复的影视下载任务
2026-01-02 23:24:39 - app - INFO - 账期生成循环已启动
2026-01-02 23:24:39 - app - INFO - 账期生成线程已启动
2026-01-02 23:24:39 - app - INFO - 开始生成 2026-01-02 的任务账期
2026-01-02 23:24:39 - app - INFO - 任务执行循环已启动
2026-01-02 23:24:39 - app - INFO - 任务执行线程已启动
2026-01-02 23:24:39 - app - INFO - 日志清理循环已启动
2026-01-02 23:24:39 - app - INFO - 日志清理线程已启动
2026-01-02 23:24:39 - app - INFO - 下次日志清理时间: 2026-01-03 02:00:00
2026-01-02 23:24:39 - app - INFO - 跳过一次性执行任务: 腾讯视频_mzc00200znyfa5u
2026-01-02 23:24:39 - app - INFO - 启动Flask服务: http://0.0.0.0:8520
2026-01-02 23:24:39 - app - INFO - ✅ 生成完成，共创建 0 条待执行记录
2026-01-02 23:24:39 - app - INFO - 下次生成账期时间: 2026-01-03 00:00:00, 等待 2120 秒
2026-01-02 23:24:46 - app - INFO - 配置加密保存成功
2026-01-02 23:24:57 - app - ERROR - 解密密钥未设置
2026-01-02 23:24:57 - app - WARNING - 配置解密失败,返回空配置
2026-01-02 23:24:57 - app - ERROR - 夸克API配置未加载,请联系管理员获取配置
2026-01-02 23:24:57 - app - INFO - 检查数据库...
2026-01-02 23:24:57 - app - INFO - 数据库检查完成
2026-01-02 23:24:57 - app - INFO - 清理异常中断的任务状态...
2026-01-02 23:24:57 - app - INFO - Flask应用创建成功
2026-01-02 23:24:57 - app - INFO - 静态文件目录: C:\Data\夸克转存\client\frontend
2026-01-02 23:24:57 - app - INFO - 启动任务调度服务...
2026-01-02 23:24:57 - app - INFO - 检查被中断的影视下载任务...
2026-01-02 23:24:57 - app - INFO - 没有需要恢复的影视下载任务
2026-01-02 23:24:57 - app - INFO - 账期生成循环已启动
2026-01-02 23:24:57 - app - INFO - 账期生成线程已启动
2026-01-02 23:24:57 - app - INFO - 开始生成 2026-01-02 的任务账期
2026-01-02 23:24:57 - app - INFO - 任务执行循环已启动
2026-01-02 23:24:57 - app - INFO - 任务执行线程已启动
2026-01-02 23:24:57 - app - INFO - 跳过一次性执行任务: 腾讯视频_mzc00200znyfa5u
2026-01-02 23:24:57 - app - INFO - 日志清理循环已启动
2026-01-02 23:24:57 - app - INFO - 日志清理线程已启动
2026-01-02 23:24:57 - app - INFO - ✅ 生成完成，共创建 0 条待执行记录
2026-01-02 23:24:57 - app - INFO - 下次日志清理时间: 2026-01-03 02:00:00
2026-01-02 23:24:57 - app - INFO - 启动Flask服务: http://0.0.0.0:8520
2026-01-02 23:24:57 - app - INFO - 下次生成账期时间: 2026-01-03 00:00:00, 等待 2103 秒
2026-01-02 23:25:27 - app - ERROR - 解密密钥未设置
2026-01-02 23:25:27 - app - WARNING - 配置解密失败,返回空配置
2026-01-02 23:25:27 - app - ERROR - 夸克API配置未加载,请联系管理员获取配置
2026-01-02 23:25:27 - app - INFO - 检查数据库...
2026-01-02 23:25:27 - app - INFO - 数据库检查完成
2026-01-02 23:25:27 - app - INFO - 清理异常中断的任务状态...
2026-01-02 23:25:27 - app - INFO - Flask应用创建成功
2026-01-02 23:25:27 - app - INFO - 静态文件目录: C:\Data\夸克转存\client\frontend
2026-01-02 23:25:27 - app - INFO - 启动任务调度服务...
2026-01-02 23:25:27 - app - INFO - 检查被中断的影视下载任务...
2026-01-02 23:25:27 - app - INFO - 没有需要恢复的影视下载任务
2026-01-02 23:25:27 - app - INFO - 账期生成循环已启动
2026-01-02 23:25:27 - app - INFO - 账期生成线程已启动
2026-01-02 23:25:27 - app - INFO - 开始生成 2026-01-02 的任务账期
2026-01-02 23:25:27 - app - INFO - 任务执行循环已启动
2026-01-02 23:25:27 - app - INFO - 任务执行线程已启动
2026-01-02 23:25:27 - app - INFO - 日志清理循环已启动
2026-01-02 23:25:27 - app - INFO - 日志清理线程已启动
2026-01-02 23:25:27 - app - INFO - 下次日志清理时间: 2026-01-03 02:00:00
2026-01-02 23:25:27 - app - INFO - 跳过一次性执行任务: 腾讯视频_mzc00200znyfa5u
2026-01-02 23:25:27 - app - INFO - 启动Flask服务: http://0.0.0.0:8520
2026-01-02 23:25:27 - app - INFO - ✅ 生成完成，共创建 0 条待执行记录
2026-01-02 23:25:27 - app - INFO - 下次生成账期时间: 2026-01-03 00:00:00, 等待 2072 秒
2026-01-02 23:25:51 - app - ERROR - 解密密钥未设置
2026-01-02 23:25:51 - app - WARNING - 配置解密失败,返回空配置
2026-01-02 23:25:51 - app - ERROR - 夸克API配置未加载,请联系管理员获取配置
2026-01-02 23:25:51 - app - INFO - 检查数据库...
2026-01-02 23:25:51 - app - INFO - 数据库检查完成
2026-01-02 23:25:51 - app - INFO - 清理异常中断的任务状态...
2026-01-02 23:25:51 - app - INFO - Flask应用创建成功
2026-01-02 23:25:51 - app - INFO - 静态文件目录: C:\Data\夸克转存\client\frontend
2026-01-02 23:25:51 - app - INFO - 启动任务调度服务...
2026-01-02 23:25:51 - app - INFO - 检查被中断的影视下载任务...
2026-01-02 23:25:51 - app - INFO - 没有需要恢复的影视下载任务
2026-01-02 23:25:51 - app - INFO - 账期生成循环已启动
2026-01-02 23:25:51 - app - INFO - 账期生成线程已启动
2026-01-02 23:25:51 - app - INFO - 开始生成 2026-01-02 的任务账期
2026-01-02 23:25:51 - app - INFO - 任务执行循环已启动
2026-01-02 23:25:51 - app - INFO - 任务执行线程已启动
2026-01-02 23:25:51 - app - INFO - 日志清理循环已启动
2026-01-02 23:25:51 - app - INFO - 日志清理线程已启动
2026-01-02 23:25:51 - app - INFO - 下次日志清理时间: 2026-01-03 02:00:00
2026-01-02 23:25:51 - app - INFO - 启动Flask服务: http://0.0.0.0:8520
2026-01-02 23:25:51 - app - INFO - 跳过一次性执行任务: 腾讯视频_mzc00200znyfa5u
2026-01-02 23:25:51 - app - INFO - ✅ 生成完成，共创建 0 条待执行记录
2026-01-02 23:25:51 - app - INFO - 下次生成账期时间: 2026-01-03 00:00:00, 等待 2048 秒
2026-01-02 23:26:01 - app - ERROR - 解密密钥未设置
2026-01-02 23:26:01 - app - WARNING - 配置解密失败,返回空配置
2026-01-02 23:26:01 - app - ERROR - 夸克API配置未加载,请联系管理员获取配置
2026-01-02 23:26:01 - app - INFO - 检查数据库...
2026-01-02 23:26:01 - app - INFO - 数据库检查完成
2026-01-02 23:26:01 - app - INFO - 清理异常中断的任务状态...
2026-01-02 23:26:01 - app - INFO - Flask应用创建成功
2026-01-02 23:26:01 - app - INFO - 静态文件目录: C:\Data\夸克转存\client\frontend
2026-01-02 23:26:01 - app - INFO - 启动任务调度服务...
2026-01-02 23:26:01 - app - INFO - 检查被中断的影视下载任务...
2026-01-02 23:26:01 - app - INFO - 没有需要恢复的影视下载任务
2026-01-02 23:26:01 - app - INFO - 账期生成循环已启动
2026-01-02 23:26:01 - app - INFO - 账期生成线程已启动
2026-01-02 23:26:01 - app - INFO - 开始生成 2026-01-02 的任务账期
2026-01-02 23:26:01 - app - INFO - 任务执行循环已启动
2026-01-02 23:26:01 - app - INFO - 任务执行线程已启动
2026-01-02 23:26:01 - app - INFO - 跳过一次性执行任务: 腾讯视频_mzc00200znyfa5u
2026-01-02 23:26:01 - app - INFO - 日志清理循环已启动
2026-01-02 23:26:01 - app - INFO - ✅ 生成完成，共创建 0 条待执行记录
2026-01-02 23:26:01 - app - INFO - 日志清理线程已启动
2026-01-02 23:26:01 - app - INFO - 下次日志清理时间: 2026-01-03 02:00:00
2026-01-02 23:26:01 - app - INFO - 下次生成账期时间: 2026-01-03 00:00:00, 等待 2038 秒
2026-01-02 23:26:01 - app - INFO - 启动Flask服务: http://0.0.0.0:8520
2026-01-02 23:26:26 - app - ERROR - 解密密钥未设置
2026-01-02 23:26:26 - app - WARNING - 配置解密失败,返回空配置
2026-01-02 23:26:26 - app - ERROR - 夸克API配置未加载,请联系管理员获取配置
2026-01-02 23:26:26 - app - INFO - 检查数据库...
2026-01-02 23:26:26 - app - INFO - 数据库检查完成
2026-01-02 23:26:26 - app - INFO - 清理异常中断的任务状态...
2026-01-02 23:26:26 - app - INFO - Flask应用创建成功
2026-01-02 23:26:26 - app - INFO - 静态文件目录: C:\Data\夸克转存\client\frontend
2026-01-02 23:26:26 - app - INFO - 启动任务调度服务...
2026-01-02 23:26:26 - app - INFO - 检查被中断的影视下载任务...
2026-01-02 23:26:26 - app - INFO - 没有需要恢复的影视下载任务
2026-01-02 23:26:26 - app - INFO - 账期生成循环已启动
2026-01-02 23:26:26 - app - INFO - 账期生成线程已启动
2026-01-02 23:26:26 - app - INFO - 开始生成 2026-01-02 的任务账期
2026-01-02 23:26:26 - app - INFO - 任务执行循环已启动
2026-01-02 23:26:26 - app - INFO - 任务执行线程已启动
2026-01-02 23:26:26 - app - INFO - 日志清理循环已启动
2026-01-02 23:26:26 - app - INFO - 跳过一次性执行任务: 腾讯视频_mzc00200znyfa5u
2026-01-02 23:26:26 - app - INFO - 日志清理线程已启动
2026-01-02 23:26:26 - app - INFO - 下次日志清理时间: 2026-01-03 02:00:00
2026-01-02 23:26:26 - app - INFO - ✅ 生成完成，共创建 0 条待执行记录
2026-01-02 23:26:26 - app - INFO - 启动Flask服务: http://0.0.0.0:8520
2026-01-02 23:26:26 - app - INFO - 下次生成账期时间: 2026-01-03 00:00:00, 等待 2013 秒
2026-01-02 23:26:39 - app - ERROR - 解密密钥未设置
2026-01-02 23:26:39 - app - WARNING - 配置解密失败,返回空配置
2026-01-02 23:26:39 - app - ERROR - 夸克API配置未加载,请联系管理员获取配置
2026-01-02 23:26:39 - app - INFO - 检查数据库...
2026-01-02 23:26:39 - app - INFO - 数据库检查完成
2026-01-02 23:26:39 - app - INFO - 清理异常中断的任务状态...
2026-01-02 23:26:39 - app - INFO - Flask应用创建成功
2026-01-02 23:26:39 - app - INFO - 静态文件目录: C:\Data\夸克转存\client\frontend
2026-01-02 23:26:39 - app - INFO - 启动任务调度服务...
2026-01-02 23:26:39 - app - INFO - 检查被中断的影视下载任务...
2026-01-02 23:26:39 - app - INFO - 没有需要恢复的影视下载任务
2026-01-02 23:26:39 - app - INFO - 账期生成循环已启动
2026-01-02 23:26:39 - app - INFO - 账期生成线程已启动
2026-01-02 23:26:39 - app - INFO - 开始生成 2026-01-02 的任务账期
2026-01-02 23:26:39 - app - INFO - 任务执行循环已启动
2026-01-02 23:26:39 - app - INFO - 任务执行线程已启动
2026-01-02 23:26:39 - app - INFO - 日志清理循环已启动
2026-01-02 23:26:39 - app - INFO - 日志清理线程已启动
2026-01-02 23:26:39 - app - INFO - 跳过一次性执行任务: 腾讯视频_mzc00200znyfa5u
2026-01-02 23:26:39 - app - INFO - 下次日志清理时间: 2026-01-03 02:00:00
2026-01-02 23:26:39 - app - INFO - 启动Flask服务: http://0.0.0.0:8520
2026-01-02 23:26:39 - app - INFO - ✅ 生成完成，共创建 0 条待执行记录
2026-01-02 23:26:39 - app - INFO - 下次生成账期时间: 2026-01-03 00:00:00, 等待 2000 秒
2026-01-02 23:26:52 - app - ERROR - 解密密钥未设置
2026-01-02 23:26:52 - app - WARNING - 配置解密失败,返回空配置
2026-01-02 23:26:52 - app - ERROR - 夸克API配置未加载,请联系管理员获取配置
2026-01-02 23:26:52 - app - INFO - 检查数据库...
2026-01-02 23:26:52 - app - INFO - 数据库检查完成
2026-01-02 23:26:52 - app - INFO - 清理异常中断的任务状态...
2026-01-02 23:26:52 - app - INFO - Flask应用创建成功
2026-01-02 23:26:52 - app - INFO - 静态文件目录: C:\Data\夸克转存\client\frontend
2026-01-02 23:26:52 - app - INFO - 启动任务调度服务...
2026-01-02 23:26:52 - app - INFO - 检查被中断的影视下载任务...
2026-01-02 23:26:52 - app - INFO - 没有需要恢复的影视下载任务
2026-01-02 23:26:52 - app - INFO - 账期生成循环已启动
2026-01-02 23:26:52 - app - INFO - 账期生成线程已启动
2026-01-02 23:26:52 - app - INFO - 开始生成 2026-01-02 的任务账期
2026-01-02 23:26:52 - app - INFO - 任务执行循环已启动
2026-01-02 23:26:52 - app - INFO - 任务执行线程已启动
2026-01-02 23:26:52 - app - INFO - 跳过一次性执行任务: 腾讯视频_mzc00200znyfa5u
2026-01-02 23:26:52 - app - INFO - 日志清理循环已启动
2026-01-02 23:26:52 - app - INFO - 日志清理线程已启动
2026-01-02 23:26:52 - app - INFO - ✅ 生成完成，共创建 0 条待执行记录
2026-01-02 23:26:52 - app - INFO - 下次日志清理时间: 2026-01-03 02:00:00
2026-01-02 23:26:52 - app - INFO - 启动Flask服务: http://0.0.0.0:8520
2026-01-02 23:26:52 - app - INFO - 下次生成账期时间: 2026-01-03 00:00:00, 等待 1988 秒
2026-01-02 23:34:57 - app - INFO - 检查登录状态, session内容: {}, cookies: ImmutableMultiDict([('session', 'eyJfcGVybWFuZW50Ijp0cnVlLCJsb2dnZWRfaW4iOnRydWUsInVzZXJuYW1lIjoiYWRtaW4ifQ.aVfd-w.21JW9US4hIeur1w4hE_VnldLu1Q')])
2026-01-02 23:35:02 - app - INFO - 用户登录成功: admin, session_id: N/A
2026-01-02 23:35:03 - app - INFO - 检查登录状态, session内容: {'_permanent': True, 'user_id': 1, 'username': 'admin'}, cookies: ImmutableMultiDict([('session', 'eyJfcGVybWFuZW50Ijp0cnVlLCJ1c2VyX2lkIjoxLCJ1c2VybmFtZSI6ImFkbWluIn0.aVflpg.bkChZal7v1OcXQ7XDVeGCo_yY7k')])
2026-01-02 23:35:03 - app - INFO - 检查登录状态, session内容: {'_permanent': True, 'user_id': 1, 'username': 'admin'}, cookies: ImmutableMultiDict([('session', 'eyJfcGVybWFuZW50Ijp0cnVlLCJ1c2VyX2lkIjoxLCJ1c2VybmFtZSI6ImFkbWluIn0.aVflpw.yjHtx5FcxH5N2PxIdsKHxF7O5VE')])
2026-01-02 23:36:19 - app - ERROR - 获取解密密钥失败: Expecting value: line 1 column 1 (char 0)
2026-01-02 23:36:19 - app - ERROR - 获取配置失败: name 'self' is not defined
2026-01-02 23:37:19 - app - ERROR - 解密密钥未设置
2026-01-02 23:37:19 - app - WARNING - 配置解密失败,返回空配置
2026-01-02 23:37:19 - app - ERROR - 夸克API配置未加载,请联系管理员获取配置
2026-01-02 23:37:19 - app - INFO - 检查数据库...
2026-01-02 23:37:19 - app - INFO - 数据库检查完成
2026-01-02 23:37:19 - app - INFO - 清理异常中断的任务状态...
2026-01-02 23:37:19 - app - INFO - Flask应用创建成功
2026-01-02 23:37:19 - app - INFO - 静态文件目录: C:\Data\夸克转存\client\frontend
2026-01-02 23:37:19 - app - INFO - 启动任务调度服务...
2026-01-02 23:37:19 - app - INFO - 检查被中断的影视下载任务...
2026-01-02 23:37:19 - app - INFO - 没有需要恢复的影视下载任务
2026-01-02 23:37:19 - app - INFO - 账期生成循环已启动
2026-01-02 23:37:19 - app - INFO - 账期生成线程已启动
2026-01-02 23:37:19 - app - INFO - 开始生成 2026-01-02 的任务账期
2026-01-02 23:37:19 - app - INFO - 任务执行循环已启动
2026-01-02 23:37:19 - app - INFO - 任务执行线程已启动
2026-01-02 23:37:19 - app - INFO - 日志清理循环已启动
2026-01-02 23:37:19 - app - INFO - 日志清理线程已启动
2026-01-02 23:37:19 - app - INFO - 下次日志清理时间: 2026-01-03 02:00:00
2026-01-02 23:37:19 - app - INFO - 启动Flask服务: http://0.0.0.0:8520
2026-01-02 23:37:19 - app - INFO - 跳过一次性执行任务: 腾讯视频_mzc00200znyfa5u
2026-01-02 23:37:19 - app - INFO - ✅ 生成完成，共创建 0 条待执行记录
2026-01-02 23:37:19 - app - INFO - 下次生成账期时间: 2026-01-03 00:00:00, 等待 1360 秒
2026-01-02 23:37:30 - app - ERROR - 解密密钥未设置
2026-01-02 23:37:30 - app - WARNING - 配置解密失败,返回空配置
2026-01-02 23:37:30 - app - ERROR - 夸克API配置未加载,请联系管理员获取配置
2026-01-02 23:37:30 - app - INFO - 检查数据库...
2026-01-02 23:37:30 - app - INFO - 数据库检查完成
2026-01-02 23:37:30 - app - INFO - 清理异常中断的任务状态...
2026-01-02 23:37:30 - app - INFO - Flask应用创建成功
2026-01-02 23:37:30 - app - INFO - 静态文件目录: C:\Data\夸克转存\client\frontend
2026-01-02 23:37:30 - app - INFO - 启动任务调度服务...
2026-01-02 23:37:30 - app - INFO - 检查被中断的影视下载任务...
2026-01-02 23:37:30 - app - INFO - 没有需要恢复的影视下载任务
2026-01-02 23:37:30 - app - INFO - 账期生成循环已启动
2026-01-02 23:37:30 - app - INFO - 账期生成线程已启动
2026-01-02 23:37:30 - app - INFO - 开始生成 2026-01-02 的任务账期
2026-01-02 23:37:30 - app - INFO - 任务执行循环已启动
2026-01-02 23:37:30 - app - INFO - 任务执行线程已启动
2026-01-02 23:37:30 - app - INFO - 日志清理循环已启动
2026-01-02 23:37:30 - app - INFO - 日志清理线程已启动
2026-01-02 23:37:30 - app - INFO - 下次日志清理时间: 2026-01-03 02:00:00
2026-01-02 23:37:30 - app - INFO - 跳过一次性执行任务: 腾讯视频_mzc00200znyfa5u
2026-01-02 23:37:30 - app - INFO - 启动Flask服务: http://0.0.0.0:8520
2026-01-02 23:37:30 - app - INFO - ✅ 生成完成，共创建 0 条待执行记录
2026-01-02 23:37:30 - app - INFO - 下次生成账期时间: 2026-01-03 00:00:00, 等待 1349 秒
2026-01-02 23:37:43 - app - ERROR - 解密密钥未设置
2026-01-02 23:37:43 - app - WARNING - 配置解密失败,返回空配置
2026-01-02 23:37:43 - app - ERROR - 夸克API配置未加载,请联系管理员获取配置
2026-01-02 23:37:43 - app - INFO - 检查数据库...
2026-01-02 23:37:43 - app - INFO - 数据库检查完成
2026-01-02 23:37:43 - app - INFO - 清理异常中断的任务状态...
2026-01-02 23:37:43 - app - INFO - Flask应用创建成功
2026-01-02 23:37:43 - app - INFO - 静态文件目录: C:\Data\夸克转存\client\frontend
2026-01-02 23:37:43 - app - INFO - 启动任务调度服务...
2026-01-02 23:37:43 - app - INFO - 检查被中断的影视下载任务...
2026-01-02 23:37:43 - app - INFO - 没有需要恢复的影视下载任务
2026-01-02 23:37:43 - app - INFO - 账期生成循环已启动
2026-01-02 23:37:43 - app - INFO - 账期生成线程已启动
2026-01-02 23:37:43 - app - INFO - 开始生成 2026-01-02 的任务账期
2026-01-02 23:37:43 - app - INFO - 跳过一次性执行任务: 腾讯视频_mzc00200znyfa5u
2026-01-02 23:37:43 - app - INFO - 任务执行循环已启动
2026-01-02 23:37:43 - app - INFO - 任务执行线程已启动
2026-01-02 23:37:43 - app - INFO - ✅ 生成完成，共创建 0 条待执行记录
2026-01-02 23:37:43 - app - INFO - 日志清理循环已启动
2026-01-02 23:37:43 - app - INFO - 日志清理线程已启动
2026-01-02 23:37:43 - app - INFO - 下次生成账期时间: 2026-01-03 00:00:00, 等待 1337 秒
2026-01-02 23:37:43 - app - INFO - 下次日志清理时间: 2026-01-03 02:00:00
2026-01-02 23:37:43 - app - INFO - 启动Flask服务: http://0.0.0.0:8520
2026-01-02 23:38:25 - app - ERROR - 获取解密密钥失败: Expecting value: line 1 column 1 (char 0)
2026-01-02 23:38:26 - app - ERROR - 解密密钥未设置
2026-01-02 23:38:26 - app - WARNING - 配置解密失败,返回空配置
2026-01-02 23:42:16 - app - ERROR - 获取解密密钥失败: Expecting value: line 1 column 1 (char 0)
2026-01-02 23:42:17 - app - ERROR - 解密密钥未设置
2026-01-02 23:42:17 - app - WARNING - 配置解密失败,返回空配置
2026-01-02 23:42:39 - app - INFO - 检查登录状态, session内容: {'_permanent': True, 'user_id': 1, 'username': 'admin'}, cookies: ImmutableMultiDict([('session', 'eyJfcGVybWFuZW50Ijp0cnVlLCJ1c2VyX2lkIjoxLCJ1c2VybmFtZSI6ImFkbWluIn0.aVfnbw.UiMIb0XSSDmbUgXQ2sb9IPFD_Uo')])
2026-01-02 23:42:39 - app - INFO - 检查登录状态, session内容: {'_permanent': True, 'user_id': 1, 'username': 'admin'}, cookies: ImmutableMultiDict([('session', 'eyJfcGVybWFuZW50Ijp0cnVlLCJ1c2VyX2lkIjoxLCJ1c2VybmFtZSI6ImFkbWluIn0.aVfnbw.UiMIb0XSSDmbUgXQ2sb9IPFD_Uo')])
2026-01-02 23:42:51 - app - ERROR - 获取解密密钥失败: Expecting value: line 1 column 1 (char 0)
2026-01-02 23:42:51 - app - ERROR - 解密密钥未设置
2026-01-02 23:42:51 - app - WARNING - 配置解密失败,返回空配置
2026-01-02 23:52:08 - app - INFO - 配置加密保存成功
2026-01-02 23:52:28 - app - ERROR - 解密密钥未设置
2026-01-02 23:52:28 - app - WARNING - 配置解密失败,返回空配置
2026-01-02 23:52:43 - app - ERROR - 解密密钥未设置
2026-01-02 23:52:43 - app - WARNING - 配置解密失败,返回空配置
2026-01-02 23:52:43 - app - ERROR - 解密密钥未设置
2026-01-02 23:52:43 - app - WARNING - 配置解密失败,返回空配置
2026-01-02 23:52:52 - app - ERROR - 解密密钥未设置
2026-01-02 23:52:52 - app - WARNING - 配置解密失败,返回空配置
2026-01-02 23:52:52 - app - ERROR - 夸克API配置未加载,请联系管理员获取配置
2026-01-02 23:52:53 - app - INFO - 检查数据库...
2026-01-02 23:52:53 - app - INFO - 数据库检查完成
2026-01-02 23:52:53 - app - INFO - 清理异常中断的任务状态...
2026-01-02 23:52:53 - app - INFO - Flask应用创建成功
2026-01-02 23:52:53 - app - INFO - 静态文件目录: C:\Data\夸克转存\client\frontend
2026-01-02 23:52:53 - app - INFO - 启动任务调度服务...
2026-01-02 23:52:53 - app - INFO - 检查被中断的影视下载任务...
2026-01-02 23:52:53 - app - INFO - 没有需要恢复的影视下载任务
2026-01-02 23:52:53 - app - INFO - 账期生成循环已启动
2026-01-02 23:52:53 - app - INFO - 账期生成线程已启动
2026-01-02 23:52:53 - app - INFO - 开始生成 2026-01-02 的任务账期
2026-01-02 23:52:53 - app - INFO - 任务执行循环已启动
2026-01-02 23:52:53 - app - INFO - 任务执行线程已启动
2026-01-02 23:52:53 - app - INFO - 日志清理循环已启动
2026-01-02 23:52:53 - app - INFO - 日志清理线程已启动
2026-01-02 23:52:53 - app - INFO - 下次日志清理时间: 2026-01-03 02:00:00
2026-01-02 23:52:53 - app - INFO - 跳过一次性执行任务: 腾讯视频_mzc00200znyfa5u
2026-01-02 23:52:53 - app - INFO - 启动Flask服务: http://0.0.0.0:8520
2026-01-02 23:52:53 - app - INFO - ✅ 生成完成，共创建 0 条待执行记录
2026-01-02 23:52:53 - app - INFO - 下次生成账期时间: 2026-01-03 00:00:00, 等待 427 秒
2026-01-02 23:53:01 - app - ERROR - 解密密钥未设置
2026-01-02 23:53:01 - app - WARNING - 配置解密失败,返回空配置
2026-01-02 23:53:01 - app - ERROR - 夸克API配置未加载,请联系管理员获取配置
2026-01-02 23:53:01 - app - INFO - 检查数据库...
2026-01-02 23:53:01 - app - INFO - 数据库检查完成
2026-01-02 23:53:01 - app - INFO - 清理异常中断的任务状态...
2026-01-02 23:53:01 - app - INFO - Flask应用创建成功
2026-01-02 23:53:01 - app - INFO - 静态文件目录: C:\Data\夸克转存\client\frontend
2026-01-02 23:53:01 - app - INFO - 启动任务调度服务...
2026-01-02 23:53:01 - app - INFO - 检查被中断的影视下载任务...
2026-01-02 23:53:01 - app - INFO - 没有需要恢复的影视下载任务
2026-01-02 23:53:01 - app - INFO - 账期生成循环已启动
2026-01-02 23:53:01 - app - INFO - 账期生成线程已启动
2026-01-02 23:53:01 - app - INFO - 开始生成 2026-01-02 的任务账期
2026-01-02 23:53:01 - app - INFO - 任务执行循环已启动
2026-01-02 23:53:01 - app - INFO - 任务执行线程已启动
2026-01-02 23:53:01 - app - INFO - 跳过一次性执行任务: 腾讯视频_mzc00200znyfa5u
2026-01-02 23:53:01 - app - INFO - 日志清理循环已启动
2026-01-02 23:53:01 - app - INFO - 日志清理线程已启动
2026-01-02 23:53:01 - app - INFO - ✅ 生成完成，共创建 0 条待执行记录
2026-01-02 23:53:01 - app - INFO - 下次日志清理时间: 2026-01-03 02:00:00
2026-01-02 23:53:01 - app - INFO - 启动Flask服务: http://0.0.0.0:8520
2026-01-02 23:53:01 - app - INFO - 下次生成账期时间: 2026-01-03 00:00:00, 等待 418 秒
2026-01-02 23:53:11 - app - ERROR - 解密密钥未设置
2026-01-02 23:53:11 - app - WARNING - 配置解密失败,返回空配置
2026-01-02 23:53:11 - app - ERROR - 夸克API配置未加载,请联系管理员获取配置
2026-01-02 23:53:11 - app - INFO - 检查数据库...
2026-01-02 23:53:11 - app - INFO - 数据库检查完成
2026-01-02 23:53:11 - app - INFO - 清理异常中断的任务状态...
2026-01-02 23:53:11 - app - INFO - Flask应用创建成功
2026-01-02 23:53:11 - app - INFO - 静态文件目录: C:\Data\夸克转存\client\frontend
2026-01-02 23:53:11 - app - INFO - 启动任务调度服务...
2026-01-02 23:53:11 - app - INFO - 检查被中断的影视下载任务...
2026-01-02 23:53:11 - app - INFO - 没有需要恢复的影视下载任务
2026-01-02 23:53:11 - app - INFO - 账期生成循环已启动
2026-01-02 23:53:11 - app - INFO - 账期生成线程已启动
2026-01-02 23:53:11 - app - INFO - 开始生成 2026-01-02 的任务账期
2026-01-02 23:53:11 - app - INFO - 任务执行循环已启动
2026-01-02 23:53:11 - app - INFO - 任务执行线程已启动
2026-01-02 23:53:11 - app - INFO - 日志清理循环已启动
2026-01-02 23:53:11 - app - INFO - 日志清理线程已启动
2026-01-02 23:53:11 - app - INFO - 下次日志清理时间: 2026-01-03 02:00:00
2026-01-02 23:53:11 - app - INFO - 跳过一次性执行任务: 腾讯视频_mzc00200znyfa5u
2026-01-02 23:53:11 - app - INFO - 启动Flask服务: http://0.0.0.0:8520
2026-01-02 23:53:11 - app - INFO - ✅ 生成完成，共创建 0 条待执行记录
2026-01-02 23:53:11 - app - INFO - 下次生成账期时间: 2026-01-03 00:00:00, 等待 408 秒
2026-01-02 23:53:17 - app - INFO - 解密密钥设置成功
2026-01-02 23:53:17 - app - INFO - 从环境变量加载解密密钥
2026-01-02 23:53:17 - app - WARNING - 加密配置文件不存在,使用默认配置
2026-01-02 23:53:17 - app - WARNING - 配置解密失败,返回空配置
2026-01-02 23:53:17 - app - WARNING - 加密配置文件不存在,使用默认配置
2026-01-02 23:53:17 - app - WARNING - 配置解密失败,返回空配置
2026-01-02 23:53:37 - app - INFO - 解密密钥设置成功
2026-01-02 23:53:37 - app - INFO - 从环境变量加载解密密钥
2026-01-02 23:53:37 - app - INFO - 配置解密成功
2026-01-02 23:57:53 - app - INFO - 检查登录状态, session内容: {'_permanent': True, 'user_id': 1, 'username': 'admin'}, cookies: ImmutableMultiDict([('session', 'eyJfcGVybWFuZW50Ijp0cnVlLCJ1c2VyX2lkIjoxLCJ1c2VybmFtZSI6ImFkbWluIn0.aVfrAQ.LaI9mP5VSmpgpEdByEAfmyNQWJk')])
2026-01-02 23:57:53 - app - INFO - 检查登录状态, session内容: {'_permanent': True, 'user_id': 1, 'username': 'admin'}, cookies: ImmutableMultiDict([('session', 'eyJfcGVybWFuZW50Ijp0cnVlLCJ1c2VyX2lkIjoxLCJ1c2VybmFtZSI6ImFkbWluIn0.aVfrAQ.LaI9mP5VSmpgpEdByEAfmyNQWJk')])
2026-01-02 23:59:10 - app - INFO - 解密密钥设置成功
2026-01-02 23:59:10 - app - INFO - 从环境变量加载解密密钥
2026-01-02 23:59:10 - app - INFO - 配置解密成功
2026-01-02 23:59:10 - app - INFO - 夸克API配置加载成功
2026-01-02 23:59:11 - app - INFO - 检查数据库...
2026-01-02 23:59:11 - app - INFO - 数据库检查完成
2026-01-02 23:59:11 - app - INFO - 清理异常中断的任务状态...
2026-01-02 23:59:11 - app - INFO - Flask应用创建成功
2026-01-02 23:59:11 - app - INFO - 静态文件目录: C:\Data\夸克转存\client\frontend
2026-01-02 23:59:11 - app - INFO - 启动任务调度服务...
2026-01-02 23:59:11 - app - INFO - 检查被中断的影视下载任务...
2026-01-02 23:59:11 - app - INFO - 没有需要恢复的影视下载任务
2026-01-02 23:59:11 - app - INFO - 账期生成循环已启动
2026-01-02 23:59:11 - app - INFO - 账期生成线程已启动
2026-01-02 23:59:11 - app - INFO - 开始生成 2026-01-02 的任务账期
2026-01-02 23:59:11 - app - INFO - 任务执行循环已启动
2026-01-02 23:59:11 - app - INFO - 任务执行线程已启动
2026-01-02 23:59:11 - app - INFO - 跳过一次性执行任务: 腾讯视频_mzc00200znyfa5u
2026-01-02 23:59:11 - app - INFO - ✅ 生成完成，共创建 0 条待执行记录
2026-01-02 23:59:11 - app - INFO - 下次生成账期时间: 2026-01-03 00:00:00, 等待 49 秒
2026-01-02 23:59:11 - app - INFO - 日志清理循环已启动
2026-01-02 23:59:11 - app - INFO - 日志清理线程已启动
2026-01-02 23:59:11 - app - INFO - 下次日志清理时间: 2026-01-03 02:00:00
2026-01-02 23:59:11 - app - INFO - 启动Flask服务: http://0.0.0.0:8520
2026-01-02 23:59:23 - app - INFO - 解密密钥设置成功
2026-01-02 23:59:23 - app - INFO - 从环境变量加载解密密钥
2026-01-02 23:59:23 - app - INFO - 配置解密成功
2026-01-02 23:59:23 - app - INFO - 夸克API配置加载成功
2026-01-02 23:59:23 - app - INFO - 检查数据库...
2026-01-02 23:59:23 - app - INFO - 数据库检查完成
2026-01-02 23:59:23 - app - INFO - 清理异常中断的任务状态...
2026-01-02 23:59:24 - app - INFO - Flask应用创建成功
2026-01-02 23:59:24 - app - INFO - 静态文件目录: C:\Data\夸克转存\client\frontend
2026-01-02 23:59:24 - app - INFO - 启动任务调度服务...
2026-01-02 23:59:24 - app - INFO - 检查被中断的影视下载任务...
2026-01-02 23:59:24 - app - INFO - 没有需要恢复的影视下载任务
2026-01-02 23:59:24 - app - INFO - 账期生成循环已启动
2026-01-02 23:59:24 - app - INFO - 账期生成线程已启动
2026-01-02 23:59:24 - app - INFO - 开始生成 2026-01-02 的任务账期
2026-01-02 23:59:24 - app - INFO - 任务执行循环已启动
2026-01-02 23:59:24 - app - INFO - 任务执行线程已启动
2026-01-02 23:59:24 - app - INFO - 日志清理循环已启动
2026-01-02 23:59:24 - app - INFO - 日志清理线程已启动
2026-01-02 23:59:24 - app - INFO - 下次日志清理时间: 2026-01-03 02:00:00
2026-01-02 23:59:24 - app - INFO - 跳过一次性执行任务: 腾讯视频_mzc00200znyfa5u
2026-01-02 23:59:24 - app - INFO - 启动Flask服务: http://0.0.0.0:8520
2026-01-02 23:59:24 - app - INFO - ✅ 生成完成，共创建 0 条待执行记录
2026-01-02 23:59:24 - app - INFO - 下次生成账期时间: 2026-01-03 00:00:00, 等待 36 秒
2026-01-02 23:59:45 - app - ERROR - 获取解密密钥失败: Expecting value: line 1 column 1 (char 0)
2026-01-03 00:00:11 - app - INFO - 开始生成 2026-01-03 的任务账期
2026-01-03 00:00:11 - app - INFO - 跳过一次性执行任务: 腾讯视频_mzc00200znyfa5u
2026-01-03 00:00:11 - app - INFO - ✅ 生成完成，共创建 0 条待执行记录
2026-01-03 00:00:11 - app - INFO - 下次生成账期时间: 2026-01-04 00:00:00, 等待 86389 秒
2026-01-03 00:00:24 - app - INFO - 开始生成 2026-01-03 的任务账期
2026-01-03 00:00:24 - app - INFO - 跳过一次性执行任务: 腾讯视频_mzc00200znyfa5u
2026-01-03 00:00:24 - app - INFO - ✅ 生成完成，共创建 0 条待执行记录
2026-01-03 00:00:24 - app - INFO - 下次生成账期时间: 2026-01-04 00:00:00, 等待 86376 秒
2026-01-03 00:00:28 - app - ERROR - 获取解密密钥失败: Expecting value: line 1 column 1 (char 0)
2026-01-03 00:00:28 - app - INFO - 系统配置保存成功
2026-01-03 00:00:31 - app - ERROR - 获取解密密钥失败: Expecting value: line 1 column 1 (char 0)
