2026-01-15 10:07:29 - app - INFO - 许可证管理器初始化完成,服务器: http://license.22l2.com
2026-01-15 10:07:29 - app - INFO - 初始化许可证管理器...
2026-01-15 10:07:31 - app - INFO - 解密密钥设置成功
2026-01-15 10:07:31 - app - INFO - 解密密钥获取成功
2026-01-15 10:07:31 - app - INFO - 解密密钥获取成功，配置已就绪
2026-01-15 10:07:31 - app - INFO - 配置解密成功
2026-01-15 10:07:31 - app - INFO - 夸克API配置加载成功
2026-01-15 10:07:31 - app - INFO - 夸克API配置加载完成
2026-01-15 10:07:31 - app - INFO - 检查数据库...
2026-01-15 10:07:31 - app - INFO - 数据库检查完成
2026-01-15 10:07:31 - app - INFO - 检查数据库迁移...
2026-01-15 10:07:31 - app - INFO - 数据库迁移检查完成
2026-01-15 10:07:31 - app - INFO - 清理异常中断的任务状态...
2026-01-15 10:07:31 - app - INFO - 升级管理器初始化完成
2026-01-15 10:07:31 - app - INFO - Flask应用创建成功
2026-01-15 10:07:31 - app - INFO - 静态文件目录: C:\Data\夸克转存\client\frontend
2026-01-15 10:07:31 - app - INFO - 启动任务调度服务...
2026-01-15 10:07:31 - app - INFO - 检查被中断的影视下载任务...
2026-01-15 10:07:31 - app - INFO - 没有需要恢复的影视下载任务
2026-01-15 10:07:31 - app - INFO - 账期生成循环已启动
2026-01-15 10:07:31 - app - INFO - 账期生成线程已启动
2026-01-15 10:07:31 - app - INFO - 开始生成 2026-01-15 的任务账期
2026-01-15 10:07:31 - app - INFO - 任务执行循环已启动
2026-01-15 10:07:31 - app - INFO - 任务执行线程已启动
2026-01-15 10:07:31 - app - INFO - 日志清理循环已启动
2026-01-15 10:07:31 - app - INFO - 日志清理线程已启动
2026-01-15 10:07:31 - app - INFO - 下次日志清理时间: 2026-01-16 02:00:00
2026-01-15 10:07:31 - app - INFO - 跳过一次性执行任务: 测试
2026-01-15 10:07:31 - app - INFO - 启动Flask服务: http://0.0.0.0:8520
2026-01-15 10:07:31 - app - INFO - 跳过一次性执行任务: 小城大事
2026-01-15 10:07:31 - app - INFO - ✅ 生成完成，共创建 0 条待执行记录
2026-01-15 10:07:31 - app - INFO - 下次生成账期时间: 2026-01-16 00:00:00, 等待 49949 秒
2026-01-15 10:07:34 - app - INFO - 许可证管理器初始化完成,服务器: http://license.22l2.com
2026-01-15 10:07:34 - app - INFO - 初始化许可证管理器...
2026-01-15 10:07:35 - app - INFO - 解密密钥设置成功
2026-01-15 10:07:35 - app - INFO - 解密密钥获取成功
2026-01-15 10:07:35 - app - INFO - 解密密钥获取成功，配置已就绪
2026-01-15 10:07:35 - app - INFO - 配置解密成功
2026-01-15 10:07:35 - app - INFO - 夸克API配置加载成功
2026-01-15 10:07:35 - app - INFO - 夸克API配置加载完成
2026-01-15 10:07:35 - app - INFO - 检查数据库...
2026-01-15 10:07:35 - app - INFO - 数据库检查完成
2026-01-15 10:07:35 - app - INFO - 检查数据库迁移...
2026-01-15 10:07:35 - app - INFO - 数据库迁移检查完成
2026-01-15 10:07:35 - app - INFO - 清理异常中断的任务状态...
2026-01-15 10:07:35 - app - INFO - 升级管理器初始化完成
2026-01-15 10:07:35 - app - INFO - Flask应用创建成功
2026-01-15 10:07:35 - app - INFO - 静态文件目录: C:\Data\夸克转存\client\frontend
2026-01-15 10:07:35 - app - INFO - 启动任务调度服务...
2026-01-15 10:07:35 - app - INFO - 检查被中断的影视下载任务...
2026-01-15 10:07:35 - app - INFO - 没有需要恢复的影视下载任务
2026-01-15 10:07:35 - app - INFO - 账期生成循环已启动
2026-01-15 10:07:35 - app - INFO - 账期生成线程已启动
2026-01-15 10:07:35 - app - INFO - 开始生成 2026-01-15 的任务账期
2026-01-15 10:07:35 - app - INFO - 任务执行循环已启动
2026-01-15 10:07:35 - app - INFO - 任务执行线程已启动
2026-01-15 10:07:35 - app - INFO - 日志清理循环已启动
2026-01-15 10:07:35 - app - INFO - 日志清理线程已启动
2026-01-15 10:07:35 - app - INFO - 下次日志清理时间: 2026-01-16 02:00:00
2026-01-15 10:07:35 - app - INFO - 启动Flask服务: http://0.0.0.0:8520
2026-01-15 10:07:35 - app - INFO - 跳过一次性执行任务: 测试
2026-01-15 10:07:35 - app - INFO - 跳过一次性执行任务: 小城大事
2026-01-15 10:07:35 - app - INFO - ✅ 生成完成，共创建 0 条待执行记录
2026-01-15 10:07:35 - app - INFO - 下次生成账期时间: 2026-01-16 00:00:00, 等待 49945 秒
2026-01-15 10:07:39 - app - INFO - 许可证管理器初始化完成,服务器: http://license.22l2.com
2026-01-15 10:07:39 - app - INFO - 初始化许可证管理器...
2026-01-15 10:07:40 - app - INFO - 解密密钥设置成功
2026-01-15 10:07:40 - app - INFO - 解密密钥获取成功
2026-01-15 10:07:40 - app - INFO - 解密密钥获取成功，配置已就绪
2026-01-15 10:07:40 - app - INFO - 配置解密成功
2026-01-15 10:07:40 - app - INFO - 夸克API配置加载成功
2026-01-15 10:07:40 - app - INFO - 夸克API配置加载完成
2026-01-15 10:07:40 - app - INFO - 检查数据库...
2026-01-15 10:07:40 - app - INFO - 数据库检查完成
2026-01-15 10:07:40 - app - INFO - 检查数据库迁移...
2026-01-15 10:07:40 - app - INFO - 数据库迁移检查完成
2026-01-15 10:07:40 - app - INFO - 清理异常中断的任务状态...
2026-01-15 10:07:40 - app - INFO - 升级管理器初始化完成
2026-01-15 10:07:40 - app - INFO - Flask应用创建成功
2026-01-15 10:07:40 - app - INFO - 静态文件目录: C:\Data\夸克转存\client\frontend
2026-01-15 10:07:40 - app - INFO - 启动任务调度服务...
2026-01-15 10:07:40 - app - INFO - 检查被中断的影视下载任务...
2026-01-15 10:07:40 - app - INFO - 没有需要恢复的影视下载任务
2026-01-15 10:07:40 - app - INFO - 账期生成循环已启动
2026-01-15 10:07:40 - app - INFO - 账期生成线程已启动
2026-01-15 10:07:40 - app - INFO - 开始生成 2026-01-15 的任务账期
2026-01-15 10:07:40 - app - INFO - 任务执行循环已启动
2026-01-15 10:07:40 - app - INFO - 任务执行线程已启动
2026-01-15 10:07:40 - app - INFO - 日志清理循环已启动
2026-01-15 10:07:40 - app - INFO - 日志清理线程已启动
2026-01-15 10:07:40 - app - INFO - 下次日志清理时间: 2026-01-16 02:00:00
2026-01-15 10:07:40 - app - INFO - 启动Flask服务: http://0.0.0.0:8520
2026-01-15 10:07:40 - app - INFO - 跳过一次性执行任务: 测试
2026-01-15 10:07:40 - app - INFO - 跳过一次性执行任务: 小城大事
2026-01-15 10:07:40 - app - INFO - ✅ 生成完成，共创建 0 条待执行记录
2026-01-15 10:07:40 - app - INFO - 下次生成账期时间: 2026-01-16 00:00:00, 等待 49940 秒
2026-01-15 10:07:48 - app - INFO - 许可证管理器初始化完成,服务器: http://license.22l2.com
2026-01-15 10:07:48 - app - INFO - 初始化许可证管理器...
2026-01-15 10:07:49 - app - INFO - 解密密钥设置成功
2026-01-15 10:07:49 - app - INFO - 解密密钥获取成功
2026-01-15 10:07:49 - app - INFO - 解密密钥获取成功，配置已就绪
2026-01-15 10:07:49 - app - INFO - 配置解密成功
2026-01-15 10:07:49 - app - INFO - 夸克API配置加载成功
2026-01-15 10:07:49 - app - INFO - 夸克API配置加载完成
2026-01-15 10:07:49 - app - INFO - 检查数据库...
2026-01-15 10:07:49 - app - INFO - 数据库检查完成
2026-01-15 10:07:49 - app - INFO - 检查数据库迁移...
2026-01-15 10:07:49 - app - INFO - 数据库迁移检查完成
2026-01-15 10:07:49 - app - INFO - 清理异常中断的任务状态...
2026-01-15 10:07:49 - app - INFO - 升级管理器初始化完成
2026-01-15 10:07:49 - app - INFO - Flask应用创建成功
2026-01-15 10:07:49 - app - INFO - 静态文件目录: C:\Data\夸克转存\client\frontend
2026-01-15 10:07:49 - app - INFO - 启动任务调度服务...
2026-01-15 10:07:49 - app - INFO - 检查被中断的影视下载任务...
2026-01-15 10:07:49 - app - INFO - 没有需要恢复的影视下载任务
2026-01-15 10:07:49 - app - INFO - 账期生成循环已启动
2026-01-15 10:07:49 - app - INFO - 账期生成线程已启动
2026-01-15 10:07:49 - app - INFO - 开始生成 2026-01-15 的任务账期
2026-01-15 10:07:49 - app - INFO - 跳过一次性执行任务: 测试
2026-01-15 10:07:49 - app - INFO - 任务执行循环已启动
2026-01-15 10:07:49 - app - INFO - 任务执行线程已启动
2026-01-15 10:07:49 - app - INFO - 跳过一次性执行任务: 小城大事
2026-01-15 10:07:49 - app - INFO - ✅ 生成完成，共创建 0 条待执行记录
2026-01-15 10:07:49 - app - INFO - 日志清理循环已启动
2026-01-15 10:07:49 - app - INFO - 日志清理线程已启动
2026-01-15 10:07:49 - app - INFO - 下次生成账期时间: 2026-01-16 00:00:00, 等待 49931 秒
2026-01-15 10:07:49 - app - INFO - 下次日志清理时间: 2026-01-16 02:00:00
2026-01-15 10:07:49 - app - INFO - 启动Flask服务: http://0.0.0.0:8520
2026-01-15 10:16:20 - app - INFO - 许可证管理器初始化完成,服务器: http://license.22l2.com
2026-01-15 10:16:20 - app - INFO - 初始化许可证管理器...
2026-01-15 10:16:22 - app - INFO - 解密密钥设置成功
2026-01-15 10:16:22 - app - INFO - 解密密钥获取成功
2026-01-15 10:16:22 - app - INFO - 解密密钥获取成功，配置已就绪
2026-01-15 10:16:22 - app - INFO - 配置解密成功
2026-01-15 10:16:22 - app - INFO - 夸克API配置加载成功
2026-01-15 10:16:22 - app - INFO - 夸克API配置加载完成
2026-01-15 10:16:22 - app - INFO - 检查数据库...
2026-01-15 10:16:22 - app - INFO - 数据库检查完成
2026-01-15 10:16:22 - app - INFO - 检查数据库迁移...
2026-01-15 10:16:22 - app - INFO - 数据库迁移检查完成
2026-01-15 10:16:22 - app - INFO - 清理异常中断的任务状态...
2026-01-15 10:16:22 - app - INFO - 升级管理器初始化完成
2026-01-15 10:16:22 - app - INFO - Flask应用创建成功
2026-01-15 10:16:22 - app - INFO - 静态文件目录: C:\Data\夸克转存\client\frontend
2026-01-15 10:16:22 - app - INFO - 启动任务调度服务...
2026-01-15 10:16:22 - app - INFO - 检查被中断的影视下载任务...
2026-01-15 10:16:22 - app - INFO - 没有需要恢复的影视下载任务
2026-01-15 10:16:22 - app - INFO - 账期生成循环已启动
2026-01-15 10:16:22 - app - INFO - 账期生成线程已启动
2026-01-15 10:16:22 - app - INFO - 开始生成 2026-01-15 的任务账期
2026-01-15 10:16:22 - app - INFO - 任务执行循环已启动
2026-01-15 10:16:22 - app - INFO - 任务执行线程已启动
2026-01-15 10:16:22 - app - INFO - 日志清理循环已启动
2026-01-15 10:16:22 - app - INFO - 日志清理线程已启动
2026-01-15 10:16:22 - app - INFO - 下次日志清理时间: 2026-01-16 02:00:00
2026-01-15 10:16:22 - app - INFO - 启动Flask服务: http://0.0.0.0:8520
2026-01-15 10:16:22 - app - INFO - 跳过一次性执行任务: 测试
2026-01-15 10:16:22 - app - INFO - 跳过一次性执行任务: 小城大事
2026-01-15 10:16:22 - app - INFO - ✅ 生成完成，共创建 0 条待执行记录
2026-01-15 10:16:22 - app - INFO - 下次生成账期时间: 2026-01-16 00:00:00, 等待 49418 秒
2026-01-15 10:16:36 - app - INFO - 许可证管理器初始化完成,服务器: http://license.22l2.com
2026-01-15 10:16:36 - app - INFO - 初始化许可证管理器...
2026-01-15 10:16:38 - app - INFO - 解密密钥设置成功
2026-01-15 10:16:38 - app - INFO - 解密密钥获取成功
2026-01-15 10:16:38 - app - INFO - 解密密钥获取成功，配置已就绪
2026-01-15 10:16:38 - app - INFO - 配置解密成功
2026-01-15 10:16:38 - app - INFO - 夸克API配置加载成功
2026-01-15 10:16:38 - app - INFO - 夸克API配置加载完成
2026-01-15 10:16:38 - app - INFO - 检查数据库...
2026-01-15 10:16:38 - app - INFO - 数据库检查完成
2026-01-15 10:16:38 - app - INFO - 检查数据库迁移...
2026-01-15 10:16:38 - app - INFO - 数据库迁移检查完成
2026-01-15 10:16:38 - app - INFO - 清理异常中断的任务状态...
2026-01-15 10:16:38 - app - INFO - 升级管理器初始化完成
2026-01-15 10:16:38 - app - INFO - Flask应用创建成功
2026-01-15 10:16:38 - app - INFO - 静态文件目录: C:\Data\夸克转存\client\frontend
2026-01-15 10:16:38 - app - INFO - 启动任务调度服务...
2026-01-15 10:16:38 - app - INFO - 检查被中断的影视下载任务...
2026-01-15 10:16:38 - app - INFO - 没有需要恢复的影视下载任务
2026-01-15 10:16:38 - app - INFO - 账期生成循环已启动
2026-01-15 10:16:38 - app - INFO - 账期生成线程已启动
2026-01-15 10:16:38 - app - INFO - 开始生成 2026-01-15 的任务账期
2026-01-15 10:16:38 - app - INFO - 任务执行循环已启动
2026-01-15 10:16:38 - app - INFO - 任务执行线程已启动
2026-01-15 10:16:38 - app - INFO - 日志清理循环已启动
2026-01-15 10:16:38 - app - INFO - 日志清理线程已启动
2026-01-15 10:16:38 - app - INFO - 下次日志清理时间: 2026-01-16 02:00:00
2026-01-15 10:16:38 - app - INFO - 跳过一次性执行任务: 测试
2026-01-15 10:16:38 - app - INFO - 启动Flask服务: http://0.0.0.0:8520
2026-01-15 10:16:38 - app - INFO - 跳过一次性执行任务: 小城大事
2026-01-15 10:16:38 - app - INFO - ✅ 生成完成，共创建 0 条待执行记录
2026-01-15 10:16:38 - app - INFO - 下次生成账期时间: 2026-01-16 00:00:00, 等待 49401 秒
2026-01-15 10:19:24 - app - ERROR - 解密密钥未设置
2026-01-15 10:19:24 - app - WARNING - 配置解密失败,返回空配置
2026-01-15 10:19:24 - app - ERROR - 爱奇艺配置未加载或未启用,无法使用爱奇艺服务
2026-01-15 10:19:33 - app - INFO - 许可证管理器初始化完成,服务器: http://license.22l2.com
2026-01-15 10:19:33 - app - INFO - 初始化许可证管理器...
2026-01-15 10:19:34 - app - INFO - 解密密钥设置成功
2026-01-15 10:19:34 - app - INFO - 解密密钥获取成功
2026-01-15 10:19:34 - app - INFO - 解密密钥获取成功，配置已就绪
2026-01-15 10:19:34 - app - INFO - 配置解密成功
2026-01-15 10:19:34 - app - INFO - 夸克API配置加载成功
2026-01-15 10:19:34 - app - INFO - 夸克API配置加载完成
2026-01-15 10:19:34 - app - INFO - 检查数据库...
2026-01-15 10:19:34 - app - INFO - 数据库检查完成
2026-01-15 10:19:35 - app - INFO - 检查数据库迁移...
2026-01-15 10:19:35 - app - INFO - 数据库迁移检查完成
2026-01-15 10:19:35 - app - INFO - 清理异常中断的任务状态...
2026-01-15 10:19:35 - app - INFO - 升级管理器初始化完成
2026-01-15 10:19:35 - app - INFO - Flask应用创建成功
2026-01-15 10:19:35 - app - INFO - 静态文件目录: C:\Data\夸克转存\client\frontend
2026-01-15 10:19:35 - app - INFO - 启动任务调度服务...
2026-01-15 10:19:35 - app - INFO - 检查被中断的影视下载任务...
2026-01-15 10:19:35 - app - INFO - 没有需要恢复的影视下载任务
2026-01-15 10:19:35 - app - INFO - 账期生成循环已启动
2026-01-15 10:19:35 - app - INFO - 账期生成线程已启动
2026-01-15 10:19:35 - app - INFO - 开始生成 2026-01-15 的任务账期
2026-01-15 10:19:35 - app - INFO - 任务执行循环已启动
2026-01-15 10:19:35 - app - INFO - 任务执行线程已启动
2026-01-15 10:19:35 - app - INFO - 跳过一次性执行任务: 测试
2026-01-15 10:19:35 - app - INFO - 日志清理循环已启动
2026-01-15 10:19:35 - app - INFO - 日志清理线程已启动
2026-01-15 10:19:35 - app - INFO - 跳过一次性执行任务: 小城大事
2026-01-15 10:19:35 - app - INFO - 下次日志清理时间: 2026-01-16 02:00:00
2026-01-15 10:19:35 - app - INFO - 启动Flask服务: http://0.0.0.0:8520
2026-01-15 10:19:35 - app - INFO - ✅ 生成完成，共创建 0 条待执行记录
2026-01-15 10:19:35 - app - INFO - 下次生成账期时间: 2026-01-16 00:00:00, 等待 49225 秒
2026-01-15 10:19:50 - app - INFO - 解密密钥设置成功
2026-01-15 10:19:50 - app - INFO - 从环境变量加载解密密钥
2026-01-15 10:19:50 - app - INFO - 配置解密成功
2026-01-15 10:19:50 - app - INFO - 尝试从accelerator.js获取tvid: http://www.iqiyi.com/v_1fe78k91od4.html
2026-01-15 10:20:01 - app - INFO - 从accelerator.js中提取到tvid: 5346134565555700
2026-01-15 10:20:01 - app - INFO - 提取到tvid: 5346134565555700
2026-01-15 10:20:02 - app - INFO - 请求手机版页面获取channelId: http://m.iqiyi.com/v_1fe78k91od4.html
2026-01-15 10:20:02 - app - INFO - 从手机版页面提取到channelId: 6
2026-01-15 10:20:03 - app - INFO - 检测到集数不完整（10/25），尝试分页获取
2026-01-15 10:20:03 - app - INFO - 尝试分页策略 1
2026-01-15 10:20:03 - app - INFO - 尝试分页策略 2
2026-01-15 10:20:03 - app - INFO - 尝试分页策略 3
2026-01-15 10:20:03 - app - WARNING - 集数获取不完整: 期望25集，实际获取9集
2026-01-15 10:20:03 - app - WARNING - API返回集数不完整: 期望25集，实际9集，尝试HTML解析
2026-01-15 10:20:03 - app - INFO - 尝试从HTML解析剧集列表: http://www.iqiyi.com/v_1fe78k91od4.html
2026-01-15 10:20:03 - app - WARNING - 无法从HTML中提取剧集数据
2026-01-15 10:20:14 - app - INFO - 解密密钥设置成功
2026-01-15 10:20:14 - app - INFO - 从环境变量加载解密密钥
2026-01-15 10:20:14 - app - INFO - 配置解密成功
2026-01-15 10:20:14 - app - INFO - 尝试从accelerator.js获取tvid: http://www.iqiyi.com/v_1fe78k91od4.html
2026-01-15 10:20:14 - app - INFO - 从accelerator.js中提取到tvid: 5346134565555700
2026-01-15 10:20:45 - app - INFO - 解密密钥设置成功
2026-01-15 10:20:45 - app - INFO - 从环境变量加载解密密钥
2026-01-15 10:20:45 - app - INFO - 配置解密成功
2026-01-15 10:21:30 - app - INFO - 解密密钥设置成功
2026-01-15 10:21:30 - app - INFO - 从环境变量加载解密密钥
2026-01-15 10:21:30 - app - INFO - 配置解密成功
2026-01-15 10:21:59 - app - INFO - 解密密钥设置成功
2026-01-15 10:21:59 - app - INFO - 从环境变量加载解密密钥
2026-01-15 10:21:59 - app - INFO - 配置解密成功
2026-01-15 10:22:26 - app - INFO - 解密密钥设置成功
2026-01-15 10:22:26 - app - INFO - 从环境变量加载解密密钥
2026-01-15 10:22:26 - app - INFO - 配置解密成功
2026-01-15 10:25:17 - app - INFO - 解密密钥设置成功
2026-01-15 10:25:17 - app - INFO - 从环境变量加载解密密钥
2026-01-15 10:25:17 - app - INFO - 配置解密成功
2026-01-15 10:28:24 - app - INFO - 解密密钥设置成功
2026-01-15 10:28:24 - app - INFO - 从环境变量加载解密密钥
2026-01-15 10:28:24 - app - INFO - 配置解密成功
2026-01-15 10:29:03 - app - INFO - 解密密钥设置成功
2026-01-15 10:29:03 - app - INFO - 从环境变量加载解密密钥
2026-01-15 10:29:03 - app - INFO - 配置解密成功
2026-01-15 10:29:43 - app - INFO - 解密密钥设置成功
2026-01-15 10:29:43 - app - INFO - 从环境变量加载解密密钥
2026-01-15 10:29:43 - app - INFO - 配置解密成功
2026-01-15 10:30:52 - app - INFO - 许可证管理器初始化完成,服务器: http://license.22l2.com
2026-01-15 10:30:52 - app - INFO - 初始化许可证管理器...
2026-01-15 10:30:54 - app - INFO - 解密密钥设置成功
2026-01-15 10:30:54 - app - INFO - 解密密钥获取成功
2026-01-15 10:30:54 - app - INFO - 解密密钥获取成功，配置已就绪
2026-01-15 10:30:54 - app - INFO - 配置解密成功
2026-01-15 10:30:54 - app - INFO - 夸克API配置加载成功
2026-01-15 10:30:54 - app - INFO - 夸克API配置加载完成
2026-01-15 10:30:54 - app - INFO - 检查数据库...
2026-01-15 10:30:54 - app - INFO - 数据库检查完成
2026-01-15 10:30:54 - app - INFO - 检查数据库迁移...
2026-01-15 10:30:54 - app - INFO - 数据库迁移检查完成
2026-01-15 10:30:54 - app - INFO - 清理异常中断的任务状态...
2026-01-15 10:30:54 - app - INFO - 升级管理器初始化完成
2026-01-15 10:30:54 - app - INFO - Flask应用创建成功
2026-01-15 10:30:54 - app - INFO - 静态文件目录: C:\Data\夸克转存\client\frontend
2026-01-15 10:30:54 - app - INFO - 启动任务调度服务...
2026-01-15 10:30:54 - app - INFO - 检查被中断的影视下载任务...
2026-01-15 10:30:54 - app - INFO - 没有需要恢复的影视下载任务
2026-01-15 10:30:54 - app - INFO - 账期生成循环已启动
2026-01-15 10:30:54 - app - INFO - 账期生成线程已启动
2026-01-15 10:30:54 - app - INFO - 开始生成 2026-01-15 的任务账期
2026-01-15 10:30:54 - app - INFO - 任务执行循环已启动
2026-01-15 10:30:54 - app - INFO - 任务执行线程已启动
2026-01-15 10:30:54 - app - INFO - 日志清理循环已启动
2026-01-15 10:30:54 - app - INFO - 日志清理线程已启动
2026-01-15 10:30:54 - app - INFO - 下次日志清理时间: 2026-01-16 02:00:00
2026-01-15 10:30:54 - app - INFO - 启动Flask服务: http://0.0.0.0:8520
2026-01-15 10:30:54 - app - INFO - 跳过一次性执行任务: 测试
2026-01-15 10:30:54 - app - INFO - 跳过一次性执行任务: 小城大事
2026-01-15 10:30:54 - app - INFO - ✅ 生成完成，共创建 0 条待执行记录
2026-01-15 10:30:55 - app - INFO - 下次生成账期时间: 2026-01-16 00:00:00, 等待 48545 秒
2026-01-15 10:32:25 - app - INFO - 解密密钥设置成功
2026-01-15 10:32:25 - app - INFO - 从环境变量加载解密密钥
2026-01-15 10:32:25 - app - INFO - 配置解密成功
2026-01-15 10:33:11 - app - INFO - 许可证管理器初始化完成,服务器: http://license.22l2.com
2026-01-15 10:33:11 - app - INFO - 初始化许可证管理器...
2026-01-15 10:33:12 - app - INFO - 解密密钥设置成功
2026-01-15 10:33:12 - app - INFO - 解密密钥获取成功
2026-01-15 10:33:12 - app - INFO - 解密密钥获取成功，配置已就绪
2026-01-15 10:33:12 - app - INFO - 配置解密成功
2026-01-15 10:33:12 - app - INFO - 夸克API配置加载成功
2026-01-15 10:33:12 - app - INFO - 夸克API配置加载完成
2026-01-15 10:33:12 - app - INFO - 检查数据库...
2026-01-15 10:33:12 - app - INFO - 数据库检查完成
2026-01-15 10:33:12 - app - INFO - 检查数据库迁移...
2026-01-15 10:33:12 - app - INFO - 数据库迁移检查完成
2026-01-15 10:33:12 - app - INFO - 清理异常中断的任务状态...
2026-01-15 10:33:12 - app - INFO - 升级管理器初始化完成
2026-01-15 10:33:12 - app - INFO - Flask应用创建成功
2026-01-15 10:33:12 - app - INFO - 静态文件目录: C:\Data\夸克转存\client\frontend
2026-01-15 10:33:12 - app - INFO - 启动任务调度服务...
2026-01-15 10:33:12 - app - INFO - 检查被中断的影视下载任务...
2026-01-15 10:33:12 - app - INFO - 没有需要恢复的影视下载任务
2026-01-15 10:33:12 - app - INFO - 账期生成循环已启动
2026-01-15 10:33:12 - app - INFO - 账期生成线程已启动
2026-01-15 10:33:12 - app - INFO - 开始生成 2026-01-15 的任务账期
2026-01-15 10:33:12 - app - INFO - 任务执行循环已启动
2026-01-15 10:33:12 - app - INFO - 任务执行线程已启动
2026-01-15 10:33:12 - app - INFO - 日志清理循环已启动
2026-01-15 10:33:12 - app - INFO - 日志清理线程已启动
2026-01-15 10:33:12 - app - INFO - 下次日志清理时间: 2026-01-16 02:00:00
2026-01-15 10:33:12 - app - INFO - 启动Flask服务: http://0.0.0.0:8520
2026-01-15 10:33:12 - app - INFO - 跳过一次性执行任务: 测试
2026-01-15 10:33:12 - app - INFO - 跳过一次性执行任务: 小城大事
2026-01-15 10:33:12 - app - INFO - ✅ 生成完成，共创建 0 条待执行记录
2026-01-15 10:33:12 - app - INFO - 下次生成账期时间: 2026-01-16 00:00:00, 等待 48408 秒
2026-01-15 10:33:17 - app - INFO - 解密密钥设置成功
2026-01-15 10:33:17 - app - INFO - 从环境变量加载解密密钥
2026-01-15 10:33:17 - app - INFO - 配置解密成功
2026-01-15 10:33:17 - app - INFO - 尝试从accelerator.js获取tvid: http://www.iqiyi.com/v_1fe78k91od4.html
2026-01-15 10:33:28 - app - INFO - 从accelerator.js中提取到tvid: 5346134565555700
2026-01-15 10:33:28 - app - INFO - 提取到tvid: 5346134565555700
2026-01-15 10:33:28 - app - INFO - 请求手机版页面获取channelId: http://m.iqiyi.com/v_1fe78k91od4.html
2026-01-15 10:33:29 - app - INFO - 从手机版页面提取到channelId: 6
2026-01-15 10:33:29 - app - INFO - 检测到综艺按月份分组，summary: [{'year': '2026', 'monthList': ['01']}, {'year': '2025', 'monthList': ['12']}]
2026-01-15 10:33:29 - app - INFO - 获取月份 2025-12 的视频
2026-01-15 10:33:30 - app - INFO - 按月份获取完成，共获取 10 个视频
2026-01-15 10:33:30 - app - WARNING - 集数获取不完整: 期望25集，实际获取9集
2026-01-15 10:33:30 - app - WARNING - API返回集数不完整: 期望25集，实际9集，尝试HTML解析
2026-01-15 10:33:30 - app - INFO - 尝试从HTML解析剧集列表: http://www.iqiyi.com/v_1fe78k91od4.html
2026-01-15 10:33:30 - app - WARNING - 无法从HTML中提取剧集数据，HTML解析方案不适用于此页面
2026-01-15 10:34:02 - app - INFO - 解密密钥设置成功
2026-01-15 10:34:02 - app - INFO - 从环境变量加载解密密钥
2026-01-15 10:34:02 - app - INFO - 配置解密成功
2026-01-15 10:37:24 - app - INFO - 解密密钥设置成功
2026-01-15 10:37:24 - app - INFO - 从环境变量加载解密密钥
2026-01-15 10:37:24 - app - INFO - 配置解密成功
2026-01-15 12:54:44 - app - INFO - 解密密钥设置成功
2026-01-15 12:54:44 - app - INFO - 从环境变量加载解密密钥
2026-01-15 12:54:44 - app - INFO - 配置解密成功
2026-01-15 12:55:20 - app - INFO - 解密密钥设置成功
2026-01-15 12:55:20 - app - INFO - 从环境变量加载解密密钥
2026-01-15 12:55:20 - app - INFO - 配置解密成功
2026-01-15 12:55:39 - app - INFO - 解密密钥设置成功
2026-01-15 12:55:39 - app - INFO - 从环境变量加载解密密钥
2026-01-15 12:55:39 - app - INFO - 配置解密成功
2026-01-15 12:56:26 - app - INFO - 许可证管理器初始化完成,服务器: http://license.22l2.com
2026-01-15 12:56:26 - app - INFO - 初始化许可证管理器...
2026-01-15 12:56:27 - app - INFO - 解密密钥设置成功
2026-01-15 12:56:27 - app - INFO - 解密密钥获取成功
2026-01-15 12:56:27 - app - INFO - 解密密钥获取成功，配置已就绪
2026-01-15 12:56:27 - app - INFO - 配置解密成功
2026-01-15 12:56:27 - app - INFO - 夸克API配置加载成功
2026-01-15 12:56:27 - app - INFO - 夸克API配置加载完成
2026-01-15 12:56:27 - app - INFO - 检查数据库...
2026-01-15 12:56:27 - app - INFO - 数据库检查完成
2026-01-15 12:56:27 - app - INFO - 检查数据库迁移...
2026-01-15 12:56:27 - app - INFO - 数据库迁移检查完成
2026-01-15 12:56:27 - app - INFO - 清理异常中断的任务状态...
2026-01-15 12:56:27 - app - INFO - 升级管理器初始化完成
2026-01-15 12:56:27 - app - INFO - Flask应用创建成功
2026-01-15 12:56:27 - app - INFO - 静态文件目录: C:\Data\夸克转存\client\frontend
2026-01-15 12:56:27 - app - INFO - 启动任务调度服务...
2026-01-15 12:56:27 - app - INFO - 检查被中断的影视下载任务...
2026-01-15 12:56:27 - app - INFO - 没有需要恢复的影视下载任务
2026-01-15 12:56:27 - app - INFO - 账期生成循环已启动
2026-01-15 12:56:27 - app - INFO - 账期生成线程已启动
2026-01-15 12:56:27 - app - INFO - 开始生成 2026-01-15 的任务账期
2026-01-15 12:56:27 - app - INFO - 任务执行循环已启动
2026-01-15 12:56:27 - app - INFO - 任务执行线程已启动
2026-01-15 12:56:27 - app - INFO - 跳过一次性执行任务: 测试
2026-01-15 12:56:27 - app - INFO - 日志清理循环已启动
2026-01-15 12:56:27 - app - INFO - 日志清理线程已启动
2026-01-15 12:56:27 - app - INFO - 跳过一次性执行任务: 小城大事
2026-01-15 12:56:27 - app - INFO - 下次日志清理时间: 2026-01-16 02:00:00
2026-01-15 12:56:27 - app - INFO - 启动Flask服务: http://0.0.0.0:8520
2026-01-15 12:56:27 - app - INFO - ✅ 生成完成，共创建 0 条待执行记录
2026-01-15 12:56:27 - app - INFO - 下次生成账期时间: 2026-01-16 00:00:00, 等待 39812 秒
2026-01-15 12:56:35 - app - INFO - 解密密钥设置成功
2026-01-15 12:56:35 - app - INFO - 从环境变量加载解密密钥
2026-01-15 12:56:35 - app - INFO - 配置解密成功
2026-01-15 12:56:35 - app - INFO - 尝试从accelerator.js获取tvid: http://www.iqiyi.com/v_1fe78k91od4.html
2026-01-15 12:56:47 - app - INFO - 从accelerator.js中提取到tvid: 5346134565555700
2026-01-15 12:56:47 - app - INFO - 提取到tvid: 5346134565555700
2026-01-15 12:56:47 - app - INFO - 请求手机版页面获取channelId: http://m.iqiyi.com/v_1fe78k91od4.html
2026-01-15 12:56:47 - app - INFO - 从手机版页面提取到channelId: 6
2026-01-15 12:56:47 - app - INFO - 检测到综艺按月份分组，summary: [{'year': '2026', 'monthList': ['01']}, {'year': '2025', 'monthList': ['12']}]
2026-01-15 12:56:47 - app - INFO - 获取到albumQipuId: 1759651057775001
2026-01-15 12:56:47 - app - INFO - 获取月份 2026-01 的视频
2026-01-15 12:56:48 - app - INFO - 月份 2026-01 获取到 19 个视频
2026-01-15 12:56:48 - app - INFO - 月份 2026-01 新增 19 个视频，当前总数: 19
2026-01-15 12:56:48 - app - INFO - 获取月份 2025-12 的视频
2026-01-15 12:56:48 - app - INFO - 月份 2025-12 获取到 8 个视频
2026-01-15 12:56:48 - app - INFO - 月份 2025-12 新增 8 个视频，当前总数: 27
2026-01-15 12:56:48 - app - INFO - 按月份获取完成，共获取 27 个视频
2026-01-15 12:56:48 - app - WARNING - 集数获取不完整: 期望27集，实际获取25集
2026-01-15 12:56:48 - app - WARNING - API返回集数不完整: 期望27集，实际25集，尝试HTML解析
2026-01-15 12:56:48 - app - INFO - 尝试从HTML解析剧集列表: http://www.iqiyi.com/v_1fe78k91od4.html
2026-01-15 12:56:48 - app - WARNING - 无法从HTML中提取剧集数据，HTML解析方案不适用于此页面
2026-01-15 13:13:57 - app - ERROR - 检查解析限制失败: no such table: daily_usage_stats
2026-01-15 13:13:57 - app - INFO - 读取官网信息，平台: iqiyi, URL: http://www.iqiyi.com/v_1fe78k91od4.html?vfm=f_191_360y&fv=p_09_01
2026-01-15 13:13:57 - app - INFO - 尝试从accelerator.js获取tvid: http://www.iqiyi.com/v_1fe78k91od4.html?vfm=f_191_360y&fv=p_09_01
2026-01-15 13:14:08 - app - INFO - 从accelerator.js中提取到tvid: 5346134565555700
2026-01-15 13:14:08 - app - INFO - 提取到tvid: 5346134565555700
2026-01-15 13:14:08 - app - INFO - 请求手机版页面获取channelId: http://m.iqiyi.com/v_1fe78k91od4.html?vfm=f_191_360y&fv=p_09_01
2026-01-15 13:14:09 - app - INFO - 从手机版页面提取到channelId: 6
2026-01-15 13:14:09 - app - INFO - 检测到综艺按月份分组，summary: [{'year': '2026', 'monthList': ['01']}, {'year': '2025', 'monthList': ['12']}]
2026-01-15 13:14:09 - app - INFO - 获取到albumQipuId: 1759651057775001
2026-01-15 13:14:09 - app - INFO - 获取月份 2026-01 的视频
2026-01-15 13:14:09 - app - INFO - 月份 2026-01 获取到 19 个视频
2026-01-15 13:14:09 - app - INFO - 月份 2026-01 新增 19 个视频，当前总数: 19
2026-01-15 13:14:09 - app - INFO - 获取月份 2025-12 的视频
2026-01-15 13:14:10 - app - INFO - 月份 2025-12 获取到 8 个视频
2026-01-15 13:14:10 - app - INFO - 月份 2025-12 新增 8 个视频，当前总数: 27
2026-01-15 13:14:10 - app - INFO - 按月份获取完成，共获取 27 个视频
2026-01-15 13:14:10 - app - WARNING - 集数获取不完整: 期望27集，实际获取25集
2026-01-15 13:14:10 - app - WARNING - API返回集数不完整: 期望27集，实际25集，尝试HTML解析
2026-01-15 13:14:10 - app - INFO - 尝试从HTML解析剧集列表: http://www.iqiyi.com/v_1fe78k91od4.html?vfm=f_191_360y&fv=p_09_01
2026-01-15 13:14:10 - app - WARNING - 无法从HTML中提取剧集数据，HTML解析方案不适用于此页面
2026-01-15 13:14:10 - app - INFO - 开始识别视频类型，平台: iqiyi
2026-01-15 13:14:10 - app - INFO - 爱奇艺类型识别: channelId=6, type=综艺
2026-01-15 13:14:10 - app - INFO - 识别视频类型: 综艺
2026-01-15 13:15:50 - app - INFO - 许可证管理器初始化完成,服务器: http://license.22l2.com
2026-01-15 13:15:50 - app - INFO - 初始化许可证管理器...
2026-01-15 13:15:51 - app - INFO - 解密密钥设置成功
2026-01-15 13:15:51 - app - INFO - 解密密钥获取成功
2026-01-15 13:15:51 - app - INFO - 解密密钥获取成功，配置已就绪
2026-01-15 13:15:51 - app - INFO - 配置解密成功
2026-01-15 13:15:51 - app - INFO - 夸克API配置加载成功
2026-01-15 13:15:51 - app - INFO - 夸克API配置加载完成
2026-01-15 13:15:51 - app - INFO - 检查数据库...
2026-01-15 13:15:51 - app - INFO - 数据库检查完成
2026-01-15 13:15:51 - app - INFO - 检查数据库迁移...
2026-01-15 13:15:51 - app - INFO - 数据库迁移检查完成
2026-01-15 13:15:51 - app - INFO - 清理异常中断的任务状态...
2026-01-15 13:15:51 - app - INFO - 升级管理器初始化完成
2026-01-15 13:15:51 - app - INFO - Flask应用创建成功
2026-01-15 13:15:51 - app - INFO - 静态文件目录: C:\Data\夸克转存\client\frontend
2026-01-15 13:15:51 - app - INFO - 启动任务调度服务...
2026-01-15 13:15:51 - app - INFO - 检查被中断的影视下载任务...
2026-01-15 13:15:51 - app - INFO - 没有需要恢复的影视下载任务
2026-01-15 13:15:51 - app - INFO - 账期生成循环已启动
2026-01-15 13:15:51 - app - INFO - 账期生成线程已启动
2026-01-15 13:15:51 - app - INFO - 开始生成 2026-01-15 的任务账期
2026-01-15 13:15:51 - app - INFO - 任务执行循环已启动
2026-01-15 13:15:51 - app - INFO - 任务执行线程已启动
2026-01-15 13:15:51 - app - INFO - 日志清理循环已启动
2026-01-15 13:15:51 - app - INFO - 日志清理线程已启动
2026-01-15 13:15:51 - app - INFO - 下次日志清理时间: 2026-01-16 02:00:00
2026-01-15 13:15:51 - app - INFO - 跳过一次性执行任务: 测试
2026-01-15 13:15:51 - app - INFO - 启动Flask服务: http://0.0.0.0:8520
2026-01-15 13:15:51 - app - INFO - 跳过一次性执行任务: 小城大事
2026-01-15 13:15:51 - app - INFO - ✅ 生成完成，共创建 0 条待执行记录
2026-01-15 13:15:51 - app - INFO - 下次生成账期时间: 2026-01-16 00:00:00, 等待 38649 秒
2026-01-15 13:15:58 - app - INFO - 许可证管理器初始化完成,服务器: http://license.22l2.com
2026-01-15 13:15:58 - app - INFO - 初始化许可证管理器...
2026-01-15 13:16:00 - app - INFO - 解密密钥设置成功
2026-01-15 13:16:00 - app - INFO - 解密密钥获取成功
2026-01-15 13:16:00 - app - INFO - 解密密钥获取成功，配置已就绪
2026-01-15 13:16:00 - app - INFO - 配置解密成功
2026-01-15 13:16:00 - app - INFO - 夸克API配置加载成功
2026-01-15 13:16:00 - app - INFO - 夸克API配置加载完成
2026-01-15 13:16:00 - app - INFO - 检查数据库...
2026-01-15 13:16:00 - app - INFO - 数据库检查完成
2026-01-15 13:16:00 - app - INFO - 检查数据库迁移...
2026-01-15 13:16:00 - app - INFO - 数据库迁移检查完成
2026-01-15 13:16:00 - app - INFO - 清理异常中断的任务状态...
2026-01-15 13:16:00 - app - INFO - 升级管理器初始化完成
2026-01-15 13:16:00 - app - INFO - Flask应用创建成功
2026-01-15 13:16:00 - app - INFO - 静态文件目录: C:\Data\夸克转存\client\frontend
2026-01-15 13:16:00 - app - INFO - 启动任务调度服务...
2026-01-15 13:16:00 - app - INFO - 检查被中断的影视下载任务...
2026-01-15 13:16:00 - app - INFO - 没有需要恢复的影视下载任务
2026-01-15 13:16:00 - app - INFO - 账期生成循环已启动
2026-01-15 13:16:00 - app - INFO - 账期生成线程已启动
2026-01-15 13:16:00 - app - INFO - 开始生成 2026-01-15 的任务账期
2026-01-15 13:16:00 - app - INFO - 任务执行循环已启动
2026-01-15 13:16:00 - app - INFO - 任务执行线程已启动
2026-01-15 13:16:00 - app - INFO - 日志清理循环已启动
2026-01-15 13:16:00 - app - INFO - 日志清理线程已启动
2026-01-15 13:16:00 - app - INFO - 跳过一次性执行任务: 测试
2026-01-15 13:16:00 - app - INFO - 下次日志清理时间: 2026-01-16 02:00:00
2026-01-15 13:16:00 - app - INFO - 启动Flask服务: http://0.0.0.0:8520
2026-01-15 13:16:00 - app - INFO - 跳过一次性执行任务: 小城大事
2026-01-15 13:16:00 - app - INFO - ✅ 生成完成，共创建 0 条待执行记录
2026-01-15 13:16:00 - app - INFO - 下次生成账期时间: 2026-01-16 00:00:00, 等待 38639 秒
2026-01-15 13:28:08 - app - ERROR - 获取今日统计失败: no such table: daily_usage_stats
2026-01-15 13:34:19 - app - INFO - 许可证管理器初始化完成,服务器: http://license.22l2.com
2026-01-15 13:34:19 - app - INFO - 初始化许可证管理器...
2026-01-15 13:34:21 - app - INFO - 解密密钥设置成功
2026-01-15 13:34:21 - app - INFO - 解密密钥获取成功
2026-01-15 13:34:21 - app - INFO - 解密密钥获取成功，配置已就绪
2026-01-15 13:34:21 - app - INFO - 配置解密成功
2026-01-15 13:34:21 - app - INFO - 夸克API配置加载成功
2026-01-15 13:34:21 - app - INFO - 夸克API配置加载完成
2026-01-15 13:34:21 - app - INFO - 检查数据库...
2026-01-15 13:34:21 - app - INFO - 数据库检查完成
2026-01-15 13:34:21 - app - INFO - 检查数据库迁移...
2026-01-15 13:34:21 - app - INFO - 数据库迁移检查完成
2026-01-15 13:34:21 - app - INFO - 清理异常中断的任务状态...
2026-01-15 13:34:21 - app - INFO - 升级管理器初始化完成
2026-01-15 13:34:21 - app - INFO - Flask应用创建成功
2026-01-15 13:34:21 - app - INFO - 静态文件目录: C:\Data\夸克转存\client\frontend
2026-01-15 13:34:21 - app - INFO - 启动任务调度服务...
2026-01-15 13:34:21 - app - INFO - 检查被中断的影视下载任务...
2026-01-15 13:34:21 - app - INFO - 没有需要恢复的影视下载任务
2026-01-15 13:34:21 - app - INFO - 账期生成循环已启动
2026-01-15 13:34:21 - app - INFO - 账期生成线程已启动
2026-01-15 13:34:21 - app - INFO - 开始生成 2026-01-15 的任务账期
2026-01-15 13:34:21 - app - INFO - 任务执行循环已启动
2026-01-15 13:34:21 - app - INFO - 任务执行线程已启动
2026-01-15 13:34:21 - app - INFO - 日志清理循环已启动
2026-01-15 13:34:21 - app - INFO - 日志清理线程已启动
2026-01-15 13:34:21 - app - INFO - 下次日志清理时间: 2026-01-16 02:00:00
2026-01-15 13:34:21 - app - INFO - 启动Flask服务: http://0.0.0.0:8520
2026-01-15 13:34:21 - app - INFO - 跳过一次性执行任务: 测试
2026-01-15 13:34:21 - app - INFO - 跳过一次性执行任务: 小城大事
2026-01-15 13:34:21 - app - INFO - ✅ 生成完成，共创建 0 条待执行记录
2026-01-15 13:34:21 - app - INFO - 下次生成账期时间: 2026-01-16 00:00:00, 等待 37538 秒
2026-01-15 14:06:59 - app - ERROR - 数据库文件不存在: data/quark.db
2026-01-15 14:07:21 - app - INFO - 开始数据库迁移：添加cloud_type字段
2026-01-15 14:07:21 - app - INFO - 正在为表 quark_accounts 添加cloud_type字段...
2026-01-15 14:07:21 - app - INFO - ✅ 表 quark_accounts 的cloud_type字段添加成功
2026-01-15 14:07:21 - app - INFO - 正在为表 transfer_tasks 添加cloud_type字段...
2026-01-15 14:07:21 - app - INFO - ✅ 表 transfer_tasks 的cloud_type字段添加成功
2026-01-15 14:07:21 - app - INFO - 正在为表 download_tasks 添加cloud_type字段...
2026-01-15 14:07:21 - app - INFO - ✅ 表 download_tasks 的cloud_type字段添加成功
2026-01-15 14:07:21 - app - INFO - 正在为表 video_tasks 添加cloud_type字段...
2026-01-15 14:07:21 - app - INFO - ✅ 表 video_tasks 的cloud_type字段添加成功
2026-01-15 14:07:21 - app - INFO - 数据库迁移完成！
2026-01-15 14:07:29 - app - INFO - 开始验证数据库迁移...
2026-01-15 14:07:29 - app - INFO - ✅ 表 quark_accounts: cloud_type字段存在, 总记录数=1, quark记录数=1
2026-01-15 14:07:29 - app - INFO - ✅ 表 transfer_tasks: cloud_type字段存在, 总记录数=1, quark记录数=1
2026-01-15 14:07:29 - app - INFO - ✅ 表 download_tasks: cloud_type字段存在, 总记录数=1, quark记录数=1
2026-01-15 14:07:29 - app - INFO - ✅ 表 video_tasks: cloud_type字段存在, 总记录数=2, quark记录数=2
2026-01-15 14:07:29 - app - INFO - ✅ 数据库迁移验证通过！
2026-01-15 14:48:47 - app - INFO - 许可证管理器初始化完成,服务器: http://license.22l2.com
2026-01-15 14:48:47 - app - INFO - 初始化许可证管理器...
2026-01-15 14:48:48 - app - INFO - 解密密钥设置成功
2026-01-15 14:48:48 - app - INFO - 解密密钥获取成功
2026-01-15 14:48:48 - app - INFO - 解密密钥获取成功，配置已就绪
2026-01-15 14:48:48 - app - INFO - 配置解密成功
2026-01-15 14:48:48 - app - INFO - 夸克API配置加载成功
2026-01-15 14:48:48 - app - INFO - 夸克API配置加载完成
2026-01-15 14:48:48 - app - INFO - 检查数据库...
2026-01-15 14:48:48 - app - INFO - 数据库检查完成
2026-01-15 14:48:48 - app - INFO - 检查数据库迁移...
2026-01-15 14:48:48 - app - INFO - 数据库迁移检查完成
2026-01-15 14:48:48 - app - INFO - 清理异常中断的任务状态...
2026-01-15 14:48:48 - app - ERROR - 应用启动失败: unexpected indent (monitor.py, line 739)
2026-01-15 14:49:39 - app - INFO - 许可证管理器初始化完成,服务器: http://license.22l2.com
2026-01-15 14:49:39 - app - INFO - 初始化许可证管理器...
2026-01-15 14:49:40 - app - INFO - 解密密钥设置成功
2026-01-15 14:49:40 - app - INFO - 解密密钥获取成功
2026-01-15 14:49:40 - app - INFO - 解密密钥获取成功，配置已就绪
2026-01-15 14:49:40 - app - INFO - 配置解密成功
2026-01-15 14:49:40 - app - INFO - 夸克API配置加载成功
2026-01-15 14:49:40 - app - INFO - 夸克API配置加载完成
2026-01-15 14:49:40 - app - INFO - 检查数据库...
2026-01-15 14:49:40 - app - INFO - 数据库检查完成
2026-01-15 14:49:40 - app - INFO - 检查数据库迁移...
2026-01-15 14:49:40 - app - INFO - 数据库迁移检查完成
2026-01-15 14:49:40 - app - INFO - 清理异常中断的任务状态...
2026-01-15 14:49:40 - app - INFO - 升级管理器初始化完成
2026-01-15 14:49:40 - app - INFO - Flask应用创建成功
2026-01-15 14:49:40 - app - INFO - 静态文件目录: C:\Data\夸克转存\client\frontend
2026-01-15 14:49:40 - app - INFO - 启动任务调度服务...
2026-01-15 14:49:40 - app - INFO - 检查被中断的影视下载任务...
2026-01-15 14:49:40 - app - INFO - 没有需要恢复的影视下载任务
2026-01-15 14:49:40 - app - INFO - 账期生成循环已启动
2026-01-15 14:49:40 - app - INFO - 账期生成线程已启动
2026-01-15 14:49:40 - app - INFO - 开始生成 2026-01-15 的任务账期
2026-01-15 14:49:40 - app - INFO - 任务执行循环已启动
2026-01-15 14:49:40 - app - INFO - 任务执行线程已启动
2026-01-15 14:49:40 - app - INFO - 日志清理循环已启动
2026-01-15 14:49:40 - app - INFO - 日志清理线程已启动
2026-01-15 14:49:40 - app - INFO - 下次日志清理时间: 2026-01-16 02:00:00
2026-01-15 14:49:40 - app - INFO - 启动Flask服务: http://0.0.0.0:8520
2026-01-15 14:49:40 - app - INFO - 跳过一次性执行任务: 测试
2026-01-15 14:49:40 - app - INFO - 跳过一次性执行任务: 小城大事
2026-01-15 14:49:40 - app - INFO - ✅ 生成完成，共创建 0 条待执行记录
2026-01-15 14:49:40 - app - INFO - 下次生成账期时间: 2026-01-16 00:00:00, 等待 33020 秒
2026-01-15 14:49:53 - app - INFO - 许可证管理器初始化完成,服务器: http://license.22l2.com
2026-01-15 14:49:53 - app - INFO - 初始化许可证管理器...
2026-01-15 14:49:54 - app - INFO - 解密密钥设置成功
2026-01-15 14:49:54 - app - INFO - 解密密钥获取成功
2026-01-15 14:49:54 - app - INFO - 解密密钥获取成功，配置已就绪
2026-01-15 14:49:54 - app - INFO - 配置解密成功
2026-01-15 14:49:54 - app - INFO - 夸克API配置加载成功
2026-01-15 14:49:54 - app - INFO - 夸克API配置加载完成
2026-01-15 14:49:54 - app - INFO - 检查数据库...
2026-01-15 14:49:54 - app - INFO - 数据库检查完成
2026-01-15 14:49:54 - app - INFO - 检查数据库迁移...
2026-01-15 14:49:54 - app - INFO - 数据库迁移检查完成
2026-01-15 14:49:54 - app - INFO - 清理异常中断的任务状态...
2026-01-15 14:49:54 - app - INFO - 升级管理器初始化完成
2026-01-15 14:49:54 - app - INFO - Flask应用创建成功
2026-01-15 14:49:54 - app - INFO - 静态文件目录: C:\Data\夸克转存\client\frontend
2026-01-15 14:49:54 - app - INFO - 启动任务调度服务...
2026-01-15 14:49:54 - app - INFO - 检查被中断的影视下载任务...
2026-01-15 14:49:54 - app - INFO - 没有需要恢复的影视下载任务
2026-01-15 14:49:54 - app - INFO - 账期生成循环已启动
2026-01-15 14:49:54 - app - INFO - 账期生成线程已启动
2026-01-15 14:49:54 - app - INFO - 开始生成 2026-01-15 的任务账期
2026-01-15 14:49:54 - app - INFO - 任务执行循环已启动
2026-01-15 14:49:54 - app - INFO - 任务执行线程已启动
2026-01-15 14:49:54 - app - INFO - 日志清理循环已启动
2026-01-15 14:49:54 - app - INFO - 日志清理线程已启动
2026-01-15 14:49:54 - app - INFO - 下次日志清理时间: 2026-01-16 02:00:00
2026-01-15 14:49:54 - app - INFO - 启动Flask服务: http://0.0.0.0:8520
2026-01-15 14:49:54 - app - INFO - 跳过一次性执行任务: 测试
2026-01-15 14:49:54 - app - INFO - 跳过一次性执行任务: 小城大事
2026-01-15 14:49:54 - app - INFO - ✅ 生成完成，共创建 0 条待执行记录
2026-01-15 14:49:54 - app - INFO - 下次生成账期时间: 2026-01-16 00:00:00, 等待 33005 秒
2026-01-15 14:49:54 - app - INFO - 检查登录状态, session内容: {'_permanent': True, 'user_id': 1, 'username': 'admin'}, cookies: ImmutableMultiDict([('session', 'eyJfcGVybWFuZW50Ijp0cnVlLCJ1c2VyX2lkIjoxLCJ1c2VybmFtZSI6ImFkbWluIn0.aWiOEg.OpaWQGPJ_GGyXtdZtgP7b5Jjzb8')])
2026-01-15 14:49:54 - app - INFO - 检查登录状态, session内容: {'_permanent': True, 'user_id': 1, 'username': 'admin'}, cookies: ImmutableMultiDict([('session', 'eyJfcGVybWFuZW50Ijp0cnVlLCJ1c2VyX2lkIjoxLCJ1c2VybmFtZSI6ImFkbWluIn0.aWiOEg.OpaWQGPJ_GGyXtdZtgP7b5Jjzb8')])
2026-01-15 14:49:58 - app - INFO - 检查更新: 当前版本 2.1.4
2026-01-15 14:50:06 - app - ERROR - 获取今日统计失败: no such table: daily_usage_stats
2026-01-15 14:50:07 - app - INFO - 检查更新成功: {'has_update': False, 'message': '当前已是最新版本'}
2026-01-15 14:54:01 - app - INFO - 检查登录状态, session内容: {'_permanent': True, 'user_id': 1, 'username': 'admin'}, cookies: ImmutableMultiDict([('session', 'eyJfcGVybWFuZW50Ijp0cnVlLCJ1c2VyX2lkIjoxLCJ1c2VybmFtZSI6ImFkbWluIn0.aWiPCQ.__VXpncJdRzUJwecYuQxd4CPC7A')])
2026-01-15 14:54:01 - app - INFO - 检查登录状态, session内容: {'_permanent': True, 'user_id': 1, 'username': 'admin'}, cookies: ImmutableMultiDict([('session', 'eyJfcGVybWFuZW50Ijp0cnVlLCJ1c2VyX2lkIjoxLCJ1c2VybmFtZSI6ImFkbWluIn0.aWiPCQ.__VXpncJdRzUJwecYuQxd4CPC7A')])
2026-01-15 14:54:03 - app - ERROR - 获取今日统计失败: no such table: daily_usage_stats
2026-01-15 14:54:04 - app - INFO - 检查更新: 当前版本 2.1.4
2026-01-15 14:54:14 - app - INFO - 检查更新成功: {'has_update': False, 'message': '当前已是最新版本'}
2026-01-15 14:55:34 - app - INFO - 检查登录状态, session内容: {'_permanent': True, 'user_id': 1, 'username': 'admin'}, cookies: ImmutableMultiDict([('session', 'eyJfcGVybWFuZW50Ijp0cnVlLCJ1c2VyX2lkIjoxLCJ1c2VybmFtZSI6ImFkbWluIn0.aWiPZg.jU1aF2BJJvie1WCbm00wmSM3Uac')])
2026-01-15 14:55:34 - app - INFO - 检查登录状态, session内容: {'_permanent': True, 'user_id': 1, 'username': 'admin'}, cookies: ImmutableMultiDict([('session', 'eyJfcGVybWFuZW50Ijp0cnVlLCJ1c2VyX2lkIjoxLCJ1c2VybmFtZSI6ImFkbWluIn0.aWiPZg.jU1aF2BJJvie1WCbm00wmSM3Uac')])
2026-01-15 14:55:35 - app - ERROR - 获取今日统计失败: no such table: daily_usage_stats
2026-01-15 14:55:36 - app - INFO - 检查更新: 当前版本 2.1.4
2026-01-15 14:55:43 - app - INFO - 检查登录状态, session内容: {'_permanent': True, 'user_id': 1, 'username': 'admin'}, cookies: ImmutableMultiDict([('session', 'eyJfcGVybWFuZW50Ijp0cnVlLCJ1c2VyX2lkIjoxLCJ1c2VybmFtZSI6ImFkbWluIn0.aWiPbw.fNIIKX_MOxuK06zPiSn1kgs7djE')])
2026-01-15 14:55:43 - app - INFO - 检查登录状态, session内容: {'_permanent': True, 'user_id': 1, 'username': 'admin'}, cookies: ImmutableMultiDict([('session', 'eyJfcGVybWFuZW50Ijp0cnVlLCJ1c2VyX2lkIjoxLCJ1c2VybmFtZSI6ImFkbWluIn0.aWiPbw.fNIIKX_MOxuK06zPiSn1kgs7djE')])
2026-01-15 14:55:44 - app - INFO - 检查登录状态, session内容: {'_permanent': True, 'user_id': 1, 'username': 'admin'}, cookies: ImmutableMultiDict([('session', 'eyJfcGVybWFuZW50Ijp0cnVlLCJ1c2VyX2lkIjoxLCJ1c2VybmFtZSI6ImFkbWluIn0.aWiPcA.f5vdvYde_WFFfFgfbf-2qkR6Qps')])
2026-01-15 14:55:44 - app - INFO - 检查登录状态, session内容: {'_permanent': True, 'user_id': 1, 'username': 'admin'}, cookies: ImmutableMultiDict([('session', 'eyJfcGVybWFuZW50Ijp0cnVlLCJ1c2VyX2lkIjoxLCJ1c2VybmFtZSI6ImFkbWluIn0.aWiPcA.f5vdvYde_WFFfFgfbf-2qkR6Qps')])
2026-01-15 14:55:44 - app - INFO - 检查登录状态, session内容: {'_permanent': True, 'user_id': 1, 'username': 'admin'}, cookies: ImmutableMultiDict([('session', 'eyJfcGVybWFuZW50Ijp0cnVlLCJ1c2VyX2lkIjoxLCJ1c2VybmFtZSI6ImFkbWluIn0.aWiPcA.f5vdvYde_WFFfFgfbf-2qkR6Qps')])
2026-01-15 14:55:44 - app - INFO - 检查登录状态, session内容: {'_permanent': True, 'user_id': 1, 'username': 'admin'}, cookies: ImmutableMultiDict([('session', 'eyJfcGVybWFuZW50Ijp0cnVlLCJ1c2VyX2lkIjoxLCJ1c2VybmFtZSI6ImFkbWluIn0.aWiPcA.f5vdvYde_WFFfFgfbf-2qkR6Qps')])
2026-01-15 14:55:46 - app - INFO - 检查更新成功: {'has_update': False, 'message': '当前已是最新版本'}
2026-01-15 14:55:46 - app - ERROR - 获取今日统计失败: no such table: daily_usage_stats
2026-01-15 14:55:47 - app - INFO - 检查更新: 当前版本 2.1.4
2026-01-15 14:55:48 - app - INFO - 检查更新成功: {'has_update': False, 'message': '当前已是最新版本'}
2026-01-15 14:59:58 - app - INFO - 检查登录状态, session内容: {'_permanent': True, 'user_id': 1, 'username': 'admin'}, cookies: ImmutableMultiDict([('session', 'eyJfcGVybWFuZW50Ijp0cnVlLCJ1c2VyX2lkIjoxLCJ1c2VybmFtZSI6ImFkbWluIn0.aWiQbg.IoGaOdVybh7ORQJhzG9yaUwNz1c')])
2026-01-15 14:59:58 - app - INFO - 检查登录状态, session内容: {'_permanent': True, 'user_id': 1, 'username': 'admin'}, cookies: ImmutableMultiDict([('session', 'eyJfcGVybWFuZW50Ijp0cnVlLCJ1c2VyX2lkIjoxLCJ1c2VybmFtZSI6ImFkbWluIn0.aWiQbg.IoGaOdVybh7ORQJhzG9yaUwNz1c')])
2026-01-15 14:59:59 - app - WARNING - 获取任务cloud_type信息失败: 'sqlite3.Row' object has no attribute 'get'
2026-01-15 15:00:01 - app - INFO - 检查更新: 当前版本 2.1.4
2026-01-15 15:00:01 - app - ERROR - 获取今日统计失败: no such table: daily_usage_stats
2026-01-15 15:00:10 - app - INFO - 检查更新成功: {'has_update': False, 'message': '当前已是最新版本'}
2026-01-15 15:02:39 - app - INFO - 检查登录状态, session内容: {'_permanent': True, 'user_id': 1, 'username': 'admin'}, cookies: ImmutableMultiDict([('session', 'eyJfcGVybWFuZW50Ijp0cnVlLCJ1c2VyX2lkIjoxLCJ1c2VybmFtZSI6ImFkbWluIn0.aWiRDw._fs6X6LozlTMtF6tno4B5RtrFmg')])
2026-01-15 15:02:39 - app - INFO - 检查登录状态, session内容: {'_permanent': True, 'user_id': 1, 'username': 'admin'}, cookies: ImmutableMultiDict([('session', 'eyJfcGVybWFuZW50Ijp0cnVlLCJ1c2VyX2lkIjoxLCJ1c2VybmFtZSI6ImFkbWluIn0.aWiRDw._fs6X6LozlTMtF6tno4B5RtrFmg')])
2026-01-15 15:02:41 - app - ERROR - 获取今日统计失败: no such table: daily_usage_stats
2026-01-15 15:02:42 - app - INFO - 检查更新: 当前版本 2.1.4
2026-01-15 15:02:51 - app - INFO - 检查更新成功: {'has_update': False, 'message': '当前已是最新版本'}
2026-01-15 15:04:29 - app - INFO - 检查登录状态, session内容: {'_permanent': True, 'user_id': 1, 'username': 'admin'}, cookies: ImmutableMultiDict([('session', 'eyJfcGVybWFuZW50Ijp0cnVlLCJ1c2VyX2lkIjoxLCJ1c2VybmFtZSI6ImFkbWluIn0.aWiRfQ.Gdq34OWzaGZ83t0_S4db_jPNqHQ')])
2026-01-15 15:04:29 - app - INFO - 检查登录状态, session内容: {'_permanent': True, 'user_id': 1, 'username': 'admin'}, cookies: ImmutableMultiDict([('session', 'eyJfcGVybWFuZW50Ijp0cnVlLCJ1c2VyX2lkIjoxLCJ1c2VybmFtZSI6ImFkbWluIn0.aWiRfQ.Gdq34OWzaGZ83t0_S4db_jPNqHQ')])
2026-01-15 15:04:30 - app - ERROR - 获取今日统计失败: no such table: daily_usage_stats
2026-01-15 15:04:32 - app - INFO - 检查更新: 当前版本 2.1.4
2026-01-15 15:04:43 - app - INFO - 检查更新成功: {'has_update': False, 'message': '当前已是最新版本'}
2026-01-15 15:05:22 - app - INFO - 许可证管理器初始化完成,服务器: http://license.22l2.com
2026-01-15 15:05:22 - app - INFO - 初始化许可证管理器...
2026-01-15 15:05:24 - app - INFO - 解密密钥设置成功
2026-01-15 15:05:24 - app - INFO - 解密密钥获取成功
2026-01-15 15:05:24 - app - INFO - 解密密钥获取成功，配置已就绪
2026-01-15 15:05:24 - app - INFO - 配置解密成功
2026-01-15 15:05:24 - app - INFO - 夸克API配置加载成功
2026-01-15 15:05:24 - app - INFO - 夸克API配置加载完成
2026-01-15 15:05:24 - app - INFO - 检查数据库...
2026-01-15 15:05:24 - app - INFO - 数据库检查完成
2026-01-15 15:05:24 - app - INFO - 检查数据库迁移...
2026-01-15 15:05:24 - app - INFO - 数据库迁移检查完成
2026-01-15 15:05:24 - app - INFO - 清理异常中断的任务状态...
2026-01-15 15:05:24 - app - INFO - 升级管理器初始化完成
2026-01-15 15:05:24 - app - INFO - Flask应用创建成功
2026-01-15 15:05:24 - app - INFO - 静态文件目录: C:\Data\夸克转存\client\frontend
2026-01-15 15:05:24 - app - INFO - 启动任务调度服务...
2026-01-15 15:05:24 - app - INFO - 检查被中断的影视下载任务...
2026-01-15 15:05:24 - app - INFO - 没有需要恢复的影视下载任务
2026-01-15 15:05:24 - app - INFO - 账期生成循环已启动
2026-01-15 15:05:24 - app - INFO - 账期生成线程已启动
2026-01-15 15:05:24 - app - INFO - 开始生成 2026-01-15 的任务账期
2026-01-15 15:05:24 - app - INFO - 任务执行循环已启动
2026-01-15 15:05:24 - app - INFO - 任务执行线程已启动
2026-01-15 15:05:24 - app - INFO - 日志清理循环已启动
2026-01-15 15:05:24 - app - INFO - 日志清理线程已启动
2026-01-15 15:05:24 - app - INFO - 下次日志清理时间: 2026-01-16 02:00:00
2026-01-15 15:05:24 - app - INFO - 跳过一次性执行任务: 测试
2026-01-15 15:05:24 - app - INFO - 启动Flask服务: http://0.0.0.0:8520
2026-01-15 15:05:24 - app - INFO - 跳过一次性执行任务: 小城大事
2026-01-15 15:05:24 - app - INFO - ✅ 生成完成，共创建 0 条待执行记录
2026-01-15 15:05:24 - app - INFO - 下次生成账期时间: 2026-01-16 00:00:00, 等待 32075 秒
2026-01-15 15:06:24 - app - INFO - 许可证管理器初始化完成,服务器: http://license.22l2.com
2026-01-15 15:06:24 - app - INFO - 初始化许可证管理器...
2026-01-15 15:06:25 - app - INFO - 解密密钥设置成功
2026-01-15 15:06:25 - app - INFO - 解密密钥获取成功
2026-01-15 15:06:25 - app - INFO - 解密密钥获取成功，配置已就绪
2026-01-15 15:06:25 - app - INFO - 配置解密成功
2026-01-15 15:06:25 - app - INFO - 夸克API配置加载成功
2026-01-15 15:06:25 - app - INFO - 夸克API配置加载完成
2026-01-15 15:06:25 - app - INFO - 检查数据库...
2026-01-15 15:06:25 - app - INFO - 数据库检查完成
2026-01-15 15:06:25 - app - INFO - 检查数据库迁移...
2026-01-15 15:06:25 - app - INFO - 数据库迁移检查完成
2026-01-15 15:06:25 - app - INFO - 清理异常中断的任务状态...
2026-01-15 15:06:25 - app - INFO - 升级管理器初始化完成
2026-01-15 15:06:25 - app - INFO - Flask应用创建成功
2026-01-15 15:06:25 - app - INFO - 静态文件目录: C:\Data\夸克转存\client\frontend
2026-01-15 15:06:25 - app - INFO - 启动任务调度服务...
2026-01-15 15:06:25 - app - INFO - 检查被中断的影视下载任务...
2026-01-15 15:06:25 - app - INFO - 没有需要恢复的影视下载任务
2026-01-15 15:06:25 - app - INFO - 账期生成循环已启动
2026-01-15 15:06:25 - app - INFO - 账期生成线程已启动
2026-01-15 15:06:25 - app - INFO - 开始生成 2026-01-15 的任务账期
2026-01-15 15:06:25 - app - INFO - 任务执行循环已启动
2026-01-15 15:06:25 - app - INFO - 任务执行线程已启动
2026-01-15 15:06:25 - app - INFO - 日志清理循环已启动
2026-01-15 15:06:25 - app - INFO - 日志清理线程已启动
2026-01-15 15:06:25 - app - INFO - 下次日志清理时间: 2026-01-16 02:00:00
2026-01-15 15:06:25 - app - INFO - 启动Flask服务: http://0.0.0.0:8520
2026-01-15 15:06:25 - app - INFO - 跳过一次性执行任务: 测试
2026-01-15 15:06:25 - app - INFO - 跳过一次性执行任务: 小城大事
2026-01-15 15:06:25 - app - INFO - ✅ 生成完成，共创建 0 条待执行记录
2026-01-15 15:06:25 - app - INFO - 下次生成账期时间: 2026-01-16 00:00:00, 等待 32014 秒
2026-01-15 15:06:47 - app - INFO - 许可证管理器初始化完成,服务器: http://license.22l2.com
2026-01-15 15:06:47 - app - INFO - 初始化许可证管理器...
2026-01-15 15:06:48 - app - INFO - 解密密钥设置成功
2026-01-15 15:06:48 - app - INFO - 解密密钥获取成功
2026-01-15 15:06:48 - app - INFO - 解密密钥获取成功，配置已就绪
2026-01-15 15:06:48 - app - INFO - 配置解密成功
2026-01-15 15:06:48 - app - INFO - 夸克API配置加载成功
2026-01-15 15:06:48 - app - INFO - 夸克API配置加载完成
2026-01-15 15:06:48 - app - INFO - 检查数据库...
2026-01-15 15:06:48 - app - INFO - 数据库检查完成
2026-01-15 15:06:48 - app - INFO - 检查数据库迁移...
2026-01-15 15:06:48 - app - INFO - 数据库迁移检查完成
2026-01-15 15:06:48 - app - INFO - 清理异常中断的任务状态...
2026-01-15 15:06:48 - app - INFO - 升级管理器初始化完成
2026-01-15 15:06:48 - app - INFO - Flask应用创建成功
2026-01-15 15:06:48 - app - INFO - 静态文件目录: C:\Data\夸克转存\client\frontend
2026-01-15 15:06:48 - app - INFO - 启动任务调度服务...
2026-01-15 15:06:48 - app - INFO - 检查被中断的影视下载任务...
2026-01-15 15:06:48 - app - INFO - 没有需要恢复的影视下载任务
2026-01-15 15:06:48 - app - INFO - 账期生成循环已启动
2026-01-15 15:06:48 - app - INFO - 账期生成线程已启动
2026-01-15 15:06:48 - app - INFO - 开始生成 2026-01-15 的任务账期
2026-01-15 15:06:48 - app - INFO - 任务执行循环已启动
2026-01-15 15:06:48 - app - INFO - 任务执行线程已启动
2026-01-15 15:06:48 - app - INFO - 日志清理循环已启动
2026-01-15 15:06:48 - app - INFO - 日志清理线程已启动
2026-01-15 15:06:48 - app - INFO - 下次日志清理时间: 2026-01-16 02:00:00
2026-01-15 15:06:48 - app - INFO - 启动Flask服务: http://0.0.0.0:8520
2026-01-15 15:06:48 - app - INFO - 跳过一次性执行任务: 测试
2026-01-15 15:06:48 - app - INFO - 跳过一次性执行任务: 小城大事
2026-01-15 15:06:48 - app - INFO - ✅ 生成完成，共创建 0 条待执行记录
2026-01-15 15:06:48 - app - INFO - 下次生成账期时间: 2026-01-16 00:00:00, 等待 31992 秒
2026-01-15 15:07:01 - app - INFO - 许可证管理器初始化完成,服务器: http://license.22l2.com
2026-01-15 15:07:01 - app - INFO - 初始化许可证管理器...
2026-01-15 15:07:02 - app - INFO - 解密密钥设置成功
2026-01-15 15:07:02 - app - INFO - 解密密钥获取成功
2026-01-15 15:07:02 - app - INFO - 解密密钥获取成功，配置已就绪
2026-01-15 15:07:02 - app - INFO - 配置解密成功
2026-01-15 15:07:02 - app - INFO - 夸克API配置加载成功
2026-01-15 15:07:02 - app - INFO - 夸克API配置加载完成
2026-01-15 15:07:02 - app - INFO - 检查数据库...
2026-01-15 15:07:02 - app - INFO - 数据库检查完成
2026-01-15 15:07:02 - app - INFO - 检查数据库迁移...
2026-01-15 15:07:02 - app - INFO - 数据库迁移检查完成
2026-01-15 15:07:02 - app - INFO - 清理异常中断的任务状态...
2026-01-15 15:07:02 - app - INFO - 升级管理器初始化完成
2026-01-15 15:07:02 - app - INFO - Flask应用创建成功
2026-01-15 15:07:02 - app - INFO - 静态文件目录: C:\Data\夸克转存\client\frontend
2026-01-15 15:07:02 - app - INFO - 启动任务调度服务...
2026-01-15 15:07:02 - app - INFO - 检查被中断的影视下载任务...
2026-01-15 15:07:02 - app - INFO - 没有需要恢复的影视下载任务
2026-01-15 15:07:02 - app - INFO - 账期生成循环已启动
2026-01-15 15:07:02 - app - INFO - 账期生成线程已启动
2026-01-15 15:07:02 - app - INFO - 开始生成 2026-01-15 的任务账期
2026-01-15 15:07:02 - app - INFO - 任务执行循环已启动
2026-01-15 15:07:02 - app - INFO - 任务执行线程已启动
2026-01-15 15:07:02 - app - INFO - 日志清理循环已启动
2026-01-15 15:07:02 - app - INFO - 日志清理线程已启动
2026-01-15 15:07:02 - app - INFO - 下次日志清理时间: 2026-01-16 02:00:00
2026-01-15 15:07:02 - app - INFO - 启动Flask服务: http://0.0.0.0:8520
2026-01-15 15:07:02 - app - INFO - 跳过一次性执行任务: 测试
2026-01-15 15:07:02 - app - INFO - 跳过一次性执行任务: 小城大事
2026-01-15 15:07:02 - app - INFO - ✅ 生成完成，共创建 0 条待执行记录
2026-01-15 15:07:02 - app - INFO - 下次生成账期时间: 2026-01-16 00:00:00, 等待 31977 秒
2026-01-15 15:12:27 - app - INFO - 许可证管理器初始化完成,服务器: http://license.22l2.com
2026-01-15 15:12:27 - app - INFO - 初始化许可证管理器...
2026-01-15 15:12:28 - app - INFO - 解密密钥设置成功
2026-01-15 15:12:28 - app - INFO - 解密密钥获取成功
2026-01-15 15:12:28 - app - INFO - 解密密钥获取成功，配置已就绪
2026-01-15 15:12:28 - app - INFO - 配置解密成功
2026-01-15 15:12:28 - app - INFO - 夸克API配置加载成功
2026-01-15 15:12:28 - app - INFO - 夸克API配置加载完成
2026-01-15 15:12:28 - app - INFO - 检查数据库...
2026-01-15 15:12:28 - app - INFO - 数据库检查完成
2026-01-15 15:12:28 - app - INFO - 检查数据库迁移...
2026-01-15 15:12:28 - app - INFO - 数据库迁移检查完成
2026-01-15 15:12:28 - app - INFO - 清理异常中断的任务状态...
2026-01-15 15:12:28 - app - INFO - 升级管理器初始化完成
2026-01-15 15:12:28 - app - INFO - Flask应用创建成功
2026-01-15 15:12:28 - app - INFO - 静态文件目录: C:\Data\夸克转存\client\frontend
2026-01-15 15:12:28 - app - INFO - 启动任务调度服务...
2026-01-15 15:12:28 - app - INFO - 检查被中断的影视下载任务...
2026-01-15 15:12:29 - app - INFO - 没有需要恢复的影视下载任务
2026-01-15 15:12:29 - app - INFO - 账期生成循环已启动
2026-01-15 15:12:29 - app - INFO - 账期生成线程已启动
2026-01-15 15:12:29 - app - INFO - 开始生成 2026-01-15 的任务账期
2026-01-15 15:12:29 - app - INFO - 任务执行循环已启动
2026-01-15 15:12:29 - app - INFO - 任务执行线程已启动
2026-01-15 15:12:29 - app - INFO - 日志清理循环已启动
2026-01-15 15:12:29 - app - INFO - 日志清理线程已启动
2026-01-15 15:12:29 - app - INFO - 跳过一次性执行任务: 测试
2026-01-15 15:12:29 - app - INFO - 下次日志清理时间: 2026-01-16 02:00:00
2026-01-15 15:12:29 - app - INFO - 启动Flask服务: http://0.0.0.0:8520
2026-01-15 15:12:29 - app - INFO - 跳过一次性执行任务: 小城大事
2026-01-15 15:12:29 - app - INFO - ✅ 生成完成，共创建 0 条待执行记录
2026-01-15 15:12:29 - app - INFO - 下次生成账期时间: 2026-01-16 00:00:00, 等待 31651 秒
2026-01-15 15:13:33 - app - INFO - 许可证管理器初始化完成,服务器: http://license.22l2.com
2026-01-15 15:13:33 - app - INFO - 初始化许可证管理器...
2026-01-15 15:13:34 - app - INFO - 解密密钥设置成功
2026-01-15 15:13:34 - app - INFO - 解密密钥获取成功
2026-01-15 15:13:34 - app - INFO - 解密密钥获取成功，配置已就绪
2026-01-15 15:13:34 - app - INFO - 配置解密成功
2026-01-15 15:13:34 - app - INFO - 夸克API配置加载成功
2026-01-15 15:13:34 - app - INFO - 夸克API配置加载完成
2026-01-15 15:13:34 - app - INFO - 检查数据库...
2026-01-15 15:13:34 - app - INFO - 数据库检查完成
2026-01-15 15:13:34 - app - INFO - 检查数据库迁移...
2026-01-15 15:13:34 - app - INFO - 数据库迁移检查完成
2026-01-15 15:13:34 - app - INFO - 清理异常中断的任务状态...
2026-01-15 15:13:34 - app - INFO - 升级管理器初始化完成
2026-01-15 15:13:34 - app - INFO - Flask应用创建成功
2026-01-15 15:13:34 - app - INFO - 静态文件目录: C:\Data\夸克转存\client\frontend
2026-01-15 15:13:34 - app - INFO - 启动任务调度服务...
2026-01-15 15:13:34 - app - INFO - 检查被中断的影视下载任务...
2026-01-15 15:13:34 - app - INFO - 没有需要恢复的影视下载任务
2026-01-15 15:13:34 - app - INFO - 账期生成循环已启动
2026-01-15 15:13:34 - app - INFO - 账期生成线程已启动
2026-01-15 15:13:34 - app - INFO - 开始生成 2026-01-15 的任务账期
2026-01-15 15:13:34 - app - INFO - 任务执行循环已启动
2026-01-15 15:13:34 - app - INFO - 任务执行线程已启动
2026-01-15 15:13:34 - app - INFO - 日志清理循环已启动
2026-01-15 15:13:34 - app - INFO - 日志清理线程已启动
2026-01-15 15:13:34 - app - INFO - 下次日志清理时间: 2026-01-16 02:00:00
2026-01-15 15:13:34 - app - INFO - 启动Flask服务: http://0.0.0.0:8520
2026-01-15 15:13:34 - app - INFO - 跳过一次性执行任务: 测试
2026-01-15 15:13:34 - app - INFO - 跳过一次性执行任务: 小城大事
2026-01-15 15:13:34 - app - INFO - ✅ 生成完成，共创建 0 条待执行记录
2026-01-15 15:13:34 - app - INFO - 下次生成账期时间: 2026-01-16 00:00:00, 等待 31585 秒
2026-01-15 15:14:07 - app - ERROR - 获取189账号信息失败，状态码: 400
2026-01-15 15:14:49 - app - INFO - 许可证管理器初始化完成,服务器: http://license.22l2.com
2026-01-15 15:14:49 - app - INFO - 初始化许可证管理器...
2026-01-15 15:14:51 - app - INFO - 解密密钥设置成功
2026-01-15 15:14:51 - app - INFO - 解密密钥获取成功
2026-01-15 15:14:51 - app - INFO - 解密密钥获取成功，配置已就绪
2026-01-15 15:14:51 - app - INFO - 配置解密成功
2026-01-15 15:14:51 - app - INFO - 夸克API配置加载成功
2026-01-15 15:14:51 - app - INFO - 夸克API配置加载完成
2026-01-15 15:14:51 - app - INFO - 检查数据库...
2026-01-15 15:14:51 - app - INFO - 数据库检查完成
2026-01-15 15:14:51 - app - INFO - 检查数据库迁移...
2026-01-15 15:14:51 - app - INFO - 数据库迁移检查完成
2026-01-15 15:14:51 - app - INFO - 清理异常中断的任务状态...
2026-01-15 15:14:51 - app - INFO - 升级管理器初始化完成
2026-01-15 15:14:51 - app - INFO - Flask应用创建成功
2026-01-15 15:14:51 - app - INFO - 静态文件目录: C:\Data\夸克转存\client\frontend
2026-01-15 15:14:51 - app - INFO - 启动任务调度服务...
2026-01-15 15:14:51 - app - INFO - 检查被中断的影视下载任务...
2026-01-15 15:14:51 - app - INFO - 没有需要恢复的影视下载任务
2026-01-15 15:14:51 - app - INFO - 账期生成循环已启动
2026-01-15 15:14:51 - app - INFO - 账期生成线程已启动
2026-01-15 15:14:51 - app - INFO - 开始生成 2026-01-15 的任务账期
2026-01-15 15:14:51 - app - INFO - 任务执行循环已启动
2026-01-15 15:14:51 - app - INFO - 任务执行线程已启动
2026-01-15 15:14:51 - app - INFO - 跳过一次性执行任务: 测试
2026-01-15 15:14:51 - app - INFO - 日志清理循环已启动
2026-01-15 15:14:51 - app - INFO - 日志清理线程已启动
2026-01-15 15:14:51 - app - INFO - 跳过一次性执行任务: 小城大事
2026-01-15 15:14:51 - app - INFO - 下次日志清理时间: 2026-01-16 02:00:00
2026-01-15 15:14:51 - app - INFO - 启动Flask服务: http://0.0.0.0:8520
2026-01-15 15:14:51 - app - INFO - ✅ 生成完成，共创建 0 条待执行记录
2026-01-15 15:14:51 - app - INFO - 下次生成账期时间: 2026-01-16 00:00:00, 等待 31509 秒
2026-01-15 15:15:58 - app - INFO - 189账号信息响应: status=404, body={"timestamp":"2026-01-15T07:16:42.128+00:00","status":404,"error":"Not Found","path":"/portal/getUserBriefInfo.action"}
2026-01-15 15:15:58 - app - ERROR - 获取189账号信息失败，状态码: 404
2026-01-15 15:16:43 - app - INFO - 许可证管理器初始化完成,服务器: http://license.22l2.com
2026-01-15 15:16:43 - app - INFO - 初始化许可证管理器...
2026-01-15 15:16:44 - app - INFO - 解密密钥设置成功
2026-01-15 15:16:44 - app - INFO - 解密密钥获取成功
2026-01-15 15:16:44 - app - INFO - 解密密钥获取成功，配置已就绪
2026-01-15 15:16:44 - app - INFO - 配置解密成功
2026-01-15 15:16:44 - app - INFO - 夸克API配置加载成功
2026-01-15 15:16:44 - app - INFO - 夸克API配置加载完成
2026-01-15 15:16:44 - app - INFO - 检查数据库...
2026-01-15 15:16:44 - app - INFO - 数据库检查完成
2026-01-15 15:16:44 - app - INFO - 检查数据库迁移...
2026-01-15 15:16:44 - app - INFO - 数据库迁移检查完成
2026-01-15 15:16:44 - app - INFO - 清理异常中断的任务状态...
2026-01-15 15:16:45 - app - INFO - 升级管理器初始化完成
2026-01-15 15:16:45 - app - INFO - Flask应用创建成功
2026-01-15 15:16:45 - app - INFO - 静态文件目录: C:\Data\夸克转存\client\frontend
2026-01-15 15:16:45 - app - INFO - 启动任务调度服务...
2026-01-15 15:16:45 - app - INFO - 检查被中断的影视下载任务...
2026-01-15 15:16:45 - app - INFO - 没有需要恢复的影视下载任务
2026-01-15 15:16:45 - app - INFO - 账期生成循环已启动
2026-01-15 15:16:45 - app - INFO - 账期生成线程已启动
2026-01-15 15:16:45 - app - INFO - 开始生成 2026-01-15 的任务账期
2026-01-15 15:16:45 - app - INFO - 任务执行循环已启动
2026-01-15 15:16:45 - app - INFO - 任务执行线程已启动
2026-01-15 15:16:45 - app - INFO - 日志清理循环已启动
2026-01-15 15:16:45 - app - INFO - 日志清理线程已启动
2026-01-15 15:16:45 - app - INFO - 下次日志清理时间: 2026-01-16 02:00:00
2026-01-15 15:16:45 - app - INFO - 跳过一次性执行任务: 测试
2026-01-15 15:16:45 - app - INFO - 启动Flask服务: http://0.0.0.0:8520
2026-01-15 15:16:45 - app - INFO - 跳过一次性执行任务: 小城大事
2026-01-15 15:16:45 - app - INFO - ✅ 生成完成，共创建 0 条待执行记录
2026-01-15 15:16:45 - app - INFO - 下次生成账期时间: 2026-01-16 00:00:00, 等待 31395 秒
2026-01-15 15:18:01 - app - INFO - 189账号容量响应: status=200
2026-01-15 15:18:01 - app - INFO - 189账号信息结果: {'res_code': 0, 'res_message': '成功', 'account': '151****9783@189.cn', 'cloudCapacityInfo': {'freeSize': 10989295987800, 'mail189UsedSize': 0, 'totalSize': 11011341942784, 'usedSize': 22045954984}, 'familyCapacityInfo': {'freeSize': 32198198215, 'totalSize': 32212254720, 'usedSize': 14056505}, 'totalSize': 11043554197504}
2026-01-15 15:18:02 - app - INFO - 189账号容量响应: status=200
2026-01-15 15:18:02 - app - INFO - 189账号信息结果: {'res_code': 0, 'res_message': '成功', 'account': '151****9783@189.cn', 'cloudCapacityInfo': {'freeSize': 10989295987800, 'mail189UsedSize': 0, 'totalSize': 11011341942784, 'usedSize': 22045954984}, 'familyCapacityInfo': {'freeSize': 32198198215, 'totalSize': 32212254720, 'usedSize': 14056505}, 'totalSize': 11043554197504}
2026-01-15 15:18:02 - app - INFO - 创建天翼189云盘账号成功: 天意 (ID: 2)
2026-01-15 15:19:30 - app - INFO - 许可证管理器初始化完成,服务器: http://license.22l2.com
2026-01-15 15:19:30 - app - INFO - 初始化许可证管理器...
2026-01-15 15:19:32 - app - INFO - 解密密钥设置成功
2026-01-15 15:19:32 - app - INFO - 解密密钥获取成功
2026-01-15 15:19:32 - app - INFO - 解密密钥获取成功，配置已就绪
2026-01-15 15:19:32 - app - INFO - 配置解密成功
2026-01-15 15:19:32 - app - INFO - 夸克API配置加载成功
2026-01-15 15:19:32 - app - INFO - 夸克API配置加载完成
2026-01-15 15:19:32 - app - INFO - 检查数据库...
2026-01-15 15:19:32 - app - INFO - 数据库检查完成
2026-01-15 15:19:32 - app - INFO - 检查数据库迁移...
2026-01-15 15:19:32 - app - INFO - 数据库迁移检查完成
2026-01-15 15:19:32 - app - INFO - 清理异常中断的任务状态...
2026-01-15 15:19:32 - app - INFO - 升级管理器初始化完成
2026-01-15 15:19:32 - app - INFO - Flask应用创建成功
2026-01-15 15:19:32 - app - INFO - 静态文件目录: C:\Data\夸克转存\client\frontend
2026-01-15 15:19:32 - app - INFO - 启动任务调度服务...
2026-01-15 15:19:32 - app - INFO - 检查被中断的影视下载任务...
2026-01-15 15:19:32 - app - INFO - 没有需要恢复的影视下载任务
2026-01-15 15:19:32 - app - INFO - 账期生成循环已启动
2026-01-15 15:19:32 - app - INFO - 账期生成线程已启动
2026-01-15 15:19:32 - app - INFO - 开始生成 2026-01-15 的任务账期
2026-01-15 15:19:32 - app - INFO - 任务执行循环已启动
2026-01-15 15:19:32 - app - INFO - 任务执行线程已启动
2026-01-15 15:19:32 - app - INFO - 日志清理循环已启动
2026-01-15 15:19:32 - app - INFO - 日志清理线程已启动
2026-01-15 15:19:32 - app - INFO - 跳过一次性执行任务: 测试
2026-01-15 15:19:32 - app - INFO - 下次日志清理时间: 2026-01-16 02:00:00
2026-01-15 15:19:32 - app - INFO - 启动Flask服务: http://0.0.0.0:8520
2026-01-15 15:19:32 - app - INFO - 跳过一次性执行任务: 小城大事
2026-01-15 15:19:32 - app - INFO - ✅ 生成完成，共创建 0 条待执行记录
2026-01-15 15:19:32 - app - INFO - 下次生成账期时间: 2026-01-16 00:00:00, 等待 31227 秒
2026-01-15 15:19:38 - app - INFO - 许可证管理器初始化完成,服务器: http://license.22l2.com
2026-01-15 15:19:38 - app - INFO - 初始化许可证管理器...
2026-01-15 15:19:40 - app - INFO - 解密密钥设置成功
2026-01-15 15:19:40 - app - INFO - 解密密钥获取成功
2026-01-15 15:19:40 - app - INFO - 解密密钥获取成功，配置已就绪
2026-01-15 15:19:40 - app - INFO - 配置解密成功
2026-01-15 15:19:40 - app - INFO - 夸克API配置加载成功
2026-01-15 15:19:40 - app - INFO - 夸克API配置加载完成
2026-01-15 15:19:40 - app - INFO - 检查数据库...
2026-01-15 15:19:40 - app - INFO - 数据库检查完成
2026-01-15 15:19:40 - app - INFO - 检查数据库迁移...
2026-01-15 15:19:40 - app - INFO - 数据库迁移检查完成
2026-01-15 15:19:40 - app - INFO - 清理异常中断的任务状态...
2026-01-15 15:19:40 - app - INFO - 升级管理器初始化完成
2026-01-15 15:19:40 - app - INFO - Flask应用创建成功
2026-01-15 15:19:40 - app - INFO - 静态文件目录: C:\Data\夸克转存\client\frontend
2026-01-15 15:19:40 - app - INFO - 启动任务调度服务...
2026-01-15 15:19:40 - app - INFO - 检查被中断的影视下载任务...
2026-01-15 15:19:40 - app - INFO - 没有需要恢复的影视下载任务
2026-01-15 15:19:40 - app - INFO - 账期生成循环已启动
2026-01-15 15:19:40 - app - INFO - 账期生成线程已启动
2026-01-15 15:19:40 - app - INFO - 开始生成 2026-01-15 的任务账期
2026-01-15 15:19:40 - app - INFO - 任务执行循环已启动
2026-01-15 15:19:40 - app - INFO - 任务执行线程已启动
2026-01-15 15:19:40 - app - INFO - 日志清理循环已启动
2026-01-15 15:19:40 - app - INFO - 日志清理线程已启动
2026-01-15 15:19:40 - app - INFO - 下次日志清理时间: 2026-01-16 02:00:00
2026-01-15 15:19:40 - app - INFO - 跳过一次性执行任务: 测试
2026-01-15 15:19:40 - app - INFO - 启动Flask服务: http://0.0.0.0:8520
2026-01-15 15:19:40 - app - INFO - 跳过一次性执行任务: 小城大事
2026-01-15 15:19:40 - app - INFO - ✅ 生成完成，共创建 0 条待执行记录
2026-01-15 15:19:40 - app - INFO - 下次生成账期时间: 2026-01-16 00:00:00, 等待 31220 秒
2026-01-15 15:19:58 - app - INFO - 许可证管理器初始化完成,服务器: http://license.22l2.com
2026-01-15 15:19:58 - app - INFO - 初始化许可证管理器...
2026-01-15 15:20:00 - app - INFO - 解密密钥设置成功
2026-01-15 15:20:00 - app - INFO - 解密密钥获取成功
2026-01-15 15:20:00 - app - INFO - 解密密钥获取成功，配置已就绪
2026-01-15 15:20:00 - app - INFO - 配置解密成功
2026-01-15 15:20:00 - app - INFO - 夸克API配置加载成功
2026-01-15 15:20:00 - app - INFO - 夸克API配置加载完成
2026-01-15 15:20:00 - app - INFO - 检查数据库...
2026-01-15 15:20:00 - app - INFO - 数据库检查完成
2026-01-15 15:20:00 - app - INFO - 检查数据库迁移...
2026-01-15 15:20:00 - app - INFO - 数据库迁移检查完成
2026-01-15 15:20:00 - app - INFO - 清理异常中断的任务状态...
2026-01-15 15:20:00 - app - INFO - 升级管理器初始化完成
2026-01-15 15:20:00 - app - INFO - Flask应用创建成功
2026-01-15 15:20:00 - app - INFO - 静态文件目录: C:\Data\夸克转存\client\frontend
2026-01-15 15:20:00 - app - INFO - 启动任务调度服务...
2026-01-15 15:20:00 - app - INFO - 检查被中断的影视下载任务...
2026-01-15 15:20:00 - app - INFO - 没有需要恢复的影视下载任务
2026-01-15 15:20:00 - app - INFO - 账期生成循环已启动
2026-01-15 15:20:00 - app - INFO - 账期生成线程已启动
2026-01-15 15:20:00 - app - INFO - 开始生成 2026-01-15 的任务账期
2026-01-15 15:20:00 - app - INFO - 任务执行循环已启动
2026-01-15 15:20:00 - app - INFO - 任务执行线程已启动
2026-01-15 15:20:00 - app - INFO - 日志清理循环已启动
2026-01-15 15:20:00 - app - INFO - 日志清理线程已启动
2026-01-15 15:20:00 - app - INFO - 下次日志清理时间: 2026-01-16 02:00:00
2026-01-15 15:20:00 - app - INFO - 启动Flask服务: http://0.0.0.0:8520
2026-01-15 15:20:00 - app - INFO - 跳过一次性执行任务: 测试
2026-01-15 15:20:00 - app - INFO - 跳过一次性执行任务: 小城大事
2026-01-15 15:20:00 - app - INFO - ✅ 生成完成，共创建 0 条待执行记录
2026-01-15 15:20:00 - app - INFO - 下次生成账期时间: 2026-01-16 00:00:00, 等待 31200 秒
2026-01-15 15:20:07 - app - INFO - 许可证管理器初始化完成,服务器: http://license.22l2.com
2026-01-15 15:20:07 - app - INFO - 初始化许可证管理器...
2026-01-15 15:20:08 - app - INFO - 解密密钥设置成功
2026-01-15 15:20:08 - app - INFO - 解密密钥获取成功
2026-01-15 15:20:08 - app - INFO - 解密密钥获取成功，配置已就绪
2026-01-15 15:20:08 - app - INFO - 配置解密成功
2026-01-15 15:20:08 - app - INFO - 夸克API配置加载成功
2026-01-15 15:20:08 - app - INFO - 夸克API配置加载完成
2026-01-15 15:20:08 - app - INFO - 检查数据库...
2026-01-15 15:20:08 - app - INFO - 数据库检查完成
2026-01-15 15:20:08 - app - INFO - 检查数据库迁移...
2026-01-15 15:20:08 - app - INFO - 数据库迁移检查完成
2026-01-15 15:20:08 - app - INFO - 清理异常中断的任务状态...
2026-01-15 15:20:08 - app - INFO - 升级管理器初始化完成
2026-01-15 15:20:08 - app - INFO - Flask应用创建成功
2026-01-15 15:20:08 - app - INFO - 静态文件目录: C:\Data\夸克转存\client\frontend
2026-01-15 15:20:08 - app - INFO - 启动任务调度服务...
2026-01-15 15:20:08 - app - INFO - 检查被中断的影视下载任务...
2026-01-15 15:20:08 - app - INFO - 没有需要恢复的影视下载任务
2026-01-15 15:20:08 - app - INFO - 账期生成循环已启动
2026-01-15 15:20:08 - app - INFO - 账期生成线程已启动
2026-01-15 15:20:08 - app - INFO - 开始生成 2026-01-15 的任务账期
2026-01-15 15:20:08 - app - INFO - 任务执行循环已启动
2026-01-15 15:20:08 - app - INFO - 任务执行线程已启动
2026-01-15 15:20:08 - app - INFO - 日志清理循环已启动
2026-01-15 15:20:08 - app - INFO - 日志清理线程已启动
2026-01-15 15:20:08 - app - INFO - 下次日志清理时间: 2026-01-16 02:00:00
2026-01-15 15:20:08 - app - INFO - 启动Flask服务: http://0.0.0.0:8520
2026-01-15 15:20:08 - app - INFO - 跳过一次性执行任务: 测试
2026-01-15 15:20:08 - app - INFO - 跳过一次性执行任务: 小城大事
2026-01-15 15:20:08 - app - INFO - ✅ 生成完成，共创建 0 条待执行记录
2026-01-15 15:20:08 - app - INFO - 下次生成账期时间: 2026-01-16 00:00:00, 等待 31191 秒
2026-01-15 15:20:28 - app - INFO - 许可证管理器初始化完成,服务器: http://license.22l2.com
2026-01-15 15:20:28 - app - INFO - 初始化许可证管理器...
2026-01-15 15:20:29 - app - INFO - 解密密钥设置成功
2026-01-15 15:20:29 - app - INFO - 解密密钥获取成功
2026-01-15 15:20:29 - app - INFO - 解密密钥获取成功，配置已就绪
2026-01-15 15:20:29 - app - INFO - 配置解密成功
2026-01-15 15:20:29 - app - INFO - 夸克API配置加载成功
2026-01-15 15:20:29 - app - INFO - 夸克API配置加载完成
2026-01-15 15:20:29 - app - INFO - 检查数据库...
2026-01-15 15:20:29 - app - INFO - 数据库检查完成
2026-01-15 15:20:29 - app - INFO - 检查数据库迁移...
2026-01-15 15:20:29 - app - INFO - 数据库迁移检查完成
2026-01-15 15:20:29 - app - INFO - 清理异常中断的任务状态...
2026-01-15 15:20:29 - app - INFO - 升级管理器初始化完成
2026-01-15 15:20:29 - app - INFO - Flask应用创建成功
2026-01-15 15:20:29 - app - INFO - 静态文件目录: C:\Data\夸克转存\client\frontend
2026-01-15 15:20:29 - app - INFO - 启动任务调度服务...
2026-01-15 15:20:29 - app - INFO - 检查被中断的影视下载任务...
2026-01-15 15:20:29 - app - INFO - 没有需要恢复的影视下载任务
2026-01-15 15:20:29 - app - INFO - 账期生成循环已启动
2026-01-15 15:20:29 - app - INFO - 账期生成线程已启动
2026-01-15 15:20:29 - app - INFO - 开始生成 2026-01-15 的任务账期
2026-01-15 15:20:29 - app - INFO - 任务执行循环已启动
2026-01-15 15:20:29 - app - INFO - 任务执行线程已启动
2026-01-15 15:20:29 - app - INFO - 日志清理循环已启动
2026-01-15 15:20:29 - app - INFO - 日志清理线程已启动
2026-01-15 15:20:29 - app - INFO - 下次日志清理时间: 2026-01-16 02:00:00
2026-01-15 15:20:29 - app - INFO - 启动Flask服务: http://0.0.0.0:8520
2026-01-15 15:20:29 - app - INFO - 跳过一次性执行任务: 测试
2026-01-15 15:20:29 - app - INFO - 跳过一次性执行任务: 小城大事
2026-01-15 15:20:29 - app - INFO - ✅ 生成完成，共创建 0 条待执行记录
2026-01-15 15:20:29 - app - INFO - 下次生成账期时间: 2026-01-16 00:00:00, 等待 31170 秒
2026-01-15 15:22:18 - app - INFO - 成功获取账号昵称: 夸父2986
2026-01-15 15:22:21 - app - INFO - 189账号容量响应: status=200
2026-01-15 15:22:21 - app - INFO - 189账号信息结果: {'res_code': 0, 'res_message': '成功', 'account': '151****9783@189.cn', 'cloudCapacityInfo': {'freeSize': 10989295987800, 'mail189UsedSize': 0, 'totalSize': 11011341942784, 'usedSize': 22045954984}, 'familyCapacityInfo': {'freeSize': 32198198215, 'totalSize': 32212254720, 'usedSize': 14056505}, 'totalSize': 11043554197504}
2026-01-15 15:23:48 - app - INFO - 许可证管理器初始化完成,服务器: http://license.22l2.com
2026-01-15 15:23:48 - app - INFO - 初始化许可证管理器...
2026-01-15 15:23:50 - app - INFO - 解密密钥设置成功
2026-01-15 15:23:50 - app - INFO - 解密密钥获取成功
2026-01-15 15:23:50 - app - INFO - 解密密钥获取成功，配置已就绪
2026-01-15 15:23:50 - app - INFO - 配置解密成功
2026-01-15 15:23:50 - app - INFO - 夸克API配置加载成功
2026-01-15 15:23:50 - app - INFO - 夸克API配置加载完成
2026-01-15 15:23:50 - app - INFO - 检查数据库...
2026-01-15 15:23:50 - app - INFO - 数据库检查完成
2026-01-15 15:23:50 - app - INFO - 检查数据库迁移...
2026-01-15 15:23:50 - app - INFO - 数据库迁移检查完成
2026-01-15 15:23:50 - app - INFO - 清理异常中断的任务状态...
2026-01-15 15:23:50 - app - INFO - 升级管理器初始化完成
2026-01-15 15:23:50 - app - INFO - Flask应用创建成功
2026-01-15 15:23:50 - app - INFO - 静态文件目录: C:\Data\夸克转存\client\frontend
2026-01-15 15:23:50 - app - INFO - 启动任务调度服务...
2026-01-15 15:23:50 - app - INFO - 检查被中断的影视下载任务...
2026-01-15 15:23:50 - app - INFO - 没有需要恢复的影视下载任务
2026-01-15 15:23:50 - app - INFO - 账期生成循环已启动
2026-01-15 15:23:50 - app - INFO - 账期生成线程已启动
2026-01-15 15:23:50 - app - INFO - 开始生成 2026-01-15 的任务账期
2026-01-15 15:23:50 - app - INFO - 任务执行循环已启动
2026-01-15 15:23:50 - app - INFO - 任务执行线程已启动
2026-01-15 15:23:50 - app - INFO - 跳过一次性执行任务: 测试
2026-01-15 15:23:50 - app - INFO - 日志清理循环已启动
2026-01-15 15:23:50 - app - INFO - 日志清理线程已启动
2026-01-15 15:23:50 - app - INFO - 跳过一次性执行任务: 小城大事
2026-01-15 15:23:50 - app - INFO - 下次日志清理时间: 2026-01-16 02:00:00
2026-01-15 15:23:50 - app - INFO - 启动Flask服务: http://0.0.0.0:8520
2026-01-15 15:23:50 - app - INFO - ✅ 生成完成，共创建 0 条待执行记录
2026-01-15 15:23:50 - app - INFO - 下次生成账期时间: 2026-01-16 00:00:00, 等待 30970 秒
2026-01-15 15:24:16 - app - INFO - 许可证管理器初始化完成,服务器: http://license.22l2.com
2026-01-15 15:24:16 - app - INFO - 初始化许可证管理器...
2026-01-15 15:24:18 - app - INFO - 解密密钥设置成功
2026-01-15 15:24:18 - app - INFO - 解密密钥获取成功
2026-01-15 15:24:18 - app - INFO - 解密密钥获取成功，配置已就绪
2026-01-15 15:24:18 - app - INFO - 配置解密成功
2026-01-15 15:24:18 - app - INFO - 夸克API配置加载成功
2026-01-15 15:24:18 - app - INFO - 夸克API配置加载完成
2026-01-15 15:24:18 - app - INFO - 检查数据库...
2026-01-15 15:24:18 - app - INFO - 数据库检查完成
2026-01-15 15:24:18 - app - INFO - 检查数据库迁移...
2026-01-15 15:24:18 - app - INFO - 数据库迁移检查完成
2026-01-15 15:24:18 - app - INFO - 清理异常中断的任务状态...
2026-01-15 15:24:18 - app - INFO - 升级管理器初始化完成
2026-01-15 15:24:18 - app - INFO - Flask应用创建成功
2026-01-15 15:24:18 - app - INFO - 静态文件目录: C:\Data\夸克转存\client\frontend
2026-01-15 15:24:18 - app - INFO - 启动任务调度服务...
2026-01-15 15:24:18 - app - INFO - 检查被中断的影视下载任务...
2026-01-15 15:24:18 - app - INFO - 没有需要恢复的影视下载任务
2026-01-15 15:24:18 - app - INFO - 账期生成循环已启动
2026-01-15 15:24:18 - app - INFO - 账期生成线程已启动
2026-01-15 15:24:18 - app - INFO - 开始生成 2026-01-15 的任务账期
2026-01-15 15:24:18 - app - INFO - 任务执行循环已启动
2026-01-15 15:24:18 - app - INFO - 任务执行线程已启动
2026-01-15 15:24:18 - app - INFO - 日志清理循环已启动
2026-01-15 15:24:18 - app - INFO - 日志清理线程已启动
2026-01-15 15:24:18 - app - INFO - 下次日志清理时间: 2026-01-16 02:00:00
2026-01-15 15:24:18 - app - INFO - 启动Flask服务: http://0.0.0.0:8520
2026-01-15 15:24:18 - app - INFO - 跳过一次性执行任务: 测试
2026-01-15 15:24:18 - app - INFO - 跳过一次性执行任务: 小城大事
2026-01-15 15:24:18 - app - INFO - ✅ 生成完成，共创建 0 条待执行记录
2026-01-15 15:24:18 - app - INFO - 下次生成账期时间: 2026-01-16 00:00:00, 等待 30942 秒
2026-01-15 15:24:29 - app - INFO - 许可证管理器初始化完成,服务器: http://license.22l2.com
2026-01-15 15:24:29 - app - INFO - 初始化许可证管理器...
2026-01-15 15:24:30 - app - INFO - 解密密钥设置成功
2026-01-15 15:24:30 - app - INFO - 解密密钥获取成功
2026-01-15 15:24:30 - app - INFO - 解密密钥获取成功，配置已就绪
2026-01-15 15:24:30 - app - INFO - 配置解密成功
2026-01-15 15:24:30 - app - INFO - 夸克API配置加载成功
2026-01-15 15:24:30 - app - INFO - 夸克API配置加载完成
2026-01-15 15:24:30 - app - INFO - 检查数据库...
2026-01-15 15:24:30 - app - INFO - 数据库检查完成
2026-01-15 15:24:30 - app - INFO - 检查数据库迁移...
2026-01-15 15:24:30 - app - INFO - 数据库迁移检查完成
2026-01-15 15:24:30 - app - INFO - 清理异常中断的任务状态...
2026-01-15 15:24:30 - app - INFO - 升级管理器初始化完成
2026-01-15 15:24:30 - app - INFO - Flask应用创建成功
2026-01-15 15:24:30 - app - INFO - 静态文件目录: C:\Data\夸克转存\client\frontend
2026-01-15 15:24:30 - app - INFO - 启动任务调度服务...
2026-01-15 15:24:31 - app - INFO - 检查被中断的影视下载任务...
2026-01-15 15:24:31 - app - INFO - 没有需要恢复的影视下载任务
2026-01-15 15:24:31 - app - INFO - 账期生成循环已启动
2026-01-15 15:24:31 - app - INFO - 账期生成线程已启动
2026-01-15 15:24:31 - app - INFO - 开始生成 2026-01-15 的任务账期
2026-01-15 15:24:31 - app - INFO - 任务执行循环已启动
2026-01-15 15:24:31 - app - INFO - 任务执行线程已启动
2026-01-15 15:24:31 - app - INFO - 日志清理循环已启动
2026-01-15 15:24:31 - app - INFO - 日志清理线程已启动
2026-01-15 15:24:31 - app - INFO - 跳过一次性执行任务: 测试
2026-01-15 15:24:31 - app - INFO - 下次日志清理时间: 2026-01-16 02:00:00
2026-01-15 15:24:31 - app - INFO - 启动Flask服务: http://0.0.0.0:8520
2026-01-15 15:24:31 - app - INFO - 跳过一次性执行任务: 小城大事
2026-01-15 15:24:31 - app - INFO - ✅ 生成完成，共创建 0 条待执行记录
2026-01-15 15:24:31 - app - INFO - 下次生成账期时间: 2026-01-16 00:00:00, 等待 30929 秒
2026-01-15 15:26:16 - app - INFO - 成功获取账号昵称: 夸父2986
2026-01-15 15:29:33 - app - INFO - 许可证管理器初始化完成,服务器: http://license.22l2.com
2026-01-15 15:29:33 - app - INFO - 初始化许可证管理器...
2026-01-15 15:29:35 - app - INFO - 解密密钥设置成功
2026-01-15 15:29:35 - app - INFO - 解密密钥获取成功
2026-01-15 15:29:35 - app - INFO - 解密密钥获取成功，配置已就绪
2026-01-15 15:29:35 - app - INFO - 配置解密成功
2026-01-15 15:29:35 - app - INFO - 夸克API配置加载成功
2026-01-15 15:29:35 - app - INFO - 夸克API配置加载完成
2026-01-15 15:29:35 - app - INFO - 检查数据库...
2026-01-15 15:29:35 - app - INFO - 数据库检查完成
2026-01-15 15:29:35 - app - INFO - 检查数据库迁移...
2026-01-15 15:29:35 - app - INFO - 数据库迁移检查完成
2026-01-15 15:29:35 - app - INFO - 清理异常中断的任务状态...
2026-01-15 15:29:35 - app - INFO - 升级管理器初始化完成
2026-01-15 15:29:35 - app - INFO - Flask应用创建成功
2026-01-15 15:29:35 - app - INFO - 静态文件目录: C:\Data\夸克转存\client\frontend
2026-01-15 15:29:35 - app - INFO - 启动任务调度服务...
2026-01-15 15:29:35 - app - INFO - 检查被中断的影视下载任务...
2026-01-15 15:29:35 - app - INFO - 没有需要恢复的影视下载任务
2026-01-15 15:29:35 - app - INFO - 账期生成循环已启动
2026-01-15 15:29:35 - app - INFO - 账期生成线程已启动
2026-01-15 15:29:35 - app - INFO - 开始生成 2026-01-15 的任务账期
2026-01-15 15:29:35 - app - INFO - 任务执行循环已启动
2026-01-15 15:29:35 - app - INFO - 任务执行线程已启动
2026-01-15 15:29:35 - app - INFO - 日志清理循环已启动
2026-01-15 15:29:35 - app - INFO - 日志清理线程已启动
2026-01-15 15:29:35 - app - INFO - 下次日志清理时间: 2026-01-16 02:00:00
2026-01-15 15:29:35 - app - INFO - 跳过一次性执行任务: 测试
2026-01-15 15:29:35 - app - INFO - 启动Flask服务: http://0.0.0.0:8520
2026-01-15 15:29:35 - app - INFO - 跳过一次性执行任务: 小城大事
2026-01-15 15:29:35 - app - INFO - ✅ 生成完成，共创建 0 条待执行记录
2026-01-15 15:29:35 - app - INFO - 下次生成账期时间: 2026-01-16 00:00:00, 等待 30624 秒
2026-01-15 15:30:10 - app - INFO - 许可证管理器初始化完成,服务器: http://license.22l2.com
2026-01-15 15:30:10 - app - INFO - 初始化许可证管理器...
2026-01-15 15:30:11 - app - INFO - 解密密钥设置成功
2026-01-15 15:30:11 - app - INFO - 解密密钥获取成功
2026-01-15 15:30:11 - app - INFO - 解密密钥获取成功，配置已就绪
2026-01-15 15:30:11 - app - INFO - 配置解密成功
2026-01-15 15:30:11 - app - INFO - 夸克API配置加载成功
2026-01-15 15:30:11 - app - INFO - 夸克API配置加载完成
2026-01-15 15:30:11 - app - INFO - 检查数据库...
2026-01-15 15:30:11 - app - INFO - 数据库检查完成
2026-01-15 15:30:11 - app - INFO - 检查数据库迁移...
2026-01-15 15:30:11 - app - INFO - 数据库迁移检查完成
2026-01-15 15:30:11 - app - INFO - 清理异常中断的任务状态...
2026-01-15 15:30:11 - app - INFO - 升级管理器初始化完成
2026-01-15 15:30:11 - app - INFO - Flask应用创建成功
2026-01-15 15:30:11 - app - INFO - 静态文件目录: C:\Data\夸克转存\client\frontend
2026-01-15 15:30:11 - app - INFO - 启动任务调度服务...
2026-01-15 15:30:11 - app - INFO - 检查被中断的影视下载任务...
2026-01-15 15:30:11 - app - INFO - 没有需要恢复的影视下载任务
2026-01-15 15:30:11 - app - INFO - 账期生成循环已启动
2026-01-15 15:30:11 - app - INFO - 账期生成线程已启动
2026-01-15 15:30:11 - app - INFO - 开始生成 2026-01-15 的任务账期
2026-01-15 15:30:11 - app - INFO - 任务执行循环已启动
2026-01-15 15:30:11 - app - INFO - 任务执行线程已启动
2026-01-15 15:30:11 - app - INFO - 日志清理循环已启动
2026-01-15 15:30:11 - app - INFO - 日志清理线程已启动
2026-01-15 15:30:11 - app - INFO - 下次日志清理时间: 2026-01-16 02:00:00
2026-01-15 15:30:11 - app - INFO - 启动Flask服务: http://0.0.0.0:8520
2026-01-15 15:30:11 - app - INFO - 跳过一次性执行任务: 测试
2026-01-15 15:30:11 - app - INFO - 跳过一次性执行任务: 小城大事
2026-01-15 15:30:11 - app - INFO - ✅ 生成完成，共创建 0 条待执行记录
2026-01-15 15:30:11 - app - INFO - 下次生成账期时间: 2026-01-16 00:00:00, 等待 30588 秒
2026-01-15 15:30:25 - app - INFO - 许可证管理器初始化完成,服务器: http://license.22l2.com
2026-01-15 15:30:25 - app - INFO - 初始化许可证管理器...
2026-01-15 15:30:26 - app - INFO - 解密密钥设置成功
2026-01-15 15:30:26 - app - INFO - 解密密钥获取成功
2026-01-15 15:30:26 - app - INFO - 解密密钥获取成功，配置已就绪
2026-01-15 15:30:26 - app - INFO - 配置解密成功
2026-01-15 15:30:26 - app - INFO - 夸克API配置加载成功
2026-01-15 15:30:26 - app - INFO - 夸克API配置加载完成
2026-01-15 15:30:26 - app - INFO - 检查数据库...
2026-01-15 15:30:26 - app - INFO - 数据库检查完成
2026-01-15 15:30:26 - app - INFO - 检查数据库迁移...
2026-01-15 15:30:26 - app - INFO - 数据库迁移检查完成
2026-01-15 15:30:26 - app - INFO - 清理异常中断的任务状态...
2026-01-15 15:30:26 - app - INFO - 升级管理器初始化完成
2026-01-15 15:30:26 - app - INFO - Flask应用创建成功
2026-01-15 15:30:26 - app - INFO - 静态文件目录: C:\Data\夸克转存\client\frontend
2026-01-15 15:30:26 - app - INFO - 启动任务调度服务...
2026-01-15 15:30:26 - app - INFO - 检查被中断的影视下载任务...
2026-01-15 15:30:26 - app - INFO - 没有需要恢复的影视下载任务
2026-01-15 15:30:26 - app - INFO - 账期生成循环已启动
2026-01-15 15:30:26 - app - INFO - 账期生成线程已启动
2026-01-15 15:30:26 - app - INFO - 开始生成 2026-01-15 的任务账期
2026-01-15 15:30:26 - app - INFO - 任务执行循环已启动
2026-01-15 15:30:26 - app - INFO - 任务执行线程已启动
2026-01-15 15:30:26 - app - INFO - 日志清理循环已启动
2026-01-15 15:30:26 - app - INFO - 日志清理线程已启动
2026-01-15 15:30:26 - app - INFO - 下次日志清理时间: 2026-01-16 02:00:00
2026-01-15 15:30:26 - app - INFO - 跳过一次性执行任务: 测试
2026-01-15 15:30:26 - app - INFO - 启动Flask服务: http://0.0.0.0:8520
2026-01-15 15:30:26 - app - INFO - 跳过一次性执行任务: 小城大事
2026-01-15 15:30:26 - app - INFO - ✅ 生成完成，共创建 0 条待执行记录
2026-01-15 15:30:26 - app - INFO - 下次生成账期时间: 2026-01-16 00:00:00, 等待 30573 秒
2026-01-15 15:30:45 - app - INFO - 许可证管理器初始化完成,服务器: http://license.22l2.com
2026-01-15 15:30:45 - app - INFO - 初始化许可证管理器...
2026-01-15 15:30:47 - app - INFO - 解密密钥设置成功
2026-01-15 15:30:47 - app - INFO - 解密密钥获取成功
2026-01-15 15:30:47 - app - INFO - 解密密钥获取成功，配置已就绪
2026-01-15 15:30:47 - app - INFO - 配置解密成功
2026-01-15 15:30:47 - app - INFO - 夸克API配置加载成功
2026-01-15 15:30:47 - app - INFO - 夸克API配置加载完成
2026-01-15 15:30:47 - app - INFO - 检查数据库...
2026-01-15 15:30:47 - app - INFO - 数据库检查完成
2026-01-15 15:30:47 - app - INFO - 检查数据库迁移...
2026-01-15 15:30:47 - app - INFO - 数据库迁移检查完成
2026-01-15 15:30:47 - app - INFO - 清理异常中断的任务状态...
2026-01-15 15:30:47 - app - INFO - 升级管理器初始化完成
2026-01-15 15:30:47 - app - INFO - Flask应用创建成功
2026-01-15 15:30:47 - app - INFO - 静态文件目录: C:\Data\夸克转存\client\frontend
2026-01-15 15:30:47 - app - INFO - 启动任务调度服务...
2026-01-15 15:30:47 - app - INFO - 检查被中断的影视下载任务...
2026-01-15 15:30:47 - app - INFO - 没有需要恢复的影视下载任务
2026-01-15 15:30:47 - app - INFO - 账期生成循环已启动
2026-01-15 15:30:47 - app - INFO - 账期生成线程已启动
2026-01-15 15:30:47 - app - INFO - 开始生成 2026-01-15 的任务账期
2026-01-15 15:30:47 - app - INFO - 任务执行循环已启动
2026-01-15 15:30:47 - app - INFO - 任务执行线程已启动
2026-01-15 15:30:47 - app - INFO - 日志清理循环已启动
2026-01-15 15:30:47 - app - INFO - 日志清理线程已启动
2026-01-15 15:30:47 - app - INFO - 下次日志清理时间: 2026-01-16 02:00:00
2026-01-15 15:30:47 - app - INFO - 跳过一次性执行任务: 测试
2026-01-15 15:30:47 - app - INFO - 启动Flask服务: http://0.0.0.0:8520
2026-01-15 15:30:47 - app - INFO - 跳过一次性执行任务: 小城大事
2026-01-15 15:30:47 - app - INFO - ✅ 生成完成，共创建 0 条待执行记录
2026-01-15 15:30:47 - app - INFO - 下次生成账期时间: 2026-01-16 00:00:00, 等待 30553 秒
2026-01-15 15:30:58 - app - INFO - 许可证管理器初始化完成,服务器: http://license.22l2.com
2026-01-15 15:30:58 - app - INFO - 初始化许可证管理器...
2026-01-15 15:31:00 - app - INFO - 解密密钥设置成功
2026-01-15 15:31:00 - app - INFO - 解密密钥获取成功
2026-01-15 15:31:00 - app - INFO - 解密密钥获取成功，配置已就绪
2026-01-15 15:31:00 - app - INFO - 配置解密成功
2026-01-15 15:31:00 - app - INFO - 夸克API配置加载成功
2026-01-15 15:31:00 - app - INFO - 夸克API配置加载完成
2026-01-15 15:31:00 - app - INFO - 检查数据库...
2026-01-15 15:31:00 - app - INFO - 数据库检查完成
2026-01-15 15:31:00 - app - INFO - 检查数据库迁移...
2026-01-15 15:31:00 - app - INFO - 数据库迁移检查完成
2026-01-15 15:31:00 - app - INFO - 清理异常中断的任务状态...
2026-01-15 15:31:00 - app - INFO - 升级管理器初始化完成
2026-01-15 15:31:00 - app - INFO - Flask应用创建成功
2026-01-15 15:31:00 - app - INFO - 静态文件目录: C:\Data\夸克转存\client\frontend
2026-01-15 15:31:00 - app - INFO - 启动任务调度服务...
2026-01-15 15:31:00 - app - INFO - 检查被中断的影视下载任务...
2026-01-15 15:31:00 - app - INFO - 没有需要恢复的影视下载任务
2026-01-15 15:31:00 - app - INFO - 账期生成循环已启动
2026-01-15 15:31:00 - app - INFO - 账期生成线程已启动
2026-01-15 15:31:00 - app - INFO - 开始生成 2026-01-15 的任务账期
2026-01-15 15:31:00 - app - INFO - 任务执行循环已启动
2026-01-15 15:31:00 - app - INFO - 任务执行线程已启动
2026-01-15 15:31:00 - app - INFO - 日志清理循环已启动
2026-01-15 15:31:00 - app - INFO - 日志清理线程已启动
2026-01-15 15:31:00 - app - INFO - 下次日志清理时间: 2026-01-16 02:00:00
2026-01-15 15:31:00 - app - INFO - 启动Flask服务: http://0.0.0.0:8520
2026-01-15 15:31:00 - app - INFO - 跳过一次性执行任务: 测试
2026-01-15 15:31:00 - app - INFO - 跳过一次性执行任务: 小城大事
2026-01-15 15:31:00 - app - INFO - ✅ 生成完成，共创建 0 条待执行记录
2026-01-15 15:31:00 - app - INFO - 下次生成账期时间: 2026-01-16 00:00:00, 等待 30540 秒
2026-01-15 15:31:22 - app - INFO - 许可证管理器初始化完成,服务器: http://license.22l2.com
2026-01-15 15:31:22 - app - INFO - 初始化许可证管理器...
2026-01-15 15:31:24 - app - INFO - 解密密钥设置成功
2026-01-15 15:31:24 - app - INFO - 解密密钥获取成功
2026-01-15 15:31:24 - app - INFO - 解密密钥获取成功，配置已就绪
2026-01-15 15:31:24 - app - INFO - 配置解密成功
2026-01-15 15:31:24 - app - INFO - 夸克API配置加载成功
2026-01-15 15:31:24 - app - INFO - 夸克API配置加载完成
2026-01-15 15:31:24 - app - INFO - 检查数据库...
2026-01-15 15:31:24 - app - INFO - 数据库检查完成
2026-01-15 15:31:24 - app - INFO - 检查数据库迁移...
2026-01-15 15:31:24 - app - INFO - 数据库迁移检查完成
2026-01-15 15:31:24 - app - INFO - 清理异常中断的任务状态...
2026-01-15 15:31:24 - app - INFO - 升级管理器初始化完成
2026-01-15 15:31:24 - app - INFO - Flask应用创建成功
2026-01-15 15:31:24 - app - INFO - 静态文件目录: C:\Data\夸克转存\client\frontend
2026-01-15 15:31:24 - app - INFO - 启动任务调度服务...
2026-01-15 15:31:24 - app - INFO - 检查被中断的影视下载任务...
2026-01-15 15:31:24 - app - INFO - 没有需要恢复的影视下载任务
2026-01-15 15:31:24 - app - INFO - 账期生成循环已启动
2026-01-15 15:31:24 - app - INFO - 账期生成线程已启动
2026-01-15 15:31:24 - app - INFO - 开始生成 2026-01-15 的任务账期
2026-01-15 15:31:24 - app - INFO - 任务执行循环已启动
2026-01-15 15:31:24 - app - INFO - 任务执行线程已启动
2026-01-15 15:31:24 - app - INFO - 跳过一次性执行任务: 测试
2026-01-15 15:31:24 - app - INFO - 日志清理循环已启动
2026-01-15 15:31:24 - app - INFO - 日志清理线程已启动
2026-01-15 15:31:24 - app - INFO - 跳过一次性执行任务: 小城大事
2026-01-15 15:31:24 - app - INFO - 下次日志清理时间: 2026-01-16 02:00:00
2026-01-15 15:31:24 - app - INFO - 启动Flask服务: http://0.0.0.0:8520
2026-01-15 15:31:24 - app - INFO - ✅ 生成完成，共创建 0 条待执行记录
2026-01-15 15:31:24 - app - INFO - 下次生成账期时间: 2026-01-16 00:00:00, 等待 30515 秒
2026-01-15 15:33:15 - app - INFO - 检查登录状态, session内容: {'_permanent': True, 'user_id': 1, 'username': 'admin'}, cookies: ImmutableMultiDict([('session', 'eyJfcGVybWFuZW50Ijp0cnVlLCJ1c2VyX2lkIjoxLCJ1c2VybmFtZSI6ImFkbWluIn0.aWiYOw.sd5yNIN8BU-s21ZZnaoqTDYYN60')])
2026-01-15 15:33:15 - app - INFO - 检查登录状态, session内容: {'_permanent': True, 'user_id': 1, 'username': 'admin'}, cookies: ImmutableMultiDict([('session', 'eyJfcGVybWFuZW50Ijp0cnVlLCJ1c2VyX2lkIjoxLCJ1c2VybmFtZSI6ImFkbWluIn0.aWiYOw.sd5yNIN8BU-s21ZZnaoqTDYYN60')])
2026-01-15 15:33:18 - app - INFO - 检查更新: 当前版本 2.1.4
2026-01-15 15:33:27 - app - INFO - 检查更新成功: {'has_update': False, 'message': '当前已是最新版本'}
2026-01-15 15:33:31 - app - INFO - 许可证管理器初始化完成,服务器: http://license.22l2.com
2026-01-15 15:33:31 - app - INFO - 初始化许可证管理器...
2026-01-15 15:33:32 - app - INFO - 解密密钥设置成功
2026-01-15 15:33:32 - app - INFO - 解密密钥获取成功
2026-01-15 15:33:32 - app - INFO - 解密密钥获取成功，配置已就绪
2026-01-15 15:33:32 - app - INFO - 配置解密成功
2026-01-15 15:33:32 - app - INFO - 夸克API配置加载成功
2026-01-15 15:33:32 - app - INFO - 夸克API配置加载完成
2026-01-15 15:33:32 - app - INFO - 检查数据库...
2026-01-15 15:33:32 - app - INFO - 数据库检查完成
2026-01-15 15:33:32 - app - INFO - 检查数据库迁移...
2026-01-15 15:33:32 - app - INFO - 数据库迁移检查完成
2026-01-15 15:33:32 - app - INFO - 清理异常中断的任务状态...
2026-01-15 15:33:32 - app - INFO - 升级管理器初始化完成
2026-01-15 15:33:32 - app - INFO - Flask应用创建成功
2026-01-15 15:33:32 - app - INFO - 静态文件目录: C:\Data\夸克转存\client\frontend
2026-01-15 15:33:32 - app - INFO - 启动任务调度服务...
2026-01-15 15:33:32 - app - INFO - 检查被中断的影视下载任务...
2026-01-15 15:33:32 - app - INFO - 没有需要恢复的影视下载任务
2026-01-15 15:33:32 - app - INFO - 账期生成循环已启动
2026-01-15 15:33:32 - app - INFO - 账期生成线程已启动
2026-01-15 15:33:32 - app - INFO - 开始生成 2026-01-15 的任务账期
2026-01-15 15:33:32 - app - INFO - 任务执行循环已启动
2026-01-15 15:33:32 - app - INFO - 任务执行线程已启动
2026-01-15 15:33:32 - app - INFO - 日志清理循环已启动
2026-01-15 15:33:32 - app - INFO - 日志清理线程已启动
2026-01-15 15:33:32 - app - INFO - 下次日志清理时间: 2026-01-16 02:00:00
2026-01-15 15:33:32 - app - INFO - 启动Flask服务: http://0.0.0.0:8520
2026-01-15 15:33:32 - app - INFO - 跳过一次性执行任务: 测试
2026-01-15 15:33:32 - app - INFO - 跳过一次性执行任务: 小城大事
2026-01-15 15:33:32 - app - INFO - ✅ 生成完成，共创建 0 条待执行记录
2026-01-15 15:33:33 - app - INFO - 下次生成账期时间: 2026-01-16 00:00:00, 等待 30387 秒
2026-01-15 15:36:38 - app - INFO - 检查登录状态, session内容: {'_permanent': True, 'user_id': 1, 'username': 'admin'}, cookies: ImmutableMultiDict([('session', 'eyJfcGVybWFuZW50Ijp0cnVlLCJ1c2VyX2lkIjoxLCJ1c2VybmFtZSI6ImFkbWluIn0.aWiZBg.IbS7cYaC_380ecVChbcpOCiKArA')])
2026-01-15 15:36:38 - app - INFO - 检查登录状态, session内容: {'_permanent': True, 'user_id': 1, 'username': 'admin'}, cookies: ImmutableMultiDict([('session', 'eyJfcGVybWFuZW50Ijp0cnVlLCJ1c2VyX2lkIjoxLCJ1c2VybmFtZSI6ImFkbWluIn0.aWiZBg.IbS7cYaC_380ecVChbcpOCiKArA')])
2026-01-15 15:36:40 - app - INFO - 检查更新: 当前版本 2.1.4
2026-01-15 15:36:49 - app - INFO - 检查更新成功: {'has_update': False, 'message': '当前已是最新版本'}
2026-01-15 15:37:04 - app - ERROR - 获取今日统计失败: no such table: daily_usage_stats
2026-01-15 16:21:28 - app - INFO - 检查登录状态, session内容: {'_permanent': True, 'user_id': 1, 'username': 'admin'}, cookies: ImmutableMultiDict([('session', 'eyJfcGVybWFuZW50Ijp0cnVlLCJ1c2VyX2lkIjoxLCJ1c2VybmFtZSI6ImFkbWluIn0.aWijiA.qJ7-Grh7uJBV9Hk_uTRQ1OEj134')])
2026-01-15 16:21:29 - app - INFO - 检查登录状态, session内容: {'_permanent': True, 'user_id': 1, 'username': 'admin'}, cookies: ImmutableMultiDict([('session', 'eyJfcGVybWFuZW50Ijp0cnVlLCJ1c2VyX2lkIjoxLCJ1c2VybmFtZSI6ImFkbWluIn0.aWijiA.qJ7-Grh7uJBV9Hk_uTRQ1OEj134')])
2026-01-15 16:21:32 - app - INFO - 检查更新: 当前版本 2.1.4
2026-01-15 16:21:40 - app - INFO - 检查更新成功: {'has_update': False, 'message': '当前已是最新版本'}
2026-01-15 16:23:48 - app - INFO - 许可证管理器初始化完成,服务器: http://license.22l2.com
2026-01-15 16:23:48 - app - INFO - 初始化许可证管理器...
2026-01-15 16:23:52 - app - INFO - 解密密钥设置成功
2026-01-15 16:23:52 - app - INFO - 解密密钥获取成功
2026-01-15 16:23:52 - app - INFO - 解密密钥获取成功，配置已就绪
2026-01-15 16:23:52 - app - INFO - 配置解密成功
2026-01-15 16:23:52 - app - INFO - 夸克API配置加载成功
2026-01-15 16:23:52 - app - INFO - 夸克API配置加载完成
2026-01-15 16:23:52 - app - INFO - 检查数据库...
2026-01-15 16:23:52 - app - INFO - 数据库检查完成
2026-01-15 16:23:52 - app - INFO - 检查数据库迁移...
2026-01-15 16:23:52 - app - INFO - 数据库迁移检查完成
2026-01-15 16:23:52 - app - INFO - 清理异常中断的任务状态...
2026-01-15 16:23:52 - app - INFO - 升级管理器初始化完成
2026-01-15 16:23:52 - app - INFO - Flask应用创建成功
2026-01-15 16:23:52 - app - INFO - 静态文件目录: C:\Data\夸克转存\client\frontend
2026-01-15 16:23:52 - app - INFO - 启动任务调度服务...
2026-01-15 16:23:52 - app - INFO - 检查被中断的影视下载任务...
2026-01-15 16:23:52 - app - INFO - 没有需要恢复的影视下载任务
2026-01-15 16:23:52 - app - INFO - 账期生成循环已启动
2026-01-15 16:23:52 - app - INFO - 账期生成线程已启动
2026-01-15 16:23:52 - app - INFO - 开始生成 2026-01-15 的任务账期
2026-01-15 16:23:52 - app - INFO - 任务执行循环已启动
2026-01-15 16:23:52 - app - INFO - 任务执行线程已启动
2026-01-15 16:23:52 - app - INFO - 日志清理循环已启动
2026-01-15 16:23:52 - app - INFO - 日志清理线程已启动
2026-01-15 16:23:52 - app - INFO - 下次日志清理时间: 2026-01-16 02:00:00
2026-01-15 16:23:52 - app - INFO - 启动Flask服务: http://0.0.0.0:8520
2026-01-15 16:23:52 - app - INFO - 跳过一次性执行任务: 测试
2026-01-15 16:23:52 - app - INFO - 跳过一次性执行任务: 小城大事
2026-01-15 16:23:52 - app - INFO - ✅ 生成完成，共创建 0 条待执行记录
2026-01-15 16:23:52 - app - INFO - 下次生成账期时间: 2026-01-16 00:00:00, 等待 27368 秒
2026-01-15 16:24:08 - app - INFO - 许可证管理器初始化完成,服务器: http://license.22l2.com
2026-01-15 16:24:08 - app - INFO - 初始化许可证管理器...
2026-01-15 16:24:10 - app - INFO - 解密密钥设置成功
2026-01-15 16:24:10 - app - INFO - 解密密钥获取成功
2026-01-15 16:24:10 - app - INFO - 解密密钥获取成功，配置已就绪
2026-01-15 16:24:10 - app - INFO - 配置解密成功
2026-01-15 16:24:10 - app - INFO - 夸克API配置加载成功
2026-01-15 16:24:10 - app - INFO - 夸克API配置加载完成
2026-01-15 16:24:10 - app - INFO - 检查数据库...
2026-01-15 16:24:10 - app - INFO - 数据库检查完成
2026-01-15 16:24:10 - app - INFO - 检查数据库迁移...
2026-01-15 16:24:10 - app - INFO - 数据库迁移检查完成
2026-01-15 16:24:10 - app - INFO - 清理异常中断的任务状态...
2026-01-15 16:24:10 - app - INFO - 升级管理器初始化完成
2026-01-15 16:24:10 - app - INFO - Flask应用创建成功
2026-01-15 16:24:10 - app - INFO - 静态文件目录: C:\Data\夸克转存\client\frontend
2026-01-15 16:24:10 - app - INFO - 启动任务调度服务...
2026-01-15 16:24:10 - app - INFO - 检查被中断的影视下载任务...
2026-01-15 16:24:10 - app - INFO - 没有需要恢复的影视下载任务
2026-01-15 16:24:10 - app - INFO - 账期生成循环已启动
2026-01-15 16:24:10 - app - INFO - 账期生成线程已启动
2026-01-15 16:24:10 - app - INFO - 开始生成 2026-01-15 的任务账期
2026-01-15 16:24:10 - app - INFO - 任务执行循环已启动
2026-01-15 16:24:10 - app - INFO - 任务执行线程已启动
2026-01-15 16:24:10 - app - INFO - 日志清理循环已启动
2026-01-15 16:24:10 - app - INFO - 日志清理线程已启动
2026-01-15 16:24:10 - app - INFO - 下次日志清理时间: 2026-01-16 02:00:00
2026-01-15 16:24:10 - app - INFO - 启动Flask服务: http://0.0.0.0:8520
2026-01-15 16:24:10 - app - INFO - 跳过一次性执行任务: 测试
2026-01-15 16:24:10 - app - INFO - 跳过一次性执行任务: 小城大事
2026-01-15 16:24:10 - app - INFO - ✅ 生成完成，共创建 0 条待执行记录
2026-01-15 16:24:10 - app - INFO - 下次生成账期时间: 2026-01-16 00:00:00, 等待 27349 秒
2026-01-15 16:25:40 - app - INFO - 检查登录状态, session内容: {'_permanent': True, 'user_id': 1, 'username': 'admin'}, cookies: ImmutableMultiDict([('session', 'eyJfcGVybWFuZW50Ijp0cnVlLCJ1c2VyX2lkIjoxLCJ1c2VybmFtZSI6ImFkbWluIn0.aWikhA.ycVk1WDFph--dCe5Rv6oUgXj2iI')])
2026-01-15 16:25:40 - app - INFO - 检查登录状态, session内容: {'_permanent': True, 'user_id': 1, 'username': 'admin'}, cookies: ImmutableMultiDict([('session', 'eyJfcGVybWFuZW50Ijp0cnVlLCJ1c2VyX2lkIjoxLCJ1c2VybmFtZSI6ImFkbWluIn0.aWikhA.ycVk1WDFph--dCe5Rv6oUgXj2iI')])
2026-01-15 16:25:42 - app - INFO - 检查更新: 当前版本 2.1.4
2026-01-15 16:25:52 - app - INFO - 检查更新成功: {'has_update': False, 'message': '当前已是最新版本'}
2026-01-15 16:25:55 - app - INFO - 许可证管理器初始化完成,服务器: http://license.22l2.com
2026-01-15 16:25:55 - app - INFO - 初始化许可证管理器...
2026-01-15 16:25:58 - app - INFO - 解密密钥设置成功
2026-01-15 16:25:58 - app - INFO - 解密密钥获取成功
2026-01-15 16:25:58 - app - INFO - 解密密钥获取成功，配置已就绪
2026-01-15 16:25:58 - app - INFO - 配置解密成功
2026-01-15 16:25:58 - app - INFO - 夸克API配置加载成功
2026-01-15 16:25:58 - app - INFO - 夸克API配置加载完成
2026-01-15 16:25:58 - app - INFO - 检查数据库...
2026-01-15 16:25:58 - app - INFO - 数据库检查完成
2026-01-15 16:25:58 - app - INFO - 检查数据库迁移...
2026-01-15 16:25:58 - app - INFO - 数据库迁移检查完成
2026-01-15 16:25:58 - app - INFO - 清理异常中断的任务状态...
2026-01-15 16:25:58 - app - INFO - 升级管理器初始化完成
2026-01-15 16:25:58 - app - INFO - Flask应用创建成功
2026-01-15 16:25:58 - app - INFO - 静态文件目录: C:\Data\夸克转存\client\frontend
2026-01-15 16:25:58 - app - INFO - 启动任务调度服务...
2026-01-15 16:25:58 - app - INFO - 检查被中断的影视下载任务...
2026-01-15 16:25:58 - app - INFO - 没有需要恢复的影视下载任务
2026-01-15 16:25:58 - app - INFO - 账期生成循环已启动
2026-01-15 16:25:58 - app - INFO - 账期生成线程已启动
2026-01-15 16:25:58 - app - INFO - 开始生成 2026-01-15 的任务账期
2026-01-15 16:25:58 - app - INFO - 任务执行循环已启动
2026-01-15 16:25:58 - app - INFO - 任务执行线程已启动
2026-01-15 16:25:58 - app - INFO - 日志清理循环已启动
2026-01-15 16:25:58 - app - INFO - 日志清理线程已启动
2026-01-15 16:25:58 - app - INFO - 下次日志清理时间: 2026-01-16 02:00:00
2026-01-15 16:25:58 - app - INFO - 启动Flask服务: http://0.0.0.0:8520
2026-01-15 16:25:58 - app - INFO - 跳过一次性执行任务: 测试
2026-01-15 16:25:58 - app - INFO - 跳过一次性执行任务: 小城大事
2026-01-15 16:25:58 - app - INFO - ✅ 生成完成，共创建 0 条待执行记录
2026-01-15 16:25:58 - app - INFO - 下次生成账期时间: 2026-01-16 00:00:00, 等待 27241 秒
2026-01-15 16:26:10 - app - INFO - 删除操作返回: {'code': -1, 'message': 'Argument invalid'}
2026-01-15 16:28:23 - app - INFO - 许可证管理器初始化完成,服务器: http://license.22l2.com
2026-01-15 16:28:23 - app - INFO - 初始化许可证管理器...
2026-01-15 16:28:26 - app - INFO - 解密密钥设置成功
2026-01-15 16:28:26 - app - INFO - 解密密钥获取成功
2026-01-15 16:28:26 - app - INFO - 解密密钥获取成功，配置已就绪
2026-01-15 16:28:26 - app - INFO - 配置解密成功
2026-01-15 16:28:26 - app - INFO - 夸克API配置加载成功
2026-01-15 16:28:26 - app - INFO - 夸克API配置加载完成
2026-01-15 16:28:26 - app - INFO - 检查数据库...
2026-01-15 16:28:26 - app - INFO - 数据库检查完成
2026-01-15 16:28:26 - app - INFO - 检查数据库迁移...
2026-01-15 16:28:26 - app - INFO - 数据库迁移检查完成
2026-01-15 16:28:26 - app - INFO - 清理异常中断的任务状态...
2026-01-15 16:28:26 - app - INFO - 升级管理器初始化完成
2026-01-15 16:28:26 - app - INFO - Flask应用创建成功
2026-01-15 16:28:26 - app - INFO - 静态文件目录: C:\Data\夸克转存\client\frontend
2026-01-15 16:28:26 - app - INFO - 启动任务调度服务...
2026-01-15 16:28:26 - app - INFO - 检查被中断的影视下载任务...
2026-01-15 16:28:26 - app - INFO - 没有需要恢复的影视下载任务
2026-01-15 16:28:26 - app - INFO - 账期生成循环已启动
2026-01-15 16:28:26 - app - INFO - 账期生成线程已启动
2026-01-15 16:28:26 - app - INFO - 开始生成 2026-01-15 的任务账期
2026-01-15 16:28:26 - app - INFO - 任务执行循环已启动
2026-01-15 16:28:26 - app - INFO - 任务执行线程已启动
2026-01-15 16:28:26 - app - INFO - 日志清理循环已启动
2026-01-15 16:28:26 - app - INFO - 日志清理线程已启动
2026-01-15 16:28:26 - app - INFO - 下次日志清理时间: 2026-01-16 02:00:00
2026-01-15 16:28:26 - app - INFO - 启动Flask服务: http://0.0.0.0:8520
2026-01-15 16:28:26 - app - INFO - 跳过一次性执行任务: 测试
2026-01-15 16:28:26 - app - INFO - 跳过一次性执行任务: 小城大事
2026-01-15 16:28:26 - app - INFO - ✅ 生成完成，共创建 0 条待执行记录
2026-01-15 16:28:26 - app - INFO - 下次生成账期时间: 2026-01-16 00:00:00, 等待 27094 秒
2026-01-15 16:28:41 - app - INFO - 许可证管理器初始化完成,服务器: http://license.22l2.com
2026-01-15 16:28:41 - app - INFO - 初始化许可证管理器...
2026-01-15 16:28:42 - app - INFO - 解密密钥设置成功
2026-01-15 16:28:42 - app - INFO - 解密密钥获取成功
2026-01-15 16:28:42 - app - INFO - 解密密钥获取成功，配置已就绪
2026-01-15 16:28:42 - app - INFO - 配置解密成功
2026-01-15 16:28:42 - app - INFO - 夸克API配置加载成功
2026-01-15 16:28:42 - app - INFO - 夸克API配置加载完成
2026-01-15 16:28:42 - app - INFO - 检查数据库...
2026-01-15 16:28:42 - app - INFO - 数据库检查完成
2026-01-15 16:28:42 - app - INFO - 检查数据库迁移...
2026-01-15 16:28:42 - app - INFO - 数据库迁移检查完成
2026-01-15 16:28:42 - app - INFO - 清理异常中断的任务状态...
2026-01-15 16:28:42 - app - INFO - 升级管理器初始化完成
2026-01-15 16:28:42 - app - INFO - Flask应用创建成功
2026-01-15 16:28:42 - app - INFO - 静态文件目录: C:\Data\夸克转存\client\frontend
2026-01-15 16:28:42 - app - INFO - 启动任务调度服务...
2026-01-15 16:28:42 - app - INFO - 检查被中断的影视下载任务...
2026-01-15 16:28:42 - app - INFO - 没有需要恢复的影视下载任务
2026-01-15 16:28:42 - app - INFO - 账期生成循环已启动
2026-01-15 16:28:42 - app - INFO - 账期生成线程已启动
2026-01-15 16:28:42 - app - INFO - 开始生成 2026-01-15 的任务账期
2026-01-15 16:28:42 - app - INFO - 任务执行循环已启动
2026-01-15 16:28:42 - app - INFO - 任务执行线程已启动
2026-01-15 16:28:42 - app - INFO - 跳过一次性执行任务: 测试
2026-01-15 16:28:42 - app - INFO - 日志清理循环已启动
2026-01-15 16:28:42 - app - INFO - 日志清理线程已启动
2026-01-15 16:28:42 - app - INFO - 跳过一次性执行任务: 小城大事
2026-01-15 16:28:42 - app - INFO - 下次日志清理时间: 2026-01-16 02:00:00
2026-01-15 16:28:42 - app - INFO - 启动Flask服务: http://0.0.0.0:8520
2026-01-15 16:28:42 - app - INFO - ✅ 生成完成，共创建 0 条待执行记录
2026-01-15 16:28:42 - app - INFO - 下次生成账期时间: 2026-01-16 00:00:00, 等待 27077 秒
2026-01-15 16:29:51 - app - INFO - 许可证管理器初始化完成,服务器: http://license.22l2.com
2026-01-15 16:29:51 - app - INFO - 初始化许可证管理器...
2026-01-15 16:29:52 - app - INFO - 解密密钥设置成功
2026-01-15 16:29:52 - app - INFO - 解密密钥获取成功
2026-01-15 16:29:52 - app - INFO - 解密密钥获取成功，配置已就绪
2026-01-15 16:29:52 - app - INFO - 配置解密成功
2026-01-15 16:29:52 - app - INFO - 夸克API配置加载成功
2026-01-15 16:29:52 - app - INFO - 夸克API配置加载完成
2026-01-15 16:29:52 - app - INFO - 检查数据库...
2026-01-15 16:29:52 - app - INFO - 数据库检查完成
2026-01-15 16:29:52 - app - INFO - 检查数据库迁移...
2026-01-15 16:29:52 - app - INFO - 数据库迁移检查完成
2026-01-15 16:29:52 - app - INFO - 清理异常中断的任务状态...
2026-01-15 16:29:52 - app - INFO - 升级管理器初始化完成
2026-01-15 16:29:53 - app - INFO - Flask应用创建成功
2026-01-15 16:29:53 - app - INFO - 静态文件目录: C:\Data\夸克转存\client\frontend
2026-01-15 16:29:53 - app - INFO - 启动任务调度服务...
2026-01-15 16:29:53 - app - INFO - 检查被中断的影视下载任务...
2026-01-15 16:29:53 - app - INFO - 没有需要恢复的影视下载任务
2026-01-15 16:29:53 - app - INFO - 账期生成循环已启动
2026-01-15 16:29:53 - app - INFO - 账期生成线程已启动
2026-01-15 16:29:53 - app - INFO - 开始生成 2026-01-15 的任务账期
2026-01-15 16:29:53 - app - INFO - 任务执行循环已启动
2026-01-15 16:29:53 - app - INFO - 任务执行线程已启动
2026-01-15 16:29:53 - app - INFO - 日志清理循环已启动
2026-01-15 16:29:53 - app - INFO - 日志清理线程已启动
2026-01-15 16:29:53 - app - INFO - 下次日志清理时间: 2026-01-16 02:00:00
2026-01-15 16:29:53 - app - INFO - 启动Flask服务: http://0.0.0.0:8520
2026-01-15 16:29:53 - app - INFO - 跳过一次性执行任务: 测试
2026-01-15 16:29:53 - app - INFO - 跳过一次性执行任务: 小城大事
2026-01-15 16:29:53 - app - INFO - ✅ 生成完成，共创建 0 条待执行记录
2026-01-15 16:29:53 - app - INFO - 下次生成账期时间: 2026-01-16 00:00:00, 等待 27007 秒
2026-01-15 16:30:11 - app - INFO - 许可证管理器初始化完成,服务器: http://license.22l2.com
2026-01-15 16:30:11 - app - INFO - 初始化许可证管理器...
2026-01-15 16:30:13 - app - INFO - 解密密钥设置成功
2026-01-15 16:30:13 - app - INFO - 解密密钥获取成功
2026-01-15 16:30:13 - app - INFO - 解密密钥获取成功，配置已就绪
2026-01-15 16:30:13 - app - INFO - 配置解密成功
2026-01-15 16:30:13 - app - INFO - 夸克API配置加载成功
2026-01-15 16:30:13 - app - INFO - 夸克API配置加载完成
2026-01-15 16:30:13 - app - INFO - 检查数据库...
2026-01-15 16:30:13 - app - INFO - 数据库检查完成
2026-01-15 16:30:13 - app - INFO - 检查数据库迁移...
2026-01-15 16:30:13 - app - INFO - 数据库迁移检查完成
2026-01-15 16:30:13 - app - INFO - 清理异常中断的任务状态...
2026-01-15 16:30:13 - app - INFO - 升级管理器初始化完成
2026-01-15 16:30:13 - app - INFO - Flask应用创建成功
2026-01-15 16:30:13 - app - INFO - 静态文件目录: C:\Data\夸克转存\client\frontend
2026-01-15 16:30:13 - app - INFO - 启动任务调度服务...
2026-01-15 16:30:13 - app - INFO - 检查被中断的影视下载任务...
2026-01-15 16:30:13 - app - INFO - 没有需要恢复的影视下载任务
2026-01-15 16:30:13 - app - INFO - 账期生成循环已启动
2026-01-15 16:30:13 - app - INFO - 账期生成线程已启动
2026-01-15 16:30:13 - app - INFO - 开始生成 2026-01-15 的任务账期
2026-01-15 16:30:13 - app - INFO - 任务执行循环已启动
2026-01-15 16:30:13 - app - INFO - 任务执行线程已启动
2026-01-15 16:30:13 - app - INFO - 日志清理循环已启动
2026-01-15 16:30:13 - app - INFO - 日志清理线程已启动
2026-01-15 16:30:13 - app - INFO - 下次日志清理时间: 2026-01-16 02:00:00
2026-01-15 16:30:13 - app - INFO - 启动Flask服务: http://0.0.0.0:8520
2026-01-15 16:30:13 - app - INFO - 跳过一次性执行任务: 测试
2026-01-15 16:30:13 - app - INFO - 跳过一次性执行任务: 小城大事
2026-01-15 16:30:13 - app - INFO - ✅ 生成完成，共创建 0 条待执行记录
2026-01-15 16:30:13 - app - INFO - 下次生成账期时间: 2026-01-16 00:00:00, 等待 26987 秒
2026-01-15 16:30:33 - app - INFO - 许可证管理器初始化完成,服务器: http://license.22l2.com
2026-01-15 16:30:33 - app - INFO - 初始化许可证管理器...
2026-01-15 16:30:35 - app - INFO - 解密密钥设置成功
2026-01-15 16:30:35 - app - INFO - 解密密钥获取成功
2026-01-15 16:30:35 - app - INFO - 解密密钥获取成功，配置已就绪
2026-01-15 16:30:35 - app - INFO - 配置解密成功
2026-01-15 16:30:35 - app - INFO - 夸克API配置加载成功
2026-01-15 16:30:35 - app - INFO - 夸克API配置加载完成
2026-01-15 16:30:35 - app - INFO - 检查数据库...
2026-01-15 16:30:35 - app - INFO - 数据库检查完成
2026-01-15 16:30:35 - app - INFO - 检查数据库迁移...
2026-01-15 16:30:35 - app - INFO - 数据库迁移检查完成
2026-01-15 16:30:35 - app - INFO - 清理异常中断的任务状态...
2026-01-15 16:30:35 - app - INFO - 升级管理器初始化完成
2026-01-15 16:30:35 - app - INFO - Flask应用创建成功
2026-01-15 16:30:35 - app - INFO - 静态文件目录: C:\Data\夸克转存\client\frontend
2026-01-15 16:30:35 - app - INFO - 启动任务调度服务...
2026-01-15 16:30:35 - app - INFO - 检查被中断的影视下载任务...
2026-01-15 16:30:35 - app - INFO - 没有需要恢复的影视下载任务
2026-01-15 16:30:35 - app - INFO - 账期生成循环已启动
2026-01-15 16:30:35 - app - INFO - 账期生成线程已启动
2026-01-15 16:30:35 - app - INFO - 开始生成 2026-01-15 的任务账期
2026-01-15 16:30:35 - app - INFO - 任务执行循环已启动
2026-01-15 16:30:35 - app - INFO - 任务执行线程已启动
2026-01-15 16:30:35 - app - INFO - 日志清理循环已启动
2026-01-15 16:30:35 - app - INFO - 日志清理线程已启动
2026-01-15 16:30:35 - app - INFO - 下次日志清理时间: 2026-01-16 02:00:00
2026-01-15 16:30:35 - app - INFO - 启动Flask服务: http://0.0.0.0:8520
2026-01-15 16:30:35 - app - INFO - 跳过一次性执行任务: 测试
2026-01-15 16:30:35 - app - INFO - 跳过一次性执行任务: 小城大事
2026-01-15 16:30:35 - app - INFO - ✅ 生成完成，共创建 0 条待执行记录
2026-01-15 16:30:35 - app - INFO - 下次生成账期时间: 2026-01-16 00:00:00, 等待 26964 秒
2026-01-15 16:31:34 - app - INFO - 许可证管理器初始化完成,服务器: http://license.22l2.com
2026-01-15 16:31:34 - app - INFO - 初始化许可证管理器...
2026-01-15 16:31:35 - app - INFO - 解密密钥设置成功
2026-01-15 16:31:35 - app - INFO - 解密密钥获取成功
2026-01-15 16:31:35 - app - INFO - 解密密钥获取成功，配置已就绪
2026-01-15 16:31:35 - app - INFO - 配置解密成功
2026-01-15 16:31:35 - app - INFO - 夸克API配置加载成功
2026-01-15 16:31:35 - app - INFO - 夸克API配置加载完成
2026-01-15 16:31:35 - app - INFO - 检查数据库...
2026-01-15 16:31:35 - app - INFO - 数据库检查完成
2026-01-15 16:31:35 - app - INFO - 检查数据库迁移...
2026-01-15 16:31:35 - app - INFO - 数据库迁移检查完成
2026-01-15 16:31:35 - app - INFO - 清理异常中断的任务状态...
2026-01-15 16:31:35 - app - INFO - 升级管理器初始化完成
2026-01-15 16:31:35 - app - INFO - Flask应用创建成功
2026-01-15 16:31:35 - app - INFO - 静态文件目录: C:\Data\夸克转存\client\frontend
2026-01-15 16:31:35 - app - INFO - 启动任务调度服务...
2026-01-15 16:31:35 - app - INFO - 检查被中断的影视下载任务...
2026-01-15 16:31:35 - app - INFO - 没有需要恢复的影视下载任务
2026-01-15 16:31:35 - app - INFO - 账期生成循环已启动
2026-01-15 16:31:35 - app - INFO - 账期生成线程已启动
2026-01-15 16:31:35 - app - INFO - 开始生成 2026-01-15 的任务账期
2026-01-15 16:31:35 - app - INFO - 任务执行循环已启动
2026-01-15 16:31:35 - app - INFO - 任务执行线程已启动
2026-01-15 16:31:35 - app - INFO - 日志清理循环已启动
2026-01-15 16:31:35 - app - INFO - 日志清理线程已启动
2026-01-15 16:31:35 - app - INFO - 下次日志清理时间: 2026-01-16 02:00:00
2026-01-15 16:31:35 - app - INFO - 跳过一次性执行任务: 测试
2026-01-15 16:31:35 - app - INFO - 启动Flask服务: http://0.0.0.0:8520
2026-01-15 16:31:35 - app - INFO - 跳过一次性执行任务: 小城大事
2026-01-15 16:31:35 - app - INFO - ✅ 生成完成，共创建 0 条待执行记录
2026-01-15 16:31:35 - app - INFO - 下次生成账期时间: 2026-01-16 00:00:00, 等待 26904 秒
2026-01-15 16:32:21 - app - INFO - 许可证管理器初始化完成,服务器: http://license.22l2.com
2026-01-15 16:32:21 - app - INFO - 初始化许可证管理器...
2026-01-15 16:32:23 - app - INFO - 解密密钥设置成功
2026-01-15 16:32:23 - app - INFO - 解密密钥获取成功
2026-01-15 16:32:23 - app - INFO - 解密密钥获取成功，配置已就绪
2026-01-15 16:32:23 - app - INFO - 配置解密成功
2026-01-15 16:32:23 - app - INFO - 夸克API配置加载成功
2026-01-15 16:32:23 - app - INFO - 夸克API配置加载完成
2026-01-15 16:32:23 - app - INFO - 检查数据库...
2026-01-15 16:32:23 - app - INFO - 数据库检查完成
2026-01-15 16:32:23 - app - INFO - 检查数据库迁移...
2026-01-15 16:32:23 - app - INFO - 数据库迁移检查完成
2026-01-15 16:32:23 - app - INFO - 清理异常中断的任务状态...
2026-01-15 16:32:23 - app - INFO - 升级管理器初始化完成
2026-01-15 16:32:23 - app - INFO - Flask应用创建成功
2026-01-15 16:32:23 - app - INFO - 静态文件目录: C:\Data\夸克转存\client\frontend
2026-01-15 16:32:23 - app - INFO - 启动任务调度服务...
2026-01-15 16:32:23 - app - INFO - 检查被中断的影视下载任务...
2026-01-15 16:32:23 - app - INFO - 没有需要恢复的影视下载任务
2026-01-15 16:32:23 - app - INFO - 账期生成循环已启动
2026-01-15 16:32:23 - app - INFO - 账期生成线程已启动
2026-01-15 16:32:23 - app - INFO - 开始生成 2026-01-15 的任务账期
2026-01-15 16:32:23 - app - INFO - 任务执行循环已启动
2026-01-15 16:32:23 - app - INFO - 任务执行线程已启动
2026-01-15 16:32:23 - app - INFO - 日志清理循环已启动
2026-01-15 16:32:23 - app - INFO - 日志清理线程已启动
2026-01-15 16:32:23 - app - INFO - 下次日志清理时间: 2026-01-16 02:00:00
2026-01-15 16:32:23 - app - INFO - 启动Flask服务: http://0.0.0.0:8520
2026-01-15 16:32:23 - app - INFO - 跳过一次性执行任务: 测试
2026-01-15 16:32:23 - app - INFO - 跳过一次性执行任务: 小城大事
2026-01-15 16:32:23 - app - INFO - ✅ 生成完成，共创建 0 条待执行记录
2026-01-15 16:32:23 - app - INFO - 下次生成账期时间: 2026-01-16 00:00:00, 等待 26857 秒
2026-01-15 16:38:24 - app - INFO - 189删除文件: file_ids=['313471368239733'], file_infos=None
2026-01-15 16:38:35 - app - ERROR - 删除189文件失败: Expecting value: line 1 column 1 (char 0)
Traceback (most recent call last):
  File "C:\Users\Administrator\AppData\Local\Programs\Python\Python38\lib\site-packages\requests\models.py", line 971, in json
    return complexjson.loads(self.text, **kwargs)
  File "C:\Users\Administrator\AppData\Local\Programs\Python\Python38\lib\json\__init__.py", line 357, in loads
    return _default_decoder.decode(s)
  File "C:\Users\Administrator\AppData\Local\Programs\Python\Python38\lib\json\decoder.py", line 337, in decode
    obj, end = self.raw_decode(s, idx=_w(s, 0).end())
  File "C:\Users\Administrator\AppData\Local\Programs\Python\Python38\lib\json\decoder.py", line 355, in raw_decode
    raise JSONDecodeError("Expecting value", s, err.value) from None
json.decoder.JSONDecodeError: Expecting value: line 1 column 1 (char 0)

During handling of the above exception, another exception occurred:

Traceback (most recent call last):
  File "C:\Data\夸克转存\client\backend\services\cloud189_service.py", line 310, in delete
    result = response.json()
  File "C:\Users\Administrator\AppData\Local\Programs\Python\Python38\lib\site-packages\requests\models.py", line 975, in json
    raise RequestsJSONDecodeError(e.msg, e.doc, e.pos)
requests.exceptions.JSONDecodeError: Expecting value: line 1 column 1 (char 0)
2026-01-15 16:38:35 - app - INFO - 删除操作返回: {'code': -1, 'message': '删除失败: Expecting value: line 1 column 1 (char 0)'}
2026-01-15 16:38:36 - app - INFO - 许可证管理器初始化完成,服务器: http://license.22l2.com
2026-01-15 16:38:36 - app - INFO - 初始化许可证管理器...
2026-01-15 16:38:37 - app - INFO - 解密密钥设置成功
2026-01-15 16:38:37 - app - INFO - 解密密钥获取成功
2026-01-15 16:38:37 - app - INFO - 解密密钥获取成功，配置已就绪
2026-01-15 16:38:37 - app - INFO - 配置解密成功
2026-01-15 16:38:37 - app - INFO - 夸克API配置加载成功
2026-01-15 16:38:37 - app - INFO - 夸克API配置加载完成
2026-01-15 16:38:37 - app - INFO - 检查数据库...
2026-01-15 16:38:37 - app - INFO - 数据库检查完成
2026-01-15 16:38:37 - app - INFO - 检查数据库迁移...
2026-01-15 16:38:37 - app - INFO - 数据库迁移检查完成
2026-01-15 16:38:37 - app - INFO - 清理异常中断的任务状态...
2026-01-15 16:38:37 - app - INFO - 升级管理器初始化完成
2026-01-15 16:38:37 - app - INFO - Flask应用创建成功
2026-01-15 16:38:37 - app - INFO - 静态文件目录: C:\Data\夸克转存\client\frontend
2026-01-15 16:38:37 - app - INFO - 启动任务调度服务...
2026-01-15 16:38:37 - app - INFO - 检查被中断的影视下载任务...
2026-01-15 16:38:37 - app - INFO - 没有需要恢复的影视下载任务
2026-01-15 16:38:37 - app - INFO - 账期生成循环已启动
2026-01-15 16:38:37 - app - INFO - 账期生成线程已启动
2026-01-15 16:38:37 - app - INFO - 开始生成 2026-01-15 的任务账期
2026-01-15 16:38:37 - app - INFO - 任务执行循环已启动
2026-01-15 16:38:37 - app - INFO - 任务执行线程已启动
2026-01-15 16:38:37 - app - INFO - 跳过一次性执行任务: 测试
2026-01-15 16:38:37 - app - INFO - 日志清理循环已启动
2026-01-15 16:38:37 - app - INFO - 日志清理线程已启动
2026-01-15 16:38:37 - app - INFO - 跳过一次性执行任务: 小城大事
2026-01-15 16:38:37 - app - INFO - 启动Flask服务: http://0.0.0.0:8520
2026-01-15 16:38:37 - app - INFO - 下次日志清理时间: 2026-01-16 02:00:00
2026-01-15 16:38:37 - app - INFO - ✅ 生成完成，共创建 0 条待执行记录
2026-01-15 16:38:37 - app - INFO - 下次生成账期时间: 2026-01-16 00:00:00, 等待 26482 秒
2026-01-15 16:39:26 - app - INFO - 许可证管理器初始化完成,服务器: http://license.22l2.com
2026-01-15 16:39:26 - app - INFO - 初始化许可证管理器...
2026-01-15 16:39:27 - app - INFO - 解密密钥设置成功
2026-01-15 16:39:27 - app - INFO - 解密密钥获取成功
2026-01-15 16:39:27 - app - INFO - 解密密钥获取成功，配置已就绪
2026-01-15 16:39:27 - app - INFO - 配置解密成功
2026-01-15 16:39:27 - app - INFO - 夸克API配置加载成功
2026-01-15 16:39:27 - app - INFO - 夸克API配置加载完成
2026-01-15 16:39:27 - app - INFO - 检查数据库...
2026-01-15 16:39:27 - app - INFO - 数据库检查完成
2026-01-15 16:39:27 - app - INFO - 检查数据库迁移...
2026-01-15 16:39:27 - app - INFO - 数据库迁移检查完成
2026-01-15 16:39:27 - app - INFO - 清理异常中断的任务状态...
2026-01-15 16:39:27 - app - INFO - 升级管理器初始化完成
2026-01-15 16:39:27 - app - INFO - Flask应用创建成功
2026-01-15 16:39:27 - app - INFO - 静态文件目录: C:\Data\夸克转存\client\frontend
2026-01-15 16:39:27 - app - INFO - 启动任务调度服务...
2026-01-15 16:39:27 - app - INFO - 检查被中断的影视下载任务...
2026-01-15 16:39:27 - app - INFO - 没有需要恢复的影视下载任务
2026-01-15 16:39:27 - app - INFO - 账期生成循环已启动
2026-01-15 16:39:27 - app - INFO - 账期生成线程已启动
2026-01-15 16:39:27 - app - INFO - 开始生成 2026-01-15 的任务账期
2026-01-15 16:39:27 - app - INFO - 任务执行循环已启动
2026-01-15 16:39:27 - app - INFO - 任务执行线程已启动
2026-01-15 16:39:27 - app - INFO - 日志清理循环已启动
2026-01-15 16:39:27 - app - INFO - 日志清理线程已启动
2026-01-15 16:39:27 - app - INFO - 下次日志清理时间: 2026-01-16 02:00:00
2026-01-15 16:39:27 - app - INFO - 启动Flask服务: http://0.0.0.0:8520
2026-01-15 16:39:27 - app - INFO - 跳过一次性执行任务: 测试
2026-01-15 16:39:27 - app - INFO - 跳过一次性执行任务: 小城大事
2026-01-15 16:39:27 - app - INFO - ✅ 生成完成，共创建 0 条待执行记录
2026-01-15 16:39:27 - app - INFO - 下次生成账期时间: 2026-01-16 00:00:00, 等待 26432 秒
2026-01-15 16:40:34 - app - INFO - 189删除文件: file_ids=['313471368239733'], file_infos=None
2026-01-15 16:40:46 - app - INFO - 189删除请求数据: {'type': 'DELETE', 'targetFolderId': '', 'taskInfos': '[{"fileId": "313471368239733", "fileName": "\\u7545\\u4eab\\u4e91\\u90ae\\uff0c\\u5929\\u7ffc\\u5e26\\u60a8\\u4f53\\u9a8c\\u4e91\\u7aef\\u7cbe\\u5f69.jpg", "isFolder": 0}]'}
2026-01-15 16:40:46 - app - INFO - 189删除响应状态码: 403
2026-01-15 16:40:46 - app - INFO - 189删除响应内容: <!DOCTYPE html>
<html lang="en">
<head>
    <meta charset="UTF-8">
    <meta name="viewport" content="width=device-width, initial-scale=1.0, initial-scale=1, minimum-scale=1, maximum-scale=1, user-scalable=no">
    <title>Access Denied</title>
    <style>
        * {
            margin: 0;
            padding: 0;
            box-sizing: border-box;
        }

        body {
            font-family: "Microsoft Yahei", Arial, Helvetica, sans-serif, sans-serif;
            font-size: 12px;
        
2026-01-15 16:40:46 - app - INFO - 删除操作返回: {'code': -1, 'message': '删除请求失败，状态码: 403'}
2026-01-15 16:45:00 - app - INFO - 189创建文件夹: name=测试, parent_id=-11
2026-01-15 16:45:05 - app - INFO - 189创建文件夹: name=测试, parent_id=-11
2026-01-15 16:45:12 - app - INFO - 189创建文件夹响应: {'res_code': 0, 'res_message': '成功', 'createDate': '2026-01-15 16:45:55', 'fileCata': 1, 'fileListSize': 0, 'id': 323911228907722297, 'lastOpTime': '2026-01-15 16:45:55', 'name': '测试', 'parentId': -11, 'rev': '20260115164555'}
2026-01-15 16:45:12 - app - INFO - 创建文件夹返回: {'code': 0, 'message': '创建成功', 'data': 323911228907722297}
2026-01-15 16:45:13 - app - INFO - 189创建文件夹响应: {'res_code': 0, 'res_message': '成功', 'createDate': '2026-01-15 16:45:56', 'fileCata': 1, 'fileListSize': 0, 'id': 323911228907722297, 'lastOpTime': '2026-01-15 16:45:56', 'name': '测试', 'parentId': -11, 'rev': '20260115164556'}
2026-01-15 16:45:13 - app - INFO - 创建文件夹返回: {'code': 0, 'message': '创建成功', 'data': 323911228907722297}
2026-01-15 16:45:47 - app - INFO - 189创建文件夹: name=123, parent_id=323911228907722300
2026-01-15 16:45:53 - app - INFO - 189创建文件夹响应: {'res_message': 'checkWriteRight() - operId = 314666615, appId = null, srcFileOwnerId=314666615, destBaseFileBO = null, has no right.', 'res_code': 'PermissionDenied'}
2026-01-15 16:45:53 - app - INFO - 创建文件夹返回: {'code': -1, 'message': 'checkWriteRight() - operId = 314666615, appId = null, srcFileOwnerId=314666615, destBaseFileBO = null, has no right.'}
2026-01-15 16:47:32 - app - INFO - 检查登录状态, session内容: {'_permanent': True, 'user_id': 1, 'username': 'admin'}, cookies: ImmutableMultiDict([('session', 'eyJfcGVybWFuZW50Ijp0cnVlLCJ1c2VyX2lkIjoxLCJ1c2VybmFtZSI6ImFkbWluIn0.aWippA.DAu4lHCOC5hfjGSZhGFyCSlJXJg')])
2026-01-15 16:47:32 - app - INFO - 检查登录状态, session内容: {'_permanent': True, 'user_id': 1, 'username': 'admin'}, cookies: ImmutableMultiDict([('session', 'eyJfcGVybWFuZW50Ijp0cnVlLCJ1c2VyX2lkIjoxLCJ1c2VybmFtZSI6ImFkbWluIn0.aWippA.DAu4lHCOC5hfjGSZhGFyCSlJXJg')])
2026-01-15 16:47:35 - app - INFO - 检查更新: 当前版本 2.1.4
2026-01-15 16:47:44 - app - INFO - 检查更新成功: {'has_update': False, 'message': '当前已是最新版本'}
2026-01-15 16:47:46 - app - INFO - 许可证管理器初始化完成,服务器: http://license.22l2.com
2026-01-15 16:47:46 - app - INFO - 初始化许可证管理器...
2026-01-15 16:47:47 - app - INFO - 解密密钥设置成功
2026-01-15 16:47:47 - app - INFO - 解密密钥获取成功
2026-01-15 16:47:47 - app - INFO - 解密密钥获取成功，配置已就绪
2026-01-15 16:47:47 - app - INFO - 配置解密成功
2026-01-15 16:47:47 - app - INFO - 夸克API配置加载成功
2026-01-15 16:47:47 - app - INFO - 夸克API配置加载完成
2026-01-15 16:47:47 - app - INFO - 检查数据库...
2026-01-15 16:47:47 - app - INFO - 数据库检查完成
2026-01-15 16:47:47 - app - INFO - 检查数据库迁移...
2026-01-15 16:47:47 - app - INFO - 数据库迁移检查完成
2026-01-15 16:47:47 - app - INFO - 清理异常中断的任务状态...
2026-01-15 16:47:47 - app - INFO - 升级管理器初始化完成
2026-01-15 16:47:47 - app - INFO - Flask应用创建成功
2026-01-15 16:47:47 - app - INFO - 静态文件目录: C:\Data\夸克转存\client\frontend
2026-01-15 16:47:47 - app - INFO - 启动任务调度服务...
2026-01-15 16:47:47 - app - INFO - 检查被中断的影视下载任务...
2026-01-15 16:47:47 - app - INFO - 没有需要恢复的影视下载任务
2026-01-15 16:47:47 - app - INFO - 账期生成循环已启动
2026-01-15 16:47:47 - app - INFO - 账期生成线程已启动
2026-01-15 16:47:47 - app - INFO - 开始生成 2026-01-15 的任务账期
2026-01-15 16:47:47 - app - INFO - 任务执行循环已启动
2026-01-15 16:47:47 - app - INFO - 任务执行线程已启动
2026-01-15 16:47:47 - app - INFO - 日志清理循环已启动
2026-01-15 16:47:47 - app - INFO - 日志清理线程已启动
2026-01-15 16:47:47 - app - INFO - 下次日志清理时间: 2026-01-16 02:00:00
2026-01-15 16:47:47 - app - INFO - 启动Flask服务: http://0.0.0.0:8520
2026-01-15 16:47:47 - app - INFO - 跳过一次性执行任务: 测试
2026-01-15 16:47:47 - app - INFO - 跳过一次性执行任务: 小城大事
2026-01-15 16:47:47 - app - INFO - ✅ 生成完成，共创建 0 条待执行记录
2026-01-15 16:47:47 - app - INFO - 下次生成账期时间: 2026-01-16 00:00:00, 等待 25932 秒
2026-01-15 16:53:02 - app - INFO - 许可证管理器初始化完成,服务器: http://license.22l2.com
2026-01-15 16:53:02 - app - INFO - 初始化许可证管理器...
2026-01-15 16:53:03 - app - INFO - 解密密钥设置成功
2026-01-15 16:53:03 - app - INFO - 解密密钥获取成功
2026-01-15 16:53:03 - app - INFO - 解密密钥获取成功，配置已就绪
2026-01-15 16:53:03 - app - INFO - 配置解密成功
2026-01-15 16:53:03 - app - INFO - 夸克API配置加载成功
2026-01-15 16:53:03 - app - INFO - 夸克API配置加载完成
2026-01-15 16:53:03 - app - INFO - 检查数据库...
2026-01-15 16:53:03 - app - INFO - 数据库检查完成
2026-01-15 16:53:03 - app - INFO - 检查数据库迁移...
2026-01-15 16:53:03 - app - INFO - 数据库迁移检查完成
2026-01-15 16:53:03 - app - INFO - 清理异常中断的任务状态...
2026-01-15 16:53:03 - app - INFO - 升级管理器初始化完成
2026-01-15 16:53:03 - app - INFO - Flask应用创建成功
2026-01-15 16:53:03 - app - INFO - 静态文件目录: C:\Data\夸克转存\client\frontend
2026-01-15 16:53:03 - app - INFO - 启动任务调度服务...
2026-01-15 16:53:03 - app - INFO - 检查被中断的影视下载任务...
2026-01-15 16:53:03 - app - INFO - 没有需要恢复的影视下载任务
2026-01-15 16:53:03 - app - INFO - 账期生成循环已启动
2026-01-15 16:53:03 - app - INFO - 账期生成线程已启动
2026-01-15 16:53:03 - app - INFO - 开始生成 2026-01-15 的任务账期
2026-01-15 16:53:03 - app - INFO - 任务执行循环已启动
2026-01-15 16:53:03 - app - INFO - 任务执行线程已启动
2026-01-15 16:53:03 - app - INFO - 日志清理循环已启动
2026-01-15 16:53:03 - app - INFO - 日志清理线程已启动
2026-01-15 16:53:03 - app - INFO - 下次日志清理时间: 2026-01-16 02:00:00
2026-01-15 16:53:03 - app - INFO - 跳过一次性执行任务: 测试
2026-01-15 16:53:03 - app - INFO - 启动Flask服务: http://0.0.0.0:8520
2026-01-15 16:53:03 - app - INFO - 跳过一次性执行任务: 小城大事
2026-01-15 16:53:03 - app - INFO - ✅ 生成完成，共创建 0 条待执行记录
2026-01-15 16:53:03 - app - INFO - 下次生成账期时间: 2026-01-16 00:00:00, 等待 25616 秒
2026-01-15 16:53:37 - app - INFO - 189获取文件列表请求: folder_id=-11, page=1, size=50
2026-01-15 16:53:48 - app - INFO - 189文件列表响应状态码: 200
2026-01-15 16:53:48 - app - INFO - 189文件列表获取成功: 文件夹11个, 文件2个
2026-01-15 16:56:07 - app - INFO - 189获取文件列表请求: folder_id=723891215675843700, page=1, size=50
2026-01-15 16:56:19 - app - INFO - 189文件列表响应状态码: 400
2026-01-15 16:56:19 - app - ERROR - 189文件列表请求失败，状态码: 400
2026-01-15 16:57:17 - app - INFO - 许可证管理器初始化完成,服务器: http://license.22l2.com
2026-01-15 16:57:18 - app - INFO - 初始化许可证管理器...
2026-01-15 16:57:19 - app - INFO - 解密密钥设置成功
2026-01-15 16:57:19 - app - INFO - 解密密钥获取成功
2026-01-15 16:57:19 - app - INFO - 解密密钥获取成功，配置已就绪
2026-01-15 16:57:19 - app - INFO - 配置解密成功
2026-01-15 16:57:19 - app - INFO - 夸克API配置加载成功
2026-01-15 16:57:19 - app - INFO - 夸克API配置加载完成
2026-01-15 16:57:19 - app - INFO - 检查数据库...
2026-01-15 16:57:19 - app - INFO - 数据库检查完成
2026-01-15 16:57:19 - app - INFO - 检查数据库迁移...
2026-01-15 16:57:19 - app - INFO - 数据库迁移检查完成
2026-01-15 16:57:19 - app - INFO - 清理异常中断的任务状态...
2026-01-15 16:57:19 - app - INFO - 升级管理器初始化完成
2026-01-15 16:57:19 - app - INFO - Flask应用创建成功
2026-01-15 16:57:19 - app - INFO - 静态文件目录: C:\Data\夸克转存\client\frontend
2026-01-15 16:57:19 - app - INFO - 启动任务调度服务...
2026-01-15 16:57:19 - app - INFO - 检查被中断的影视下载任务...
2026-01-15 16:57:19 - app - INFO - 没有需要恢复的影视下载任务
2026-01-15 16:57:19 - app - INFO - 账期生成循环已启动
2026-01-15 16:57:19 - app - INFO - 账期生成线程已启动
2026-01-15 16:57:19 - app - INFO - 开始生成 2026-01-15 的任务账期
2026-01-15 16:57:19 - app - INFO - 任务执行循环已启动
2026-01-15 16:57:19 - app - INFO - 任务执行线程已启动
2026-01-15 16:57:19 - app - INFO - 日志清理循环已启动
2026-01-15 16:57:19 - app - INFO - 日志清理线程已启动
2026-01-15 16:57:19 - app - INFO - 下次日志清理时间: 2026-01-16 02:00:00
2026-01-15 16:57:19 - app - INFO - 启动Flask服务: http://0.0.0.0:8520
2026-01-15 16:57:19 - app - INFO - 跳过一次性执行任务: 测试
2026-01-15 16:57:19 - app - INFO - 跳过一次性执行任务: 小城大事
2026-01-15 16:57:19 - app - INFO - ✅ 生成完成，共创建 0 条待执行记录
2026-01-15 16:57:19 - app - INFO - 下次生成账期时间: 2026-01-16 00:00:00, 等待 25360 秒
2026-01-15 16:57:52 - app - INFO - 189获取文件列表请求: folder_id=-11, page=1, size=50
2026-01-15 16:58:03 - app - INFO - 189文件列表响应状态码: 200
2026-01-15 16:58:03 - app - INFO - 189文件列表获取成功: 文件夹11个, 文件2个
2026-01-15 16:58:15 - app - INFO - 189获取文件列表请求: folder_id=723891215675843772, page=1, size=50
2026-01-15 16:58:26 - app - INFO - 189文件列表响应状态码: 200
2026-01-15 16:58:26 - app - INFO - 189文件列表获取成功: 文件夹1个, 文件0个
2026-01-15 16:58:31 - app - INFO - 189获取文件列表请求: folder_id=623461222601832604, page=1, size=50
2026-01-15 16:58:31 - app - INFO - 189文件列表响应状态码: 200
2026-01-15 16:58:31 - app - INFO - 189文件列表获取成功: 文件夹0个, 文件1个
2026-01-15 16:59:03 - app - INFO - 189获取文件列表请求: folder_id=-11, page=1, size=50
2026-01-15 16:59:14 - app - INFO - 189文件列表响应状态码: 200
2026-01-15 16:59:14 - app - INFO - 189文件列表获取成功: 文件夹11个, 文件2个
2026-01-15 16:59:17 - app - INFO - 189获取文件列表请求: folder_id=323911228907722297, page=1, size=50
2026-01-15 16:59:17 - app - INFO - 189文件列表响应状态码: 200
2026-01-15 16:59:17 - app - INFO - 189文件列表获取成功: 文件夹0个, 文件0个
2026-01-15 16:59:22 - app - INFO - 189创建文件夹: name=123, parent_id=323911228907722297
2026-01-15 16:59:28 - app - INFO - 189创建文件夹响应: {'res_code': 0, 'res_message': '成功', 'createDate': '2026-01-15 17:00:12', 'fileCata': 1, 'fileListSize': 0, 'id': 723911228907722324, 'lastOpTime': '2026-01-15 17:00:12', 'name': '123', 'parentId': 323911228907722297, 'rev': '20260115170012'}
2026-01-15 16:59:28 - app - INFO - 创建文件夹返回: {'code': 0, 'message': '创建成功', 'data': 723911228907722324}
2026-01-15 16:59:29 - app - INFO - 189获取文件列表请求: folder_id=323911228907722297, page=1, size=50
2026-01-15 16:59:29 - app - INFO - 189文件列表响应状态码: 200
2026-01-15 16:59:29 - app - INFO - 189文件列表获取成功: 文件夹1个, 文件0个
2026-01-15 16:59:34 - app - INFO - 189删除文件: file_ids=['723911228907722324'], file_infos=[{'name': '123', 'isFolder': True}]
2026-01-15 16:59:34 - app - INFO - 189删除请求数据: {'type': 'DELETE', 'targetFolderId': '', 'taskInfos': '[{"fileId": "723911228907722324", "fileName": "123", "isFolder": 1}]'}
2026-01-15 16:59:40 - app - INFO - 189删除响应状态码: 200
2026-01-15 16:59:40 - app - INFO - 189删除响应内容: {"res_code": 0, "res_message": "成功","taskId":"202601151700243125"}

2026-01-15 16:59:40 - app - INFO - 189删除响应: {'res_code': 0, 'res_message': '成功', 'taskId': '202601151700243125'}
2026-01-15 16:59:41 - app - INFO - 删除操作返回: {'code': 0, 'message': '删除成功'}
2026-01-15 16:59:41 - app - INFO - 189获取文件列表请求: folder_id=323911228907722297, page=1, size=50
2026-01-15 16:59:41 - app - INFO - 189文件列表响应状态码: 200
2026-01-15 16:59:41 - app - INFO - 189文件列表获取成功: 文件夹0个, 文件0个
2026-01-15 16:59:47 - app - INFO - 189获取文件列表请求: folder_id=-11, page=1, size=50
2026-01-15 16:59:49 - app - INFO - 许可证管理器初始化完成,服务器: http://license.22l2.com
2026-01-15 16:59:49 - app - INFO - 初始化许可证管理器...
2026-01-15 16:59:51 - app - INFO - 解密密钥设置成功
2026-01-15 16:59:51 - app - INFO - 解密密钥获取成功
2026-01-15 16:59:51 - app - INFO - 解密密钥获取成功，配置已就绪
2026-01-15 16:59:51 - app - INFO - 配置解密成功
2026-01-15 16:59:51 - app - INFO - 夸克API配置加载成功
2026-01-15 16:59:51 - app - INFO - 夸克API配置加载完成
2026-01-15 16:59:51 - app - INFO - 检查数据库...
2026-01-15 16:59:51 - app - INFO - 数据库检查完成
2026-01-15 16:59:51 - app - INFO - 检查数据库迁移...
2026-01-15 16:59:51 - app - INFO - 数据库迁移检查完成
2026-01-15 16:59:51 - app - INFO - 清理异常中断的任务状态...
2026-01-15 16:59:51 - app - INFO - 升级管理器初始化完成
2026-01-15 16:59:51 - app - INFO - Flask应用创建成功
2026-01-15 16:59:51 - app - INFO - 静态文件目录: C:\Data\夸克转存\client\frontend
2026-01-15 16:59:51 - app - INFO - 启动任务调度服务...
2026-01-15 16:59:51 - app - INFO - 检查被中断的影视下载任务...
2026-01-15 16:59:51 - app - INFO - 没有需要恢复的影视下载任务
2026-01-15 16:59:51 - app - INFO - 账期生成循环已启动
2026-01-15 16:59:51 - app - INFO - 账期生成线程已启动
2026-01-15 16:59:51 - app - INFO - 开始生成 2026-01-15 的任务账期
2026-01-15 16:59:51 - app - INFO - 跳过一次性执行任务: 测试
2026-01-15 16:59:51 - app - INFO - 任务执行循环已启动
2026-01-15 16:59:51 - app - INFO - 任务执行线程已启动
2026-01-15 16:59:51 - app - INFO - 跳过一次性执行任务: 小城大事
2026-01-15 16:59:51 - app - INFO - ✅ 生成完成，共创建 0 条待执行记录
2026-01-15 16:59:51 - app - INFO - 日志清理循环已启动
2026-01-15 16:59:51 - app - INFO - 日志清理线程已启动
2026-01-15 16:59:51 - app - INFO - 下次生成账期时间: 2026-01-16 00:00:00, 等待 25208 秒
2026-01-15 16:59:51 - app - INFO - 下次日志清理时间: 2026-01-16 02:00:00
2026-01-15 16:59:51 - app - INFO - 启动Flask服务: http://0.0.0.0:8520
2026-01-15 17:00:22 - app - INFO - 189获取文件列表请求: folder_id=-11, page=1, size=50
2026-01-15 17:00:33 - app - INFO - 189文件列表响应状态码: 200
2026-01-15 17:00:33 - app - INFO - 189文件列表获取成功: 文件夹11个, 文件2个
2026-01-15 17:00:44 - app - INFO - 189创建分享: file_ids=['323911228907722297'], expire_days=7, need_password=False
2026-01-15 17:00:44 - app - INFO - 189分享请求数据: {'fileIdList': '323911228907722297', 'expireTime': 1769072444902, 'withAccessCode': 0}
2026-01-15 17:00:56 - app - INFO - 189分享响应状态码: 400
2026-01-15 17:00:56 - app - INFO - 189分享响应内容: {"code":"InternalError","message":"系统错误"}
2026-01-15 17:03:01 - app - INFO - 许可证管理器初始化完成,服务器: http://license.22l2.com
2026-01-15 17:03:01 - app - INFO - 初始化许可证管理器...
2026-01-15 17:03:02 - app - INFO - 解密密钥设置成功
2026-01-15 17:03:02 - app - INFO - 解密密钥获取成功
2026-01-15 17:03:02 - app - INFO - 解密密钥获取成功，配置已就绪
2026-01-15 17:03:02 - app - INFO - 配置解密成功
2026-01-15 17:03:02 - app - INFO - 夸克API配置加载成功
2026-01-15 17:03:02 - app - INFO - 夸克API配置加载完成
2026-01-15 17:03:02 - app - INFO - 检查数据库...
2026-01-15 17:03:02 - app - INFO - 数据库检查完成
2026-01-15 17:03:02 - app - INFO - 检查数据库迁移...
2026-01-15 17:03:02 - app - INFO - 数据库迁移检查完成
2026-01-15 17:03:02 - app - INFO - 清理异常中断的任务状态...
2026-01-15 17:03:02 - app - INFO - 升级管理器初始化完成
2026-01-15 17:03:02 - app - INFO - Flask应用创建成功
2026-01-15 17:03:02 - app - INFO - 静态文件目录: C:\Data\夸克转存\client\frontend
2026-01-15 17:03:02 - app - INFO - 启动任务调度服务...
2026-01-15 17:03:02 - app - INFO - 检查被中断的影视下载任务...
2026-01-15 17:03:02 - app - INFO - 没有需要恢复的影视下载任务
2026-01-15 17:03:02 - app - INFO - 账期生成循环已启动
2026-01-15 17:03:02 - app - INFO - 账期生成线程已启动
2026-01-15 17:03:02 - app - INFO - 开始生成 2026-01-15 的任务账期
2026-01-15 17:03:02 - app - INFO - 任务执行循环已启动
2026-01-15 17:03:02 - app - INFO - 任务执行线程已启动
2026-01-15 17:03:02 - app - INFO - 日志清理循环已启动
2026-01-15 17:03:02 - app - INFO - 日志清理线程已启动
2026-01-15 17:03:02 - app - INFO - 下次日志清理时间: 2026-01-16 02:00:00
2026-01-15 17:03:02 - app - INFO - 跳过一次性执行任务: 测试
2026-01-15 17:03:02 - app - INFO - 启动Flask服务: http://0.0.0.0:8520
2026-01-15 17:03:02 - app - INFO - 跳过一次性执行任务: 小城大事
2026-01-15 17:03:02 - app - INFO - ✅ 生成完成，共创建 0 条待执行记录
2026-01-15 17:03:02 - app - INFO - 下次生成账期时间: 2026-01-16 00:00:00, 等待 25017 秒
2026-01-15 17:04:00 - app - INFO - 189创建分享: file_ids=['323911228907722297'], expire_days=7, need_password=False
2026-01-15 17:04:00 - app - INFO - 189分享请求数据: {'fileId': '323911228907722297', 'expireTime': 2, 'shareType': 1}
2026-01-15 17:04:12 - app - INFO - 189分享响应状态码: 200
2026-01-15 17:04:12 - app - INFO - 189分享响应内容: {"res_code": 0, "res_message": "成功","shareLinkList":[{"accessCode":"o5jt","accessUrl":"https://cloud.189.cn/t/MjIZnuUzABfa","fileId":323911228907722297,"shareId":12393119526487,"url":"https://cloud.189.cn/t/MjIZnuUzABfa"}]}

2026-01-15 17:04:12 - app - INFO - 189分享响应: {'res_code': 0, 'res_message': '成功', 'shareLinkList': [{'accessCode': 'o5jt', 'accessUrl': 'https://cloud.189.cn/t/MjIZnuUzABfa', 'fileId': 323911228907722297, 'shareId': 12393119526487, 'url': 'https://cloud.189.cn/t/MjIZnuUzABfa'}]}
2026-01-15 17:05:54 - app - INFO - 许可证管理器初始化完成,服务器: http://license.22l2.com
2026-01-15 17:05:54 - app - INFO - 初始化许可证管理器...
2026-01-15 17:05:56 - app - INFO - 解密密钥设置成功
2026-01-15 17:05:56 - app - INFO - 解密密钥获取成功
2026-01-15 17:05:56 - app - INFO - 解密密钥获取成功，配置已就绪
2026-01-15 17:05:56 - app - INFO - 配置解密成功
2026-01-15 17:05:56 - app - INFO - 夸克API配置加载成功
2026-01-15 17:05:56 - app - INFO - 夸克API配置加载完成
2026-01-15 17:05:56 - app - INFO - 检查数据库...
2026-01-15 17:05:56 - app - INFO - 数据库检查完成
2026-01-15 17:05:56 - app - INFO - 检查数据库迁移...
2026-01-15 17:05:56 - app - INFO - 数据库迁移检查完成
2026-01-15 17:05:56 - app - INFO - 清理异常中断的任务状态...
2026-01-15 17:05:56 - app - INFO - 升级管理器初始化完成
2026-01-15 17:05:56 - app - INFO - Flask应用创建成功
2026-01-15 17:05:56 - app - INFO - 静态文件目录: C:\Data\夸克转存\client\frontend
2026-01-15 17:05:56 - app - INFO - 启动任务调度服务...
2026-01-15 17:05:56 - app - INFO - 检查被中断的影视下载任务...
2026-01-15 17:05:56 - app - INFO - 没有需要恢复的影视下载任务
2026-01-15 17:05:56 - app - INFO - 账期生成循环已启动
2026-01-15 17:05:56 - app - INFO - 账期生成线程已启动
2026-01-15 17:05:56 - app - INFO - 开始生成 2026-01-15 的任务账期
2026-01-15 17:05:56 - app - INFO - 任务执行循环已启动
2026-01-15 17:05:56 - app - INFO - 任务执行线程已启动
2026-01-15 17:05:56 - app - INFO - 日志清理循环已启动
2026-01-15 17:05:56 - app - INFO - 下次日志清理时间: 2026-01-16 02:00:00
2026-01-15 17:05:56 - app - INFO - 日志清理线程已启动
2026-01-15 17:05:56 - app - INFO - 跳过一次性执行任务: 测试
2026-01-15 17:05:56 - app - INFO - 启动Flask服务: http://0.0.0.0:8520
2026-01-15 17:05:56 - app - INFO - 跳过一次性执行任务: 小城大事
2026-01-15 17:05:56 - app - INFO - ✅ 生成完成，共创建 0 条待执行记录
2026-01-15 17:05:56 - app - INFO - 下次生成账期时间: 2026-01-16 00:00:00, 等待 24843 秒
2026-01-15 17:07:18 - app - INFO - 189创建分享: file_ids=['323911228907722297'], expire_days=7, need_password=False
2026-01-15 17:07:18 - app - INFO - 189分享请求数据: {'fileId': '323911228907722297', 'expireTime': 2, 'shareType': 1}
2026-01-15 17:07:29 - app - INFO - 189分享响应状态码: 200
2026-01-15 17:07:29 - app - INFO - 189分享响应内容: {"res_code": 0, "res_message": "成功","shareLinkList":[{"accessCode":"ybr0","accessUrl":"https://cloud.189.cn/t/aa2myibmq6Fb","fileId":323911228907722297,"shareId":12518119526760,"url":"https://cloud.189.cn/t/aa2myibmq6Fb"}]}

2026-01-15 17:07:29 - app - INFO - 189分享响应: {'res_code': 0, 'res_message': '成功', 'shareLinkList': [{'accessCode': 'ybr0', 'accessUrl': 'https://cloud.189.cn/t/aa2myibmq6Fb', 'fileId': 323911228907722297, 'shareId': 12518119526760, 'url': 'https://cloud.189.cn/t/aa2myibmq6Fb'}]}
2026-01-15 17:09:30 - app - ERROR - 搜索失败: 502 Server Error: Bad Gateway for url: http://192.168.0.111:8383/api/search?kw=%E9%9C%87%E8%80%B3%E6%AC%B2%E8%81%8B&res=merge&src=all
2026-01-15 17:09:30 - app - ERROR - 搜索资源失败: 搜索失败: 502 Server Error: Bad Gateway for url: http://192.168.0.111:8383/api/search?kw=%E9%9C%87%E8%80%B3%E6%AC%B2%E8%81%8B&res=merge&src=all
2026-01-15 17:09:55 - app - ERROR - 获取今日统计失败: no such table: daily_usage_stats
2026-01-15 17:19:58 - app - INFO - 许可证管理器初始化完成,服务器: http://license.22l2.com
2026-01-15 17:19:58 - app - INFO - 初始化许可证管理器...
2026-01-15 17:20:00 - app - INFO - 解密密钥设置成功
2026-01-15 17:20:00 - app - INFO - 解密密钥获取成功
2026-01-15 17:20:00 - app - INFO - 解密密钥获取成功，配置已就绪
2026-01-15 17:20:00 - app - INFO - 配置解密成功
2026-01-15 17:20:00 - app - INFO - 夸克API配置加载成功
2026-01-15 17:20:00 - app - INFO - 夸克API配置加载完成
2026-01-15 17:20:00 - app - INFO - 检查数据库...
2026-01-15 17:20:00 - app - INFO - 数据库检查完成
2026-01-15 17:20:00 - app - INFO - 检查数据库迁移...
2026-01-15 17:20:00 - app - INFO - 数据库迁移检查完成
2026-01-15 17:20:00 - app - INFO - 清理异常中断的任务状态...
2026-01-15 17:20:00 - app - INFO - 升级管理器初始化完成
2026-01-15 17:20:00 - app - INFO - Flask应用创建成功
2026-01-15 17:20:00 - app - INFO - 静态文件目录: C:\Data\夸克转存\client\frontend
2026-01-15 17:20:00 - app - INFO - 启动任务调度服务...
2026-01-15 17:20:00 - app - INFO - 检查被中断的影视下载任务...
2026-01-15 17:20:00 - app - INFO - 没有需要恢复的影视下载任务
2026-01-15 17:20:00 - app - INFO - 账期生成循环已启动
2026-01-15 17:20:00 - app - INFO - 账期生成线程已启动
2026-01-15 17:20:00 - app - INFO - 开始生成 2026-01-15 的任务账期
2026-01-15 17:20:00 - app - INFO - 任务执行循环已启动
2026-01-15 17:20:00 - app - INFO - 任务执行线程已启动
2026-01-15 17:20:00 - app - INFO - 日志清理循环已启动
2026-01-15 17:20:00 - app - INFO - 日志清理线程已启动
2026-01-15 17:20:00 - app - INFO - 下次日志清理时间: 2026-01-16 02:00:00
2026-01-15 17:20:00 - app - INFO - 启动Flask服务: http://0.0.0.0:8520
2026-01-15 17:20:00 - app - INFO - 跳过一次性执行任务: 测试
2026-01-15 17:20:00 - app - INFO - 跳过一次性执行任务: 小城大事
2026-01-15 17:20:00 - app - INFO - ✅ 生成完成，共创建 0 条待执行记录
2026-01-15 17:20:00 - app - INFO - 下次生成账期时间: 2026-01-16 00:00:00, 等待 24000 秒
2026-01-15 17:25:02 - app - INFO - 许可证管理器初始化完成,服务器: http://license.22l2.com
2026-01-15 17:25:02 - app - INFO - 初始化许可证管理器...
2026-01-15 17:25:04 - app - INFO - 解密密钥设置成功
2026-01-15 17:25:04 - app - INFO - 解密密钥获取成功
2026-01-15 17:25:04 - app - INFO - 解密密钥获取成功，配置已就绪
2026-01-15 17:25:04 - app - INFO - 配置解密成功
2026-01-15 17:25:04 - app - INFO - 夸克API配置加载成功
2026-01-15 17:25:04 - app - INFO - 夸克API配置加载完成
2026-01-15 17:25:04 - app - INFO - 检查数据库...
2026-01-15 17:25:04 - app - INFO - 数据库检查完成
2026-01-15 17:25:04 - app - INFO - 检查数据库迁移...
2026-01-15 17:25:04 - app - INFO - 数据库迁移检查完成
2026-01-15 17:25:04 - app - INFO - 清理异常中断的任务状态...
2026-01-15 17:25:04 - app - INFO - 升级管理器初始化完成
2026-01-15 17:25:04 - app - INFO - Flask应用创建成功
2026-01-15 17:25:04 - app - INFO - 静态文件目录: C:\Data\夸克转存\client\frontend
2026-01-15 17:25:04 - app - INFO - 启动任务调度服务...
2026-01-15 17:25:04 - app - INFO - 检查被中断的影视下载任务...
2026-01-15 17:25:04 - app - INFO - 没有需要恢复的影视下载任务
2026-01-15 17:25:04 - app - INFO - 账期生成循环已启动
2026-01-15 17:25:04 - app - INFO - 账期生成线程已启动
2026-01-15 17:25:04 - app - INFO - 开始生成 2026-01-15 的任务账期
2026-01-15 17:25:04 - app - INFO - 任务执行循环已启动
2026-01-15 17:25:04 - app - INFO - 任务执行线程已启动
2026-01-15 17:25:04 - app - INFO - 日志清理循环已启动
2026-01-15 17:25:04 - app - INFO - 日志清理线程已启动
2026-01-15 17:25:04 - app - INFO - 下次日志清理时间: 2026-01-16 02:00:00
2026-01-15 17:25:04 - app - INFO - 跳过一次性执行任务: 测试
2026-01-15 17:25:04 - app - INFO - 启动Flask服务: http://0.0.0.0:8520
2026-01-15 17:25:04 - app - INFO - 跳过一次性执行任务: 小城大事
2026-01-15 17:25:04 - app - INFO - ✅ 生成完成，共创建 0 条待执行记录
2026-01-15 17:25:04 - app - INFO - 下次生成账期时间: 2026-01-16 00:00:00, 等待 23695 秒
2026-01-15 17:25:23 - app - INFO - 许可证管理器初始化完成,服务器: http://license.22l2.com
2026-01-15 17:25:23 - app - INFO - 初始化许可证管理器...
2026-01-15 17:25:24 - app - INFO - 解密密钥设置成功
2026-01-15 17:25:24 - app - INFO - 解密密钥获取成功
2026-01-15 17:25:24 - app - INFO - 解密密钥获取成功，配置已就绪
2026-01-15 17:25:24 - app - INFO - 配置解密成功
2026-01-15 17:25:24 - app - INFO - 夸克API配置加载成功
2026-01-15 17:25:24 - app - INFO - 夸克API配置加载完成
2026-01-15 17:25:24 - app - INFO - 检查数据库...
2026-01-15 17:25:24 - app - INFO - 数据库检查完成
2026-01-15 17:25:24 - app - INFO - 检查数据库迁移...
2026-01-15 17:25:24 - app - INFO - 数据库迁移检查完成
2026-01-15 17:25:24 - app - INFO - 清理异常中断的任务状态...
2026-01-15 17:25:25 - app - INFO - 升级管理器初始化完成
2026-01-15 17:25:25 - app - INFO - Flask应用创建成功
2026-01-15 17:25:25 - app - INFO - 静态文件目录: C:\Data\夸克转存\client\frontend
2026-01-15 17:25:25 - app - INFO - 启动任务调度服务...
2026-01-15 17:25:25 - app - INFO - 检查被中断的影视下载任务...
2026-01-15 17:25:25 - app - INFO - 没有需要恢复的影视下载任务
2026-01-15 17:25:25 - app - INFO - 账期生成循环已启动
2026-01-15 17:25:25 - app - INFO - 账期生成线程已启动
2026-01-15 17:25:25 - app - INFO - 开始生成 2026-01-15 的任务账期
2026-01-15 17:25:25 - app - INFO - 任务执行循环已启动
2026-01-15 17:25:25 - app - INFO - 任务执行线程已启动
2026-01-15 17:25:25 - app - INFO - 日志清理循环已启动
2026-01-15 17:25:25 - app - INFO - 日志清理线程已启动
2026-01-15 17:25:25 - app - INFO - 下次日志清理时间: 2026-01-16 02:00:00
2026-01-15 17:25:25 - app - INFO - 跳过一次性执行任务: 测试
2026-01-15 17:25:25 - app - INFO - 启动Flask服务: http://0.0.0.0:8520
2026-01-15 17:25:25 - app - INFO - 跳过一次性执行任务: 小城大事
2026-01-15 17:25:25 - app - INFO - ✅ 生成完成，共创建 0 条待执行记录
2026-01-15 17:25:25 - app - INFO - 下次生成账期时间: 2026-01-16 00:00:00, 等待 23675 秒
2026-01-15 17:25:43 - app - INFO - 许可证管理器初始化完成,服务器: http://license.22l2.com
2026-01-15 17:25:43 - app - INFO - 初始化许可证管理器...
2026-01-15 17:25:44 - app - INFO - 解密密钥设置成功
2026-01-15 17:25:44 - app - INFO - 解密密钥获取成功
2026-01-15 17:25:44 - app - INFO - 解密密钥获取成功，配置已就绪
2026-01-15 17:25:44 - app - INFO - 配置解密成功
2026-01-15 17:25:44 - app - INFO - 夸克API配置加载成功
2026-01-15 17:25:44 - app - INFO - 夸克API配置加载完成
2026-01-15 17:25:44 - app - INFO - 检查数据库...
2026-01-15 17:25:44 - app - INFO - 数据库检查完成
2026-01-15 17:25:44 - app - INFO - 检查数据库迁移...
2026-01-15 17:25:44 - app - INFO - 数据库迁移检查完成
2026-01-15 17:25:44 - app - INFO - 清理异常中断的任务状态...
2026-01-15 17:25:44 - app - INFO - 升级管理器初始化完成
2026-01-15 17:25:44 - app - INFO - Flask应用创建成功
2026-01-15 17:25:44 - app - INFO - 静态文件目录: C:\Data\夸克转存\client\frontend
2026-01-15 17:25:44 - app - INFO - 启动任务调度服务...
2026-01-15 17:25:44 - app - INFO - 检查被中断的影视下载任务...
2026-01-15 17:25:44 - app - INFO - 没有需要恢复的影视下载任务
2026-01-15 17:25:44 - app - INFO - 账期生成循环已启动
2026-01-15 17:25:44 - app - INFO - 账期生成线程已启动
2026-01-15 17:25:44 - app - INFO - 开始生成 2026-01-15 的任务账期
2026-01-15 17:25:44 - app - INFO - 任务执行循环已启动
2026-01-15 17:25:44 - app - INFO - 任务执行线程已启动
2026-01-15 17:25:44 - app - INFO - 日志清理循环已启动
2026-01-15 17:25:44 - app - INFO - 日志清理线程已启动
2026-01-15 17:25:44 - app - INFO - 下次日志清理时间: 2026-01-16 02:00:00
2026-01-15 17:25:44 - app - INFO - 启动Flask服务: http://0.0.0.0:8520
2026-01-15 17:25:44 - app - INFO - 跳过一次性执行任务: 测试
2026-01-15 17:25:44 - app - INFO - 跳过一次性执行任务: 小城大事
2026-01-15 17:25:44 - app - INFO - ✅ 生成完成，共创建 0 条待执行记录
2026-01-15 17:25:44 - app - INFO - 下次生成账期时间: 2026-01-16 00:00:00, 等待 23655 秒
2026-01-15 17:26:03 - app - INFO - 许可证管理器初始化完成,服务器: http://license.22l2.com
2026-01-15 17:26:03 - app - INFO - 初始化许可证管理器...
2026-01-15 17:26:05 - app - INFO - 解密密钥设置成功
2026-01-15 17:26:05 - app - INFO - 解密密钥获取成功
2026-01-15 17:26:05 - app - INFO - 解密密钥获取成功，配置已就绪
2026-01-15 17:26:05 - app - INFO - 配置解密成功
2026-01-15 17:26:05 - app - INFO - 夸克API配置加载成功
2026-01-15 17:26:05 - app - INFO - 夸克API配置加载完成
2026-01-15 17:26:05 - app - INFO - 检查数据库...
2026-01-15 17:26:05 - app - INFO - 数据库检查完成
2026-01-15 17:26:05 - app - INFO - 检查数据库迁移...
2026-01-15 17:26:05 - app - INFO - 数据库迁移检查完成
2026-01-15 17:26:05 - app - INFO - 清理异常中断的任务状态...
2026-01-15 17:26:05 - app - INFO - 升级管理器初始化完成
2026-01-15 17:26:05 - app - INFO - Flask应用创建成功
2026-01-15 17:26:05 - app - INFO - 静态文件目录: C:\Data\夸克转存\client\frontend
2026-01-15 17:26:05 - app - INFO - 启动任务调度服务...
2026-01-15 17:26:05 - app - INFO - 检查被中断的影视下载任务...
2026-01-15 17:26:05 - app - INFO - 没有需要恢复的影视下载任务
2026-01-15 17:26:05 - app - INFO - 账期生成循环已启动
2026-01-15 17:26:05 - app - INFO - 账期生成线程已启动
2026-01-15 17:26:05 - app - INFO - 开始生成 2026-01-15 的任务账期
2026-01-15 17:26:05 - app - INFO - 任务执行循环已启动
2026-01-15 17:26:05 - app - INFO - 任务执行线程已启动
2026-01-15 17:26:05 - app - INFO - 日志清理循环已启动
2026-01-15 17:26:05 - app - INFO - 日志清理线程已启动
2026-01-15 17:26:05 - app - INFO - 下次日志清理时间: 2026-01-16 02:00:00
2026-01-15 17:26:05 - app - INFO - 启动Flask服务: http://0.0.0.0:8520
2026-01-15 17:26:05 - app - INFO - 跳过一次性执行任务: 测试
2026-01-15 17:26:05 - app - INFO - 跳过一次性执行任务: 小城大事
2026-01-15 17:26:05 - app - INFO - ✅ 生成完成，共创建 0 条待执行记录
2026-01-15 17:26:05 - app - INFO - 下次生成账期时间: 2026-01-16 00:00:00, 等待 23634 秒
2026-01-15 17:26:58 - app - INFO - 浏览分享文件请求: url=https://h5.cloud.189.cn/share.html#/t/JV3Y3mZreqmi, pdir_fid=0, account_id=2
2026-01-15 17:26:58 - app - INFO - 账号云盘类型: cloud189
2026-01-15 17:26:58 - app - INFO - 解析天翼分享链接: url=https://h5.cloud.189.cn/share.html#/t/JV3Y3mZreqmi, share_code=JV3Y3mZreqmi, access_code=
2026-01-15 17:26:58 - app - INFO - 解析结果: share_code=JV3Y3mZreqmi, access_code=
2026-01-15 17:26:58 - app - INFO - 获取分享信息: share_code=JV3Y3mZreqmi
2026-01-15 17:27:09 - app - INFO - 分享信息响应: {'res_code': 0, 'res_message': '成功', 'accessCode': '', 'creator': {'iconURL': 'https://preview.cloud.189.cn/image/imageAction?param=F03B8B8DAD4109C1F340FF48CC92D1C91A17D9DC0A0ACD7956897C2566EB07A4B22AAA2727179CBA0E901B3052B64BAB411F9F6BB7C7E3FC72319AAC90B2C920076802FF2480F7E103DB35BD6B0DA8BA6F049F7A2478E705F84EB86EBA217F2E70CA7B91A7C7616417F7EB8478B7740A', 'nickName': '-', 'oper': False, 'ownerAccount': '153****6720@189.cn', 'superVip': 200, 'vip': 0}, 'expireTime': 0, 'expireType': 0, 'fileCreateDate': '2026-01-15 00:09:35', 'fileId': '323421229629570696', 'fileLastOpTime': '2026-01-15 00:29:11', 'fileName': '不良医生！ (2026)', 'fileSize': 0, 'fileType': '', 'isFolder': True, 'needAccessCode': 1, 'reviewStatus': 1, 'shareDate': 1768406975000, 'shareId': 12547119517682, 'shareMode': 3, 'shareType': 1}
2026-01-15 17:27:09 - app - INFO - 分享ID: 12547119517682, 分享模式: 3
2026-01-15 17:28:05 - app - INFO - 许可证管理器初始化完成,服务器: http://license.22l2.com
2026-01-15 17:28:05 - app - INFO - 初始化许可证管理器...
2026-01-15 17:28:06 - app - INFO - 解密密钥设置成功
2026-01-15 17:28:06 - app - INFO - 解密密钥获取成功
2026-01-15 17:28:06 - app - INFO - 解密密钥获取成功，配置已就绪
2026-01-15 17:28:06 - app - INFO - 配置解密成功
2026-01-15 17:28:06 - app - INFO - 夸克API配置加载成功
2026-01-15 17:28:06 - app - INFO - 夸克API配置加载完成
2026-01-15 17:28:06 - app - INFO - 检查数据库...
2026-01-15 17:28:06 - app - INFO - 数据库检查完成
2026-01-15 17:28:06 - app - INFO - 检查数据库迁移...
2026-01-15 17:28:06 - app - INFO - 数据库迁移检查完成
2026-01-15 17:28:06 - app - INFO - 清理异常中断的任务状态...
2026-01-15 17:28:06 - app - INFO - 升级管理器初始化完成
2026-01-15 17:28:06 - app - INFO - Flask应用创建成功
2026-01-15 17:28:06 - app - INFO - 静态文件目录: C:\Data\夸克转存\client\frontend
2026-01-15 17:28:06 - app - INFO - 启动任务调度服务...
2026-01-15 17:28:06 - app - INFO - 检查被中断的影视下载任务...
2026-01-15 17:28:06 - app - INFO - 没有需要恢复的影视下载任务
2026-01-15 17:28:06 - app - INFO - 账期生成循环已启动
2026-01-15 17:28:06 - app - INFO - 账期生成线程已启动
2026-01-15 17:28:06 - app - INFO - 开始生成 2026-01-15 的任务账期
2026-01-15 17:28:06 - app - INFO - 任务执行循环已启动
2026-01-15 17:28:06 - app - INFO - 任务执行线程已启动
2026-01-15 17:28:06 - app - INFO - 日志清理循环已启动
2026-01-15 17:28:06 - app - INFO - 日志清理线程已启动
2026-01-15 17:28:06 - app - INFO - 下次日志清理时间: 2026-01-16 02:00:00
2026-01-15 17:28:06 - app - INFO - 启动Flask服务: http://0.0.0.0:8520
2026-01-15 17:28:06 - app - INFO - 跳过一次性执行任务: 测试
2026-01-15 17:28:06 - app - INFO - 跳过一次性执行任务: 小城大事
2026-01-15 17:28:06 - app - INFO - ✅ 生成完成，共创建 0 条待执行记录
2026-01-15 17:28:06 - app - INFO - 下次生成账期时间: 2026-01-16 00:00:00, 等待 23513 秒
2026-01-15 17:28:26 - app - INFO - 许可证管理器初始化完成,服务器: http://license.22l2.com
2026-01-15 17:28:26 - app - INFO - 初始化许可证管理器...
2026-01-15 17:28:27 - app - INFO - 解密密钥设置成功
2026-01-15 17:28:27 - app - INFO - 解密密钥获取成功
2026-01-15 17:28:27 - app - INFO - 解密密钥获取成功，配置已就绪
2026-01-15 17:28:27 - app - INFO - 配置解密成功
2026-01-15 17:28:27 - app - INFO - 夸克API配置加载成功
2026-01-15 17:28:27 - app - INFO - 夸克API配置加载完成
2026-01-15 17:28:27 - app - INFO - 检查数据库...
2026-01-15 17:28:27 - app - INFO - 数据库检查完成
2026-01-15 17:28:27 - app - INFO - 检查数据库迁移...
2026-01-15 17:28:27 - app - INFO - 数据库迁移检查完成
2026-01-15 17:28:27 - app - INFO - 清理异常中断的任务状态...
2026-01-15 17:28:27 - app - INFO - 升级管理器初始化完成
2026-01-15 17:28:27 - app - INFO - Flask应用创建成功
2026-01-15 17:28:27 - app - INFO - 静态文件目录: C:\Data\夸克转存\client\frontend
2026-01-15 17:28:27 - app - INFO - 启动任务调度服务...
2026-01-15 17:28:27 - app - INFO - 检查被中断的影视下载任务...
2026-01-15 17:28:27 - app - INFO - 没有需要恢复的影视下载任务
2026-01-15 17:28:27 - app - INFO - 账期生成循环已启动
2026-01-15 17:28:27 - app - INFO - 账期生成线程已启动
2026-01-15 17:28:27 - app - INFO - 开始生成 2026-01-15 的任务账期
2026-01-15 17:28:27 - app - INFO - 任务执行循环已启动
2026-01-15 17:28:27 - app - INFO - 任务执行线程已启动
2026-01-15 17:28:27 - app - INFO - 日志清理循环已启动
2026-01-15 17:28:27 - app - INFO - 日志清理线程已启动
2026-01-15 17:28:27 - app - INFO - 下次日志清理时间: 2026-01-16 02:00:00
2026-01-15 17:28:27 - app - INFO - 跳过一次性执行任务: 测试
2026-01-15 17:28:27 - app - INFO - 启动Flask服务: http://0.0.0.0:8520
2026-01-15 17:28:27 - app - INFO - 跳过一次性执行任务: 小城大事
2026-01-15 17:28:27 - app - INFO - ✅ 生成完成，共创建 0 条待执行记录
2026-01-15 17:28:27 - app - INFO - 下次生成账期时间: 2026-01-16 00:00:00, 等待 23492 秒
2026-01-15 17:28:43 - app - INFO - 许可证管理器初始化完成,服务器: http://license.22l2.com
2026-01-15 17:28:43 - app - INFO - 初始化许可证管理器...
2026-01-15 17:28:45 - app - INFO - 解密密钥设置成功
2026-01-15 17:28:45 - app - INFO - 解密密钥获取成功
2026-01-15 17:28:45 - app - INFO - 解密密钥获取成功，配置已就绪
2026-01-15 17:28:45 - app - INFO - 配置解密成功
2026-01-15 17:28:45 - app - INFO - 夸克API配置加载成功
2026-01-15 17:28:45 - app - INFO - 夸克API配置加载完成
2026-01-15 17:28:45 - app - INFO - 检查数据库...
2026-01-15 17:28:45 - app - INFO - 数据库检查完成
2026-01-15 17:28:45 - app - INFO - 检查数据库迁移...
2026-01-15 17:28:45 - app - INFO - 数据库迁移检查完成
2026-01-15 17:28:45 - app - INFO - 清理异常中断的任务状态...
2026-01-15 17:28:45 - app - INFO - 升级管理器初始化完成
2026-01-15 17:28:45 - app - INFO - Flask应用创建成功
2026-01-15 17:28:45 - app - INFO - 静态文件目录: C:\Data\夸克转存\client\frontend
2026-01-15 17:28:45 - app - INFO - 启动任务调度服务...
2026-01-15 17:28:45 - app - INFO - 检查被中断的影视下载任务...
2026-01-15 17:28:45 - app - INFO - 没有需要恢复的影视下载任务
2026-01-15 17:28:45 - app - INFO - 账期生成循环已启动
2026-01-15 17:28:45 - app - INFO - 账期生成线程已启动
2026-01-15 17:28:45 - app - INFO - 开始生成 2026-01-15 的任务账期
2026-01-15 17:28:45 - app - INFO - 任务执行循环已启动
2026-01-15 17:28:45 - app - INFO - 任务执行线程已启动
2026-01-15 17:28:45 - app - INFO - 日志清理循环已启动
2026-01-15 17:28:45 - app - INFO - 日志清理线程已启动
2026-01-15 17:28:45 - app - INFO - 下次日志清理时间: 2026-01-16 02:00:00
2026-01-15 17:28:45 - app - INFO - 启动Flask服务: http://0.0.0.0:8520
2026-01-15 17:28:45 - app - INFO - 跳过一次性执行任务: 测试
2026-01-15 17:28:45 - app - INFO - 跳过一次性执行任务: 小城大事
2026-01-15 17:28:45 - app - INFO - ✅ 生成完成，共创建 0 条待执行记录
2026-01-15 17:28:45 - app - INFO - 下次生成账期时间: 2026-01-16 00:00:00, 等待 23475 秒
2026-01-15 17:29:37 - app - INFO - 浏览分享文件请求: url=https://h5.cloud.189.cn/share.html#/t/JV3Y3mZreqmi, pdir_fid=0, account_id=2
2026-01-15 17:29:37 - app - INFO - 账号云盘类型: cloud189
2026-01-15 17:29:37 - app - INFO - 解析天翼分享链接: url=https://h5.cloud.189.cn/share.html#/t/JV3Y3mZreqmi, share_code=JV3Y3mZreqmi, access_code=
2026-01-15 17:29:37 - app - INFO - 解析结果: share_code=JV3Y3mZreqmi, access_code=
2026-01-15 17:29:37 - app - INFO - 获取分享信息: share_code=JV3Y3mZreqmi
2026-01-15 17:29:48 - app - INFO - 分享信息响应: {'res_code': 0, 'res_message': '成功', 'accessCode': '', 'creator': {'iconURL': 'https://preview.cloud.189.cn/image/imageAction?param=F03B8B8DAD4109C1F340FF48CC92D1C91A17D9DC0A0ACD7956897C2566EB07A4B22AAA2727179CBA0E901B3052B64BAB411F9F6BB7C7E3FC72319AAC90B2C920076802FF2480F7E103DB35BD6B0DA8BA6F049F7A2478E705F84EB86EBA217F2E70CA7B91A7C7616417F7EB8478B7740A', 'nickName': '-', 'oper': False, 'ownerAccount': '153****6720@189.cn', 'superVip': 200, 'vip': 0}, 'expireTime': 0, 'expireType': 0, 'fileCreateDate': '2026-01-15 00:09:35', 'fileId': '323421229629570696', 'fileLastOpTime': '2026-01-15 00:29:11', 'fileName': '不良医生！ (2026)', 'fileSize': 0, 'fileType': '', 'isFolder': True, 'needAccessCode': 1, 'reviewStatus': 1, 'shareDate': 1768406975000, 'shareId': 12547119517682, 'shareMode': 3, 'shareType': 1}
2026-01-15 17:29:48 - app - INFO - 分享ID: 12547119517682, 分享模式: 3
2026-01-15 17:29:48 - app - INFO - 获取分享文件列表: share_id=12547119517682, file_id=, share_mode=3
2026-01-15 17:29:48 - app - INFO - 列出分享目录请求: {'shareId': 12547119517682, 'isFolder': 'true', 'shareMode': 3, 'orderBy': 'lastOpTime', 'descending': 'true', 'pageNum': 1, 'pageSize': 1000}
2026-01-15 17:29:49 - app - INFO - 列出分享目录响应: {'res_message': 'Argument invalid', 'res_code': 'InvalidArgument'}
2026-01-15 17:29:49 - app - INFO - 分享文件列表响应: {'res_message': 'Argument invalid', 'res_code': 'InvalidArgument'}
2026-01-15 17:30:30 - app - INFO - 浏览分享文件请求: url=https://h5.cloud.189.cn/share.html#/t/JV3Y3mZreqmi, pdir_fid=0, account_id=2
2026-01-15 17:30:30 - app - INFO - 账号云盘类型: cloud189
2026-01-15 17:30:30 - app - INFO - 解析天翼分享链接: url=https://h5.cloud.189.cn/share.html#/t/JV3Y3mZreqmi, share_code=JV3Y3mZreqmi, access_code=
2026-01-15 17:30:30 - app - INFO - 解析结果: share_code=JV3Y3mZreqmi, access_code=
2026-01-15 17:30:30 - app - INFO - 获取分享信息: share_code=JV3Y3mZreqmi
2026-01-15 17:30:42 - app - INFO - 分享信息响应: {'res_code': 0, 'res_message': '成功', 'accessCode': '', 'creator': {'iconURL': 'https://preview.cloud.189.cn/image/imageAction?param=F03B8B8DAD4109C1F340FF48CC92D1C91A17D9DC0A0ACD7956897C2566EB07A4B22AAA2727179CBA0E901B3052B64BAB411F9F6BB7C7E3FC72319AAC90B2C920076802FF2480F7E103DB35BD6B0DA8BA6F049F7A2478E705F84EB86EBA217F2E70CA7B91A7C7616417F7EB8478B7740A', 'nickName': '-', 'oper': False, 'ownerAccount': '153****6720@189.cn', 'superVip': 200, 'vip': 0}, 'expireTime': 0, 'expireType': 0, 'fileCreateDate': '2026-01-15 00:09:35', 'fileId': '323421229629570696', 'fileLastOpTime': '2026-01-15 00:29:11', 'fileName': '不良医生！ (2026)', 'fileSize': 0, 'fileType': '', 'isFolder': True, 'needAccessCode': 1, 'reviewStatus': 1, 'shareDate': 1768406975000, 'shareId': 12547119517682, 'shareMode': 3, 'shareType': 1}
2026-01-15 17:30:42 - app - INFO - 分享ID: 12547119517682, 分享模式: 3
2026-01-15 17:30:42 - app - INFO - 获取分享文件列表: share_id=12547119517682, file_id=, share_mode=3
2026-01-15 17:30:42 - app - INFO - 列出分享目录请求: {'shareId': 12547119517682, 'isFolder': 'true', 'shareMode': 3, 'orderBy': 'lastOpTime', 'descending': 'true', 'pageNum': 1, 'pageSize': 1000}
2026-01-15 17:30:42 - app - INFO - 列出分享目录响应: {'res_message': 'Argument invalid', 'res_code': 'InvalidArgument'}
2026-01-15 17:30:42 - app - INFO - 分享文件列表响应: {'res_message': 'Argument invalid', 'res_code': 'InvalidArgument'}
2026-01-15 17:30:49 - app - INFO - 浏览分享文件请求: url=https://h5.cloud.189.cn/share.html#/t/JV3Y3mZreqmi, pdir_fid=0, account_id=2
2026-01-15 17:30:49 - app - INFO - 账号云盘类型: cloud189
2026-01-15 17:30:49 - app - INFO - 解析天翼分享链接: url=https://h5.cloud.189.cn/share.html#/t/JV3Y3mZreqmi, share_code=JV3Y3mZreqmi, access_code=
2026-01-15 17:30:49 - app - INFO - 解析结果: share_code=JV3Y3mZreqmi, access_code=
2026-01-15 17:30:49 - app - INFO - 获取分享信息: share_code=JV3Y3mZreqmi
2026-01-15 17:31:01 - app - INFO - 分享信息响应: {'res_code': 0, 'res_message': '成功', 'accessCode': '', 'creator': {'iconURL': 'https://preview.cloud.189.cn/image/imageAction?param=F03B8B8DAD4109C1F340FF48CC92D1C91A17D9DC0A0ACD7956897C2566EB07A4B22AAA2727179CBA0E901B3052B64BAB411F9F6BB7C7E3FC72319AAC90B2C920076802FF2480F7E103DB35BD6B0DA8BA6F049F7A2478E705F84EB86EBA217F2E70CA7B91A7C7616417F7EB8478B7740A', 'nickName': '-', 'oper': False, 'ownerAccount': '153****6720@189.cn', 'superVip': 200, 'vip': 0}, 'expireTime': 0, 'expireType': 0, 'fileCreateDate': '2026-01-15 00:09:35', 'fileId': '323421229629570696', 'fileLastOpTime': '2026-01-15 00:29:11', 'fileName': '不良医生！ (2026)', 'fileSize': 0, 'fileType': '', 'isFolder': True, 'needAccessCode': 1, 'reviewStatus': 1, 'shareDate': 1768406975000, 'shareId': 12547119517682, 'shareMode': 3, 'shareType': 1}
2026-01-15 17:31:01 - app - INFO - 分享ID: 12547119517682, 分享模式: 3
2026-01-15 17:31:01 - app - INFO - 获取分享文件列表: share_id=12547119517682, file_id=, share_mode=3
2026-01-15 17:31:01 - app - INFO - 列出分享目录请求: {'shareId': 12547119517682, 'isFolder': 'true', 'shareMode': 3, 'orderBy': 'lastOpTime', 'descending': 'true', 'pageNum': 1, 'pageSize': 1000}
2026-01-15 17:31:01 - app - INFO - 列出分享目录响应: {'res_message': 'Argument invalid', 'res_code': 'InvalidArgument'}
2026-01-15 17:31:01 - app - INFO - 分享文件列表响应: {'res_message': 'Argument invalid', 'res_code': 'InvalidArgument'}
2026-01-15 17:31:40 - app - INFO - 许可证管理器初始化完成,服务器: http://license.22l2.com
2026-01-15 17:31:40 - app - INFO - 初始化许可证管理器...
2026-01-15 17:31:42 - app - INFO - 解密密钥设置成功
2026-01-15 17:31:42 - app - INFO - 解密密钥获取成功
2026-01-15 17:31:42 - app - INFO - 解密密钥获取成功，配置已就绪
2026-01-15 17:31:42 - app - INFO - 配置解密成功
2026-01-15 17:31:42 - app - INFO - 夸克API配置加载成功
2026-01-15 17:31:42 - app - INFO - 夸克API配置加载完成
2026-01-15 17:31:42 - app - INFO - 检查数据库...
2026-01-15 17:31:42 - app - INFO - 数据库检查完成
2026-01-15 17:31:42 - app - INFO - 检查数据库迁移...
2026-01-15 17:31:42 - app - INFO - 数据库迁移检查完成
2026-01-15 17:31:42 - app - INFO - 清理异常中断的任务状态...
2026-01-15 17:31:42 - app - INFO - 升级管理器初始化完成
2026-01-15 17:31:42 - app - INFO - Flask应用创建成功
2026-01-15 17:31:42 - app - INFO - 静态文件目录: C:\Data\夸克转存\client\frontend
2026-01-15 17:31:42 - app - INFO - 启动任务调度服务...
2026-01-15 17:31:42 - app - INFO - 检查被中断的影视下载任务...
2026-01-15 17:31:42 - app - INFO - 没有需要恢复的影视下载任务
2026-01-15 17:31:42 - app - INFO - 账期生成循环已启动
2026-01-15 17:31:42 - app - INFO - 账期生成线程已启动
2026-01-15 17:31:42 - app - INFO - 开始生成 2026-01-15 的任务账期
2026-01-15 17:31:42 - app - INFO - 任务执行循环已启动
2026-01-15 17:31:42 - app - INFO - 任务执行线程已启动
2026-01-15 17:31:42 - app - INFO - 跳过一次性执行任务: 测试
2026-01-15 17:31:42 - app - INFO - 日志清理循环已启动
2026-01-15 17:31:42 - app - INFO - 日志清理线程已启动
2026-01-15 17:31:42 - app - INFO - 跳过一次性执行任务: 小城大事
2026-01-15 17:31:42 - app - INFO - 下次日志清理时间: 2026-01-16 02:00:00
2026-01-15 17:31:42 - app - INFO - 启动Flask服务: http://0.0.0.0:8520
2026-01-15 17:31:42 - app - INFO - ✅ 生成完成，共创建 0 条待执行记录
2026-01-15 17:31:42 - app - INFO - 下次生成账期时间: 2026-01-16 00:00:00, 等待 23297 秒
2026-01-15 17:31:52 - app - INFO - 许可证管理器初始化完成,服务器: http://license.22l2.com
2026-01-15 17:31:52 - app - INFO - 初始化许可证管理器...
2026-01-15 17:31:53 - app - INFO - 解密密钥设置成功
2026-01-15 17:31:53 - app - INFO - 解密密钥获取成功
2026-01-15 17:31:53 - app - INFO - 解密密钥获取成功，配置已就绪
2026-01-15 17:31:53 - app - INFO - 配置解密成功
2026-01-15 17:31:53 - app - INFO - 夸克API配置加载成功
2026-01-15 17:31:53 - app - INFO - 夸克API配置加载完成
2026-01-15 17:31:53 - app - INFO - 检查数据库...
2026-01-15 17:31:53 - app - INFO - 数据库检查完成
2026-01-15 17:31:53 - app - INFO - 检查数据库迁移...
2026-01-15 17:31:53 - app - INFO - 数据库迁移检查完成
2026-01-15 17:31:53 - app - INFO - 清理异常中断的任务状态...
2026-01-15 17:31:53 - app - INFO - 升级管理器初始化完成
2026-01-15 17:31:53 - app - INFO - Flask应用创建成功
2026-01-15 17:31:53 - app - INFO - 静态文件目录: C:\Data\夸克转存\client\frontend
2026-01-15 17:31:53 - app - INFO - 启动任务调度服务...
2026-01-15 17:31:53 - app - INFO - 检查被中断的影视下载任务...
2026-01-15 17:31:53 - app - INFO - 没有需要恢复的影视下载任务
2026-01-15 17:31:53 - app - INFO - 账期生成循环已启动
2026-01-15 17:31:53 - app - INFO - 账期生成线程已启动
2026-01-15 17:31:53 - app - INFO - 开始生成 2026-01-15 的任务账期
2026-01-15 17:31:53 - app - INFO - 任务执行循环已启动
2026-01-15 17:31:53 - app - INFO - 任务执行线程已启动
2026-01-15 17:31:53 - app - INFO - 日志清理循环已启动
2026-01-15 17:31:53 - app - INFO - 日志清理线程已启动
2026-01-15 17:31:53 - app - INFO - 下次日志清理时间: 2026-01-16 02:00:00
2026-01-15 17:31:53 - app - INFO - 启动Flask服务: http://0.0.0.0:8520
2026-01-15 17:31:53 - app - INFO - 跳过一次性执行任务: 测试
2026-01-15 17:31:53 - app - INFO - 跳过一次性执行任务: 小城大事
2026-01-15 17:31:53 - app - INFO - ✅ 生成完成，共创建 0 条待执行记录
2026-01-15 17:31:53 - app - INFO - 下次生成账期时间: 2026-01-16 00:00:00, 等待 23286 秒
2026-01-15 17:32:02 - app - INFO - 许可证管理器初始化完成,服务器: http://license.22l2.com
2026-01-15 17:32:02 - app - INFO - 初始化许可证管理器...
2026-01-15 17:32:03 - app - INFO - 解密密钥设置成功
2026-01-15 17:32:03 - app - INFO - 解密密钥获取成功
2026-01-15 17:32:03 - app - INFO - 解密密钥获取成功，配置已就绪
2026-01-15 17:32:03 - app - INFO - 配置解密成功
2026-01-15 17:32:03 - app - INFO - 夸克API配置加载成功
2026-01-15 17:32:03 - app - INFO - 夸克API配置加载完成
2026-01-15 17:32:03 - app - INFO - 检查数据库...
2026-01-15 17:32:03 - app - INFO - 数据库检查完成
2026-01-15 17:32:03 - app - INFO - 检查数据库迁移...
2026-01-15 17:32:03 - app - INFO - 数据库迁移检查完成
2026-01-15 17:32:03 - app - INFO - 清理异常中断的任务状态...
2026-01-15 17:32:03 - app - INFO - 升级管理器初始化完成
2026-01-15 17:32:03 - app - INFO - Flask应用创建成功
2026-01-15 17:32:03 - app - INFO - 静态文件目录: C:\Data\夸克转存\client\frontend
2026-01-15 17:32:03 - app - INFO - 启动任务调度服务...
2026-01-15 17:32:03 - app - INFO - 检查被中断的影视下载任务...
2026-01-15 17:32:03 - app - INFO - 没有需要恢复的影视下载任务
2026-01-15 17:32:03 - app - INFO - 账期生成循环已启动
2026-01-15 17:32:03 - app - INFO - 账期生成线程已启动
2026-01-15 17:32:03 - app - INFO - 开始生成 2026-01-15 的任务账期
2026-01-15 17:32:03 - app - INFO - 任务执行循环已启动
2026-01-15 17:32:03 - app - INFO - 任务执行线程已启动
2026-01-15 17:32:03 - app - INFO - 日志清理循环已启动
2026-01-15 17:32:03 - app - INFO - 日志清理线程已启动
2026-01-15 17:32:03 - app - INFO - 下次日志清理时间: 2026-01-16 02:00:00
2026-01-15 17:32:03 - app - INFO - 跳过一次性执行任务: 测试
2026-01-15 17:32:03 - app - INFO - 启动Flask服务: http://0.0.0.0:8520
2026-01-15 17:32:03 - app - INFO - 跳过一次性执行任务: 小城大事
2026-01-15 17:32:03 - app - INFO - ✅ 生成完成，共创建 0 条待执行记录
2026-01-15 17:32:03 - app - INFO - 下次生成账期时间: 2026-01-16 00:00:00, 等待 23277 秒
2026-01-15 17:33:45 - app - INFO - 浏览分享文件请求: url=https://h5.cloud.189.cn/share.html#/t/JV3Y3mZreqmi, pdir_fid=0, account_id=2
2026-01-15 17:33:45 - app - INFO - 账号云盘类型: cloud189
2026-01-15 17:33:46 - app - INFO - 解析天翼分享链接: url=https://h5.cloud.189.cn/share.html#/t/JV3Y3mZreqmi, share_code=JV3Y3mZreqmi, access_code=
2026-01-15 17:33:46 - app - INFO - 解析结果: share_code=JV3Y3mZreqmi, access_code=
2026-01-15 17:33:46 - app - INFO - 获取分享信息: share_code=JV3Y3mZreqmi
2026-01-15 17:33:57 - app - INFO - 分享信息响应: {'res_code': 0, 'res_message': '成功', 'accessCode': '', 'creator': {'iconURL': 'https://preview.cloud.189.cn/image/imageAction?param=F03B8B8DAD4109C1F340FF48CC92D1C91A17D9DC0A0ACD7956897C2566EB07A4B22AAA2727179CBA0E901B3052B64BAB411F9F6BB7C7E3FC72319AAC90B2C920076802FF2480F7E103DB35BD6B0DA8BA6F049F7A2478E705F84EB86EBA217F2E70CA7B91A7C7616417F7EB8478B7740A', 'nickName': '-', 'oper': False, 'ownerAccount': '153****6720@189.cn', 'superVip': 200, 'vip': 0}, 'expireTime': 0, 'expireType': 0, 'fileCreateDate': '2026-01-15 00:09:35', 'fileId': '323421229629570696', 'fileLastOpTime': '2026-01-15 00:29:11', 'fileName': '不良医生！ (2026)', 'fileSize': 0, 'fileType': '', 'isFolder': True, 'needAccessCode': 1, 'reviewStatus': 1, 'shareDate': 1768406975000, 'shareId': 12547119517682, 'shareMode': 3, 'shareType': 1}
2026-01-15 17:33:57 - app - INFO - 分享ID: 12547119517682, 分享模式: 3, 根文件ID: 323421229629570696, 是否文件夹: True
2026-01-15 17:33:57 - app - INFO - 获取分享文件列表: share_id=12547119517682, file_id=, share_mode=3, root_file_id=323421229629570696
2026-01-15 17:33:57 - app - INFO - 列出分享目录请求: {'shareId': 12547119517682, 'isFolder': 'true', 'shareMode': 3, 'orderBy': 'lastOpTime', 'descending': 'true', 'pageNum': 1, 'pageSize': 1000, 'fileId': '323421229629570696'}
2026-01-15 17:33:57 - app - INFO - 列出分享目录响应: {'res_code': 0, 'res_message': '成功', 'expireTime': 0, 'expireType': 0, 'fileListAO': {'count': 2, 'fileList': [{'createDate': '2026-01-15 00:12:04', 'fileCata': 1, 'id': 525233229659568152, 'lastOpTime': '2026-01-15 00:12:04', 'md5': '2DB96647BD5C3C356863B1685A4734E8', 'mediaType': 4, 'name': '雷鲸小站3.txt', 'rev': '20260115001204', 'size': 204, 'starLabel': 2}], 'fileListSize': 1, 'folderList': [{'createDate': '2026-01-15 00:02:36', 'fileCata': 1, 'fileListSize': 0, 'id': 924631229621493439, 'lastOpTime': '2026-01-15 00:29:11', 'name': 'Season 1', 'parentId': 323421229629570696, 'rev': '20260115002911', 'starLabel': 2}]}, 'lastRev': 20260115173440}
2026-01-15 17:33:57 - app - INFO - 分享文件列表响应: {'res_code': 0, 'res_message': '成功', 'expireTime': 0, 'expireType': 0, 'fileListAO': {'count': 2, 'fileList': [{'createDate': '2026-01-15 00:12:04', 'fileCata': 1, 'id': 525233229659568152, 'lastOpTime': '2026-01-15 00:12:04', 'md5': '2DB96647BD5C3C356863B1685A4734E8', 'mediaType': 4, 'name': '雷鲸小站3.txt', 'rev': '20260115001204', 'size': 204, 'starLabel': 2}], 'fileListSize': 1, 'folderList': [{'createDate': '2026-01-15 00:02:36', 'fileCata': 1, 'fileListSize': 0, 'id': 924631229621493439, 'lastOpTime': '2026-01-15 00:29:11', 'name': 'Season 1', 'parentId': 323421229629570696, 'rev': '20260115002911', 'starLabel': 2}]}, 'lastRev': 20260115173440}
2026-01-15 17:34:17 - app - INFO - 浏览分享文件请求: url=https://h5.cloud.189.cn/share.html#/t/JV3Y3mZreqmi, pdir_fid=924631229621493439, account_id=2
2026-01-15 17:34:17 - app - INFO - 账号云盘类型: cloud189
2026-01-15 17:34:17 - app - INFO - 解析天翼分享链接: url=https://h5.cloud.189.cn/share.html#/t/JV3Y3mZreqmi, share_code=JV3Y3mZreqmi, access_code=
2026-01-15 17:34:17 - app - INFO - 解析结果: share_code=JV3Y3mZreqmi, access_code=
2026-01-15 17:34:17 - app - INFO - 获取分享信息: share_code=JV3Y3mZreqmi
2026-01-15 17:34:28 - app - INFO - 分享信息响应: {'res_code': 0, 'res_message': '成功', 'accessCode': '', 'creator': {'iconURL': 'https://preview.cloud.189.cn/image/imageAction?param=F03B8B8DAD4109C1F340FF48CC92D1C91A17D9DC0A0ACD7956897C2566EB07A4B22AAA2727179CBA0E901B3052B64BAB411F9F6BB7C7E3FC72319AAC90B2C920076802FF2480F7E103DB35BD6B0DA8BA6F049F7A2478E705F84EB86EBA217F2E70CA7B91A7C7616417F7EB8478B7740A', 'nickName': '-', 'oper': False, 'ownerAccount': '153****6720@189.cn', 'superVip': 200, 'vip': 0}, 'expireTime': 0, 'expireType': 0, 'fileCreateDate': '2026-01-15 00:09:35', 'fileId': '323421229629570696', 'fileLastOpTime': '2026-01-15 00:29:11', 'fileName': '不良医生！ (2026)', 'fileSize': 0, 'fileType': '', 'isFolder': True, 'needAccessCode': 1, 'reviewStatus': 1, 'shareDate': 1768406975000, 'shareId': 12547119517682, 'shareMode': 3, 'shareType': 1}
2026-01-15 17:34:28 - app - INFO - 分享ID: 12547119517682, 分享模式: 3, 根文件ID: 323421229629570696, 是否文件夹: True
2026-01-15 17:34:28 - app - INFO - 获取分享文件列表: share_id=12547119517682, file_id=924631229621493439, share_mode=3, root_file_id=323421229629570696
2026-01-15 17:34:28 - app - INFO - 列出分享目录请求: {'shareId': 12547119517682, 'isFolder': 'true', 'shareMode': 3, 'orderBy': 'lastOpTime', 'descending': 'true', 'pageNum': 1, 'pageSize': 1000, 'fileId': '924631229621493439'}
2026-01-15 17:34:28 - app - INFO - 列出分享目录响应: {'res_code': 0, 'res_message': '成功', 'expireTime': 0, 'expireType': 0, 'fileListAO': {'count': 1, 'fileList': [{'createDate': '2026-01-15 00:29:11', 'fileCata': 1, 'id': 125401229660321425, 'lastOpTime': '2026-01-15 00:29:11', 'md5': 'FDFD783E4AE0DD5780BFAA0EDC5E2719', 'mediaType': 3, 'name': 'Delinquent.to.Doctor.S01E01.S01E01.2026.1080p.friDay.WEB-DL.H264.AAC.mkv', 'rev': '20260115002911', 'size': 5120880944, 'starLabel': 2}], 'fileListSize': 1, 'folderList': []}, 'lastRev': 20260115173511}
2026-01-15 17:34:28 - app - INFO - 分享文件列表响应: {'res_code': 0, 'res_message': '成功', 'expireTime': 0, 'expireType': 0, 'fileListAO': {'count': 1, 'fileList': [{'createDate': '2026-01-15 00:29:11', 'fileCata': 1, 'id': 125401229660321425, 'lastOpTime': '2026-01-15 00:29:11', 'md5': 'FDFD783E4AE0DD5780BFAA0EDC5E2719', 'mediaType': 3, 'name': 'Delinquent.to.Doctor.S01E01.S01E01.2026.1080p.friDay.WEB-DL.H264.AAC.mkv', 'rev': '20260115002911', 'size': 5120880944, 'starLabel': 2}], 'fileListSize': 1, 'folderList': []}, 'lastRev': 20260115173511}
2026-01-15 17:34:32 - app - INFO - 浏览分享文件请求: url=https://h5.cloud.189.cn/share.html#/t/JV3Y3mZreqmi, pdir_fid=0, account_id=2
2026-01-15 17:34:32 - app - INFO - 账号云盘类型: cloud189
2026-01-15 17:34:32 - app - INFO - 解析天翼分享链接: url=https://h5.cloud.189.cn/share.html#/t/JV3Y3mZreqmi, share_code=JV3Y3mZreqmi, access_code=
2026-01-15 17:34:32 - app - INFO - 解析结果: share_code=JV3Y3mZreqmi, access_code=
2026-01-15 17:34:32 - app - INFO - 获取分享信息: share_code=JV3Y3mZreqmi
2026-01-15 17:34:32 - app - INFO - 分享信息响应: {'res_code': 0, 'res_message': '成功', 'accessCode': '', 'creator': {'iconURL': 'https://preview.cloud.189.cn/image/imageAction?param=F03B8B8DAD4109C1F340FF48CC92D1C91A17D9DC0A0ACD7956897C2566EB07A4B22AAA2727179CBA0E901B3052B64BAB411F9F6BB7C7E3FC72319AAC90B2C920076802FF2480F7E103DB35BD6B0DA8BA6F049F7A2478E705F84EB86EBA217F2E70CA7B91A7C7616417F7EB8478B7740A', 'nickName': '-', 'oper': False, 'ownerAccount': '153****6720@189.cn', 'superVip': 200, 'vip': 0}, 'expireTime': 0, 'expireType': 0, 'fileCreateDate': '2026-01-15 00:09:35', 'fileId': '323421229629570696', 'fileLastOpTime': '2026-01-15 00:29:11', 'fileName': '不良医生！ (2026)', 'fileSize': 0, 'fileType': '', 'isFolder': True, 'needAccessCode': 1, 'reviewStatus': 1, 'shareDate': 1768406975000, 'shareId': 12547119517682, 'shareMode': 3, 'shareType': 1}
2026-01-15 17:34:32 - app - INFO - 分享ID: 12547119517682, 分享模式: 3, 根文件ID: 323421229629570696, 是否文件夹: True
2026-01-15 17:34:32 - app - INFO - 获取分享文件列表: share_id=12547119517682, file_id=, share_mode=3, root_file_id=323421229629570696
2026-01-15 17:34:32 - app - INFO - 列出分享目录请求: {'shareId': 12547119517682, 'isFolder': 'true', 'shareMode': 3, 'orderBy': 'lastOpTime', 'descending': 'true', 'pageNum': 1, 'pageSize': 1000, 'fileId': '323421229629570696'}
2026-01-15 17:34:32 - app - INFO - 列出分享目录响应: {'res_code': 0, 'res_message': '成功', 'expireTime': 0, 'expireType': 0, 'fileListAO': {'count': 2, 'fileList': [{'createDate': '2026-01-15 00:12:04', 'fileCata': 1, 'id': 525233229659568152, 'lastOpTime': '2026-01-15 00:12:04', 'md5': '2DB96647BD5C3C356863B1685A4734E8', 'mediaType': 4, 'name': '雷鲸小站3.txt', 'rev': '20260115001204', 'size': 204, 'starLabel': 2}], 'fileListSize': 1, 'folderList': [{'createDate': '2026-01-15 00:02:36', 'fileCata': 1, 'fileListSize': 0, 'id': 924631229621493439, 'lastOpTime': '2026-01-15 00:29:11', 'name': 'Season 1', 'parentId': 323421229629570696, 'rev': '20260115002911', 'starLabel': 2}]}, 'lastRev': 20260115173516}
2026-01-15 17:34:32 - app - INFO - 分享文件列表响应: {'res_code': 0, 'res_message': '成功', 'expireTime': 0, 'expireType': 0, 'fileListAO': {'count': 2, 'fileList': [{'createDate': '2026-01-15 00:12:04', 'fileCata': 1, 'id': 525233229659568152, 'lastOpTime': '2026-01-15 00:12:04', 'md5': '2DB96647BD5C3C356863B1685A4734E8', 'mediaType': 4, 'name': '雷鲸小站3.txt', 'rev': '20260115001204', 'size': 204, 'starLabel': 2}], 'fileListSize': 1, 'folderList': [{'createDate': '2026-01-15 00:02:36', 'fileCata': 1, 'fileListSize': 0, 'id': 924631229621493439, 'lastOpTime': '2026-01-15 00:29:11', 'name': 'Season 1', 'parentId': 323421229629570696, 'rev': '20260115002911', 'starLabel': 2}]}, 'lastRev': 20260115173516}
2026-01-15 17:34:48 - app - INFO - 189获取文件列表请求: folder_id=-11, page=1, size=100
2026-01-15 17:34:59 - app - INFO - 189文件列表响应状态码: 200
2026-01-15 17:34:59 - app - INFO - 189文件列表获取成功: 文件夹11个, 文件2个
2026-01-15 17:35:03 - app - INFO - 189获取文件列表请求: folder_id=323911228907722297, page=1, size=100
2026-01-15 17:35:03 - app - INFO - 189文件列表响应状态码: 200
2026-01-15 17:35:03 - app - INFO - 189文件列表获取成功: 文件夹0个, 文件0个
2026-01-15 17:35:31 - app - INFO - 创建cloud189转存任务成功: 测试谢谢谢谢 (ID: 2)
2026-01-15 17:36:03 - app - INFO - [任务2] 开始执行任务: 测试谢谢谢谢
2026-01-15 17:36:03 - app - INFO - [任务2] 使用账号: 天意
2026-01-15 17:36:03 - app - INFO - [任务2] 目标路径: /测试
2026-01-15 17:36:03 - app - INFO - [任务2] 共有 1 个分享链接待处理
2026-01-15 17:36:03 - app - INFO - [任务2] [1/1] 正在处理: https://h5.cloud.189.cn/share.html...
2026-01-15 17:36:03 - app - INFO - [任务2] [1/1] 解析分享链接...
2026-01-15 17:36:03 - app - INFO - 解析结果 - pwd_id: None, passcode: , folder_id: None
2026-01-15 17:36:03 - app - INFO - [任务2] [1/1] 解析结果: pwd_id=None, folder_id=None
2026-01-15 17:36:03 - app - INFO - [任务2] [1/1] 解析失败：无效的分享链接
2026-01-15 17:36:03 - app - INFO - [任务2] 任务执行完成！成功: 0, 失败: 1, 文件数: 0
2026-01-15 17:36:15 - app - INFO - 许可证管理器初始化完成,服务器: http://license.22l2.com
2026-01-15 17:36:15 - app - INFO - 初始化许可证管理器...
2026-01-15 17:36:17 - app - INFO - 解密密钥设置成功
2026-01-15 17:36:17 - app - INFO - 解密密钥获取成功
2026-01-15 17:36:17 - app - INFO - 解密密钥获取成功，配置已就绪
2026-01-15 17:36:17 - app - INFO - 配置解密成功
2026-01-15 17:36:17 - app - INFO - 夸克API配置加载成功
2026-01-15 17:36:17 - app - INFO - 夸克API配置加载完成
2026-01-15 17:36:17 - app - INFO - 检查数据库...
2026-01-15 17:36:17 - app - INFO - 数据库检查完成
2026-01-15 17:36:17 - app - INFO - 检查数据库迁移...
2026-01-15 17:36:17 - app - INFO - 数据库迁移检查完成
2026-01-15 17:36:17 - app - INFO - 清理异常中断的任务状态...
2026-01-15 17:36:17 - app - INFO - 升级管理器初始化完成
2026-01-15 17:36:17 - app - INFO - Flask应用创建成功
2026-01-15 17:36:17 - app - INFO - 静态文件目录: C:\Data\夸克转存\client\frontend
2026-01-15 17:36:17 - app - INFO - 启动任务调度服务...
2026-01-15 17:36:17 - app - INFO - 检查被中断的影视下载任务...
2026-01-15 17:36:17 - app - INFO - 没有需要恢复的影视下载任务
2026-01-15 17:36:17 - app - INFO - 账期生成循环已启动
2026-01-15 17:36:17 - app - INFO - 账期生成线程已启动
2026-01-15 17:36:17 - app - INFO - 开始生成 2026-01-15 的任务账期
2026-01-15 17:36:17 - app - INFO - 任务执行循环已启动
2026-01-15 17:36:17 - app - INFO - 任务执行线程已启动
2026-01-15 17:36:17 - app - INFO - 日志清理循环已启动
2026-01-15 17:36:17 - app - INFO - 日志清理线程已启动
2026-01-15 17:36:17 - app - INFO - 下次日志清理时间: 2026-01-16 02:00:00
2026-01-15 17:36:17 - app - INFO - 启动Flask服务: http://0.0.0.0:8520
2026-01-15 17:36:17 - app - INFO - 跳过一次性执行任务: 测试
2026-01-15 17:36:17 - app - INFO - 跳过一次性执行任务: 测试谢谢谢谢
2026-01-15 17:36:17 - app - INFO - 跳过一次性执行任务: 小城大事
2026-01-15 17:36:17 - app - INFO - ✅ 生成完成，共创建 0 条待执行记录
2026-01-15 17:36:17 - app - INFO - 下次生成账期时间: 2026-01-16 00:00:00, 等待 23022 秒
2026-01-15 17:38:37 - app - INFO - 许可证管理器初始化完成,服务器: http://license.22l2.com
2026-01-15 17:38:37 - app - INFO - 初始化许可证管理器...
2026-01-15 17:38:38 - app - INFO - 解密密钥设置成功
2026-01-15 17:38:38 - app - INFO - 解密密钥获取成功
2026-01-15 17:38:38 - app - INFO - 解密密钥获取成功，配置已就绪
2026-01-15 17:38:38 - app - INFO - 配置解密成功
2026-01-15 17:38:38 - app - INFO - 夸克API配置加载成功
2026-01-15 17:38:38 - app - INFO - 夸克API配置加载完成
2026-01-15 17:38:38 - app - INFO - 检查数据库...
2026-01-15 17:38:38 - app - INFO - 数据库检查完成
2026-01-15 17:38:38 - app - INFO - 检查数据库迁移...
2026-01-15 17:38:38 - app - INFO - 数据库迁移检查完成
2026-01-15 17:38:38 - app - INFO - 清理异常中断的任务状态...
2026-01-15 17:38:38 - app - INFO - 升级管理器初始化完成
2026-01-15 17:38:38 - app - INFO - Flask应用创建成功
2026-01-15 17:38:38 - app - INFO - 静态文件目录: C:\Data\夸克转存\client\frontend
2026-01-15 17:38:38 - app - INFO - 启动任务调度服务...
2026-01-15 17:38:38 - app - INFO - 检查被中断的影视下载任务...
2026-01-15 17:38:38 - app - INFO - 没有需要恢复的影视下载任务
2026-01-15 17:38:38 - app - INFO - 账期生成循环已启动
2026-01-15 17:38:38 - app - INFO - 账期生成线程已启动
2026-01-15 17:38:38 - app - INFO - 开始生成 2026-01-15 的任务账期
2026-01-15 17:38:38 - app - INFO - 任务执行循环已启动
2026-01-15 17:38:38 - app - INFO - 任务执行线程已启动
2026-01-15 17:38:38 - app - INFO - 日志清理循环已启动
2026-01-15 17:38:38 - app - INFO - 日志清理线程已启动
2026-01-15 17:38:38 - app - INFO - 下次日志清理时间: 2026-01-16 02:00:00
2026-01-15 17:38:38 - app - INFO - 跳过一次性执行任务: 测试
2026-01-15 17:38:38 - app - INFO - 启动Flask服务: http://0.0.0.0:8520
2026-01-15 17:38:38 - app - INFO - 跳过一次性执行任务: 测试谢谢谢谢
2026-01-15 17:38:38 - app - INFO - 跳过一次性执行任务: 小城大事
2026-01-15 17:38:38 - app - INFO - ✅ 生成完成，共创建 0 条待执行记录
2026-01-15 17:38:38 - app - INFO - 下次生成账期时间: 2026-01-16 00:00:00, 等待 22881 秒
2026-01-15 17:39:09 - app - INFO - 浏览分享文件请求: url=https://h5.cloud.189.cn/share.html, pdir_fid=0, account_id=2
2026-01-15 17:39:09 - app - INFO - 账号云盘类型: cloud189
2026-01-15 17:39:09 - app - INFO - 解析天翼分享链接: url=https://h5.cloud.189.cn/share.html, share_code=None, access_code=
2026-01-15 17:39:09 - app - INFO - 解析结果: share_code=None, access_code=
2026-01-15 17:39:13 - app - INFO - 浏览分享文件请求: url=https://h5.cloud.189.cn/share.html, pdir_fid=0, account_id=2
2026-01-15 17:39:13 - app - INFO - 账号云盘类型: cloud189
2026-01-15 17:39:13 - app - INFO - 解析天翼分享链接: url=https://h5.cloud.189.cn/share.html, share_code=None, access_code=
2026-01-15 17:39:13 - app - INFO - 解析结果: share_code=None, access_code=
2026-01-15 17:39:47 - app - INFO - 许可证管理器初始化完成,服务器: http://license.22l2.com
2026-01-15 17:39:47 - app - INFO - 初始化许可证管理器...
2026-01-15 17:39:48 - app - INFO - 解密密钥设置成功
2026-01-15 17:39:48 - app - INFO - 解密密钥获取成功
2026-01-15 17:39:48 - app - INFO - 解密密钥获取成功，配置已就绪
2026-01-15 17:39:48 - app - INFO - 配置解密成功
2026-01-15 17:39:48 - app - INFO - 夸克API配置加载成功
2026-01-15 17:39:48 - app - INFO - 夸克API配置加载完成
2026-01-15 17:39:48 - app - INFO - 检查数据库...
2026-01-15 17:39:48 - app - INFO - 数据库检查完成
2026-01-15 17:39:48 - app - INFO - 检查数据库迁移...
2026-01-15 17:39:48 - app - INFO - 数据库迁移检查完成
2026-01-15 17:39:48 - app - INFO - 清理异常中断的任务状态...
2026-01-15 17:39:49 - app - INFO - 升级管理器初始化完成
2026-01-15 17:39:49 - app - INFO - Flask应用创建成功
2026-01-15 17:39:49 - app - INFO - 静态文件目录: C:\Data\夸克转存\client\frontend
2026-01-15 17:39:49 - app - INFO - 启动任务调度服务...
2026-01-15 17:39:49 - app - INFO - 检查被中断的影视下载任务...
2026-01-15 17:39:49 - app - INFO - 没有需要恢复的影视下载任务
2026-01-15 17:39:49 - app - INFO - 账期生成循环已启动
2026-01-15 17:39:49 - app - INFO - 账期生成线程已启动
2026-01-15 17:39:49 - app - INFO - 开始生成 2026-01-15 的任务账期
2026-01-15 17:39:49 - app - INFO - 任务执行循环已启动
2026-01-15 17:39:49 - app - INFO - 任务执行线程已启动
2026-01-15 17:39:49 - app - INFO - 日志清理循环已启动
2026-01-15 17:39:49 - app - INFO - 日志清理线程已启动
2026-01-15 17:39:49 - app - INFO - 跳过一次性执行任务: 测试
2026-01-15 17:39:49 - app - INFO - 下次日志清理时间: 2026-01-16 02:00:00
2026-01-15 17:39:49 - app - INFO - 启动Flask服务: http://0.0.0.0:8520
2026-01-15 17:39:49 - app - INFO - 跳过一次性执行任务: 测试谢谢谢谢
2026-01-15 17:39:49 - app - INFO - 跳过一次性执行任务: 小城大事
2026-01-15 17:39:49 - app - INFO - ✅ 生成完成，共创建 0 条待执行记录
2026-01-15 17:39:49 - app - INFO - 下次生成账期时间: 2026-01-16 00:00:00, 等待 22811 秒
2026-01-15 17:41:50 - app - INFO - 浏览分享文件请求: url=https://h5.cloud.189.cn/share.html, pdir_fid=0, account_id=2
2026-01-15 17:41:50 - app - INFO - 账号云盘类型: cloud189
2026-01-15 17:41:50 - app - INFO - 解析天翼分享链接: url=https://h5.cloud.189.cn/share.html, share_code=None, access_code=
2026-01-15 17:41:50 - app - INFO - 解析结果: share_code=None, access_code=
2026-01-15 17:41:57 - app - INFO - [任务2] 开始执行任务: 测试谢谢谢谢
2026-01-15 17:41:57 - app - INFO - [任务2] 使用账号: 天意
2026-01-15 17:41:57 - app - INFO - [任务2] 目标路径: /测试
2026-01-15 17:41:57 - app - INFO - [任务2] 云盘类型: cloud189
2026-01-15 17:41:57 - app - INFO - [任务2] 共有 1 个分享链接待处理
2026-01-15 17:41:57 - app - INFO - [任务2] [1/1] 正在处理: https://h5.cloud.189.cn/share.html...
2026-01-15 17:41:57 - app - INFO - [任务2] [1/1] 解析分享链接...
2026-01-15 17:41:57 - app - INFO - 解析天翼分享链接: url=https://h5.cloud.189.cn/share.html, share_code=None, access_code=
2026-01-15 17:41:57 - app - INFO - [任务2] [1/1] 解析结果: share_code=None
2026-01-15 17:41:57 - app - INFO - [任务2] [1/1] 解析失败：无效的分享链接
2026-01-15 17:41:57 - app - INFO - [任务2] 任务执行完成！成功: 0, 失败: 1, 文件数: 0
2026-01-15 17:41:57 - app - INFO - [任务2] 执行异常: local variable 'json' referenced before assignment
2026-01-15 17:41:57 - app - ERROR - 执行任务异常: local variable 'json' referenced before assignment
Traceback (most recent call last):
  File "C:\Data\夸克转存\client\backend\api\transfer.py", line 410, in execute_task
    """, ('completed', datetime.now(), json.dumps(logs, ensure_ascii=False),
UnboundLocalError: local variable 'json' referenced before assignment
2026-01-15 17:42:14 - app - INFO - 浏览分享文件请求: url=https://h5.cloud.189.cn/share.html, pdir_fid=0, account_id=2
2026-01-15 17:42:14 - app - INFO - 账号云盘类型: cloud189
2026-01-15 17:42:14 - app - INFO - 解析天翼分享链接: url=https://h5.cloud.189.cn/share.html, share_code=None, access_code=
2026-01-15 17:42:14 - app - INFO - 解析结果: share_code=None, access_code=
2026-01-15 17:42:55 - app - INFO - 许可证管理器初始化完成,服务器: http://license.22l2.com
2026-01-15 17:42:55 - app - INFO - 初始化许可证管理器...
2026-01-15 17:42:56 - app - INFO - 解密密钥设置成功
2026-01-15 17:42:56 - app - INFO - 解密密钥获取成功
2026-01-15 17:42:56 - app - INFO - 解密密钥获取成功，配置已就绪
2026-01-15 17:42:56 - app - INFO - 配置解密成功
2026-01-15 17:42:56 - app - INFO - 夸克API配置加载成功
2026-01-15 17:42:56 - app - INFO - 夸克API配置加载完成
2026-01-15 17:42:56 - app - INFO - 检查数据库...
2026-01-15 17:42:56 - app - INFO - 数据库检查完成
2026-01-15 17:42:56 - app - INFO - 检查数据库迁移...
2026-01-15 17:42:56 - app - INFO - 数据库迁移检查完成
2026-01-15 17:42:56 - app - INFO - 清理异常中断的任务状态...
2026-01-15 17:42:56 - app - INFO - 升级管理器初始化完成
2026-01-15 17:42:56 - app - INFO - Flask应用创建成功
2026-01-15 17:42:56 - app - INFO - 静态文件目录: C:\Data\夸克转存\client\frontend
2026-01-15 17:42:56 - app - INFO - 启动任务调度服务...
2026-01-15 17:42:56 - app - INFO - 检查被中断的影视下载任务...
2026-01-15 17:42:56 - app - INFO - 没有需要恢复的影视下载任务
2026-01-15 17:42:56 - app - INFO - 账期生成循环已启动
2026-01-15 17:42:56 - app - INFO - 账期生成线程已启动
2026-01-15 17:42:56 - app - INFO - 开始生成 2026-01-15 的任务账期
2026-01-15 17:42:56 - app - INFO - 任务执行循环已启动
2026-01-15 17:42:56 - app - INFO - 任务执行线程已启动
2026-01-15 17:42:56 - app - INFO - 日志清理循环已启动
2026-01-15 17:42:56 - app - INFO - 日志清理线程已启动
2026-01-15 17:42:56 - app - INFO - 下次日志清理时间: 2026-01-16 02:00:00
2026-01-15 17:42:56 - app - INFO - 启动Flask服务: http://0.0.0.0:8520
2026-01-15 17:42:56 - app - INFO - 跳过一次性执行任务: 测试
2026-01-15 17:42:56 - app - INFO - 跳过一次性执行任务: 测试谢谢谢谢
2026-01-15 17:42:56 - app - INFO - 跳过一次性执行任务: 小城大事
2026-01-15 17:42:56 - app - INFO - ✅ 生成完成，共创建 0 条待执行记录
2026-01-15 17:42:56 - app - INFO - 下次生成账期时间: 2026-01-16 00:00:00, 等待 22623 秒
2026-01-15 17:45:32 - app - INFO - 浏览分享文件请求: url=https://h5.cloud.189.cn/share.html, pdir_fid=0, account_id=2
2026-01-15 17:45:32 - app - INFO - 账号云盘类型: cloud189
2026-01-15 17:45:32 - app - INFO - 解析天翼分享链接: url=https://h5.cloud.189.cn/share.html, share_code=None, access_code=
2026-01-15 17:45:32 - app - INFO - 解析结果: share_code=None, access_code=
2026-01-15 17:45:45 - app - INFO - 浏览分享文件请求: url=https://h5.cloud.189.cn/share.html#/t/JV3Y3mZreqmi, pdir_fid=0, account_id=2
2026-01-15 17:45:45 - app - INFO - 账号云盘类型: cloud189
2026-01-15 17:45:45 - app - INFO - 解析天翼分享链接: url=https://h5.cloud.189.cn/share.html#/t/JV3Y3mZreqmi, share_code=JV3Y3mZreqmi, access_code=
2026-01-15 17:45:45 - app - INFO - 解析结果: share_code=JV3Y3mZreqmi, access_code=
2026-01-15 17:45:45 - app - INFO - 获取分享信息: share_code=JV3Y3mZreqmi
2026-01-15 17:45:56 - app - INFO - 分享信息响应: {'res_code': 0, 'res_message': '成功', 'accessCode': '', 'creator': {'iconURL': 'https://preview.cloud.189.cn/image/imageAction?param=525DBEF3EC51A843466A468B63C402FBB662DBF807E5C7A05FBA2ADCC58837C31973C3D80230B12F4C35B3AD5DA1C7251F6B2DF499742B6A67414BE78003F7500D78895B769B2EBEE7B34547FEC874DB31E298472C79A59CCCECEB8C11C96EF7A515BB3ECCB2FB3A24D95EFAF7E520E5', 'nickName': '-', 'oper': False, 'ownerAccount': '153****6720@189.cn', 'superVip': 200, 'vip': 0}, 'expireTime': 0, 'expireType': 0, 'fileCreateDate': '2026-01-15 00:09:35', 'fileId': '323421229629570696', 'fileLastOpTime': '2026-01-15 00:29:11', 'fileName': '不良医生！ (2026)', 'fileSize': 0, 'fileType': '', 'isFolder': True, 'needAccessCode': 1, 'reviewStatus': 1, 'shareDate': 1768406975000, 'shareId': 12547119517682, 'shareMode': 3, 'shareType': 1}
2026-01-15 17:45:56 - app - INFO - 分享ID: 12547119517682, 分享模式: 3, 根文件ID: 323421229629570696, 是否文件夹: True
2026-01-15 17:45:56 - app - INFO - 获取分享文件列表: share_id=12547119517682, file_id=, share_mode=3, root_file_id=323421229629570696
2026-01-15 17:45:56 - app - INFO - 列出分享目录请求: {'shareId': 12547119517682, 'isFolder': 'true', 'shareMode': 3, 'orderBy': 'lastOpTime', 'descending': 'true', 'pageNum': 1, 'pageSize': 1000, 'fileId': '323421229629570696'}
2026-01-15 17:45:56 - app - INFO - 列出分享目录响应: {'res_code': 0, 'res_message': '成功', 'expireTime': 0, 'expireType': 0, 'fileListAO': {'count': 2, 'fileList': [{'createDate': '2026-01-15 00:12:04', 'fileCata': 1, 'id': 525233229659568152, 'lastOpTime': '2026-01-15 00:12:04', 'md5': '2DB96647BD5C3C356863B1685A4734E8', 'mediaType': 4, 'name': '雷鲸小站3.txt', 'rev': '20260115001204', 'size': 204, 'starLabel': 2}], 'fileListSize': 1, 'folderList': [{'createDate': '2026-01-15 00:02:36', 'fileCata': 1, 'fileListSize': 0, 'id': 924631229621493439, 'lastOpTime': '2026-01-15 00:29:11', 'name': 'Season 1', 'parentId': 323421229629570696, 'rev': '20260115002911', 'starLabel': 2}]}, 'lastRev': 20260115174639}
2026-01-15 17:45:56 - app - INFO - 分享文件列表响应: {'res_code': 0, 'res_message': '成功', 'expireTime': 0, 'expireType': 0, 'fileListAO': {'count': 2, 'fileList': [{'createDate': '2026-01-15 00:12:04', 'fileCata': 1, 'id': 525233229659568152, 'lastOpTime': '2026-01-15 00:12:04', 'md5': '2DB96647BD5C3C356863B1685A4734E8', 'mediaType': 4, 'name': '雷鲸小站3.txt', 'rev': '20260115001204', 'size': 204, 'starLabel': 2}], 'fileListSize': 1, 'folderList': [{'createDate': '2026-01-15 00:02:36', 'fileCata': 1, 'fileListSize': 0, 'id': 924631229621493439, 'lastOpTime': '2026-01-15 00:29:11', 'name': 'Season 1', 'parentId': 323421229629570696, 'rev': '20260115002911', 'starLabel': 2}]}, 'lastRev': 20260115174639}
2026-01-15 17:51:10 - app - INFO - 更新转存任务成功: ID 2
2026-01-15 17:51:14 - app - INFO - 浏览分享文件请求: url=https://h5.cloud.189.cn/share.html#/t/JV3Y3mZreqmi, pdir_fid=0, account_id=2
2026-01-15 17:51:14 - app - INFO - 账号云盘类型: cloud189
2026-01-15 17:51:14 - app - INFO - 解析天翼分享链接: url=https://h5.cloud.189.cn/share.html#/t/JV3Y3mZreqmi, share_code=JV3Y3mZreqmi, access_code=
2026-01-15 17:51:14 - app - INFO - 解析结果: share_code=JV3Y3mZreqmi, access_code=
2026-01-15 17:51:14 - app - INFO - 获取分享信息: share_code=JV3Y3mZreqmi
2026-01-15 17:51:25 - app - INFO - 分享信息响应: {'res_code': 0, 'res_message': '成功', 'accessCode': '', 'creator': {'iconURL': 'https://preview.cloud.189.cn/image/imageAction?param=525DBEF3EC51A843466A468B63C402FBB662DBF807E5C7A05FBA2ADCC58837C31973C3D80230B12F4C35B3AD5DA1C7251F6B2DF499742B6A67414BE78003F7500D78895B769B2EBEE7B34547FEC874DB31E298472C79A59CCCECEB8C11C96EF7A515BB3ECCB2FB3A24D95EFAF7E520E5', 'nickName': '-', 'oper': False, 'ownerAccount': '153****6720@189.cn', 'superVip': 200, 'vip': 0}, 'expireTime': 0, 'expireType': 0, 'fileCreateDate': '2026-01-15 00:09:35', 'fileId': '323421229629570696', 'fileLastOpTime': '2026-01-15 00:29:11', 'fileName': '不良医生！ (2026)', 'fileSize': 0, 'fileType': '', 'isFolder': True, 'needAccessCode': 1, 'reviewStatus': 1, 'shareDate': 1768406975000, 'shareId': 12547119517682, 'shareMode': 3, 'shareType': 1}
2026-01-15 17:51:25 - app - INFO - 分享ID: 12547119517682, 分享模式: 3, 根文件ID: 323421229629570696, 是否文件夹: True
2026-01-15 17:51:25 - app - INFO - 获取分享文件列表: share_id=12547119517682, file_id=, share_mode=3, root_file_id=323421229629570696
2026-01-15 17:51:25 - app - INFO - 列出分享目录请求: {'shareId': 12547119517682, 'isFolder': 'true', 'shareMode': 3, 'orderBy': 'lastOpTime', 'descending': 'true', 'pageNum': 1, 'pageSize': 1000, 'fileId': '323421229629570696'}
2026-01-15 17:51:25 - app - INFO - 列出分享目录响应: {'res_code': 0, 'res_message': '成功', 'expireTime': 0, 'expireType': 0, 'fileListAO': {'count': 2, 'fileList': [{'createDate': '2026-01-15 00:12:04', 'fileCata': 1, 'id': 525233229659568152, 'lastOpTime': '2026-01-15 00:12:04', 'md5': '2DB96647BD5C3C356863B1685A4734E8', 'mediaType': 4, 'name': '雷鲸小站3.txt', 'rev': '20260115001204', 'size': 204, 'starLabel': 2}], 'fileListSize': 1, 'folderList': [{'createDate': '2026-01-15 00:02:36', 'fileCata': 1, 'fileListSize': 0, 'id': 924631229621493439, 'lastOpTime': '2026-01-15 00:29:11', 'name': 'Season 1', 'parentId': 323421229629570696, 'rev': '20260115002911', 'starLabel': 2}]}, 'lastRev': 20260115175208}
2026-01-15 17:51:25 - app - INFO - 分享文件列表响应: {'res_code': 0, 'res_message': '成功', 'expireTime': 0, 'expireType': 0, 'fileListAO': {'count': 2, 'fileList': [{'createDate': '2026-01-15 00:12:04', 'fileCata': 1, 'id': 525233229659568152, 'lastOpTime': '2026-01-15 00:12:04', 'md5': '2DB96647BD5C3C356863B1685A4734E8', 'mediaType': 4, 'name': '雷鲸小站3.txt', 'rev': '20260115001204', 'size': 204, 'starLabel': 2}], 'fileListSize': 1, 'folderList': [{'createDate': '2026-01-15 00:02:36', 'fileCata': 1, 'fileListSize': 0, 'id': 924631229621493439, 'lastOpTime': '2026-01-15 00:29:11', 'name': 'Season 1', 'parentId': 323421229629570696, 'rev': '20260115002911', 'starLabel': 2}]}, 'lastRev': 20260115175208}
2026-01-15 17:51:34 - app - INFO - [任务2] 开始执行任务: 测试谢谢谢谢
2026-01-15 17:51:34 - app - INFO - [任务2] 使用账号: 天意
2026-01-15 17:51:34 - app - INFO - [任务2] 目标路径: /测试
2026-01-15 17:51:34 - app - INFO - [任务2] 云盘类型: cloud189
2026-01-15 17:51:34 - app - INFO - [任务2] 共有 1 个分享链接待处理
2026-01-15 17:51:34 - app - INFO - [任务2] [1/1] 正在处理: https://h5.cloud.189.cn/share.html#/t/JV3Y3mZreqmi...
2026-01-15 17:51:34 - app - INFO - [任务2] [1/1] 解析分享链接...
2026-01-15 17:51:34 - app - INFO - 解析天翼分享链接: url=https://h5.cloud.189.cn/share.html#/t/JV3Y3mZreqmi, share_code=JV3Y3mZreqmi, access_code=
2026-01-15 17:51:34 - app - INFO - [任务2] [1/1] 解析结果: share_code=JV3Y3mZreqmi
2026-01-15 17:51:34 - app - INFO - [任务2] [1/1] 开始转存...
2026-01-15 17:51:34 - app - INFO - [任务2] [1/1] 目标路径: /测试//123
2026-01-15 17:51:34 - app - INFO - 解析天翼分享链接: url=https://h5.cloud.189.cn/share.html#/t/JV3Y3mZreqmi, share_code=JV3Y3mZreqmi, access_code=
2026-01-15 17:51:34 - app - INFO - 开始转存189分享: share_code=JV3Y3mZreqmi
2026-01-15 17:51:45 - app - INFO - 列出分享目录请求: {'shareId': 12547119517682, 'isFolder': 'true', 'shareMode': 3, 'orderBy': 'lastOpTime', 'descending': 'true', 'pageNum': 1, 'pageSize': 1000, 'fileId': '-11'}
2026-01-15 17:51:46 - app - INFO - 列出分享目录响应: {'res_message': 'checkShareFileReadRight() - sessionKey=null, userId=null, shareId=12547119517682, tempParentId=null, file is not in flatDir. ', 'res_code': 'ShareNotFoundFlatDir'}
2026-01-15 17:51:46 - app - INFO - [任务2] [1/1] 转存失败: 获取文件列表失败
2026-01-15 17:51:46 - app - INFO - [任务2] 任务执行完成！成功: 0, 失败: 1, 文件数: 0
2026-01-15 17:51:46 - app - INFO - [任务2] 执行异常: local variable 'json' referenced before assignment
2026-01-15 17:51:46 - app - ERROR - 执行任务异常: local variable 'json' referenced before assignment
Traceback (most recent call last):
  File "C:\Data\夸克转存\client\backend\api\transfer.py", line 411, in execute_task
    """, ('completed', datetime.now(), json.dumps(logs, ensure_ascii=False),
UnboundLocalError: local variable 'json' referenced before assignment
2026-01-15 17:53:08 - app - INFO - 检查登录状态, session内容: {'_permanent': True, 'user_id': 1, 'username': 'admin'}, cookies: ImmutableMultiDict([('session', 'eyJfcGVybWFuZW50Ijp0cnVlLCJ1c2VyX2lkIjoxLCJ1c2VybmFtZSI6ImFkbWluIn0.aWi5BA.aS1lIa2w4btAyUOKiBcu0WWV4jI')])
2026-01-15 17:53:08 - app - INFO - 检查登录状态, session内容: {'_permanent': True, 'user_id': 1, 'username': 'admin'}, cookies: ImmutableMultiDict([('session', 'eyJfcGVybWFuZW50Ijp0cnVlLCJ1c2VyX2lkIjoxLCJ1c2VybmFtZSI6ImFkbWluIn0.aWi5BA.aS1lIa2w4btAyUOKiBcu0WWV4jI')])
2026-01-15 17:53:11 - app - INFO - 检查更新: 当前版本 2.1.4
2026-01-15 17:53:13 - app - INFO - 浏览分享文件请求: url=https://h5.cloud.189.cn/share.html#/t/JV3Y3mZreqmi, pdir_fid=0, account_id=2
2026-01-15 17:53:13 - app - INFO - 账号云盘类型: cloud189
2026-01-15 17:53:13 - app - INFO - 解析天翼分享链接: url=https://h5.cloud.189.cn/share.html#/t/JV3Y3mZreqmi, share_code=JV3Y3mZreqmi, access_code=
2026-01-15 17:53:13 - app - INFO - 解析结果: share_code=JV3Y3mZreqmi, access_code=
2026-01-15 17:53:13 - app - INFO - 获取分享信息: share_code=JV3Y3mZreqmi
2026-01-15 17:53:20 - app - INFO - 分享信息响应: {'res_code': 0, 'res_message': '成功', 'accessCode': '', 'creator': {'iconURL': 'https://preview.cloud.189.cn/image/imageAction?param=525DBEF3EC51A843466A468B63C402FBB662DBF807E5C7A05FBA2ADCC58837C31973C3D80230B12F4C35B3AD5DA1C7251F6B2DF499742B6A67414BE78003F7500D78895B769B2EBEE7B34547FEC874DB31E298472C79A59CCCECEB8C11C96EF7A515BB3ECCB2FB3A24D95EFAF7E520E5', 'nickName': '-', 'oper': False, 'ownerAccount': '153****6720@189.cn', 'superVip': 200, 'vip': 0}, 'expireTime': 0, 'expireType': 0, 'fileCreateDate': '2026-01-15 00:09:35', 'fileId': '323421229629570696', 'fileLastOpTime': '2026-01-15 00:29:11', 'fileName': '不良医生！ (2026)', 'fileSize': 0, 'fileType': '', 'isFolder': True, 'needAccessCode': 1, 'reviewStatus': 1, 'shareDate': 1768406975000, 'shareId': 12547119517682, 'shareMode': 3, 'shareType': 1}
2026-01-15 17:53:20 - app - INFO - 分享ID: 12547119517682, 分享模式: 3, 根文件ID: 323421229629570696, 是否文件夹: True
2026-01-15 17:53:20 - app - INFO - 获取分享文件列表: share_id=12547119517682, file_id=, share_mode=3, root_file_id=323421229629570696
2026-01-15 17:53:20 - app - INFO - 列出分享目录请求: {'shareId': 12547119517682, 'isFolder': 'true', 'shareMode': 3, 'orderBy': 'lastOpTime', 'descending': 'true', 'pageNum': 1, 'pageSize': 1000, 'fileId': '323421229629570696'}
2026-01-15 17:53:20 - app - INFO - 列出分享目录响应: {'res_code': 0, 'res_message': '成功', 'expireTime': 0, 'expireType': 0, 'fileListAO': {'count': 2, 'fileList': [{'createDate': '2026-01-15 00:12:04', 'fileCata': 1, 'id': 525233229659568152, 'lastOpTime': '2026-01-15 00:12:04', 'md5': '2DB96647BD5C3C356863B1685A4734E8', 'mediaType': 4, 'name': '雷鲸小站3.txt', 'rev': '20260115001204', 'size': 204, 'starLabel': 2}], 'fileListSize': 1, 'folderList': [{'createDate': '2026-01-15 00:02:36', 'fileCata': 1, 'fileListSize': 0, 'id': 924631229621493439, 'lastOpTime': '2026-01-15 00:29:11', 'name': 'Season 1', 'parentId': 323421229629570696, 'rev': '20260115002911', 'starLabel': 2}]}, 'lastRev': 20260115175403}
2026-01-15 17:53:20 - app - INFO - 分享文件列表响应: {'res_code': 0, 'res_message': '成功', 'expireTime': 0, 'expireType': 0, 'fileListAO': {'count': 2, 'fileList': [{'createDate': '2026-01-15 00:12:04', 'fileCata': 1, 'id': 525233229659568152, 'lastOpTime': '2026-01-15 00:12:04', 'md5': '2DB96647BD5C3C356863B1685A4734E8', 'mediaType': 4, 'name': '雷鲸小站3.txt', 'rev': '20260115001204', 'size': 204, 'starLabel': 2}], 'fileListSize': 1, 'folderList': [{'createDate': '2026-01-15 00:02:36', 'fileCata': 1, 'fileListSize': 0, 'id': 924631229621493439, 'lastOpTime': '2026-01-15 00:29:11', 'name': 'Season 1', 'parentId': 323421229629570696, 'rev': '20260115002911', 'starLabel': 2}]}, 'lastRev': 20260115175403}
2026-01-15 17:53:20 - app - INFO - 检查更新成功: {'has_update': False, 'message': '当前已是最新版本'}
2026-01-15 17:53:26 - app - INFO - 更新转存任务成功: ID 2
2026-01-15 17:53:53 - app - INFO - [任务2] 开始执行任务: 测试谢谢谢谢
2026-01-15 17:53:53 - app - INFO - [任务2] 使用账号: 天意
2026-01-15 17:53:53 - app - INFO - [任务2] 目标路径: /测试
2026-01-15 17:53:53 - app - INFO - [任务2] 云盘类型: cloud189
2026-01-15 17:53:53 - app - INFO - [任务2] 共有 1 个分享链接待处理
2026-01-15 17:53:53 - app - INFO - [任务2] [1/1] 正在处理: https://h5.cloud.189.cn/share.html#/t/JV3Y3mZreqmi...
2026-01-15 17:53:53 - app - INFO - [任务2] [1/1] 解析分享链接...
2026-01-15 17:53:53 - app - INFO - 解析天翼分享链接: url=https://h5.cloud.189.cn/share.html#/t/JV3Y3mZreqmi, share_code=JV3Y3mZreqmi, access_code=
2026-01-15 17:53:53 - app - INFO - [任务2] [1/1] 解析结果: share_code=JV3Y3mZreqmi
2026-01-15 17:53:53 - app - INFO - [任务2] [1/1] 开始转存...
2026-01-15 17:53:53 - app - INFO - [任务2] [1/1] 目标路径: /测试//123
2026-01-15 17:53:53 - app - INFO - 解析天翼分享链接: url=https://h5.cloud.189.cn/share.html#/t/JV3Y3mZreqmi, share_code=JV3Y3mZreqmi, access_code=
2026-01-15 17:53:53 - app - INFO - 开始转存189分享: share_code=JV3Y3mZreqmi
2026-01-15 17:54:04 - app - INFO - 列出分享目录请求: {'shareId': 12547119517682, 'isFolder': 'true', 'shareMode': 3, 'orderBy': 'lastOpTime', 'descending': 'true', 'pageNum': 1, 'pageSize': 1000, 'fileId': '-11'}
2026-01-15 17:54:04 - app - INFO - 列出分享目录响应: {'res_message': 'checkShareFileReadRight() - sessionKey=null, userId=null, shareId=12547119517682, tempParentId=null, file is not in flatDir. ', 'res_code': 'ShareNotFoundFlatDir'}
2026-01-15 17:54:04 - app - INFO - [任务2] [1/1] 转存失败: 获取文件列表失败
2026-01-15 17:54:04 - app - INFO - [任务2] 任务执行完成！成功: 0, 失败: 1, 文件数: 0
2026-01-15 17:54:04 - app - INFO - [任务2] 执行异常: local variable 'json' referenced before assignment
2026-01-15 17:54:04 - app - ERROR - 执行任务异常: local variable 'json' referenced before assignment
Traceback (most recent call last):
  File "C:\Data\夸克转存\client\backend\api\transfer.py", line 411, in execute_task
    """, ('completed', datetime.now(), json.dumps(logs, ensure_ascii=False),
UnboundLocalError: local variable 'json' referenced before assignment
2026-01-15 17:55:42 - app - INFO - 许可证管理器初始化完成,服务器: http://license.22l2.com
2026-01-15 17:55:42 - app - INFO - 初始化许可证管理器...
2026-01-15 17:55:43 - app - INFO - 解密密钥设置成功
2026-01-15 17:55:43 - app - INFO - 解密密钥获取成功
2026-01-15 17:55:43 - app - INFO - 解密密钥获取成功，配置已就绪
2026-01-15 17:55:43 - app - INFO - 配置解密成功
2026-01-15 17:55:43 - app - INFO - 夸克API配置加载成功
2026-01-15 17:55:43 - app - INFO - 夸克API配置加载完成
2026-01-15 17:55:43 - app - INFO - 检查数据库...
2026-01-15 17:55:43 - app - INFO - 数据库检查完成
2026-01-15 17:55:43 - app - INFO - 检查数据库迁移...
2026-01-15 17:55:43 - app - INFO - 数据库迁移检查完成
2026-01-15 17:55:43 - app - INFO - 清理异常中断的任务状态...
2026-01-15 17:55:43 - app - INFO - 升级管理器初始化完成
2026-01-15 17:55:43 - app - INFO - Flask应用创建成功
2026-01-15 17:55:43 - app - INFO - 静态文件目录: C:\Data\夸克转存\client\frontend
2026-01-15 17:55:43 - app - INFO - 启动任务调度服务...
2026-01-15 17:55:43 - app - INFO - 检查被中断的影视下载任务...
2026-01-15 17:55:43 - app - INFO - 没有需要恢复的影视下载任务
2026-01-15 17:55:43 - app - INFO - 账期生成循环已启动
2026-01-15 17:55:43 - app - INFO - 账期生成线程已启动
2026-01-15 17:55:43 - app - INFO - 开始生成 2026-01-15 的任务账期
2026-01-15 17:55:43 - app - INFO - 任务执行循环已启动
2026-01-15 17:55:43 - app - INFO - 任务执行线程已启动
2026-01-15 17:55:43 - app - INFO - 日志清理循环已启动
2026-01-15 17:55:43 - app - INFO - 日志清理线程已启动
2026-01-15 17:55:43 - app - INFO - 跳过一次性执行任务: 测试
2026-01-15 17:55:43 - app - INFO - 下次日志清理时间: 2026-01-16 02:00:00
2026-01-15 17:55:43 - app - INFO - 启动Flask服务: http://0.0.0.0:8520
2026-01-15 17:55:43 - app - INFO - 跳过一次性执行任务: 测试谢谢谢谢
2026-01-15 17:55:43 - app - INFO - 跳过一次性执行任务: 小城大事
2026-01-15 17:55:43 - app - INFO - ✅ 生成完成，共创建 0 条待执行记录
2026-01-15 17:55:43 - app - INFO - 下次生成账期时间: 2026-01-16 00:00:00, 等待 21856 秒
2026-01-15 17:55:56 - app - INFO - 许可证管理器初始化完成,服务器: http://license.22l2.com
2026-01-15 17:55:56 - app - INFO - 初始化许可证管理器...
2026-01-15 17:55:57 - app - INFO - 解密密钥设置成功
2026-01-15 17:55:57 - app - INFO - 解密密钥获取成功
2026-01-15 17:55:57 - app - INFO - 解密密钥获取成功，配置已就绪
2026-01-15 17:55:57 - app - INFO - 配置解密成功
2026-01-15 17:55:57 - app - INFO - 夸克API配置加载成功
2026-01-15 17:55:57 - app - INFO - 夸克API配置加载完成
2026-01-15 17:55:57 - app - INFO - 检查数据库...
2026-01-15 17:55:57 - app - INFO - 数据库检查完成
2026-01-15 17:55:57 - app - INFO - 检查数据库迁移...
2026-01-15 17:55:57 - app - INFO - 数据库迁移检查完成
2026-01-15 17:55:57 - app - INFO - 清理异常中断的任务状态...
2026-01-15 17:55:57 - app - INFO - 升级管理器初始化完成
2026-01-15 17:55:58 - app - INFO - Flask应用创建成功
2026-01-15 17:55:58 - app - INFO - 静态文件目录: C:\Data\夸克转存\client\frontend
2026-01-15 17:55:58 - app - INFO - 启动任务调度服务...
2026-01-15 17:55:58 - app - INFO - 检查被中断的影视下载任务...
2026-01-15 17:55:58 - app - INFO - 没有需要恢复的影视下载任务
2026-01-15 17:55:58 - app - INFO - 账期生成循环已启动
2026-01-15 17:55:58 - app - INFO - 账期生成线程已启动
2026-01-15 17:55:58 - app - INFO - 开始生成 2026-01-15 的任务账期
2026-01-15 17:55:58 - app - INFO - 任务执行循环已启动
2026-01-15 17:55:58 - app - INFO - 任务执行线程已启动
2026-01-15 17:55:58 - app - INFO - 日志清理循环已启动
2026-01-15 17:55:58 - app - INFO - 日志清理线程已启动
2026-01-15 17:55:58 - app - INFO - 下次日志清理时间: 2026-01-16 02:00:00
2026-01-15 17:55:58 - app - INFO - 启动Flask服务: http://0.0.0.0:8520
2026-01-15 17:55:58 - app - INFO - 跳过一次性执行任务: 测试
2026-01-15 17:55:58 - app - INFO - 跳过一次性执行任务: 测试谢谢谢谢
2026-01-15 17:55:58 - app - INFO - 跳过一次性执行任务: 小城大事
2026-01-15 17:55:58 - app - INFO - ✅ 生成完成，共创建 0 条待执行记录
2026-01-15 17:55:58 - app - INFO - 下次生成账期时间: 2026-01-16 00:00:00, 等待 21842 秒
2026-01-15 17:56:21 - app - INFO - [任务2] 开始执行任务: 测试谢谢谢谢
2026-01-15 17:56:21 - app - INFO - [任务2] 使用账号: 天意
2026-01-15 17:56:21 - app - INFO - [任务2] 目标路径: /测试
2026-01-15 17:56:21 - app - INFO - [任务2] 云盘类型: cloud189
2026-01-15 17:56:21 - app - INFO - [任务2] 共有 1 个分享链接待处理
2026-01-15 17:56:21 - app - INFO - [任务2] [1/1] 正在处理: https://h5.cloud.189.cn/share.html#/t/JV3Y3mZreqmi...
2026-01-15 17:56:21 - app - INFO - [任务2] [1/1] 解析分享链接...
2026-01-15 17:56:21 - app - INFO - 解析天翼分享链接: url=https://h5.cloud.189.cn/share.html#/t/JV3Y3mZreqmi, share_code=JV3Y3mZreqmi, access_code=
2026-01-15 17:56:21 - app - INFO - [任务2] [1/1] 解析结果: share_code=JV3Y3mZreqmi
2026-01-15 17:56:21 - app - INFO - [任务2] [1/1] 开始转存...
2026-01-15 17:56:21 - app - INFO - [任务2] [1/1] 目标路径: /测试//123
2026-01-15 17:56:21 - app - INFO - 解析天翼分享链接: url=https://h5.cloud.189.cn/share.html#/t/JV3Y3mZreqmi, share_code=JV3Y3mZreqmi, access_code=
2026-01-15 17:56:21 - app - INFO - 开始转存189分享: share_code=JV3Y3mZreqmi
2026-01-15 17:56:33 - app - INFO - 列出分享目录请求: {'shareId': 12547119517682, 'isFolder': 'true', 'shareMode': 3, 'orderBy': 'lastOpTime', 'descending': 'true', 'pageNum': 1, 'pageSize': 1000, 'fileId': '-11'}
2026-01-15 17:56:33 - app - INFO - 列出分享目录响应: {'res_message': 'checkShareFileReadRight() - sessionKey=null, userId=null, shareId=12547119517682, tempParentId=null, file is not in flatDir. ', 'res_code': 'ShareNotFoundFlatDir'}
2026-01-15 17:56:33 - app - INFO - [任务2] [1/1] 转存失败: 获取文件列表失败
2026-01-15 17:56:33 - app - INFO - [任务2] 任务执行完成！成功: 0, 失败: 1, 文件数: 0
2026-01-15 17:56:33 - app - INFO - [任务2] 执行异常: local variable 'json' referenced before assignment
2026-01-15 17:56:33 - app - ERROR - 执行任务异常: local variable 'json' referenced before assignment
Traceback (most recent call last):
  File "C:\Data\夸克转存\client\backend\api\transfer.py", line 411, in execute_task
    """, ('completed', datetime.now(), json.dumps(logs, ensure_ascii=False),
UnboundLocalError: local variable 'json' referenced before assignment
2026-01-15 17:58:22 - app - INFO - 许可证管理器初始化完成,服务器: http://license.22l2.com
2026-01-15 17:58:22 - app - INFO - 初始化许可证管理器...
2026-01-15 17:58:23 - app - INFO - 解密密钥设置成功
2026-01-15 17:58:23 - app - INFO - 解密密钥获取成功
2026-01-15 17:58:23 - app - INFO - 解密密钥获取成功，配置已就绪
2026-01-15 17:58:23 - app - INFO - 配置解密成功
2026-01-15 17:58:23 - app - INFO - 夸克API配置加载成功
2026-01-15 17:58:23 - app - INFO - 夸克API配置加载完成
2026-01-15 17:58:23 - app - INFO - 检查数据库...
2026-01-15 17:58:23 - app - INFO - 数据库检查完成
2026-01-15 17:58:23 - app - INFO - 检查数据库迁移...
2026-01-15 17:58:23 - app - INFO - 数据库迁移检查完成
2026-01-15 17:58:23 - app - INFO - 清理异常中断的任务状态...
2026-01-15 17:58:23 - app - INFO - 升级管理器初始化完成
2026-01-15 17:58:23 - app - INFO - Flask应用创建成功
2026-01-15 17:58:23 - app - INFO - 静态文件目录: C:\Data\夸克转存\client\frontend
2026-01-15 17:58:23 - app - INFO - 启动任务调度服务...
2026-01-15 17:58:23 - app - INFO - 检查被中断的影视下载任务...
2026-01-15 17:58:23 - app - INFO - 没有需要恢复的影视下载任务
2026-01-15 17:58:23 - app - INFO - 账期生成循环已启动
2026-01-15 17:58:23 - app - INFO - 账期生成线程已启动
2026-01-15 17:58:23 - app - INFO - 开始生成 2026-01-15 的任务账期
2026-01-15 17:58:23 - app - INFO - 任务执行循环已启动
2026-01-15 17:58:23 - app - INFO - 任务执行线程已启动
2026-01-15 17:58:23 - app - INFO - 日志清理循环已启动
2026-01-15 17:58:23 - app - INFO - 日志清理线程已启动
2026-01-15 17:58:23 - app - INFO - 下次日志清理时间: 2026-01-16 02:00:00
2026-01-15 17:58:23 - app - INFO - 启动Flask服务: http://0.0.0.0:8520
2026-01-15 17:58:23 - app - INFO - 跳过一次性执行任务: 测试
2026-01-15 17:58:23 - app - INFO - 跳过一次性执行任务: 测试谢谢谢谢
2026-01-15 17:58:23 - app - INFO - 跳过一次性执行任务: 小城大事
2026-01-15 17:58:23 - app - INFO - ✅ 生成完成，共创建 0 条待执行记录
2026-01-15 17:58:23 - app - INFO - 下次生成账期时间: 2026-01-16 00:00:00, 等待 21696 秒
2026-01-15 17:58:31 - app - INFO - 许可证管理器初始化完成,服务器: http://license.22l2.com
2026-01-15 17:58:31 - app - INFO - 初始化许可证管理器...
2026-01-15 17:58:33 - app - INFO - 解密密钥设置成功
2026-01-15 17:58:33 - app - INFO - 解密密钥获取成功
2026-01-15 17:58:33 - app - INFO - 解密密钥获取成功，配置已就绪
2026-01-15 17:58:33 - app - INFO - 配置解密成功
2026-01-15 17:58:33 - app - INFO - 夸克API配置加载成功
2026-01-15 17:58:33 - app - INFO - 夸克API配置加载完成
2026-01-15 17:58:33 - app - INFO - 检查数据库...
2026-01-15 17:58:33 - app - INFO - 数据库检查完成
2026-01-15 17:58:33 - app - INFO - 检查数据库迁移...
2026-01-15 17:58:33 - app - INFO - 数据库迁移检查完成
2026-01-15 17:58:33 - app - INFO - 清理异常中断的任务状态...
2026-01-15 17:58:33 - app - INFO - 升级管理器初始化完成
2026-01-15 17:58:33 - app - INFO - Flask应用创建成功
2026-01-15 17:58:33 - app - INFO - 静态文件目录: C:\Data\夸克转存\client\frontend
2026-01-15 17:58:33 - app - INFO - 启动任务调度服务...
2026-01-15 17:58:33 - app - INFO - 检查被中断的影视下载任务...
2026-01-15 17:58:33 - app - INFO - 没有需要恢复的影视下载任务
2026-01-15 17:58:33 - app - INFO - 账期生成循环已启动
2026-01-15 17:58:33 - app - INFO - 账期生成线程已启动
2026-01-15 17:58:33 - app - INFO - 开始生成 2026-01-15 的任务账期
2026-01-15 17:58:33 - app - INFO - 任务执行循环已启动
2026-01-15 17:58:33 - app - INFO - 任务执行线程已启动
2026-01-15 17:58:33 - app - INFO - 日志清理循环已启动
2026-01-15 17:58:33 - app - INFO - 日志清理线程已启动
2026-01-15 17:58:33 - app - INFO - 下次日志清理时间: 2026-01-16 02:00:00
2026-01-15 17:58:33 - app - INFO - 启动Flask服务: http://0.0.0.0:8520
2026-01-15 17:58:33 - app - INFO - 跳过一次性执行任务: 测试
2026-01-15 17:58:33 - app - INFO - 跳过一次性执行任务: 测试谢谢谢谢
2026-01-15 17:58:33 - app - INFO - 跳过一次性执行任务: 小城大事
2026-01-15 17:58:33 - app - INFO - ✅ 生成完成，共创建 0 条待执行记录
2026-01-15 17:58:33 - app - INFO - 下次生成账期时间: 2026-01-16 00:00:00, 等待 21687 秒
2026-01-15 17:58:39 - app - INFO - 许可证管理器初始化完成,服务器: http://license.22l2.com
2026-01-15 17:58:39 - app - INFO - 初始化许可证管理器...
2026-01-15 17:58:40 - app - INFO - 解密密钥设置成功
2026-01-15 17:58:40 - app - INFO - 解密密钥获取成功
2026-01-15 17:58:40 - app - INFO - 解密密钥获取成功，配置已就绪
2026-01-15 17:58:40 - app - INFO - 配置解密成功
2026-01-15 17:58:40 - app - INFO - 夸克API配置加载成功
2026-01-15 17:58:40 - app - INFO - 夸克API配置加载完成
2026-01-15 17:58:40 - app - INFO - 检查数据库...
2026-01-15 17:58:40 - app - INFO - 数据库检查完成
2026-01-15 17:58:40 - app - INFO - 检查数据库迁移...
2026-01-15 17:58:40 - app - INFO - 数据库迁移检查完成
2026-01-15 17:58:40 - app - INFO - 清理异常中断的任务状态...
2026-01-15 17:58:40 - app - INFO - 升级管理器初始化完成
2026-01-15 17:58:40 - app - INFO - Flask应用创建成功
2026-01-15 17:58:40 - app - INFO - 静态文件目录: C:\Data\夸克转存\client\frontend
2026-01-15 17:58:40 - app - INFO - 启动任务调度服务...
2026-01-15 17:58:40 - app - INFO - 检查被中断的影视下载任务...
2026-01-15 17:58:40 - app - INFO - 没有需要恢复的影视下载任务
2026-01-15 17:58:40 - app - INFO - 账期生成循环已启动
2026-01-15 17:58:40 - app - INFO - 账期生成线程已启动
2026-01-15 17:58:40 - app - INFO - 开始生成 2026-01-15 的任务账期
2026-01-15 17:58:40 - app - INFO - 任务执行循环已启动
2026-01-15 17:58:40 - app - INFO - 任务执行线程已启动
2026-01-15 17:58:40 - app - INFO - 日志清理循环已启动
2026-01-15 17:58:40 - app - INFO - 日志清理线程已启动
2026-01-15 17:58:40 - app - INFO - 下次日志清理时间: 2026-01-16 02:00:00
2026-01-15 17:58:40 - app - INFO - 启动Flask服务: http://0.0.0.0:8520
2026-01-15 17:58:40 - app - INFO - 跳过一次性执行任务: 测试
2026-01-15 17:58:40 - app - INFO - 跳过一次性执行任务: 测试谢谢谢谢
2026-01-15 17:58:40 - app - INFO - 跳过一次性执行任务: 小城大事
2026-01-15 17:58:40 - app - INFO - ✅ 生成完成，共创建 0 条待执行记录
2026-01-15 17:58:40 - app - INFO - 下次生成账期时间: 2026-01-16 00:00:00, 等待 21679 秒
2026-01-15 18:00:05 - app - INFO - 许可证管理器初始化完成,服务器: http://license.22l2.com
2026-01-15 18:00:05 - app - INFO - 初始化许可证管理器...
2026-01-15 18:00:06 - app - INFO - 解密密钥设置成功
2026-01-15 18:00:06 - app - INFO - 解密密钥获取成功
2026-01-15 18:00:06 - app - INFO - 解密密钥获取成功，配置已就绪
2026-01-15 18:00:06 - app - INFO - 配置解密成功
2026-01-15 18:00:06 - app - INFO - 夸克API配置加载成功
2026-01-15 18:00:06 - app - INFO - 夸克API配置加载完成
2026-01-15 18:00:06 - app - INFO - 检查数据库...
2026-01-15 18:00:06 - app - INFO - 数据库检查完成
2026-01-15 18:00:06 - app - INFO - 检查数据库迁移...
2026-01-15 18:00:06 - app - INFO - 数据库迁移检查完成
2026-01-15 18:00:06 - app - INFO - 清理异常中断的任务状态...
2026-01-15 18:00:06 - app - INFO - 升级管理器初始化完成
2026-01-15 18:00:06 - app - INFO - Flask应用创建成功
2026-01-15 18:00:06 - app - INFO - 静态文件目录: C:\Data\夸克转存\client\frontend
2026-01-15 18:00:06 - app - INFO - 启动任务调度服务...
2026-01-15 18:00:06 - app - INFO - 检查被中断的影视下载任务...
2026-01-15 18:00:06 - app - INFO - 没有需要恢复的影视下载任务
2026-01-15 18:00:06 - app - INFO - 账期生成循环已启动
2026-01-15 18:00:06 - app - INFO - 账期生成线程已启动
2026-01-15 18:00:06 - app - INFO - 开始生成 2026-01-15 的任务账期
2026-01-15 18:00:06 - app - INFO - 任务执行循环已启动
2026-01-15 18:00:06 - app - INFO - 任务执行线程已启动
2026-01-15 18:00:06 - app - INFO - 日志清理循环已启动
2026-01-15 18:00:06 - app - INFO - 日志清理线程已启动
2026-01-15 18:00:06 - app - INFO - 下次日志清理时间: 2026-01-16 02:00:00
2026-01-15 18:00:06 - app - INFO - 启动Flask服务: http://0.0.0.0:8520
2026-01-15 18:00:06 - app - INFO - 跳过一次性执行任务: 测试
2026-01-15 18:00:06 - app - INFO - 跳过一次性执行任务: 测试谢谢谢谢
2026-01-15 18:00:06 - app - INFO - 跳过一次性执行任务: 小城大事
2026-01-15 18:00:06 - app - INFO - ✅ 生成完成，共创建 0 条待执行记录
2026-01-15 18:00:06 - app - INFO - 下次生成账期时间: 2026-01-16 00:00:00, 等待 21593 秒
2026-01-15 18:00:19 - app - INFO - 许可证管理器初始化完成,服务器: http://license.22l2.com
2026-01-15 18:00:19 - app - INFO - 初始化许可证管理器...
2026-01-15 18:00:20 - app - INFO - 解密密钥设置成功
2026-01-15 18:00:20 - app - INFO - 解密密钥获取成功
2026-01-15 18:00:20 - app - INFO - 解密密钥获取成功，配置已就绪
2026-01-15 18:00:20 - app - INFO - 配置解密成功
2026-01-15 18:00:20 - app - INFO - 夸克API配置加载成功
2026-01-15 18:00:20 - app - INFO - 夸克API配置加载完成
2026-01-15 18:00:20 - app - INFO - 检查数据库...
2026-01-15 18:00:20 - app - INFO - 数据库检查完成
2026-01-15 18:00:20 - app - INFO - 检查数据库迁移...
2026-01-15 18:00:20 - app - INFO - 数据库迁移检查完成
2026-01-15 18:00:20 - app - INFO - 清理异常中断的任务状态...
2026-01-15 18:00:20 - app - INFO - 升级管理器初始化完成
2026-01-15 18:00:20 - app - INFO - Flask应用创建成功
2026-01-15 18:00:20 - app - INFO - 静态文件目录: C:\Data\夸克转存\client\frontend
2026-01-15 18:00:20 - app - INFO - 启动任务调度服务...
2026-01-15 18:00:20 - app - INFO - 检查被中断的影视下载任务...
2026-01-15 18:00:20 - app - INFO - 没有需要恢复的影视下载任务
2026-01-15 18:00:20 - app - INFO - 账期生成循环已启动
2026-01-15 18:00:20 - app - INFO - 账期生成线程已启动
2026-01-15 18:00:20 - app - INFO - 开始生成 2026-01-15 的任务账期
2026-01-15 18:00:20 - app - INFO - 任务执行循环已启动
2026-01-15 18:00:20 - app - INFO - 任务执行线程已启动
2026-01-15 18:00:20 - app - INFO - 日志清理循环已启动
2026-01-15 18:00:20 - app - INFO - 日志清理线程已启动
2026-01-15 18:00:20 - app - INFO - 下次日志清理时间: 2026-01-16 02:00:00
2026-01-15 18:00:20 - app - INFO - 启动Flask服务: http://0.0.0.0:8520
2026-01-15 18:00:20 - app - INFO - 跳过一次性执行任务: 测试
2026-01-15 18:00:20 - app - INFO - 跳过一次性执行任务: 测试谢谢谢谢
2026-01-15 18:00:20 - app - INFO - 跳过一次性执行任务: 小城大事
2026-01-15 18:00:20 - app - INFO - ✅ 生成完成，共创建 0 条待执行记录
2026-01-15 18:00:20 - app - INFO - 下次生成账期时间: 2026-01-16 00:00:00, 等待 21580 秒
2026-01-15 18:01:15 - app - INFO - [任务2] 开始执行任务: 测试谢谢谢谢
2026-01-15 18:01:15 - app - INFO - [任务2] 使用账号: 天意
2026-01-15 18:01:15 - app - INFO - [任务2] 目标路径: /测试
2026-01-15 18:01:15 - app - INFO - [任务2] 云盘类型: cloud189
2026-01-15 18:01:15 - app - INFO - [任务2] 共有 1 个分享链接待处理
2026-01-15 18:01:15 - app - INFO - [任务2] [1/1] 正在处理: https://h5.cloud.189.cn/share.html#/t/JV3Y3mZreqmi...
2026-01-15 18:01:15 - app - INFO - [任务2] [1/1] 解析分享链接...
2026-01-15 18:01:15 - app - INFO - 解析天翼分享链接: url=https://h5.cloud.189.cn/share.html#/t/JV3Y3mZreqmi, share_code=JV3Y3mZreqmi, access_code=
2026-01-15 18:01:15 - app - INFO - [任务2] [1/1] 解析结果: share_code=JV3Y3mZreqmi
2026-01-15 18:01:15 - app - INFO - [任务2] [1/1] 开始转存...
2026-01-15 18:01:15 - app - INFO - [任务2] [1/1] 目标路径: /测试//123
2026-01-15 18:01:15 - app - INFO - 解析天翼分享链接: url=https://h5.cloud.189.cn/share.html#/t/JV3Y3mZreqmi, share_code=JV3Y3mZreqmi, access_code=
2026-01-15 18:01:15 - app - INFO - 开始转存189分享: share_code=JV3Y3mZreqmi
2026-01-15 18:01:26 - app - INFO - 列出分享目录请求: {'shareId': 12547119517682, 'isFolder': 'true', 'shareMode': 3, 'orderBy': 'lastOpTime', 'descending': 'true', 'pageNum': 1, 'pageSize': 1000, 'fileId': '-11'}
2026-01-15 18:01:26 - app - INFO - 列出分享目录响应: {'res_message': 'checkShareFileReadRight() - sessionKey=null, userId=null, shareId=12547119517682, tempParentId=null, file is not in flatDir. ', 'res_code': 'ShareNotFoundFlatDir'}
2026-01-15 18:01:26 - app - INFO - [任务2] [1/1] 转存失败: 获取文件列表失败
2026-01-15 18:01:26 - app - INFO - [任务2] 任务执行完成！成功: 0, 失败: 1, 文件数: 0
2026-01-15 18:01:26 - app - INFO - [任务2] 执行异常: no such column: fail_count
2026-01-15 18:01:26 - app - ERROR - 执行任务异常: no such column: fail_count
Traceback (most recent call last):
  File "C:\Data\夸克转存\client\backend\api\transfer.py", line 406, in execute_task
    cursor.execute("""
sqlite3.OperationalError: no such column: fail_count
2026-01-15 18:01:50 - app - INFO - 检查登录状态, session内容: {'_permanent': True, 'user_id': 1, 'username': 'admin'}, cookies: ImmutableMultiDict([('session', 'eyJfcGVybWFuZW50Ijp0cnVlLCJ1c2VyX2lkIjoxLCJ1c2VybmFtZSI6ImFkbWluIn0.aWi7Dg.3KyLNlszJ2YZjI3BvJ7E4Z8nUNE')])
2026-01-15 18:01:50 - app - INFO - 检查登录状态, session内容: {'_permanent': True, 'user_id': 1, 'username': 'admin'}, cookies: ImmutableMultiDict([('session', 'eyJfcGVybWFuZW50Ijp0cnVlLCJ1c2VyX2lkIjoxLCJ1c2VybmFtZSI6ImFkbWluIn0.aWi7Dg.3KyLNlszJ2YZjI3BvJ7E4Z8nUNE')])
2026-01-15 18:01:54 - app - INFO - 检查更新: 当前版本 2.1.4
2026-01-15 18:02:02 - app - INFO - 检查更新成功: {'has_update': False, 'message': '当前已是最新版本'}
2026-01-15 18:02:06 - app - INFO - 许可证管理器初始化完成,服务器: http://license.22l2.com
2026-01-15 18:02:06 - app - INFO - 初始化许可证管理器...
2026-01-15 18:02:07 - app - INFO - 许可证管理器初始化完成,服务器: http://license.22l2.com
2026-01-15 18:02:07 - app - INFO - 初始化许可证管理器...
2026-01-15 18:02:09 - app - INFO - 解密密钥设置成功
2026-01-15 18:02:09 - app - INFO - 解密密钥获取成功
2026-01-15 18:02:09 - app - INFO - 解密密钥获取成功，配置已就绪
2026-01-15 18:02:09 - app - INFO - 配置解密成功
2026-01-15 18:02:09 - app - INFO - 夸克API配置加载成功
2026-01-15 18:02:09 - app - INFO - 夸克API配置加载完成
2026-01-15 18:02:09 - app - INFO - 检查数据库...
2026-01-15 18:02:09 - app - INFO - 数据库检查完成
2026-01-15 18:02:09 - app - INFO - 检查数据库迁移...
2026-01-15 18:02:09 - app - INFO - 数据库迁移检查完成
2026-01-15 18:02:09 - app - INFO - 清理异常中断的任务状态...
2026-01-15 18:02:09 - app - INFO - 升级管理器初始化完成
2026-01-15 18:02:09 - app - INFO - Flask应用创建成功
2026-01-15 18:02:09 - app - INFO - 静态文件目录: C:\Data\夸克转存\client\frontend
2026-01-15 18:02:09 - app - INFO - 启动任务调度服务...
2026-01-15 18:02:09 - app - INFO - 检查被中断的影视下载任务...
2026-01-15 18:02:09 - app - INFO - 没有需要恢复的影视下载任务
2026-01-15 18:02:09 - app - INFO - 账期生成循环已启动
2026-01-15 18:02:09 - app - INFO - 账期生成线程已启动
2026-01-15 18:02:09 - app - INFO - 开始生成 2026-01-15 的任务账期
2026-01-15 18:02:09 - app - INFO - 跳过一次性执行任务: 测试
2026-01-15 18:02:10 - app - INFO - 跳过一次性执行任务: 测试谢谢谢谢
2026-01-15 18:02:10 - app - INFO - 跳过一次性执行任务: 小城大事
2026-01-15 18:02:10 - app - INFO - 任务执行循环已启动
2026-01-15 18:02:10 - app - INFO - 任务执行线程已启动
2026-01-15 18:02:10 - app - INFO - ✅ 生成完成，共创建 0 条待执行记录
2026-01-15 18:02:10 - app - INFO - 下次生成账期时间: 2026-01-16 00:00:00, 等待 21470 秒
2026-01-15 18:02:10 - app - INFO - 日志清理循环已启动
2026-01-15 18:02:10 - app - INFO - 日志清理线程已启动
2026-01-15 18:02:10 - app - INFO - 下次日志清理时间: 2026-01-16 02:00:00
2026-01-15 18:02:10 - app - INFO - 启动Flask服务: http://0.0.0.0:8520
2026-01-15 18:02:10 - app - INFO - 解密密钥设置成功
2026-01-15 18:02:10 - app - INFO - 解密密钥获取成功
2026-01-15 18:02:10 - app - INFO - 解密密钥获取成功，配置已就绪
2026-01-15 18:02:11 - app - INFO - 配置解密成功
2026-01-15 18:02:11 - app - INFO - 夸克API配置加载成功
2026-01-15 18:02:11 - app - INFO - 夸克API配置加载完成
2026-01-15 18:02:11 - app - INFO - 检查数据库...
2026-01-15 18:02:11 - app - INFO - 数据库检查完成
2026-01-15 18:02:11 - app - INFO - 检查数据库迁移...
2026-01-15 18:02:11 - app - INFO - 数据库迁移检查完成
2026-01-15 18:02:11 - app - INFO - 清理异常中断的任务状态...
2026-01-15 18:02:11 - app - INFO - 升级管理器初始化完成
2026-01-15 18:02:11 - app - INFO - Flask应用创建成功
2026-01-15 18:02:11 - app - INFO - 静态文件目录: C:\Data\夸克转存\client\frontend
2026-01-15 18:02:11 - app - INFO - 启动任务调度服务...
2026-01-15 18:02:11 - app - INFO - 检查被中断的影视下载任务...
2026-01-15 18:02:11 - app - INFO - 没有需要恢复的影视下载任务
2026-01-15 18:02:11 - app - INFO - 账期生成循环已启动
2026-01-15 18:02:11 - app - INFO - 账期生成线程已启动
2026-01-15 18:02:11 - app - INFO - 开始生成 2026-01-15 的任务账期
2026-01-15 18:02:11 - app - INFO - 任务执行循环已启动
2026-01-15 18:02:11 - app - INFO - 任务执行线程已启动
2026-01-15 18:02:11 - app - INFO - 跳过一次性执行任务: 测试
2026-01-15 18:02:11 - app - INFO - 日志清理循环已启动
2026-01-15 18:02:11 - app - INFO - 跳过一次性执行任务: 测试谢谢谢谢
2026-01-15 18:02:11 - app - INFO - 日志清理线程已启动
2026-01-15 18:02:11 - app - INFO - 跳过一次性执行任务: 小城大事
2026-01-15 18:02:11 - app - INFO - 下次日志清理时间: 2026-01-16 02:00:00
2026-01-15 18:02:11 - app - INFO - 启动Flask服务: http://0.0.0.0:8520
2026-01-15 18:02:11 - app - INFO - ✅ 生成完成，共创建 0 条待执行记录
2026-01-15 18:02:11 - app - INFO - 下次生成账期时间: 2026-01-16 00:00:00, 等待 21469 秒
2026-01-15 18:02:11 - app - INFO - [任务2] 开始执行任务: 测试谢谢谢谢
2026-01-15 18:02:11 - app - INFO - [任务2] 使用账号: 天意
2026-01-15 18:02:11 - app - INFO - [任务2] 目标路径: /测试
2026-01-15 18:02:11 - app - INFO - [任务2] 云盘类型: cloud189
2026-01-15 18:02:11 - app - INFO - [任务2] 共有 1 个分享链接待处理
2026-01-15 18:02:11 - app - INFO - [任务2] [1/1] 正在处理: https://h5.cloud.189.cn/share.html#/t/JV3Y3mZreqmi...
2026-01-15 18:02:11 - app - INFO - [任务2] [1/1] 解析分享链接...
2026-01-15 18:02:11 - app - INFO - 解析天翼分享链接: url=https://h5.cloud.189.cn/share.html#/t/JV3Y3mZreqmi, share_code=JV3Y3mZreqmi, access_code=
2026-01-15 18:02:11 - app - INFO - [任务2] [1/1] 解析结果: share_code=JV3Y3mZreqmi
2026-01-15 18:02:11 - app - INFO - [任务2] [1/1] 开始转存...
2026-01-15 18:02:11 - app - INFO - [任务2] [1/1] 目标路径: /测试//123
2026-01-15 18:02:11 - app - INFO - 解析天翼分享链接: url=https://h5.cloud.189.cn/share.html#/t/JV3Y3mZreqmi, share_code=JV3Y3mZreqmi, access_code=
2026-01-15 18:02:11 - app - INFO - 开始转存189分享: share_code=JV3Y3mZreqmi
2026-01-15 18:02:14 - app - INFO - 许可证管理器初始化完成,服务器: http://license.22l2.com
2026-01-15 18:02:14 - app - INFO - 初始化许可证管理器...
2026-01-15 18:02:14 - app - INFO - 许可证管理器初始化完成,服务器: http://license.22l2.com
2026-01-15 18:02:15 - app - INFO - 初始化许可证管理器...
2026-01-15 18:02:16 - app - INFO - 解密密钥设置成功
2026-01-15 18:02:16 - app - INFO - 解密密钥获取成功
2026-01-15 18:02:16 - app - INFO - 解密密钥获取成功，配置已就绪
2026-01-15 18:02:16 - app - INFO - 配置解密成功
2026-01-15 18:02:16 - app - INFO - 夸克API配置加载成功
2026-01-15 18:02:16 - app - INFO - 夸克API配置加载完成
2026-01-15 18:02:16 - app - INFO - 检查数据库...
2026-01-15 18:02:16 - app - INFO - 数据库检查完成
2026-01-15 18:02:16 - app - INFO - 检查数据库迁移...
2026-01-15 18:02:16 - app - INFO - 数据库迁移检查完成
2026-01-15 18:02:16 - app - INFO - 清理异常中断的任务状态...
2026-01-15 18:02:16 - app - INFO - 已清理 1 个异常中断的任务
2026-01-15 18:02:16 - app - INFO - 解密密钥设置成功
2026-01-15 18:02:16 - app - INFO - 解密密钥获取成功
2026-01-15 18:02:16 - app - INFO - 解密密钥获取成功，配置已就绪
2026-01-15 18:02:16 - app - INFO - 配置解密成功
2026-01-15 18:02:16 - app - INFO - 夸克API配置加载成功
2026-01-15 18:02:16 - app - INFO - 夸克API配置加载完成
2026-01-15 18:02:16 - app - INFO - 检查数据库...
2026-01-15 18:02:16 - app - INFO - 数据库检查完成
2026-01-15 18:02:16 - app - INFO - 检查数据库迁移...
2026-01-15 18:02:16 - app - INFO - 数据库迁移检查完成
2026-01-15 18:02:16 - app - INFO - 清理异常中断的任务状态...
2026-01-15 18:02:16 - app - INFO - 升级管理器初始化完成
2026-01-15 18:02:16 - app - INFO - Flask应用创建成功
2026-01-15 18:02:16 - app - INFO - 静态文件目录: C:\Data\夸克转存\client\frontend
2026-01-15 18:02:16 - app - INFO - 启动任务调度服务...
2026-01-15 18:02:17 - app - INFO - 检查被中断的影视下载任务...
2026-01-15 18:02:17 - app - INFO - 没有需要恢复的影视下载任务
2026-01-15 18:02:17 - app - INFO - 升级管理器初始化完成
2026-01-15 18:02:17 - app - INFO - 账期生成循环已启动
2026-01-15 18:02:17 - app - INFO - 账期生成线程已启动
2026-01-15 18:02:17 - app - INFO - 开始生成 2026-01-15 的任务账期
2026-01-15 18:02:17 - app - INFO - 任务执行循环已启动
2026-01-15 18:02:17 - app - INFO - 任务执行线程已启动
2026-01-15 18:02:17 - app - INFO - 跳过一次性执行任务: 测试
2026-01-15 18:02:17 - app - INFO - 日志清理循环已启动
2026-01-15 18:02:17 - app - INFO - 日志清理线程已启动
2026-01-15 18:02:17 - app - INFO - 下次日志清理时间: 2026-01-16 02:00:00
2026-01-15 18:02:17 - app - INFO - 跳过一次性执行任务: 测试谢谢谢谢
2026-01-15 18:02:17 - app - INFO - Flask应用创建成功
2026-01-15 18:02:17 - app - INFO - 静态文件目录: C:\Data\夸克转存\client\frontend
2026-01-15 18:02:17 - app - INFO - 启动任务调度服务...
2026-01-15 18:02:17 - app - INFO - 跳过一次性执行任务: 小城大事
2026-01-15 18:02:17 - app - INFO - 启动Flask服务: http://0.0.0.0:8520
2026-01-15 18:02:17 - app - INFO - ✅ 生成完成，共创建 0 条待执行记录
2026-01-15 18:02:17 - app - INFO - 下次生成账期时间: 2026-01-16 00:00:00, 等待 21463 秒
2026-01-15 18:02:17 - app - INFO - 检查被中断的影视下载任务...
2026-01-15 18:02:17 - app - INFO - 没有需要恢复的影视下载任务
2026-01-15 18:02:17 - app - INFO - 账期生成循环已启动
2026-01-15 18:02:17 - app - INFO - 账期生成线程已启动
2026-01-15 18:02:17 - app - INFO - 开始生成 2026-01-15 的任务账期
2026-01-15 18:02:17 - app - INFO - 任务执行循环已启动
2026-01-15 18:02:17 - app - INFO - 任务执行线程已启动
2026-01-15 18:02:17 - app - INFO - 跳过一次性执行任务: 测试
2026-01-15 18:02:17 - app - INFO - 日志清理循环已启动
2026-01-15 18:02:17 - app - INFO - 跳过一次性执行任务: 测试谢谢谢谢
2026-01-15 18:02:17 - app - INFO - 日志清理线程已启动
2026-01-15 18:02:17 - app - INFO - 下次日志清理时间: 2026-01-16 02:00:00
2026-01-15 18:02:17 - app - INFO - 跳过一次性执行任务: 小城大事
2026-01-15 18:02:17 - app - INFO - 启动Flask服务: http://0.0.0.0:8520
2026-01-15 18:02:17 - app - INFO - ✅ 生成完成，共创建 0 条待执行记录
2026-01-15 18:02:17 - app - INFO - 下次生成账期时间: 2026-01-16 00:00:00, 等待 21463 秒
2026-01-15 18:02:29 - app - INFO - [任务2] 开始执行任务: 测试谢谢谢谢
2026-01-15 18:02:29 - app - INFO - [任务2] 使用账号: 天意
2026-01-15 18:02:29 - app - INFO - [任务2] 目标路径: /测试
2026-01-15 18:02:29 - app - INFO - [任务2] 云盘类型: cloud189
2026-01-15 18:02:29 - app - INFO - [任务2] 共有 1 个分享链接待处理
2026-01-15 18:02:29 - app - INFO - [任务2] [1/1] 正在处理: https://h5.cloud.189.cn/share.html#/t/JV3Y3mZreqmi...
2026-01-15 18:02:29 - app - INFO - [任务2] [1/1] 解析分享链接...
2026-01-15 18:02:29 - app - INFO - 解析天翼分享链接: url=https://h5.cloud.189.cn/share.html#/t/JV3Y3mZreqmi, share_code=JV3Y3mZreqmi, access_code=
2026-01-15 18:02:29 - app - INFO - [任务2] [1/1] 解析结果: share_code=JV3Y3mZreqmi
2026-01-15 18:02:29 - app - INFO - [任务2] [1/1] 开始转存...
2026-01-15 18:02:29 - app - INFO - [任务2] [1/1] 目标路径: /测试//123
2026-01-15 18:02:29 - app - INFO - 解析天翼分享链接: url=https://h5.cloud.189.cn/share.html#/t/JV3Y3mZreqmi, share_code=JV3Y3mZreqmi, access_code=
2026-01-15 18:02:29 - app - INFO - 开始转存189分享: share_code=JV3Y3mZreqmi
2026-01-15 18:02:41 - app - INFO - 列出分享目录请求: {'shareId': 12547119517682, 'isFolder': 'true', 'shareMode': 3, 'orderBy': 'lastOpTime', 'descending': 'true', 'pageNum': 1, 'pageSize': 1000, 'fileId': '-11'}
2026-01-15 18:02:41 - app - INFO - 列出分享目录响应: {'res_message': 'checkShareFileReadRight() - sessionKey=null, userId=null, shareId=12547119517682, tempParentId=null, file is not in flatDir. ', 'res_code': 'ShareNotFoundFlatDir'}
2026-01-15 18:02:41 - app - INFO - [任务2] [1/1] 转存失败: 获取文件列表失败
2026-01-15 18:02:41 - app - INFO - [任务2] 任务执行完成！成功: 0, 失败: 1, 文件数: 0
2026-01-15 18:02:41 - app - INFO - [任务2] 执行异常: no such column: fail_count
2026-01-15 18:02:41 - app - ERROR - 执行任务异常: no such column: fail_count
Traceback (most recent call last):
  File "C:\Data\夸克转存\client\backend\api\transfer.py", line 406, in execute_task
    cursor.execute("""
sqlite3.OperationalError: no such column: fail_count
2026-01-15 18:03:47 - app - INFO - 许可证管理器初始化完成,服务器: http://license.22l2.com
2026-01-15 18:03:47 - app - INFO - 许可证管理器初始化完成,服务器: http://license.22l2.com
2026-01-15 18:03:47 - app - INFO - 初始化许可证管理器...
2026-01-15 18:03:47 - app - INFO - 初始化许可证管理器...
2026-01-15 18:03:48 - app - INFO - 解密密钥设置成功
2026-01-15 18:03:48 - app - INFO - 解密密钥获取成功
2026-01-15 18:03:48 - app - INFO - 解密密钥获取成功，配置已就绪
2026-01-15 18:03:48 - app - INFO - 配置解密成功
2026-01-15 18:03:48 - app - INFO - 夸克API配置加载成功
2026-01-15 18:03:48 - app - INFO - 夸克API配置加载完成
2026-01-15 18:03:48 - app - INFO - 检查数据库...
2026-01-15 18:03:48 - app - INFO - 数据库检查完成
2026-01-15 18:03:48 - app - INFO - 检查数据库迁移...
2026-01-15 18:03:48 - app - INFO - 数据库迁移检查完成
2026-01-15 18:03:48 - app - INFO - 清理异常中断的任务状态...
2026-01-15 18:03:48 - app - INFO - 升级管理器初始化完成
2026-01-15 18:03:48 - app - INFO - Flask应用创建成功
2026-01-15 18:03:48 - app - INFO - 静态文件目录: C:\Data\夸克转存\client\frontend
2026-01-15 18:03:48 - app - INFO - 启动任务调度服务...
2026-01-15 18:03:48 - app - INFO - 检查被中断的影视下载任务...
2026-01-15 18:03:48 - app - INFO - 没有需要恢复的影视下载任务
2026-01-15 18:03:48 - app - INFO - 账期生成循环已启动
2026-01-15 18:03:48 - app - INFO - 账期生成线程已启动
2026-01-15 18:03:48 - app - INFO - 开始生成 2026-01-15 的任务账期
2026-01-15 18:03:48 - app - INFO - 任务执行循环已启动
2026-01-15 18:03:48 - app - INFO - 任务执行线程已启动
2026-01-15 18:03:48 - app - INFO - 日志清理循环已启动
2026-01-15 18:03:48 - app - INFO - 日志清理线程已启动
2026-01-15 18:03:48 - app - INFO - 下次日志清理时间: 2026-01-16 02:00:00
2026-01-15 18:03:48 - app - INFO - 跳过一次性执行任务: 测试
2026-01-15 18:03:48 - app - INFO - 启动Flask服务: http://0.0.0.0:8520
2026-01-15 18:03:48 - app - INFO - 跳过一次性执行任务: 测试谢谢谢谢
2026-01-15 18:03:48 - app - INFO - 跳过一次性执行任务: 小城大事
2026-01-15 18:03:48 - app - INFO - ✅ 生成完成，共创建 0 条待执行记录
2026-01-15 18:03:48 - app - INFO - 下次生成账期时间: 2026-01-16 00:00:00, 等待 21371 秒
2026-01-15 18:03:49 - app - INFO - 解密密钥设置成功
2026-01-15 18:03:49 - app - INFO - 解密密钥获取成功
2026-01-15 18:03:49 - app - INFO - 解密密钥获取成功，配置已就绪
2026-01-15 18:03:49 - app - INFO - 配置解密成功
2026-01-15 18:03:49 - app - INFO - 夸克API配置加载成功
2026-01-15 18:03:49 - app - INFO - 夸克API配置加载完成
2026-01-15 18:03:49 - app - INFO - 检查数据库...
2026-01-15 18:03:49 - app - INFO - 数据库检查完成
2026-01-15 18:03:49 - app - INFO - 检查数据库迁移...
2026-01-15 18:03:49 - app - INFO - 数据库迁移检查完成
2026-01-15 18:03:49 - app - INFO - 清理异常中断的任务状态...
2026-01-15 18:03:49 - app - INFO - 升级管理器初始化完成
2026-01-15 18:03:49 - app - INFO - Flask应用创建成功
2026-01-15 18:03:49 - app - INFO - 静态文件目录: C:\Data\夸克转存\client\frontend
2026-01-15 18:03:49 - app - INFO - 启动任务调度服务...
2026-01-15 18:03:49 - app - INFO - 检查被中断的影视下载任务...
2026-01-15 18:03:49 - app - INFO - 没有需要恢复的影视下载任务
2026-01-15 18:03:49 - app - INFO - 账期生成循环已启动
2026-01-15 18:03:49 - app - INFO - 账期生成线程已启动
2026-01-15 18:03:49 - app - INFO - 开始生成 2026-01-15 的任务账期
2026-01-15 18:03:49 - app - INFO - 任务执行循环已启动
2026-01-15 18:03:49 - app - INFO - 任务执行线程已启动
2026-01-15 18:03:49 - app - INFO - 日志清理循环已启动
2026-01-15 18:03:49 - app - INFO - 日志清理线程已启动
2026-01-15 18:03:49 - app - INFO - 下次日志清理时间: 2026-01-16 02:00:00
2026-01-15 18:03:49 - app - INFO - 跳过一次性执行任务: 测试
2026-01-15 18:03:49 - app - INFO - 启动Flask服务: http://0.0.0.0:8520
2026-01-15 18:03:49 - app - INFO - 跳过一次性执行任务: 测试谢谢谢谢
2026-01-15 18:03:49 - app - INFO - 跳过一次性执行任务: 小城大事
2026-01-15 18:03:49 - app - INFO - ✅ 生成完成，共创建 0 条待执行记录
2026-01-15 18:03:49 - app - INFO - 下次生成账期时间: 2026-01-16 00:00:00, 等待 21371 秒
2026-01-15 18:04:37 - app - INFO - [任务2] 开始执行任务: 测试谢谢谢谢
2026-01-15 18:04:37 - app - INFO - [任务2] 使用账号: 天意
2026-01-15 18:04:37 - app - INFO - [任务2] 目标路径: /测试
2026-01-15 18:04:37 - app - INFO - [任务2] 云盘类型: cloud189
2026-01-15 18:04:37 - app - INFO - [任务2] 共有 1 个分享链接待处理
2026-01-15 18:04:37 - app - INFO - [任务2] [1/1] 正在处理: https://h5.cloud.189.cn/share.html#/t/JV3Y3mZreqmi...
2026-01-15 18:04:37 - app - INFO - [任务2] [1/1] 解析分享链接...
2026-01-15 18:04:37 - app - INFO - 解析天翼分享链接: url=https://h5.cloud.189.cn/share.html#/t/JV3Y3mZreqmi, share_code=JV3Y3mZreqmi, access_code=
2026-01-15 18:04:37 - app - INFO - [任务2] [1/1] 解析结果: share_code=JV3Y3mZreqmi
2026-01-15 18:04:37 - app - INFO - [任务2] [1/1] 开始转存...
2026-01-15 18:04:37 - app - INFO - [任务2] [1/1] 目标路径: /测试//123
2026-01-15 18:04:37 - app - INFO - 解析天翼分享链接: url=https://h5.cloud.189.cn/share.html#/t/JV3Y3mZreqmi, share_code=JV3Y3mZreqmi, access_code=
2026-01-15 18:04:37 - app - INFO - 开始转存189分享: share_code=JV3Y3mZreqmi
2026-01-15 18:04:48 - app - INFO - 列出分享目录请求: {'shareId': 12547119517682, 'isFolder': 'true', 'shareMode': 3, 'orderBy': 'lastOpTime', 'descending': 'true', 'pageNum': 1, 'pageSize': 1000, 'fileId': '-11'}
2026-01-15 18:04:49 - app - INFO - 列出分享目录响应: {'res_message': 'checkShareFileReadRight() - sessionKey=null, userId=null, shareId=12547119517682, tempParentId=null, file is not in flatDir. ', 'res_code': 'ShareNotFoundFlatDir'}
2026-01-15 18:04:49 - app - INFO - [任务2] [1/1] 转存失败: 获取文件列表失败
2026-01-15 18:04:49 - app - INFO - [任务2] 任务执行完成！成功: 0, 失败: 1, 文件数: 0
2026-01-15 18:05:46 - app - INFO - 许可证管理器初始化完成,服务器: http://license.22l2.com
2026-01-15 18:05:46 - app - INFO - 初始化许可证管理器...
2026-01-15 18:05:46 - app - INFO - 许可证管理器初始化完成,服务器: http://license.22l2.com
2026-01-15 18:05:46 - app - INFO - 初始化许可证管理器...
2026-01-15 18:05:47 - app - INFO - 解密密钥设置成功
2026-01-15 18:05:47 - app - INFO - 解密密钥获取成功
2026-01-15 18:05:47 - app - INFO - 解密密钥获取成功，配置已就绪
2026-01-15 18:05:47 - app - INFO - 配置解密成功
2026-01-15 18:05:47 - app - INFO - 夸克API配置加载成功
2026-01-15 18:05:47 - app - INFO - 夸克API配置加载完成
2026-01-15 18:05:47 - app - INFO - 检查数据库...
2026-01-15 18:05:47 - app - INFO - 数据库检查完成
2026-01-15 18:05:47 - app - INFO - 检查数据库迁移...
2026-01-15 18:05:47 - app - INFO - 数据库迁移检查完成
2026-01-15 18:05:47 - app - INFO - 清理异常中断的任务状态...
2026-01-15 18:05:47 - app - INFO - 升级管理器初始化完成
2026-01-15 18:05:47 - app - INFO - Flask应用创建成功
2026-01-15 18:05:47 - app - INFO - 静态文件目录: C:\Data\夸克转存\client\frontend
2026-01-15 18:05:47 - app - INFO - 启动任务调度服务...
2026-01-15 18:05:47 - app - INFO - 检查被中断的影视下载任务...
2026-01-15 18:05:47 - app - INFO - 没有需要恢复的影视下载任务
2026-01-15 18:05:47 - app - INFO - 账期生成循环已启动
2026-01-15 18:05:47 - app - INFO - 账期生成线程已启动
2026-01-15 18:05:47 - app - INFO - 开始生成 2026-01-15 的任务账期
2026-01-15 18:05:47 - app - INFO - 任务执行循环已启动
2026-01-15 18:05:47 - app - INFO - 任务执行线程已启动
2026-01-15 18:05:47 - app - INFO - 日志清理循环已启动
2026-01-15 18:05:47 - app - INFO - 日志清理线程已启动
2026-01-15 18:05:47 - app - INFO - 下次日志清理时间: 2026-01-16 02:00:00
2026-01-15 18:05:47 - app - INFO - 启动Flask服务: http://0.0.0.0:8520
2026-01-15 18:05:47 - app - INFO - 跳过一次性执行任务: 测试
2026-01-15 18:05:47 - app - INFO - 跳过一次性执行任务: 测试谢谢谢谢
2026-01-15 18:05:47 - app - INFO - 跳过一次性执行任务: 小城大事
2026-01-15 18:05:47 - app - INFO - ✅ 生成完成，共创建 0 条待执行记录
2026-01-15 18:05:47 - app - INFO - 下次生成账期时间: 2026-01-16 00:00:00, 等待 21253 秒
2026-01-15 18:05:47 - app - INFO - 解密密钥设置成功
2026-01-15 18:05:47 - app - INFO - 解密密钥获取成功
2026-01-15 18:05:47 - app - INFO - 解密密钥获取成功，配置已就绪
2026-01-15 18:05:47 - app - INFO - 配置解密成功
2026-01-15 18:05:47 - app - INFO - 夸克API配置加载成功
2026-01-15 18:05:47 - app - INFO - 夸克API配置加载完成
2026-01-15 18:05:47 - app - INFO - 检查数据库...
2026-01-15 18:05:47 - app - INFO - 数据库检查完成
2026-01-15 18:05:47 - app - INFO - 检查数据库迁移...
2026-01-15 18:05:47 - app - INFO - 数据库迁移检查完成
2026-01-15 18:05:47 - app - INFO - 清理异常中断的任务状态...
2026-01-15 18:05:47 - app - INFO - 升级管理器初始化完成
2026-01-15 18:05:47 - app - INFO - Flask应用创建成功
2026-01-15 18:05:47 - app - INFO - 静态文件目录: C:\Data\夸克转存\client\frontend
2026-01-15 18:05:47 - app - INFO - 启动任务调度服务...
2026-01-15 18:05:47 - app - INFO - 检查被中断的影视下载任务...
2026-01-15 18:05:47 - app - INFO - 没有需要恢复的影视下载任务
2026-01-15 18:05:47 - app - INFO - 账期生成循环已启动
2026-01-15 18:05:47 - app - INFO - 账期生成线程已启动
2026-01-15 18:05:47 - app - INFO - 开始生成 2026-01-15 的任务账期
2026-01-15 18:05:47 - app - INFO - 任务执行循环已启动
2026-01-15 18:05:47 - app - INFO - 任务执行线程已启动
2026-01-15 18:05:47 - app - INFO - 日志清理循环已启动
2026-01-15 18:05:47 - app - INFO - 日志清理线程已启动
2026-01-15 18:05:47 - app - INFO - 下次日志清理时间: 2026-01-16 02:00:00
2026-01-15 18:05:47 - app - INFO - 启动Flask服务: http://0.0.0.0:8520
2026-01-15 18:05:47 - app - INFO - 跳过一次性执行任务: 测试
2026-01-15 18:05:47 - app - INFO - 跳过一次性执行任务: 测试谢谢谢谢
2026-01-15 18:05:47 - app - INFO - 跳过一次性执行任务: 小城大事
2026-01-15 18:05:47 - app - INFO - ✅ 生成完成，共创建 0 条待执行记录
2026-01-15 18:05:47 - app - INFO - 下次生成账期时间: 2026-01-16 00:00:00, 等待 21252 秒
2026-01-15 18:06:16 - app - INFO - 许可证管理器初始化完成,服务器: http://license.22l2.com
2026-01-15 18:06:16 - app - INFO - 初始化许可证管理器...
2026-01-15 18:06:16 - app - INFO - 许可证管理器初始化完成,服务器: http://license.22l2.com
2026-01-15 18:06:16 - app - INFO - 初始化许可证管理器...
2026-01-15 18:06:17 - app - INFO - 解密密钥设置成功
2026-01-15 18:06:17 - app - INFO - 解密密钥获取成功
2026-01-15 18:06:17 - app - INFO - 解密密钥获取成功，配置已就绪
2026-01-15 18:06:17 - app - INFO - 配置解密成功
2026-01-15 18:06:17 - app - INFO - 夸克API配置加载成功
2026-01-15 18:06:17 - app - INFO - 夸克API配置加载完成
2026-01-15 18:06:17 - app - INFO - 检查数据库...
2026-01-15 18:06:17 - app - INFO - 数据库检查完成
2026-01-15 18:06:17 - app - INFO - 检查数据库迁移...
2026-01-15 18:06:17 - app - INFO - 数据库迁移检查完成
2026-01-15 18:06:17 - app - INFO - 清理异常中断的任务状态...
2026-01-15 18:06:17 - app - INFO - 升级管理器初始化完成
2026-01-15 18:06:17 - app - INFO - Flask应用创建成功
2026-01-15 18:06:17 - app - INFO - 静态文件目录: C:\Data\夸克转存\client\frontend
2026-01-15 18:06:17 - app - INFO - 启动任务调度服务...
2026-01-15 18:06:17 - app - INFO - 检查被中断的影视下载任务...
2026-01-15 18:06:17 - app - INFO - 没有需要恢复的影视下载任务
2026-01-15 18:06:17 - app - INFO - 账期生成循环已启动
2026-01-15 18:06:17 - app - INFO - 账期生成线程已启动
2026-01-15 18:06:17 - app - INFO - 开始生成 2026-01-15 的任务账期
2026-01-15 18:06:17 - app - INFO - 任务执行循环已启动
2026-01-15 18:06:17 - app - INFO - 任务执行线程已启动
2026-01-15 18:06:17 - app - INFO - 日志清理循环已启动
2026-01-15 18:06:17 - app - INFO - 日志清理线程已启动
2026-01-15 18:06:17 - app - INFO - 下次日志清理时间: 2026-01-16 02:00:00
2026-01-15 18:06:17 - app - INFO - 跳过一次性执行任务: 测试
2026-01-15 18:06:17 - app - INFO - 启动Flask服务: http://0.0.0.0:8520
2026-01-15 18:06:17 - app - INFO - 跳过一次性执行任务: 测试谢谢谢谢
2026-01-15 18:06:17 - app - INFO - 跳过一次性执行任务: 小城大事
2026-01-15 18:06:17 - app - INFO - ✅ 生成完成，共创建 0 条待执行记录
2026-01-15 18:06:17 - app - INFO - 下次生成账期时间: 2026-01-16 00:00:00, 等待 21223 秒
2026-01-15 18:06:17 - app - INFO - 解密密钥设置成功
2026-01-15 18:06:17 - app - INFO - 解密密钥获取成功
2026-01-15 18:06:17 - app - INFO - 解密密钥获取成功，配置已就绪
2026-01-15 18:06:17 - app - INFO - 配置解密成功
2026-01-15 18:06:17 - app - INFO - 夸克API配置加载成功
2026-01-15 18:06:17 - app - INFO - 夸克API配置加载完成
2026-01-15 18:06:17 - app - INFO - 检查数据库...
2026-01-15 18:06:17 - app - INFO - 数据库检查完成
2026-01-15 18:06:17 - app - INFO - 检查数据库迁移...
2026-01-15 18:06:17 - app - INFO - 数据库迁移检查完成
2026-01-15 18:06:17 - app - INFO - 清理异常中断的任务状态...
2026-01-15 18:06:17 - app - INFO - 升级管理器初始化完成
2026-01-15 18:06:17 - app - INFO - Flask应用创建成功
2026-01-15 18:06:17 - app - INFO - 静态文件目录: C:\Data\夸克转存\client\frontend
2026-01-15 18:06:17 - app - INFO - 启动任务调度服务...
2026-01-15 18:06:17 - app - INFO - 检查被中断的影视下载任务...
2026-01-15 18:06:17 - app - INFO - 没有需要恢复的影视下载任务
2026-01-15 18:06:17 - app - INFO - 账期生成循环已启动
2026-01-15 18:06:17 - app - INFO - 账期生成线程已启动
2026-01-15 18:06:17 - app - INFO - 开始生成 2026-01-15 的任务账期
2026-01-15 18:06:17 - app - INFO - 任务执行循环已启动
2026-01-15 18:06:17 - app - INFO - 任务执行线程已启动
2026-01-15 18:06:17 - app - INFO - 日志清理循环已启动
2026-01-15 18:06:17 - app - INFO - 日志清理线程已启动
2026-01-15 18:06:17 - app - INFO - 下次日志清理时间: 2026-01-16 02:00:00
2026-01-15 18:06:17 - app - INFO - 跳过一次性执行任务: 测试
2026-01-15 18:06:17 - app - INFO - 启动Flask服务: http://0.0.0.0:8520
2026-01-15 18:06:17 - app - INFO - 跳过一次性执行任务: 测试谢谢谢谢
2026-01-15 18:06:17 - app - INFO - 跳过一次性执行任务: 小城大事
2026-01-15 18:06:17 - app - INFO - ✅ 生成完成，共创建 0 条待执行记录
2026-01-15 18:06:17 - app - INFO - 下次生成账期时间: 2026-01-16 00:00:00, 等待 21222 秒
2026-01-15 18:06:59 - app - INFO - [任务2] 开始执行任务: 测试谢谢谢谢
2026-01-15 18:06:59 - app - INFO - [任务2] 使用账号: 天意
2026-01-15 18:06:59 - app - INFO - [任务2] 目标路径: /测试
2026-01-15 18:06:59 - app - INFO - [任务2] 云盘类型: cloud189
2026-01-15 18:06:59 - app - INFO - [任务2] 共有 1 个分享链接待处理
2026-01-15 18:06:59 - app - INFO - [任务2] [1/1] 正在处理: https://h5.cloud.189.cn/share.html#/t/JV3Y3mZreqmi...
2026-01-15 18:06:59 - app - INFO - [任务2] [1/1] 解析分享链接...
2026-01-15 18:06:59 - app - INFO - 解析天翼分享链接: url=https://h5.cloud.189.cn/share.html#/t/JV3Y3mZreqmi, share_code=JV3Y3mZreqmi, access_code=
2026-01-15 18:06:59 - app - INFO - [任务2] [1/1] 解析结果: share_code=JV3Y3mZreqmi
2026-01-15 18:06:59 - app - INFO - [任务2] [1/1] 开始转存...
2026-01-15 18:06:59 - app - INFO - [任务2] [1/1] 目标路径: /测试//123
2026-01-15 18:06:59 - app - INFO - 解析天翼分享链接: url=https://h5.cloud.189.cn/share.html#/t/JV3Y3mZreqmi, share_code=JV3Y3mZreqmi, access_code=
2026-01-15 18:06:59 - app - INFO - 开始转存189分享: share_code=JV3Y3mZreqmi
2026-01-15 18:07:11 - app - INFO - 列出分享目录请求: {'shareId': 12547119517682, 'isFolder': 'true', 'shareMode': 3, 'orderBy': 'lastOpTime', 'descending': 'true', 'pageNum': 1, 'pageSize': 1000, 'fileId': '323421229629570696'}
2026-01-15 18:07:11 - app - INFO - 列出分享目录响应: {'res_code': 0, 'res_message': '成功', 'expireTime': 0, 'expireType': 0, 'fileListAO': {'count': 2, 'fileList': [{'createDate': '2026-01-15 00:12:04', 'fileCata': 1, 'id': 525233229659568152, 'lastOpTime': '2026-01-15 00:12:04', 'md5': '2DB96647BD5C3C356863B1685A4734E8', 'mediaType': 4, 'name': '雷鲸小站3.txt', 'rev': '20260115001204', 'size': 204, 'starLabel': 2}], 'fileListSize': 1, 'folderList': [{'createDate': '2026-01-15 00:02:36', 'fileCata': 1, 'fileListSize': 0, 'id': 924631229621493439, 'lastOpTime': '2026-01-15 00:29:11', 'name': 'Season 1', 'parentId': 323421229629570696, 'rev': '20260115002911', 'starLabel': 2}]}, 'lastRev': 20260115180754}
2026-01-15 18:07:11 - app - INFO - 准备转存 2 个文件/文件夹
2026-01-15 18:07:11 - app - INFO - 189转存任务创建成功: task_id=202601151807542402
2026-01-15 18:08:16 - app - INFO - [任务2] [1/1] 转存失败: 转存任务超时
2026-01-15 18:08:16 - app - INFO - [任务2] 任务执行完成！成功: 0, 失败: 1, 文件数: 0
2026-01-15 18:08:57 - app - INFO - 许可证管理器初始化完成,服务器: http://license.22l2.com
2026-01-15 18:08:57 - app - INFO - 初始化许可证管理器...
2026-01-15 18:08:57 - app - INFO - 许可证管理器初始化完成,服务器: http://license.22l2.com
2026-01-15 18:08:57 - app - INFO - 初始化许可证管理器...
2026-01-15 18:08:58 - app - INFO - 解密密钥设置成功
2026-01-15 18:08:58 - app - INFO - 解密密钥获取成功
2026-01-15 18:08:58 - app - INFO - 解密密钥获取成功，配置已就绪
2026-01-15 18:08:58 - app - INFO - 配置解密成功
2026-01-15 18:08:58 - app - INFO - 夸克API配置加载成功
2026-01-15 18:08:58 - app - INFO - 夸克API配置加载完成
2026-01-15 18:08:58 - app - INFO - 检查数据库...
2026-01-15 18:08:58 - app - INFO - 数据库检查完成
2026-01-15 18:08:58 - app - INFO - 检查数据库迁移...
2026-01-15 18:08:58 - app - INFO - 数据库迁移检查完成
2026-01-15 18:08:58 - app - INFO - 清理异常中断的任务状态...
2026-01-15 18:08:58 - app - INFO - 升级管理器初始化完成
2026-01-15 18:08:58 - app - INFO - Flask应用创建成功
2026-01-15 18:08:58 - app - INFO - 静态文件目录: C:\Data\夸克转存\client\frontend
2026-01-15 18:08:58 - app - INFO - 启动任务调度服务...
2026-01-15 18:08:58 - app - INFO - 检查被中断的影视下载任务...
2026-01-15 18:08:58 - app - INFO - 没有需要恢复的影视下载任务
2026-01-15 18:08:58 - app - INFO - 账期生成循环已启动
2026-01-15 18:08:58 - app - INFO - 账期生成线程已启动
2026-01-15 18:08:58 - app - INFO - 开始生成 2026-01-15 的任务账期
2026-01-15 18:08:58 - app - INFO - 任务执行循环已启动
2026-01-15 18:08:58 - app - INFO - 任务执行线程已启动
2026-01-15 18:08:58 - app - INFO - 跳过一次性执行任务: 测试
2026-01-15 18:08:58 - app - INFO - 日志清理循环已启动
2026-01-15 18:08:58 - app - INFO - 日志清理线程已启动
2026-01-15 18:08:58 - app - INFO - 跳过一次性执行任务: 测试谢谢谢谢
2026-01-15 18:08:58 - app - INFO - 下次日志清理时间: 2026-01-16 02:00:00
2026-01-15 18:08:58 - app - INFO - 启动Flask服务: http://0.0.0.0:8520
2026-01-15 18:08:58 - app - INFO - 跳过一次性执行任务: 小城大事
2026-01-15 18:08:58 - app - INFO - ✅ 生成完成，共创建 0 条待执行记录
2026-01-15 18:08:58 - app - INFO - 下次生成账期时间: 2026-01-16 00:00:00, 等待 21061 秒
2026-01-15 18:08:58 - app - INFO - 解密密钥设置成功
2026-01-15 18:08:58 - app - INFO - 解密密钥获取成功
2026-01-15 18:08:58 - app - INFO - 解密密钥获取成功，配置已就绪
2026-01-15 18:08:58 - app - INFO - 配置解密成功
2026-01-15 18:08:58 - app - INFO - 夸克API配置加载成功
2026-01-15 18:08:58 - app - INFO - 夸克API配置加载完成
2026-01-15 18:08:58 - app - INFO - 检查数据库...
2026-01-15 18:08:58 - app - INFO - 数据库检查完成
2026-01-15 18:08:58 - app - INFO - 检查数据库迁移...
2026-01-15 18:08:58 - app - INFO - 数据库迁移检查完成
2026-01-15 18:08:58 - app - INFO - 清理异常中断的任务状态...
2026-01-15 18:08:58 - app - INFO - 升级管理器初始化完成
2026-01-15 18:08:58 - app - INFO - Flask应用创建成功
2026-01-15 18:08:58 - app - INFO - 静态文件目录: C:\Data\夸克转存\client\frontend
2026-01-15 18:08:58 - app - INFO - 启动任务调度服务...
2026-01-15 18:08:58 - app - INFO - 检查被中断的影视下载任务...
2026-01-15 18:08:58 - app - INFO - 没有需要恢复的影视下载任务
2026-01-15 18:08:58 - app - INFO - 账期生成循环已启动
2026-01-15 18:08:58 - app - INFO - 账期生成线程已启动
2026-01-15 18:08:58 - app - INFO - 开始生成 2026-01-15 的任务账期
2026-01-15 18:08:58 - app - INFO - 任务执行循环已启动
2026-01-15 18:08:58 - app - INFO - 任务执行线程已启动
2026-01-15 18:08:58 - app - INFO - 日志清理循环已启动
2026-01-15 18:08:58 - app - INFO - 日志清理线程已启动
2026-01-15 18:08:58 - app - INFO - 下次日志清理时间: 2026-01-16 02:00:00
2026-01-15 18:08:58 - app - INFO - 跳过一次性执行任务: 测试
2026-01-15 18:08:58 - app - INFO - 启动Flask服务: http://0.0.0.0:8520
2026-01-15 18:08:58 - app - INFO - 跳过一次性执行任务: 测试谢谢谢谢
2026-01-15 18:08:58 - app - INFO - 跳过一次性执行任务: 小城大事
2026-01-15 18:08:58 - app - INFO - ✅ 生成完成，共创建 0 条待执行记录
2026-01-15 18:08:58 - app - INFO - 下次生成账期时间: 2026-01-16 00:00:00, 等待 21061 秒
2026-01-15 18:09:15 - app - INFO - [任务2] 开始执行任务: 测试谢谢谢谢
2026-01-15 18:09:15 - app - INFO - [任务2] 使用账号: 天意
2026-01-15 18:09:15 - app - INFO - [任务2] 目标路径: /测试
2026-01-15 18:09:15 - app - INFO - [任务2] 云盘类型: cloud189
2026-01-15 18:09:15 - app - INFO - [任务2] 共有 1 个分享链接待处理
2026-01-15 18:09:15 - app - INFO - [任务2] [1/1] 正在处理: https://h5.cloud.189.cn/share.html#/t/JV3Y3mZreqmi...
2026-01-15 18:09:15 - app - INFO - [任务2] [1/1] 解析分享链接...
2026-01-15 18:09:15 - app - INFO - 解析天翼分享链接: url=https://h5.cloud.189.cn/share.html#/t/JV3Y3mZreqmi, share_code=JV3Y3mZreqmi, access_code=
2026-01-15 18:09:15 - app - INFO - [任务2] [1/1] 解析结果: share_code=JV3Y3mZreqmi
2026-01-15 18:09:15 - app - INFO - [任务2] [1/1] 开始转存...
2026-01-15 18:09:15 - app - INFO - [任务2] [1/1] 目标路径: /测试//123
2026-01-15 18:09:15 - app - INFO - 解析天翼分享链接: url=https://h5.cloud.189.cn/share.html#/t/JV3Y3mZreqmi, share_code=JV3Y3mZreqmi, access_code=
2026-01-15 18:09:15 - app - INFO - 开始转存189分享: share_code=JV3Y3mZreqmi
2026-01-15 18:09:27 - app - INFO - 列出分享目录请求: {'shareId': 12547119517682, 'isFolder': 'true', 'shareMode': 3, 'orderBy': 'lastOpTime', 'descending': 'true', 'pageNum': 1, 'pageSize': 1000, 'fileId': '323421229629570696'}
2026-01-15 18:09:27 - app - INFO - 列出分享目录响应: {'res_code': 0, 'res_message': '成功', 'expireTime': 0, 'expireType': 0, 'fileListAO': {'count': 2, 'fileList': [{'createDate': '2026-01-15 00:12:04', 'fileCata': 1, 'id': 525233229659568152, 'lastOpTime': '2026-01-15 00:12:04', 'md5': '2DB96647BD5C3C356863B1685A4734E8', 'mediaType': 4, 'name': '雷鲸小站3.txt', 'rev': '20260115001204', 'size': 204, 'starLabel': 2}], 'fileListSize': 1, 'folderList': [{'createDate': '2026-01-15 00:02:36', 'fileCata': 1, 'fileListSize': 0, 'id': 924631229621493439, 'lastOpTime': '2026-01-15 00:29:11', 'name': 'Season 1', 'parentId': 323421229629570696, 'rev': '20260115002911', 'starLabel': 2}]}, 'lastRev': 20260115181010}
2026-01-15 18:09:27 - app - INFO - 准备转存 2 个文件/文件夹
2026-01-15 18:09:27 - app - INFO - 189转存任务创建成功: task_id=20260115181010581, 完整响应: {'res_code': 0, 'res_message': '成功', 'taskId': '20260115181010581'}
2026-01-15 18:09:29 - app - INFO - 189转存任务状态查询 [1/30]: {'res_code': 0, 'res_message': '成功', 'errorCode': 'InvalidArgument', 'failedCount': 0, 'process': 0, 'skipCount': 0, 'subTaskCount': 0, 'successedCount': 0, 'taskId': '20260115181010581', 'taskStatus': -1}
2026-01-15 18:09:29 - app - INFO - 任务状态: -1
2026-01-15 18:09:31 - app - INFO - 189转存任务状态查询 [2/30]: {'res_code': 0, 'res_message': '成功', 'errorCode': 'InvalidArgument', 'failedCount': 0, 'process': 0, 'skipCount': 0, 'subTaskCount': 0, 'successedCount': 0, 'taskId': '20260115181010581', 'taskStatus': -1}
2026-01-15 18:09:31 - app - INFO - 任务状态: -1
2026-01-15 18:09:33 - app - INFO - 189转存任务状态查询 [3/30]: {'res_code': 0, 'res_message': '成功', 'errorCode': 'InvalidArgument', 'failedCount': 0, 'process': 0, 'skipCount': 0, 'subTaskCount': 0, 'successedCount': 0, 'taskId': '20260115181010581', 'taskStatus': -1}
2026-01-15 18:09:33 - app - INFO - 任务状态: -1
2026-01-15 18:09:35 - app - INFO - 189转存任务状态查询 [4/30]: {'res_code': 0, 'res_message': '成功', 'errorCode': 'InvalidArgument', 'failedCount': 0, 'process': 0, 'skipCount': 0, 'subTaskCount': 0, 'successedCount': 0, 'taskId': '20260115181010581', 'taskStatus': -1}
2026-01-15 18:09:35 - app - INFO - 任务状态: -1
2026-01-15 18:09:37 - app - INFO - 189转存任务状态查询 [5/30]: {'res_code': 0, 'res_message': '成功', 'errorCode': 'InvalidArgument', 'failedCount': 0, 'process': 0, 'skipCount': 0, 'subTaskCount': 0, 'successedCount': 0, 'taskId': '20260115181010581', 'taskStatus': -1}
2026-01-15 18:09:37 - app - INFO - 任务状态: -1
2026-01-15 18:09:39 - app - INFO - 189转存任务状态查询 [6/30]: {'res_code': 0, 'res_message': '成功', 'errorCode': 'InvalidArgument', 'failedCount': 0, 'process': 0, 'skipCount': 0, 'subTaskCount': 0, 'successedCount': 0, 'taskId': '20260115181010581', 'taskStatus': -1}
2026-01-15 18:09:39 - app - INFO - 任务状态: -1
2026-01-15 18:09:41 - app - INFO - 189转存任务状态查询 [7/30]: {'res_code': 0, 'res_message': '成功', 'errorCode': 'InvalidArgument', 'failedCount': 0, 'process': 0, 'skipCount': 0, 'subTaskCount': 0, 'successedCount': 0, 'taskId': '20260115181010581', 'taskStatus': -1}
2026-01-15 18:09:41 - app - INFO - 任务状态: -1
2026-01-15 18:09:44 - app - INFO - 189转存任务状态查询 [8/30]: {'res_code': 0, 'res_message': '成功', 'errorCode': 'InvalidArgument', 'failedCount': 0, 'process': 0, 'skipCount': 0, 'subTaskCount': 0, 'successedCount': 0, 'taskId': '20260115181010581', 'taskStatus': -1}
2026-01-15 18:09:44 - app - INFO - 任务状态: -1
2026-01-15 18:09:46 - app - INFO - 189转存任务状态查询 [9/30]: {'res_code': 0, 'res_message': '成功', 'errorCode': 'InvalidArgument', 'failedCount': 0, 'process': 0, 'skipCount': 0, 'subTaskCount': 0, 'successedCount': 0, 'taskId': '20260115181010581', 'taskStatus': -1}
2026-01-15 18:09:46 - app - INFO - 任务状态: -1
2026-01-15 18:09:48 - app - INFO - 189转存任务状态查询 [10/30]: {'res_code': 0, 'res_message': '成功', 'errorCode': 'InvalidArgument', 'failedCount': 0, 'process': 0, 'skipCount': 0, 'subTaskCount': 0, 'successedCount': 0, 'taskId': '20260115181010581', 'taskStatus': -1}
2026-01-15 18:09:48 - app - INFO - 任务状态: -1
2026-01-15 18:09:50 - app - INFO - 189转存任务状态查询 [11/30]: {'res_code': 0, 'res_message': '成功', 'errorCode': 'InvalidArgument', 'failedCount': 0, 'process': 0, 'skipCount': 0, 'subTaskCount': 0, 'successedCount': 0, 'taskId': '20260115181010581', 'taskStatus': -1}
2026-01-15 18:09:50 - app - INFO - 任务状态: -1
2026-01-15 18:09:52 - app - INFO - 189转存任务状态查询 [12/30]: {'res_code': 0, 'res_message': '成功', 'errorCode': 'InvalidArgument', 'failedCount': 0, 'process': 0, 'skipCount': 0, 'subTaskCount': 0, 'successedCount': 0, 'taskId': '20260115181010581', 'taskStatus': -1}
2026-01-15 18:09:52 - app - INFO - 任务状态: -1
2026-01-15 18:09:54 - app - INFO - 189转存任务状态查询 [13/30]: {'res_code': 0, 'res_message': '成功', 'errorCode': 'InvalidArgument', 'failedCount': 0, 'process': 0, 'skipCount': 0, 'subTaskCount': 0, 'successedCount': 0, 'taskId': '20260115181010581', 'taskStatus': -1}
2026-01-15 18:09:54 - app - INFO - 任务状态: -1
2026-01-15 18:09:56 - app - INFO - 189转存任务状态查询 [14/30]: {'res_code': 0, 'res_message': '成功', 'errorCode': 'InvalidArgument', 'failedCount': 0, 'process': 0, 'skipCount': 0, 'subTaskCount': 0, 'successedCount': 0, 'taskId': '20260115181010581', 'taskStatus': -1}
2026-01-15 18:09:56 - app - INFO - 任务状态: -1
2026-01-15 18:09:58 - app - INFO - 189转存任务状态查询 [15/30]: {'res_code': 0, 'res_message': '成功', 'errorCode': 'InvalidArgument', 'failedCount': 0, 'process': 0, 'skipCount': 0, 'subTaskCount': 0, 'successedCount': 0, 'taskId': '20260115181010581', 'taskStatus': -1}
2026-01-15 18:09:58 - app - INFO - 任务状态: -1
2026-01-15 18:10:00 - app - INFO - 189转存任务状态查询 [16/30]: {'res_code': 0, 'res_message': '成功', 'errorCode': 'InvalidArgument', 'failedCount': 0, 'process': 0, 'skipCount': 0, 'subTaskCount': 0, 'successedCount': 0, 'taskId': '20260115181010581', 'taskStatus': -1}
2026-01-15 18:10:00 - app - INFO - 任务状态: -1
2026-01-15 18:10:02 - app - INFO - 189转存任务状态查询 [17/30]: {'res_code': 0, 'res_message': '成功', 'errorCode': 'InvalidArgument', 'failedCount': 0, 'process': 0, 'skipCount': 0, 'subTaskCount': 0, 'successedCount': 0, 'taskId': '20260115181010581', 'taskStatus': -1}
2026-01-15 18:10:02 - app - INFO - 任务状态: -1
2026-01-15 18:10:04 - app - INFO - 189转存任务状态查询 [18/30]: {'res_code': 0, 'res_message': '成功', 'errorCode': 'InvalidArgument', 'failedCount': 0, 'process': 0, 'skipCount': 0, 'subTaskCount': 0, 'successedCount': 0, 'taskId': '20260115181010581', 'taskStatus': -1}
2026-01-15 18:10:04 - app - INFO - 任务状态: -1
2026-01-15 18:10:06 - app - INFO - 189转存任务状态查询 [19/30]: {'res_code': 0, 'res_message': '成功', 'errorCode': 'InvalidArgument', 'failedCount': 0, 'process': 0, 'skipCount': 0, 'subTaskCount': 0, 'successedCount': 0, 'taskId': '20260115181010581', 'taskStatus': -1}
2026-01-15 18:10:06 - app - INFO - 任务状态: -1
2026-01-15 18:10:08 - app - INFO - 189转存任务状态查询 [20/30]: {'res_code': 0, 'res_message': '成功', 'errorCode': 'InvalidArgument', 'failedCount': 0, 'process': 0, 'skipCount': 0, 'subTaskCount': 0, 'successedCount': 0, 'taskId': '20260115181010581', 'taskStatus': -1}
2026-01-15 18:10:08 - app - INFO - 任务状态: -1
2026-01-15 18:10:11 - app - INFO - 189转存任务状态查询 [21/30]: {'res_code': 0, 'res_message': '成功', 'errorCode': 'InvalidArgument', 'failedCount': 0, 'process': 0, 'skipCount': 0, 'subTaskCount': 0, 'successedCount': 0, 'taskId': '20260115181010581', 'taskStatus': -1}
2026-01-15 18:10:11 - app - INFO - 任务状态: -1
2026-01-15 18:10:13 - app - INFO - 189转存任务状态查询 [22/30]: {'res_code': 0, 'res_message': '成功', 'errorCode': 'InvalidArgument', 'failedCount': 0, 'process': 0, 'skipCount': 0, 'subTaskCount': 0, 'successedCount': 0, 'taskId': '20260115181010581', 'taskStatus': -1}
2026-01-15 18:10:13 - app - INFO - 任务状态: -1
2026-01-15 18:10:15 - app - INFO - 189转存任务状态查询 [23/30]: {'res_code': 0, 'res_message': '成功', 'errorCode': 'InvalidArgument', 'failedCount': 0, 'process': 0, 'skipCount': 0, 'subTaskCount': 0, 'successedCount': 0, 'taskId': '20260115181010581', 'taskStatus': -1}
2026-01-15 18:10:15 - app - INFO - 任务状态: -1
2026-01-15 18:10:17 - app - INFO - 189转存任务状态查询 [24/30]: {'res_code': 0, 'res_message': '成功', 'errorCode': 'InvalidArgument', 'failedCount': 0, 'process': 0, 'skipCount': 0, 'subTaskCount': 0, 'successedCount': 0, 'taskId': '20260115181010581', 'taskStatus': -1}
2026-01-15 18:10:17 - app - INFO - 任务状态: -1
2026-01-15 18:10:19 - app - INFO - 189转存任务状态查询 [25/30]: {'res_code': 0, 'res_message': '成功', 'errorCode': 'InvalidArgument', 'failedCount': 0, 'process': 0, 'skipCount': 0, 'subTaskCount': 0, 'successedCount': 0, 'taskId': '20260115181010581', 'taskStatus': -1}
2026-01-15 18:10:19 - app - INFO - 任务状态: -1
2026-01-15 18:10:21 - app - INFO - 189转存任务状态查询 [26/30]: {'res_code': 0, 'res_message': '成功', 'errorCode': 'InvalidArgument', 'failedCount': 0, 'process': 0, 'skipCount': 0, 'subTaskCount': 0, 'successedCount': 0, 'taskId': '20260115181010581', 'taskStatus': -1}
2026-01-15 18:10:21 - app - INFO - 任务状态: -1
2026-01-15 18:10:23 - app - INFO - 189转存任务状态查询 [27/30]: {'res_code': 0, 'res_message': '成功', 'errorCode': 'InvalidArgument', 'failedCount': 0, 'process': 0, 'skipCount': 0, 'subTaskCount': 0, 'successedCount': 0, 'taskId': '20260115181010581', 'taskStatus': -1}
2026-01-15 18:10:23 - app - INFO - 任务状态: -1
2026-01-15 18:10:25 - app - INFO - 189转存任务状态查询 [28/30]: {'res_code': 0, 'res_message': '成功', 'errorCode': 'InvalidArgument', 'failedCount': 0, 'process': 0, 'skipCount': 0, 'subTaskCount': 0, 'successedCount': 0, 'taskId': '20260115181010581', 'taskStatus': -1}
2026-01-15 18:10:25 - app - INFO - 任务状态: -1
2026-01-15 18:10:27 - app - INFO - 189转存任务状态查询 [29/30]: {'res_code': 0, 'res_message': '成功', 'errorCode': 'InvalidArgument', 'failedCount': 0, 'process': 0, 'skipCount': 0, 'subTaskCount': 0, 'successedCount': 0, 'taskId': '20260115181010581', 'taskStatus': -1}
2026-01-15 18:10:27 - app - INFO - 任务状态: -1
2026-01-15 18:10:29 - app - INFO - 189转存任务状态查询 [30/30]: {'res_code': 0, 'res_message': '成功', 'errorCode': 'InvalidArgument', 'failedCount': 0, 'process': 0, 'skipCount': 0, 'subTaskCount': 0, 'successedCount': 0, 'taskId': '20260115181010581', 'taskStatus': -1}
2026-01-15 18:10:29 - app - INFO - 任务状态: -1
2026-01-15 18:10:29 - app - INFO - [任务2] [1/1] 转存失败: 转存任务超时
2026-01-15 18:10:29 - app - INFO - [任务2] 任务执行完成！成功: 0, 失败: 1, 文件数: 0
2026-01-15 18:11:23 - app - INFO - 许可证管理器初始化完成,服务器: http://license.22l2.com
2026-01-15 18:11:23 - app - INFO - 初始化许可证管理器...
2026-01-15 18:11:23 - app - INFO - 许可证管理器初始化完成,服务器: http://license.22l2.com
2026-01-15 18:11:23 - app - INFO - 初始化许可证管理器...
2026-01-15 18:11:24 - app - INFO - 解密密钥设置成功
2026-01-15 18:11:24 - app - INFO - 解密密钥获取成功
2026-01-15 18:11:24 - app - INFO - 解密密钥获取成功，配置已就绪
2026-01-15 18:11:24 - app - INFO - 配置解密成功
2026-01-15 18:11:24 - app - INFO - 夸克API配置加载成功
2026-01-15 18:11:24 - app - INFO - 夸克API配置加载完成
2026-01-15 18:11:24 - app - INFO - 检查数据库...
2026-01-15 18:11:24 - app - INFO - 数据库检查完成
2026-01-15 18:11:24 - app - INFO - 检查数据库迁移...
2026-01-15 18:11:24 - app - INFO - 数据库迁移检查完成
2026-01-15 18:11:24 - app - INFO - 清理异常中断的任务状态...
2026-01-15 18:11:24 - app - INFO - 升级管理器初始化完成
2026-01-15 18:11:24 - app - INFO - Flask应用创建成功
2026-01-15 18:11:24 - app - INFO - 静态文件目录: C:\Data\夸克转存\client\frontend
2026-01-15 18:11:24 - app - INFO - 启动任务调度服务...
2026-01-15 18:11:24 - app - INFO - 检查被中断的影视下载任务...
2026-01-15 18:11:24 - app - INFO - 没有需要恢复的影视下载任务
2026-01-15 18:11:24 - app - INFO - 账期生成循环已启动
2026-01-15 18:11:24 - app - INFO - 账期生成线程已启动
2026-01-15 18:11:24 - app - INFO - 开始生成 2026-01-15 的任务账期
2026-01-15 18:11:24 - app - INFO - 任务执行循环已启动
2026-01-15 18:11:24 - app - INFO - 任务执行线程已启动
2026-01-15 18:11:24 - app - INFO - 日志清理循环已启动
2026-01-15 18:11:24 - app - INFO - 日志清理线程已启动
2026-01-15 18:11:24 - app - INFO - 下次日志清理时间: 2026-01-16 02:00:00
2026-01-15 18:11:24 - app - INFO - 启动Flask服务: http://0.0.0.0:8520
2026-01-15 18:11:24 - app - INFO - 跳过一次性执行任务: 测试
2026-01-15 18:11:24 - app - INFO - 跳过一次性执行任务: 测试谢谢谢谢
2026-01-15 18:11:24 - app - INFO - 跳过一次性执行任务: 小城大事
2026-01-15 18:11:24 - app - INFO - ✅ 生成完成，共创建 0 条待执行记录
2026-01-15 18:11:24 - app - INFO - 下次生成账期时间: 2026-01-16 00:00:00, 等待 20915 秒
2026-01-15 18:11:25 - app - INFO - 解密密钥设置成功
2026-01-15 18:11:25 - app - INFO - 解密密钥获取成功
2026-01-15 18:11:25 - app - INFO - 解密密钥获取成功，配置已就绪
2026-01-15 18:11:25 - app - INFO - 配置解密成功
2026-01-15 18:11:25 - app - INFO - 夸克API配置加载成功
2026-01-15 18:11:25 - app - INFO - 夸克API配置加载完成
2026-01-15 18:11:25 - app - INFO - 检查数据库...
2026-01-15 18:11:25 - app - INFO - 数据库检查完成
2026-01-15 18:11:25 - app - INFO - 检查数据库迁移...
2026-01-15 18:11:25 - app - INFO - 数据库迁移检查完成
2026-01-15 18:11:25 - app - INFO - 清理异常中断的任务状态...
2026-01-15 18:11:25 - app - INFO - 升级管理器初始化完成
2026-01-15 18:11:25 - app - INFO - Flask应用创建成功
2026-01-15 18:11:25 - app - INFO - 静态文件目录: C:\Data\夸克转存\client\frontend
2026-01-15 18:11:25 - app - INFO - 启动任务调度服务...
2026-01-15 18:11:25 - app - INFO - 检查被中断的影视下载任务...
2026-01-15 18:11:25 - app - INFO - 没有需要恢复的影视下载任务
2026-01-15 18:11:25 - app - INFO - 账期生成循环已启动
2026-01-15 18:11:25 - app - INFO - 账期生成线程已启动
2026-01-15 18:11:25 - app - INFO - 开始生成 2026-01-15 的任务账期
2026-01-15 18:11:25 - app - INFO - 任务执行循环已启动
2026-01-15 18:11:25 - app - INFO - 任务执行线程已启动
2026-01-15 18:11:25 - app - INFO - 跳过一次性执行任务: 测试
2026-01-15 18:11:25 - app - INFO - 日志清理循环已启动
2026-01-15 18:11:25 - app - INFO - 日志清理线程已启动
2026-01-15 18:11:25 - app - INFO - 跳过一次性执行任务: 测试谢谢谢谢
2026-01-15 18:11:25 - app - INFO - 跳过一次性执行任务: 小城大事
2026-01-15 18:11:25 - app - INFO - ✅ 生成完成，共创建 0 条待执行记录
2026-01-15 18:11:25 - app - INFO - 下次日志清理时间: 2026-01-16 02:00:00
2026-01-15 18:11:25 - app - INFO - 启动Flask服务: http://0.0.0.0:8520
2026-01-15 18:11:25 - app - INFO - 下次生成账期时间: 2026-01-16 00:00:00, 等待 20915 秒
2026-01-15 18:11:59 - app - INFO - [任务2] 开始执行任务: 测试谢谢谢谢
2026-01-15 18:11:59 - app - INFO - [任务2] 使用账号: 天意
2026-01-15 18:11:59 - app - INFO - [任务2] 目标路径: /测试
2026-01-15 18:11:59 - app - INFO - [任务2] 云盘类型: cloud189
2026-01-15 18:11:59 - app - INFO - [任务2] 共有 1 个分享链接待处理
2026-01-15 18:11:59 - app - INFO - [任务2] [1/1] 正在处理: https://h5.cloud.189.cn/share.html#/t/JV3Y3mZreqmi...
2026-01-15 18:11:59 - app - INFO - [任务2] [1/1] 解析分享链接...
2026-01-15 18:11:59 - app - INFO - 解析天翼分享链接: url=https://h5.cloud.189.cn/share.html#/t/JV3Y3mZreqmi, share_code=JV3Y3mZreqmi, access_code=
2026-01-15 18:11:59 - app - INFO - [任务2] [1/1] 解析结果: share_code=JV3Y3mZreqmi
2026-01-15 18:11:59 - app - INFO - [任务2] [1/1] 开始转存...
2026-01-15 18:11:59 - app - INFO - [任务2] [1/1] 目标路径: /测试//123
2026-01-15 18:11:59 - app - INFO - 调用save_share: url=https://h5.cloud.189.cn/share.html#/t/JV3Y3mZreqmi, target_folder_id=-11
2026-01-15 18:11:59 - app - INFO - 解析天翼分享链接: url=https://h5.cloud.189.cn/share.html#/t/JV3Y3mZreqmi, share_code=JV3Y3mZreqmi, access_code=
2026-01-15 18:11:59 - app - INFO - 开始转存189分享: share_code=JV3Y3mZreqmi
2026-01-15 18:12:11 - app - INFO - 列出分享目录请求: {'shareId': 12547119517682, 'isFolder': 'true', 'shareMode': 3, 'orderBy': 'lastOpTime', 'descending': 'true', 'pageNum': 1, 'pageSize': 1000, 'fileId': '323421229629570696'}
2026-01-15 18:12:11 - app - INFO - 列出分享目录响应: {'res_code': 0, 'res_message': '成功', 'expireTime': 0, 'expireType': 0, 'fileListAO': {'count': 2, 'fileList': [{'createDate': '2026-01-15 00:12:04', 'fileCata': 1, 'id': 525233229659568152, 'lastOpTime': '2026-01-15 00:12:04', 'md5': '2DB96647BD5C3C356863B1685A4734E8', 'mediaType': 4, 'name': '雷鲸小站3.txt', 'rev': '20260115001204', 'size': 204, 'starLabel': 2}], 'fileListSize': 1, 'folderList': [{'createDate': '2026-01-15 00:02:36', 'fileCata': 1, 'fileListSize': 0, 'id': 924631229621493439, 'lastOpTime': '2026-01-15 00:29:11', 'name': 'Season 1', 'parentId': 323421229629570696, 'rev': '20260115002911', 'starLabel': 2}]}, 'lastRev': 20260115181254}
2026-01-15 18:12:11 - app - INFO - 准备转存 2 个文件/文件夹
2026-01-15 18:12:11 - app - INFO - 189转存任务创建成功: task_id=202601151812541547, 完整响应: {'res_code': 0, 'res_message': '成功', 'taskId': '202601151812541547'}
2026-01-15 18:12:13 - app - INFO - 189转存任务状态查询 [1/30]: {'res_code': 0, 'res_message': '成功', 'errorCode': 'InvalidArgument', 'failedCount': 0, 'process': 0, 'skipCount': 0, 'subTaskCount': 0, 'successedCount': 0, 'taskId': '202601151812541547', 'taskStatus': -1}
2026-01-15 18:12:13 - app - INFO - 任务状态: -1
2026-01-15 18:12:15 - app - INFO - 189转存任务状态查询 [2/30]: {'res_code': 0, 'res_message': '成功', 'errorCode': 'InvalidArgument', 'failedCount': 0, 'process': 0, 'skipCount': 0, 'subTaskCount': 0, 'successedCount': 0, 'taskId': '202601151812541547', 'taskStatus': -1}
2026-01-15 18:12:15 - app - INFO - 任务状态: -1
2026-01-15 18:12:17 - app - INFO - 189转存任务状态查询 [3/30]: {'res_code': 0, 'res_message': '成功', 'errorCode': 'InvalidArgument', 'failedCount': 0, 'process': 0, 'skipCount': 0, 'subTaskCount': 0, 'successedCount': 0, 'taskId': '202601151812541547', 'taskStatus': -1}
2026-01-15 18:12:17 - app - INFO - 任务状态: -1
2026-01-15 18:12:19 - app - INFO - 189转存任务状态查询 [4/30]: {'res_code': 0, 'res_message': '成功', 'errorCode': 'InvalidArgument', 'failedCount': 0, 'process': 0, 'skipCount': 0, 'subTaskCount': 0, 'successedCount': 0, 'taskId': '202601151812541547', 'taskStatus': -1}
2026-01-15 18:12:19 - app - INFO - 任务状态: -1
2026-01-15 18:12:22 - app - INFO - 189转存任务状态查询 [5/30]: {'res_code': 0, 'res_message': '成功', 'errorCode': 'InvalidArgument', 'failedCount': 0, 'process': 0, 'skipCount': 0, 'subTaskCount': 0, 'successedCount': 0, 'taskId': '202601151812541547', 'taskStatus': -1}
2026-01-15 18:12:22 - app - INFO - 任务状态: -1
2026-01-15 18:12:24 - app - INFO - 189转存任务状态查询 [6/30]: {'res_code': 0, 'res_message': '成功', 'errorCode': 'InvalidArgument', 'failedCount': 0, 'process': 0, 'skipCount': 0, 'subTaskCount': 0, 'successedCount': 0, 'taskId': '202601151812541547', 'taskStatus': -1}
2026-01-15 18:12:24 - app - INFO - 任务状态: -1
2026-01-15 18:12:26 - app - INFO - 189转存任务状态查询 [7/30]: {'res_code': 0, 'res_message': '成功', 'errorCode': 'InvalidArgument', 'failedCount': 0, 'process': 0, 'skipCount': 0, 'subTaskCount': 0, 'successedCount': 0, 'taskId': '202601151812541547', 'taskStatus': -1}
2026-01-15 18:12:26 - app - INFO - 任务状态: -1
2026-01-15 18:12:28 - app - INFO - 189转存任务状态查询 [8/30]: {'res_code': 0, 'res_message': '成功', 'errorCode': 'InvalidArgument', 'failedCount': 0, 'process': 0, 'skipCount': 0, 'subTaskCount': 0, 'successedCount': 0, 'taskId': '202601151812541547', 'taskStatus': -1}
2026-01-15 18:12:28 - app - INFO - 任务状态: -1
2026-01-15 18:12:30 - app - INFO - 189转存任务状态查询 [9/30]: {'res_code': 0, 'res_message': '成功', 'errorCode': 'InvalidArgument', 'failedCount': 0, 'process': 0, 'skipCount': 0, 'subTaskCount': 0, 'successedCount': 0, 'taskId': '202601151812541547', 'taskStatus': -1}
2026-01-15 18:12:30 - app - INFO - 任务状态: -1
2026-01-15 18:12:32 - app - INFO - 189转存任务状态查询 [10/30]: {'res_code': 0, 'res_message': '成功', 'errorCode': 'InvalidArgument', 'failedCount': 0, 'process': 0, 'skipCount': 0, 'subTaskCount': 0, 'successedCount': 0, 'taskId': '202601151812541547', 'taskStatus': -1}
2026-01-15 18:12:32 - app - INFO - 任务状态: -1
2026-01-15 18:12:34 - app - INFO - 189转存任务状态查询 [11/30]: {'res_code': 0, 'res_message': '成功', 'errorCode': 'InvalidArgument', 'failedCount': 0, 'process': 0, 'skipCount': 0, 'subTaskCount': 0, 'successedCount': 0, 'taskId': '202601151812541547', 'taskStatus': -1}
2026-01-15 18:12:34 - app - INFO - 任务状态: -1
2026-01-15 18:12:36 - app - INFO - 189转存任务状态查询 [12/30]: {'res_code': 0, 'res_message': '成功', 'errorCode': 'InvalidArgument', 'failedCount': 0, 'process': 0, 'skipCount': 0, 'subTaskCount': 0, 'successedCount': 0, 'taskId': '202601151812541547', 'taskStatus': -1}
2026-01-15 18:12:36 - app - INFO - 任务状态: -1
2026-01-15 18:12:38 - app - INFO - 189转存任务状态查询 [13/30]: {'res_code': 0, 'res_message': '成功', 'errorCode': 'InvalidArgument', 'failedCount': 0, 'process': 0, 'skipCount': 0, 'subTaskCount': 0, 'successedCount': 0, 'taskId': '202601151812541547', 'taskStatus': -1}
2026-01-15 18:12:38 - app - INFO - 任务状态: -1
2026-01-15 18:12:40 - app - INFO - 189转存任务状态查询 [14/30]: {'res_code': 0, 'res_message': '成功', 'errorCode': 'InvalidArgument', 'failedCount': 0, 'process': 0, 'skipCount': 0, 'subTaskCount': 0, 'successedCount': 0, 'taskId': '202601151812541547', 'taskStatus': -1}
2026-01-15 18:12:40 - app - INFO - 任务状态: -1
2026-01-15 18:12:42 - app - INFO - 189转存任务状态查询 [15/30]: {'res_code': 0, 'res_message': '成功', 'errorCode': 'InvalidArgument', 'failedCount': 0, 'process': 0, 'skipCount': 0, 'subTaskCount': 0, 'successedCount': 0, 'taskId': '202601151812541547', 'taskStatus': -1}
2026-01-15 18:12:42 - app - INFO - 任务状态: -1
2026-01-15 18:12:44 - app - INFO - 189转存任务状态查询 [16/30]: {'res_code': 0, 'res_message': '成功', 'errorCode': 'InvalidArgument', 'failedCount': 0, 'process': 0, 'skipCount': 0, 'subTaskCount': 0, 'successedCount': 0, 'taskId': '202601151812541547', 'taskStatus': -1}
2026-01-15 18:12:45 - app - INFO - 任务状态: -1
2026-01-15 18:12:47 - app - INFO - 189转存任务状态查询 [17/30]: {'res_code': 0, 'res_message': '成功', 'errorCode': 'InvalidArgument', 'failedCount': 0, 'process': 0, 'skipCount': 0, 'subTaskCount': 0, 'successedCount': 0, 'taskId': '202601151812541547', 'taskStatus': -1}
2026-01-15 18:12:47 - app - INFO - 任务状态: -1
2026-01-15 18:12:49 - app - INFO - 189转存任务状态查询 [18/30]: {'res_code': 0, 'res_message': '成功', 'errorCode': 'InvalidArgument', 'failedCount': 0, 'process': 0, 'skipCount': 0, 'subTaskCount': 0, 'successedCount': 0, 'taskId': '202601151812541547', 'taskStatus': -1}
2026-01-15 18:12:49 - app - INFO - 任务状态: -1
2026-01-15 18:12:51 - app - INFO - 189转存任务状态查询 [19/30]: {'res_code': 0, 'res_message': '成功', 'errorCode': 'InvalidArgument', 'failedCount': 0, 'process': 0, 'skipCount': 0, 'subTaskCount': 0, 'successedCount': 0, 'taskId': '202601151812541547', 'taskStatus': -1}
2026-01-15 18:12:51 - app - INFO - 任务状态: -1
2026-01-15 18:12:53 - app - INFO - 189转存任务状态查询 [20/30]: {'res_code': 0, 'res_message': '成功', 'errorCode': 'InvalidArgument', 'failedCount': 0, 'process': 0, 'skipCount': 0, 'subTaskCount': 0, 'successedCount': 0, 'taskId': '202601151812541547', 'taskStatus': -1}
2026-01-15 18:12:53 - app - INFO - 任务状态: -1
2026-01-15 18:12:55 - app - INFO - 189转存任务状态查询 [21/30]: {'res_code': 0, 'res_message': '成功', 'errorCode': 'InvalidArgument', 'failedCount': 0, 'process': 0, 'skipCount': 0, 'subTaskCount': 0, 'successedCount': 0, 'taskId': '202601151812541547', 'taskStatus': -1}
2026-01-15 18:12:55 - app - INFO - 任务状态: -1
2026-01-15 18:12:57 - app - INFO - 189转存任务状态查询 [22/30]: {'res_code': 0, 'res_message': '成功', 'errorCode': 'InvalidArgument', 'failedCount': 0, 'process': 0, 'skipCount': 0, 'subTaskCount': 0, 'successedCount': 0, 'taskId': '202601151812541547', 'taskStatus': -1}
2026-01-15 18:12:57 - app - INFO - 任务状态: -1
2026-01-15 18:12:59 - app - INFO - 189转存任务状态查询 [23/30]: {'res_code': 0, 'res_message': '成功', 'errorCode': 'InvalidArgument', 'failedCount': 0, 'process': 0, 'skipCount': 0, 'subTaskCount': 0, 'successedCount': 0, 'taskId': '202601151812541547', 'taskStatus': -1}
2026-01-15 18:12:59 - app - INFO - 任务状态: -1
2026-01-15 18:13:01 - app - INFO - 189转存任务状态查询 [24/30]: {'res_code': 0, 'res_message': '成功', 'errorCode': 'InvalidArgument', 'failedCount': 0, 'process': 0, 'skipCount': 0, 'subTaskCount': 0, 'successedCount': 0, 'taskId': '202601151812541547', 'taskStatus': -1}
2026-01-15 18:13:01 - app - INFO - 任务状态: -1
2026-01-15 18:13:03 - app - INFO - 189转存任务状态查询 [25/30]: {'res_code': 0, 'res_message': '成功', 'errorCode': 'InvalidArgument', 'failedCount': 0, 'process': 0, 'skipCount': 0, 'subTaskCount': 0, 'successedCount': 0, 'taskId': '202601151812541547', 'taskStatus': -1}
2026-01-15 18:13:03 - app - INFO - 任务状态: -1
2026-01-15 18:13:05 - app - INFO - 189转存任务状态查询 [26/30]: {'res_code': 0, 'res_message': '成功', 'errorCode': 'InvalidArgument', 'failedCount': 0, 'process': 0, 'skipCount': 0, 'subTaskCount': 0, 'successedCount': 0, 'taskId': '202601151812541547', 'taskStatus': -1}
2026-01-15 18:13:05 - app - INFO - 任务状态: -1
2026-01-15 18:13:07 - app - INFO - 189转存任务状态查询 [27/30]: {'res_code': 0, 'res_message': '成功', 'errorCode': 'InvalidArgument', 'failedCount': 0, 'process': 0, 'skipCount': 0, 'subTaskCount': 0, 'successedCount': 0, 'taskId': '202601151812541547', 'taskStatus': -1}
2026-01-15 18:13:07 - app - INFO - 任务状态: -1
2026-01-15 18:13:09 - app - INFO - 189转存任务状态查询 [28/30]: {'res_code': 0, 'res_message': '成功', 'errorCode': 'InvalidArgument', 'failedCount': 0, 'process': 0, 'skipCount': 0, 'subTaskCount': 0, 'successedCount': 0, 'taskId': '202601151812541547', 'taskStatus': -1}
2026-01-15 18:13:09 - app - INFO - 任务状态: -1
2026-01-15 18:13:12 - app - INFO - 189转存任务状态查询 [29/30]: {'res_code': 0, 'res_message': '成功', 'errorCode': 'InvalidArgument', 'failedCount': 0, 'process': 0, 'skipCount': 0, 'subTaskCount': 0, 'successedCount': 0, 'taskId': '202601151812541547', 'taskStatus': -1}
2026-01-15 18:13:12 - app - INFO - 任务状态: -1
2026-01-15 18:13:14 - app - INFO - 189转存任务状态查询 [30/30]: {'res_code': 0, 'res_message': '成功', 'errorCode': 'InvalidArgument', 'failedCount': 0, 'process': 0, 'skipCount': 0, 'subTaskCount': 0, 'successedCount': 0, 'taskId': '202601151812541547', 'taskStatus': -1}
2026-01-15 18:13:14 - app - INFO - 任务状态: -1
2026-01-15 18:13:14 - app - INFO - save_share返回: {'success': False, 'message': '转存任务超时'}
2026-01-15 18:13:14 - app - INFO - [任务2] [1/1] 转存失败: 转存任务超时
2026-01-15 18:13:14 - app - INFO - [任务2] 任务执行完成！成功: 0, 失败: 1, 文件数: 0
2026-01-15 18:14:21 - app - INFO - 更新转存任务成功: ID 2
2026-01-15 18:14:24 - app - INFO - [任务2] 开始执行任务: 测试谢谢谢谢
2026-01-15 18:14:24 - app - INFO - [任务2] 使用账号: 天意
2026-01-15 18:14:24 - app - INFO - [任务2] 目标路径: /测试
2026-01-15 18:14:24 - app - INFO - [任务2] 云盘类型: cloud189
2026-01-15 18:14:24 - app - INFO - [任务2] 共有 1 个分享链接待处理
2026-01-15 18:14:24 - app - INFO - [任务2] [1/1] 正在处理: https://h5.cloud.189.cn/share.html#/t/JV3Y3mZreqmi...
2026-01-15 18:14:24 - app - INFO - [任务2] [1/1] 解析分享链接...
2026-01-15 18:14:24 - app - INFO - 解析天翼分享链接: url=https://h5.cloud.189.cn/share.html#/t/JV3Y3mZreqmi, share_code=JV3Y3mZreqmi, access_code=
2026-01-15 18:14:24 - app - INFO - [任务2] [1/1] 解析结果: share_code=JV3Y3mZreqmi
2026-01-15 18:14:24 - app - INFO - [任务2] [1/1] 开始转存...
2026-01-15 18:14:24 - app - INFO - [任务2] [1/1] 目标路径: /测试
2026-01-15 18:14:24 - app - INFO - 调用save_share: url=https://h5.cloud.189.cn/share.html#/t/JV3Y3mZreqmi, target_folder_id=-11
2026-01-15 18:14:24 - app - INFO - 解析天翼分享链接: url=https://h5.cloud.189.cn/share.html#/t/JV3Y3mZreqmi, share_code=JV3Y3mZreqmi, access_code=
2026-01-15 18:14:24 - app - INFO - 开始转存189分享: share_code=JV3Y3mZreqmi
2026-01-15 18:14:35 - app - INFO - 列出分享目录请求: {'shareId': 12547119517682, 'isFolder': 'true', 'shareMode': 3, 'orderBy': 'lastOpTime', 'descending': 'true', 'pageNum': 1, 'pageSize': 1000, 'fileId': '323421229629570696'}
2026-01-15 18:14:35 - app - INFO - 列出分享目录响应: {'res_code': 0, 'res_message': '成功', 'expireTime': 0, 'expireType': 0, 'fileListAO': {'count': 2, 'fileList': [{'createDate': '2026-01-15 00:12:04', 'fileCata': 1, 'id': 525233229659568152, 'lastOpTime': '2026-01-15 00:12:04', 'md5': '2DB96647BD5C3C356863B1685A4734E8', 'mediaType': 4, 'name': '雷鲸小站3.txt', 'rev': '20260115001204', 'size': 204, 'starLabel': 2}], 'fileListSize': 1, 'folderList': [{'createDate': '2026-01-15 00:02:36', 'fileCata': 1, 'fileListSize': 0, 'id': 924631229621493439, 'lastOpTime': '2026-01-15 00:29:11', 'name': 'Season 1', 'parentId': 323421229629570696, 'rev': '20260115002911', 'starLabel': 2}]}, 'lastRev': 20260115181519}
2026-01-15 18:14:35 - app - INFO - 准备转存 2 个文件/文件夹
2026-01-15 18:14:35 - app - INFO - 189转存任务创建成功: task_id=202601151815191231, 完整响应: {'res_code': 0, 'res_message': '成功', 'taskId': '202601151815191231'}
2026-01-15 18:14:37 - app - INFO - 189转存任务状态查询 [1/30]: {'res_code': 0, 'res_message': '成功', 'errorCode': 'InvalidArgument', 'failedCount': 0, 'process': 0, 'skipCount': 0, 'subTaskCount': 0, 'successedCount': 0, 'taskId': '202601151815191231', 'taskStatus': -1}
2026-01-15 18:14:37 - app - INFO - 任务状态: -1
2026-01-15 18:14:39 - app - INFO - 189转存任务状态查询 [2/30]: {'res_code': 0, 'res_message': '成功', 'errorCode': 'InvalidArgument', 'failedCount': 0, 'process': 0, 'skipCount': 0, 'subTaskCount': 0, 'successedCount': 0, 'taskId': '202601151815191231', 'taskStatus': -1}
2026-01-15 18:14:39 - app - INFO - 任务状态: -1
2026-01-15 18:14:42 - app - INFO - 189转存任务状态查询 [3/30]: {'res_code': 0, 'res_message': '成功', 'errorCode': 'InvalidArgument', 'failedCount': 0, 'process': 0, 'skipCount': 0, 'subTaskCount': 0, 'successedCount': 0, 'taskId': '202601151815191231', 'taskStatus': -1}
2026-01-15 18:14:42 - app - INFO - 任务状态: -1
2026-01-15 18:14:44 - app - INFO - 189转存任务状态查询 [4/30]: {'res_code': 0, 'res_message': '成功', 'errorCode': 'InvalidArgument', 'failedCount': 0, 'process': 0, 'skipCount': 0, 'subTaskCount': 0, 'successedCount': 0, 'taskId': '202601151815191231', 'taskStatus': -1}
2026-01-15 18:14:44 - app - INFO - 任务状态: -1
2026-01-15 18:14:46 - app - INFO - 189转存任务状态查询 [5/30]: {'res_code': 0, 'res_message': '成功', 'errorCode': 'InvalidArgument', 'failedCount': 0, 'process': 0, 'skipCount': 0, 'subTaskCount': 0, 'successedCount': 0, 'taskId': '202601151815191231', 'taskStatus': -1}
2026-01-15 18:14:46 - app - INFO - 任务状态: -1
2026-01-15 18:14:48 - app - INFO - 189转存任务状态查询 [6/30]: {'res_code': 0, 'res_message': '成功', 'errorCode': 'InvalidArgument', 'failedCount': 0, 'process': 0, 'skipCount': 0, 'subTaskCount': 0, 'successedCount': 0, 'taskId': '202601151815191231', 'taskStatus': -1}
2026-01-15 18:14:48 - app - INFO - 任务状态: -1
2026-01-15 18:14:50 - app - INFO - 189转存任务状态查询 [7/30]: {'res_code': 0, 'res_message': '成功', 'errorCode': 'InvalidArgument', 'failedCount': 0, 'process': 0, 'skipCount': 0, 'subTaskCount': 0, 'successedCount': 0, 'taskId': '202601151815191231', 'taskStatus': -1}
2026-01-15 18:14:50 - app - INFO - 任务状态: -1
2026-01-15 18:14:52 - app - INFO - 189转存任务状态查询 [8/30]: {'res_code': 0, 'res_message': '成功', 'errorCode': 'InvalidArgument', 'failedCount': 0, 'process': 0, 'skipCount': 0, 'subTaskCount': 0, 'successedCount': 0, 'taskId': '202601151815191231', 'taskStatus': -1}
2026-01-15 18:14:52 - app - INFO - 任务状态: -1
2026-01-15 18:14:54 - app - INFO - 189转存任务状态查询 [9/30]: {'res_code': 0, 'res_message': '成功', 'errorCode': 'InvalidArgument', 'failedCount': 0, 'process': 0, 'skipCount': 0, 'subTaskCount': 0, 'successedCount': 0, 'taskId': '202601151815191231', 'taskStatus': -1}
2026-01-15 18:14:54 - app - INFO - 任务状态: -1
2026-01-15 18:14:56 - app - INFO - 189转存任务状态查询 [10/30]: {'res_code': 0, 'res_message': '成功', 'errorCode': 'InvalidArgument', 'failedCount': 0, 'process': 0, 'skipCount': 0, 'subTaskCount': 0, 'successedCount': 0, 'taskId': '202601151815191231', 'taskStatus': -1}
2026-01-15 18:14:56 - app - INFO - 任务状态: -1
2026-01-15 18:14:58 - app - INFO - 189转存任务状态查询 [11/30]: {'res_code': 0, 'res_message': '成功', 'errorCode': 'InvalidArgument', 'failedCount': 0, 'process': 0, 'skipCount': 0, 'subTaskCount': 0, 'successedCount': 0, 'taskId': '202601151815191231', 'taskStatus': -1}
2026-01-15 18:14:58 - app - INFO - 任务状态: -1
2026-01-15 18:15:00 - app - INFO - 189转存任务状态查询 [12/30]: {'res_code': 0, 'res_message': '成功', 'errorCode': 'InvalidArgument', 'failedCount': 0, 'process': 0, 'skipCount': 0, 'subTaskCount': 0, 'successedCount': 0, 'taskId': '202601151815191231', 'taskStatus': -1}
2026-01-15 18:15:00 - app - INFO - 任务状态: -1
2026-01-15 18:15:02 - app - INFO - 189转存任务状态查询 [13/30]: {'res_code': 0, 'res_message': '成功', 'errorCode': 'InvalidArgument', 'failedCount': 0, 'process': 0, 'skipCount': 0, 'subTaskCount': 0, 'successedCount': 0, 'taskId': '202601151815191231', 'taskStatus': -1}
2026-01-15 18:15:02 - app - INFO - 任务状态: -1
2026-01-15 18:15:05 - app - INFO - 189转存任务状态查询 [14/30]: {'res_code': 0, 'res_message': '成功', 'errorCode': 'InvalidArgument', 'failedCount': 0, 'process': 0, 'skipCount': 0, 'subTaskCount': 0, 'successedCount': 0, 'taskId': '202601151815191231', 'taskStatus': -1}
2026-01-15 18:15:05 - app - INFO - 任务状态: -1
2026-01-15 18:15:07 - app - INFO - 189转存任务状态查询 [15/30]: {'res_code': 0, 'res_message': '成功', 'errorCode': 'InvalidArgument', 'failedCount': 0, 'process': 0, 'skipCount': 0, 'subTaskCount': 0, 'successedCount': 0, 'taskId': '202601151815191231', 'taskStatus': -1}
2026-01-15 18:15:07 - app - INFO - 任务状态: -1
2026-01-15 18:15:09 - app - INFO - 189转存任务状态查询 [16/30]: {'res_code': 0, 'res_message': '成功', 'errorCode': 'InvalidArgument', 'failedCount': 0, 'process': 0, 'skipCount': 0, 'subTaskCount': 0, 'successedCount': 0, 'taskId': '202601151815191231', 'taskStatus': -1}
2026-01-15 18:15:09 - app - INFO - 任务状态: -1
2026-01-15 18:15:11 - app - INFO - 189转存任务状态查询 [17/30]: {'res_code': 0, 'res_message': '成功', 'errorCode': 'InvalidArgument', 'failedCount': 0, 'process': 0, 'skipCount': 0, 'subTaskCount': 0, 'successedCount': 0, 'taskId': '202601151815191231', 'taskStatus': -1}
2026-01-15 18:15:11 - app - INFO - 任务状态: -1
2026-01-15 18:15:13 - app - INFO - 189转存任务状态查询 [18/30]: {'res_code': 0, 'res_message': '成功', 'errorCode': 'InvalidArgument', 'failedCount': 0, 'process': 0, 'skipCount': 0, 'subTaskCount': 0, 'successedCount': 0, 'taskId': '202601151815191231', 'taskStatus': -1}
2026-01-15 18:15:13 - app - INFO - 任务状态: -1
2026-01-15 18:15:15 - app - INFO - 189转存任务状态查询 [19/30]: {'res_code': 0, 'res_message': '成功', 'errorCode': 'InvalidArgument', 'failedCount': 0, 'process': 0, 'skipCount': 0, 'subTaskCount': 0, 'successedCount': 0, 'taskId': '202601151815191231', 'taskStatus': -1}
2026-01-15 18:15:15 - app - INFO - 任务状态: -1
2026-01-15 18:15:17 - app - INFO - 189转存任务状态查询 [20/30]: {'res_code': 0, 'res_message': '成功', 'errorCode': 'InvalidArgument', 'failedCount': 0, 'process': 0, 'skipCount': 0, 'subTaskCount': 0, 'successedCount': 0, 'taskId': '202601151815191231', 'taskStatus': -1}
2026-01-15 18:15:17 - app - INFO - 任务状态: -1
2026-01-15 18:15:19 - app - INFO - 189转存任务状态查询 [21/30]: {'res_code': 0, 'res_message': '成功', 'errorCode': 'InvalidArgument', 'failedCount': 0, 'process': 0, 'skipCount': 0, 'subTaskCount': 0, 'successedCount': 0, 'taskId': '202601151815191231', 'taskStatus': -1}
2026-01-15 18:15:19 - app - INFO - 任务状态: -1
2026-01-15 18:15:21 - app - INFO - 189转存任务状态查询 [22/30]: {'res_code': 0, 'res_message': '成功', 'errorCode': 'InvalidArgument', 'failedCount': 0, 'process': 0, 'skipCount': 0, 'subTaskCount': 0, 'successedCount': 0, 'taskId': '202601151815191231', 'taskStatus': -1}
2026-01-15 18:15:21 - app - INFO - 任务状态: -1
2026-01-15 18:15:23 - app - INFO - 189转存任务状态查询 [23/30]: {'res_code': 0, 'res_message': '成功', 'errorCode': 'InvalidArgument', 'failedCount': 0, 'process': 0, 'skipCount': 0, 'subTaskCount': 0, 'successedCount': 0, 'taskId': '202601151815191231', 'taskStatus': -1}
2026-01-15 18:15:23 - app - INFO - 任务状态: -1
2026-01-15 18:15:26 - app - INFO - 189转存任务状态查询 [24/30]: {'res_code': 0, 'res_message': '成功', 'errorCode': 'InvalidArgument', 'failedCount': 0, 'process': 0, 'skipCount': 0, 'subTaskCount': 0, 'successedCount': 0, 'taskId': '202601151815191231', 'taskStatus': -1}
2026-01-15 18:15:26 - app - INFO - 任务状态: -1
2026-01-15 18:15:28 - app - INFO - 189转存任务状态查询 [25/30]: {'res_code': 0, 'res_message': '成功', 'errorCode': 'InvalidArgument', 'failedCount': 0, 'process': 0, 'skipCount': 0, 'subTaskCount': 0, 'successedCount': 0, 'taskId': '202601151815191231', 'taskStatus': -1}
2026-01-15 18:15:28 - app - INFO - 任务状态: -1
2026-01-15 18:15:30 - app - INFO - 189转存任务状态查询 [26/30]: {'res_code': 0, 'res_message': '成功', 'errorCode': 'InvalidArgument', 'failedCount': 0, 'process': 0, 'skipCount': 0, 'subTaskCount': 0, 'successedCount': 0, 'taskId': '202601151815191231', 'taskStatus': -1}
2026-01-15 18:15:30 - app - INFO - 任务状态: -1
2026-01-15 18:15:32 - app - INFO - 189转存任务状态查询 [27/30]: {'res_code': 0, 'res_message': '成功', 'errorCode': 'InvalidArgument', 'failedCount': 0, 'process': 0, 'skipCount': 0, 'subTaskCount': 0, 'successedCount': 0, 'taskId': '202601151815191231', 'taskStatus': -1}
2026-01-15 18:15:32 - app - INFO - 任务状态: -1
2026-01-15 18:15:34 - app - INFO - 189转存任务状态查询 [28/30]: {'res_code': 0, 'res_message': '成功', 'errorCode': 'InvalidArgument', 'failedCount': 0, 'process': 0, 'skipCount': 0, 'subTaskCount': 0, 'successedCount': 0, 'taskId': '202601151815191231', 'taskStatus': -1}
2026-01-15 18:15:34 - app - INFO - 任务状态: -1
2026-01-15 18:15:36 - app - INFO - 189转存任务状态查询 [29/30]: {'res_code': 0, 'res_message': '成功', 'errorCode': 'InvalidArgument', 'failedCount': 0, 'process': 0, 'skipCount': 0, 'subTaskCount': 0, 'successedCount': 0, 'taskId': '202601151815191231', 'taskStatus': -1}
2026-01-15 18:15:36 - app - INFO - 任务状态: -1
2026-01-15 18:15:38 - app - INFO - 189转存任务状态查询 [30/30]: {'res_code': 0, 'res_message': '成功', 'errorCode': 'InvalidArgument', 'failedCount': 0, 'process': 0, 'skipCount': 0, 'subTaskCount': 0, 'successedCount': 0, 'taskId': '202601151815191231', 'taskStatus': -1}
2026-01-15 18:15:38 - app - INFO - 任务状态: -1
2026-01-15 18:15:38 - app - INFO - save_share返回: {'success': False, 'message': '转存任务超时'}
2026-01-15 18:15:38 - app - INFO - [任务2] [1/1] 转存失败: 转存任务超时
2026-01-15 18:15:38 - app - INFO - [任务2] 任务执行完成！成功: 0, 失败: 1, 文件数: 0
2026-01-15 18:18:34 - app - INFO - 许可证管理器初始化完成,服务器: http://license.22l2.com
2026-01-15 18:18:34 - app - INFO - 初始化许可证管理器...
2026-01-15 18:18:34 - app - INFO - 许可证管理器初始化完成,服务器: http://license.22l2.com
2026-01-15 18:18:34 - app - INFO - 初始化许可证管理器...
2026-01-15 18:18:36 - app - INFO - 解密密钥设置成功
2026-01-15 18:18:36 - app - INFO - 解密密钥获取成功
2026-01-15 18:18:36 - app - INFO - 解密密钥获取成功，配置已就绪
2026-01-15 18:18:36 - app - INFO - 配置解密成功
2026-01-15 18:18:36 - app - INFO - 夸克API配置加载成功
2026-01-15 18:18:36 - app - INFO - 夸克API配置加载完成
2026-01-15 18:18:36 - app - INFO - 检查数据库...
2026-01-15 18:18:36 - app - INFO - 数据库检查完成
2026-01-15 18:18:36 - app - INFO - 检查数据库迁移...
2026-01-15 18:18:36 - app - INFO - 数据库迁移检查完成
2026-01-15 18:18:36 - app - INFO - 清理异常中断的任务状态...
2026-01-15 18:18:36 - app - INFO - 升级管理器初始化完成
2026-01-15 18:18:36 - app - INFO - Flask应用创建成功
2026-01-15 18:18:36 - app - INFO - 静态文件目录: C:\Data\夸克转存\client\frontend
2026-01-15 18:18:36 - app - INFO - 启动任务调度服务...
2026-01-15 18:18:36 - app - INFO - 解密密钥设置成功
2026-01-15 18:18:36 - app - INFO - 解密密钥获取成功
2026-01-15 18:18:36 - app - INFO - 解密密钥获取成功，配置已就绪
2026-01-15 18:18:36 - app - INFO - 配置解密成功
2026-01-15 18:18:36 - app - INFO - 夸克API配置加载成功
2026-01-15 18:18:36 - app - INFO - 夸克API配置加载完成
2026-01-15 18:18:36 - app - INFO - 检查数据库...
2026-01-15 18:18:36 - app - INFO - 数据库检查完成
2026-01-15 18:18:36 - app - INFO - 检查数据库迁移...
2026-01-15 18:18:36 - app - INFO - 检查被中断的影视下载任务...
2026-01-15 18:18:36 - app - INFO - 数据库迁移检查完成
2026-01-15 18:18:36 - app - INFO - 清理异常中断的任务状态...
2026-01-15 18:18:36 - app - INFO - 没有需要恢复的影视下载任务
2026-01-15 18:18:36 - app - INFO - 账期生成循环已启动
2026-01-15 18:18:36 - app - INFO - 账期生成线程已启动
2026-01-15 18:18:36 - app - INFO - 开始生成 2026-01-15 的任务账期
2026-01-15 18:18:36 - app - INFO - 任务执行循环已启动
2026-01-15 18:18:36 - app - INFO - 任务执行线程已启动
2026-01-15 18:18:36 - app - INFO - 跳过一次性执行任务: 测试
2026-01-15 18:18:36 - app - INFO - 日志清理循环已启动
2026-01-15 18:18:36 - app - INFO - 日志清理线程已启动
2026-01-15 18:18:36 - app - INFO - 跳过一次性执行任务: 测试谢谢谢谢
2026-01-15 18:18:36 - app - INFO - 下次日志清理时间: 2026-01-16 02:00:00
2026-01-15 18:18:36 - app - INFO - 跳过一次性执行任务: 小城大事
2026-01-15 18:18:36 - app - INFO - ✅ 生成完成，共创建 0 条待执行记录
2026-01-15 18:18:36 - app - INFO - 启动Flask服务: http://0.0.0.0:8520
2026-01-15 18:18:36 - app - INFO - 下次生成账期时间: 2026-01-16 00:00:00, 等待 20484 秒
2026-01-15 18:18:36 - app - INFO - 升级管理器初始化完成
2026-01-15 18:18:36 - app - INFO - Flask应用创建成功
2026-01-15 18:18:36 - app - INFO - 静态文件目录: C:\Data\夸克转存\client\frontend
2026-01-15 18:18:36 - app - INFO - 启动任务调度服务...
2026-01-15 18:18:36 - app - INFO - 检查被中断的影视下载任务...
2026-01-15 18:18:36 - app - INFO - 没有需要恢复的影视下载任务
2026-01-15 18:18:36 - app - INFO - 账期生成循环已启动
2026-01-15 18:18:36 - app - INFO - 账期生成线程已启动
2026-01-15 18:18:36 - app - INFO - 开始生成 2026-01-15 的任务账期
2026-01-15 18:18:36 - app - INFO - 跳过一次性执行任务: 测试
2026-01-15 18:18:36 - app - INFO - 任务执行循环已启动
2026-01-15 18:18:36 - app - INFO - 任务执行线程已启动
2026-01-15 18:18:36 - app - INFO - 跳过一次性执行任务: 测试谢谢谢谢
2026-01-15 18:18:36 - app - INFO - 跳过一次性执行任务: 小城大事
2026-01-15 18:18:36 - app - INFO - 日志清理循环已启动
2026-01-15 18:18:36 - app - INFO - 下次日志清理时间: 2026-01-16 02:00:00
2026-01-15 18:18:36 - app - INFO - 日志清理线程已启动
2026-01-15 18:18:36 - app - INFO - ✅ 生成完成，共创建 0 条待执行记录
2026-01-15 18:18:36 - app - INFO - 启动Flask服务: http://0.0.0.0:8520
2026-01-15 18:18:36 - app - INFO - 下次生成账期时间: 2026-01-16 00:00:00, 等待 20484 秒
2026-01-15 18:20:31 - app - INFO - [任务2] 开始执行任务: 测试谢谢谢谢
2026-01-15 18:20:31 - app - INFO - [任务2] 使用账号: 天意
2026-01-15 18:20:31 - app - INFO - [任务2] 目标路径: /测试
2026-01-15 18:20:31 - app - INFO - [任务2] 云盘类型: cloud189
2026-01-15 18:20:31 - app - INFO - [任务2] 共有 1 个分享链接待处理
2026-01-15 18:20:31 - app - INFO - [任务2] [1/1] 正在处理: https://h5.cloud.189.cn/share.html#/t/JV3Y3mZreqmi...
2026-01-15 18:20:31 - app - INFO - [任务2] [1/1] 解析分享链接...
2026-01-15 18:20:31 - app - INFO - 解析天翼分享链接: url=https://h5.cloud.189.cn/share.html#/t/JV3Y3mZreqmi, share_code=JV3Y3mZreqmi, access_code=
2026-01-15 18:20:31 - app - INFO - [任务2] [1/1] 解析结果: share_code=JV3Y3mZreqmi
2026-01-15 18:20:31 - app - INFO - [任务2] [1/1] 开始转存...
2026-01-15 18:20:31 - app - INFO - [任务2] [1/1] 目标路径: /测试
2026-01-15 18:20:31 - app - INFO - 调用save_share: url=https://h5.cloud.189.cn/share.html#/t/JV3Y3mZreqmi, target_folder_id=-11
2026-01-15 18:20:31 - app - INFO - [save_share] 开始执行: url=https://h5.cloud.189.cn/share.html#/t/JV3Y3mZreqmi, target_folder_id=-11
2026-01-15 18:20:31 - app - INFO - 解析天翼分享链接: url=https://h5.cloud.189.cn/share.html#/t/JV3Y3mZreqmi, share_code=JV3Y3mZreqmi, access_code=
2026-01-15 18:20:31 - app - INFO - 开始转存189分享: share_code=JV3Y3mZreqmi
2026-01-15 18:20:42 - app - INFO - 列出分享目录请求: {'shareId': 12547119517682, 'isFolder': 'true', 'shareMode': 3, 'orderBy': 'lastOpTime', 'descending': 'true', 'pageNum': 1, 'pageSize': 1000, 'fileId': '323421229629570696'}
2026-01-15 18:20:42 - app - INFO - 列出分享目录响应: {'res_code': 0, 'res_message': '成功', 'expireTime': 0, 'expireType': 0, 'fileListAO': {'count': 2, 'fileList': [{'createDate': '2026-01-15 00:12:04', 'fileCata': 1, 'id': 525233229659568152, 'lastOpTime': '2026-01-15 00:12:04', 'md5': '2DB96647BD5C3C356863B1685A4734E8', 'mediaType': 4, 'name': '雷鲸小站3.txt', 'rev': '20260115001204', 'size': 204, 'starLabel': 2}], 'fileListSize': 1, 'folderList': [{'createDate': '2026-01-15 00:02:36', 'fileCata': 1, 'fileListSize': 0, 'id': 924631229621493439, 'lastOpTime': '2026-01-15 00:29:11', 'name': 'Season 1', 'parentId': 323421229629570696, 'rev': '20260115002911', 'starLabel': 2}]}, 'lastRev': 20260115182126}
2026-01-15 18:20:42 - app - INFO - 准备转存 2 个文件/文件夹
2026-01-15 18:20:42 - app - INFO - 189转存任务创建成功: task_id=202601151821264040, 完整响应: {'res_code': 0, 'res_message': '成功', 'taskId': '202601151821264040'}
2026-01-15 18:20:44 - app - INFO - 189转存任务状态查询 [1/30]: {'res_code': 0, 'res_message': '成功', 'errorCode': 'InvalidArgument', 'failedCount': 0, 'process': 0, 'skipCount': 0, 'subTaskCount': 0, 'successedCount': 0, 'taskId': '202601151821264040', 'taskStatus': -1}
2026-01-15 18:20:44 - app - INFO - 任务状态: -1
2026-01-15 18:20:46 - app - INFO - 189转存任务状态查询 [2/30]: {'res_code': 0, 'res_message': '成功', 'errorCode': 'InvalidArgument', 'failedCount': 0, 'process': 0, 'skipCount': 0, 'subTaskCount': 0, 'successedCount': 0, 'taskId': '202601151821264040', 'taskStatus': -1}
2026-01-15 18:20:46 - app - INFO - 任务状态: -1
2026-01-15 18:20:49 - app - INFO - 189转存任务状态查询 [3/30]: {'res_code': 0, 'res_message': '成功', 'errorCode': 'InvalidArgument', 'failedCount': 0, 'process': 0, 'skipCount': 0, 'subTaskCount': 0, 'successedCount': 0, 'taskId': '202601151821264040', 'taskStatus': -1}
2026-01-15 18:20:49 - app - INFO - 任务状态: -1
2026-01-15 18:20:51 - app - INFO - 189转存任务状态查询 [4/30]: {'res_code': 0, 'res_message': '成功', 'errorCode': 'InvalidArgument', 'failedCount': 0, 'process': 0, 'skipCount': 0, 'subTaskCount': 0, 'successedCount': 0, 'taskId': '202601151821264040', 'taskStatus': -1}
2026-01-15 18:20:51 - app - INFO - 任务状态: -1
2026-01-15 18:20:53 - app - INFO - 189转存任务状态查询 [5/30]: {'res_code': 0, 'res_message': '成功', 'errorCode': 'InvalidArgument', 'failedCount': 0, 'process': 0, 'skipCount': 0, 'subTaskCount': 0, 'successedCount': 0, 'taskId': '202601151821264040', 'taskStatus': -1}
2026-01-15 18:20:53 - app - INFO - 任务状态: -1
2026-01-15 18:20:55 - app - INFO - 189转存任务状态查询 [6/30]: {'res_code': 0, 'res_message': '成功', 'errorCode': 'InvalidArgument', 'failedCount': 0, 'process': 0, 'skipCount': 0, 'subTaskCount': 0, 'successedCount': 0, 'taskId': '202601151821264040', 'taskStatus': -1}
2026-01-15 18:20:55 - app - INFO - 任务状态: -1
2026-01-15 18:20:57 - app - INFO - 189转存任务状态查询 [7/30]: {'res_code': 0, 'res_message': '成功', 'errorCode': 'InvalidArgument', 'failedCount': 0, 'process': 0, 'skipCount': 0, 'subTaskCount': 0, 'successedCount': 0, 'taskId': '202601151821264040', 'taskStatus': -1}
2026-01-15 18:20:57 - app - INFO - 任务状态: -1
2026-01-15 18:20:59 - app - INFO - 189转存任务状态查询 [8/30]: {'res_code': 0, 'res_message': '成功', 'errorCode': 'InvalidArgument', 'failedCount': 0, 'process': 0, 'skipCount': 0, 'subTaskCount': 0, 'successedCount': 0, 'taskId': '202601151821264040', 'taskStatus': -1}
2026-01-15 18:20:59 - app - INFO - 任务状态: -1
2026-01-15 18:21:01 - app - INFO - 189转存任务状态查询 [9/30]: {'res_code': 0, 'res_message': '成功', 'errorCode': 'InvalidArgument', 'failedCount': 0, 'process': 0, 'skipCount': 0, 'subTaskCount': 0, 'successedCount': 0, 'taskId': '202601151821264040', 'taskStatus': -1}
2026-01-15 18:21:01 - app - INFO - 任务状态: -1
2026-01-15 18:21:03 - app - INFO - 189转存任务状态查询 [10/30]: {'res_code': 0, 'res_message': '成功', 'errorCode': 'InvalidArgument', 'failedCount': 0, 'process': 0, 'skipCount': 0, 'subTaskCount': 0, 'successedCount': 0, 'taskId': '202601151821264040', 'taskStatus': -1}
2026-01-15 18:21:03 - app - INFO - 任务状态: -1
2026-01-15 18:21:05 - app - INFO - 189转存任务状态查询 [11/30]: {'res_code': 0, 'res_message': '成功', 'errorCode': 'InvalidArgument', 'failedCount': 0, 'process': 0, 'skipCount': 0, 'subTaskCount': 0, 'successedCount': 0, 'taskId': '202601151821264040', 'taskStatus': -1}
2026-01-15 18:21:05 - app - INFO - 任务状态: -1
2026-01-15 18:21:07 - app - INFO - 189转存任务状态查询 [12/30]: {'res_code': 0, 'res_message': '成功', 'errorCode': 'InvalidArgument', 'failedCount': 0, 'process': 0, 'skipCount': 0, 'subTaskCount': 0, 'successedCount': 0, 'taskId': '202601151821264040', 'taskStatus': -1}
2026-01-15 18:21:07 - app - INFO - 任务状态: -1
2026-01-15 18:21:09 - app - INFO - 189转存任务状态查询 [13/30]: {'res_code': 0, 'res_message': '成功', 'errorCode': 'InvalidArgument', 'failedCount': 0, 'process': 0, 'skipCount': 0, 'subTaskCount': 0, 'successedCount': 0, 'taskId': '202601151821264040', 'taskStatus': -1}
2026-01-15 18:21:09 - app - INFO - 任务状态: -1
2026-01-15 18:21:11 - app - INFO - 189转存任务状态查询 [14/30]: {'res_code': 0, 'res_message': '成功', 'errorCode': 'InvalidArgument', 'failedCount': 0, 'process': 0, 'skipCount': 0, 'subTaskCount': 0, 'successedCount': 0, 'taskId': '202601151821264040', 'taskStatus': -1}
2026-01-15 18:21:11 - app - INFO - 任务状态: -1
2026-01-15 18:21:13 - app - INFO - 189转存任务状态查询 [15/30]: {'res_code': 0, 'res_message': '成功', 'errorCode': 'InvalidArgument', 'failedCount': 0, 'process': 0, 'skipCount': 0, 'subTaskCount': 0, 'successedCount': 0, 'taskId': '202601151821264040', 'taskStatus': -1}
2026-01-15 18:21:13 - app - INFO - 任务状态: -1
2026-01-15 18:21:16 - app - INFO - 189转存任务状态查询 [16/30]: {'res_code': 0, 'res_message': '成功', 'errorCode': 'InvalidArgument', 'failedCount': 0, 'process': 0, 'skipCount': 0, 'subTaskCount': 0, 'successedCount': 0, 'taskId': '202601151821264040', 'taskStatus': -1}
2026-01-15 18:21:16 - app - INFO - 任务状态: -1
2026-01-15 18:21:18 - app - INFO - 189转存任务状态查询 [17/30]: {'res_code': 0, 'res_message': '成功', 'errorCode': 'InvalidArgument', 'failedCount': 0, 'process': 0, 'skipCount': 0, 'subTaskCount': 0, 'successedCount': 0, 'taskId': '202601151821264040', 'taskStatus': -1}
2026-01-15 18:21:18 - app - INFO - 任务状态: -1
2026-01-15 18:21:20 - app - INFO - 189转存任务状态查询 [18/30]: {'res_code': 0, 'res_message': '成功', 'errorCode': 'InvalidArgument', 'failedCount': 0, 'process': 0, 'skipCount': 0, 'subTaskCount': 0, 'successedCount': 0, 'taskId': '202601151821264040', 'taskStatus': -1}
2026-01-15 18:21:20 - app - INFO - 任务状态: -1
2026-01-15 18:21:22 - app - INFO - 189转存任务状态查询 [19/30]: {'res_code': 0, 'res_message': '成功', 'errorCode': 'InvalidArgument', 'failedCount': 0, 'process': 0, 'skipCount': 0, 'subTaskCount': 0, 'successedCount': 0, 'taskId': '202601151821264040', 'taskStatus': -1}
2026-01-15 18:21:22 - app - INFO - 任务状态: -1
2026-01-15 18:21:24 - app - INFO - 189转存任务状态查询 [20/30]: {'res_code': 0, 'res_message': '成功', 'errorCode': 'InvalidArgument', 'failedCount': 0, 'process': 0, 'skipCount': 0, 'subTaskCount': 0, 'successedCount': 0, 'taskId': '202601151821264040', 'taskStatus': -1}
2026-01-15 18:21:24 - app - INFO - 任务状态: -1
2026-01-15 18:21:26 - app - INFO - 189转存任务状态查询 [21/30]: {'res_code': 0, 'res_message': '成功', 'errorCode': 'InvalidArgument', 'failedCount': 0, 'process': 0, 'skipCount': 0, 'subTaskCount': 0, 'successedCount': 0, 'taskId': '202601151821264040', 'taskStatus': -1}
2026-01-15 18:21:26 - app - INFO - 任务状态: -1
2026-01-15 18:21:28 - app - INFO - 189转存任务状态查询 [22/30]: {'res_code': 0, 'res_message': '成功', 'errorCode': 'InvalidArgument', 'failedCount': 0, 'process': 0, 'skipCount': 0, 'subTaskCount': 0, 'successedCount': 0, 'taskId': '202601151821264040', 'taskStatus': -1}
2026-01-15 18:21:28 - app - INFO - 任务状态: -1
2026-01-15 18:21:30 - app - INFO - 189转存任务状态查询 [23/30]: {'res_code': 0, 'res_message': '成功', 'errorCode': 'InvalidArgument', 'failedCount': 0, 'process': 0, 'skipCount': 0, 'subTaskCount': 0, 'successedCount': 0, 'taskId': '202601151821264040', 'taskStatus': -1}
2026-01-15 18:21:30 - app - INFO - 任务状态: -1
2026-01-15 18:21:32 - app - INFO - 189转存任务状态查询 [24/30]: {'res_code': 0, 'res_message': '成功', 'errorCode': 'InvalidArgument', 'failedCount': 0, 'process': 0, 'skipCount': 0, 'subTaskCount': 0, 'successedCount': 0, 'taskId': '202601151821264040', 'taskStatus': -1}
2026-01-15 18:21:32 - app - INFO - 任务状态: -1
2026-01-15 18:21:34 - app - INFO - 189转存任务状态查询 [25/30]: {'res_code': 0, 'res_message': '成功', 'errorCode': 'InvalidArgument', 'failedCount': 0, 'process': 0, 'skipCount': 0, 'subTaskCount': 0, 'successedCount': 0, 'taskId': '202601151821264040', 'taskStatus': -1}
2026-01-15 18:21:34 - app - INFO - 任务状态: -1
2026-01-15 18:21:36 - app - INFO - 189转存任务状态查询 [26/30]: {'res_code': 0, 'res_message': '成功', 'errorCode': 'InvalidArgument', 'failedCount': 0, 'process': 0, 'skipCount': 0, 'subTaskCount': 0, 'successedCount': 0, 'taskId': '202601151821264040', 'taskStatus': -1}
2026-01-15 18:21:36 - app - INFO - 任务状态: -1
2026-01-15 18:21:38 - app - INFO - 189转存任务状态查询 [27/30]: {'res_code': 0, 'res_message': '成功', 'errorCode': 'InvalidArgument', 'failedCount': 0, 'process': 0, 'skipCount': 0, 'subTaskCount': 0, 'successedCount': 0, 'taskId': '202601151821264040', 'taskStatus': -1}
2026-01-15 18:21:38 - app - INFO - 任务状态: -1
2026-01-15 18:21:40 - app - INFO - 189转存任务状态查询 [28/30]: {'res_code': 0, 'res_message': '成功', 'errorCode': 'InvalidArgument', 'failedCount': 0, 'process': 0, 'skipCount': 0, 'subTaskCount': 0, 'successedCount': 0, 'taskId': '202601151821264040', 'taskStatus': -1}
2026-01-15 18:21:40 - app - INFO - 任务状态: -1
2026-01-15 18:21:43 - app - INFO - 189转存任务状态查询 [29/30]: {'res_code': 0, 'res_message': '成功', 'errorCode': 'InvalidArgument', 'failedCount': 0, 'process': 0, 'skipCount': 0, 'subTaskCount': 0, 'successedCount': 0, 'taskId': '202601151821264040', 'taskStatus': -1}
2026-01-15 18:21:43 - app - INFO - 任务状态: -1
2026-01-15 18:21:45 - app - INFO - 189转存任务状态查询 [30/30]: {'res_code': 0, 'res_message': '成功', 'errorCode': 'InvalidArgument', 'failedCount': 0, 'process': 0, 'skipCount': 0, 'subTaskCount': 0, 'successedCount': 0, 'taskId': '202601151821264040', 'taskStatus': -1}
2026-01-15 18:21:45 - app - INFO - 任务状态: -1
2026-01-15 18:21:45 - app - INFO - save_share返回: {'success': False, 'message': '转存任务超时'}
2026-01-15 18:21:45 - app - INFO - [任务2] [1/1] 转存失败: 转存任务超时
2026-01-15 18:21:45 - app - INFO - [任务2] 任务执行完成！成功: 0, 失败: 1, 文件数: 0
2026-01-15 18:23:09 - app - INFO - 许可证管理器初始化完成,服务器: http://license.22l2.com
2026-01-15 18:23:09 - app - INFO - 初始化许可证管理器...
2026-01-15 18:23:10 - app - INFO - 解密密钥设置成功
2026-01-15 18:23:10 - app - INFO - 解密密钥获取成功
2026-01-15 18:23:10 - app - INFO - 解密密钥获取成功，配置已就绪
2026-01-15 18:23:10 - app - INFO - 配置解密成功
2026-01-15 18:23:10 - app - INFO - 夸克API配置加载成功
2026-01-15 18:23:10 - app - INFO - 夸克API配置加载完成
2026-01-15 18:23:10 - app - INFO - 检查数据库...
2026-01-15 18:23:10 - app - INFO - 数据库检查完成
2026-01-15 18:23:10 - app - INFO - 检查数据库迁移...
2026-01-15 18:23:10 - app - INFO - 数据库迁移检查完成
2026-01-15 18:23:10 - app - INFO - 清理异常中断的任务状态...
2026-01-15 18:23:10 - app - INFO - 升级管理器初始化完成
2026-01-15 18:23:10 - app - INFO - Flask应用创建成功
2026-01-15 18:23:10 - app - INFO - 静态文件目录: C:\Data\夸克转存\client\frontend
2026-01-15 18:23:10 - app - INFO - 启动任务调度服务...
2026-01-15 18:23:10 - app - INFO - 检查被中断的影视下载任务...
2026-01-15 18:23:10 - app - INFO - 没有需要恢复的影视下载任务
2026-01-15 18:23:10 - app - INFO - 账期生成循环已启动
2026-01-15 18:23:10 - app - INFO - 账期生成线程已启动
2026-01-15 18:23:10 - app - INFO - 开始生成 2026-01-15 的任务账期
2026-01-15 18:23:10 - app - INFO - 任务执行循环已启动
2026-01-15 18:23:10 - app - INFO - 任务执行线程已启动
2026-01-15 18:23:10 - app - INFO - 日志清理循环已启动
2026-01-15 18:23:10 - app - INFO - 日志清理线程已启动
2026-01-15 18:23:10 - app - INFO - 下次日志清理时间: 2026-01-16 02:00:00
2026-01-15 18:23:10 - app - INFO - 跳过一次性执行任务: 测试
2026-01-15 18:23:10 - app - INFO - 启动Flask服务: http://0.0.0.0:8520
2026-01-15 18:23:10 - app - INFO - 跳过一次性执行任务: 测试谢谢谢谢
2026-01-15 18:23:10 - app - INFO - 跳过一次性执行任务: 小城大事
2026-01-15 18:23:10 - app - INFO - ✅ 生成完成，共创建 0 条待执行记录
2026-01-15 18:23:10 - app - INFO - 下次生成账期时间: 2026-01-16 00:00:00, 等待 20209 秒
2026-01-15 18:23:23 - app - INFO - 许可证管理器初始化完成,服务器: http://license.22l2.com
2026-01-15 18:23:23 - app - INFO - 初始化许可证管理器...
2026-01-15 18:23:24 - app - INFO - 解密密钥设置成功
2026-01-15 18:23:24 - app - INFO - 解密密钥获取成功
2026-01-15 18:23:24 - app - INFO - 解密密钥获取成功，配置已就绪
2026-01-15 18:23:24 - app - INFO - 配置解密成功
2026-01-15 18:23:24 - app - INFO - 夸克API配置加载成功
2026-01-15 18:23:24 - app - INFO - 夸克API配置加载完成
2026-01-15 18:23:24 - app - INFO - 检查数据库...
2026-01-15 18:23:24 - app - INFO - 数据库检查完成
2026-01-15 18:23:24 - app - INFO - 检查数据库迁移...
2026-01-15 18:23:24 - app - INFO - 数据库迁移检查完成
2026-01-15 18:23:24 - app - INFO - 清理异常中断的任务状态...
2026-01-15 18:23:24 - app - INFO - 升级管理器初始化完成
2026-01-15 18:23:24 - app - INFO - Flask应用创建成功
2026-01-15 18:23:24 - app - INFO - 静态文件目录: C:\Data\夸克转存\client\frontend
2026-01-15 18:23:24 - app - INFO - 启动任务调度服务...
2026-01-15 18:23:24 - app - INFO - 检查被中断的影视下载任务...
2026-01-15 18:23:24 - app - INFO - 没有需要恢复的影视下载任务
2026-01-15 18:23:24 - app - INFO - 账期生成循环已启动
2026-01-15 18:23:24 - app - INFO - 账期生成线程已启动
2026-01-15 18:23:24 - app - INFO - 开始生成 2026-01-15 的任务账期
2026-01-15 18:23:24 - app - INFO - 任务执行循环已启动
2026-01-15 18:23:24 - app - INFO - 任务执行线程已启动
2026-01-15 18:23:24 - app - INFO - 日志清理循环已启动
2026-01-15 18:23:24 - app - INFO - 日志清理线程已启动
2026-01-15 18:23:24 - app - INFO - 下次日志清理时间: 2026-01-16 02:00:00
2026-01-15 18:23:24 - app - INFO - 启动Flask服务: http://0.0.0.0:8520
2026-01-15 18:23:24 - app - INFO - 跳过一次性执行任务: 测试
2026-01-15 18:23:24 - app - INFO - 跳过一次性执行任务: 测试谢谢谢谢
2026-01-15 18:23:24 - app - INFO - 跳过一次性执行任务: 小城大事
2026-01-15 18:23:24 - app - INFO - ✅ 生成完成，共创建 0 条待执行记录
2026-01-15 18:23:24 - app - INFO - 下次生成账期时间: 2026-01-16 00:00:00, 等待 20196 秒
2026-01-15 18:25:49 - app - INFO - [任务2] 开始执行任务: 测试谢谢谢谢
2026-01-15 18:25:49 - app - INFO - [任务2] 使用账号: 天意
2026-01-15 18:25:49 - app - INFO - [任务2] 目标路径: /测试
2026-01-15 18:25:49 - app - INFO - [任务2] 云盘类型: cloud189
2026-01-15 18:25:49 - app - INFO - [任务2] 共有 1 个分享链接待处理
2026-01-15 18:25:49 - app - INFO - [任务2] [1/1] 正在处理: https://h5.cloud.189.cn/share.html#/t/JV3Y3mZreqmi...
2026-01-15 18:25:49 - app - INFO - [任务2] [1/1] 解析分享链接...
2026-01-15 18:25:49 - app - INFO - 解析天翼分享链接: url=https://h5.cloud.189.cn/share.html#/t/JV3Y3mZreqmi, share_code=JV3Y3mZreqmi, access_code=
2026-01-15 18:25:49 - app - INFO - [任务2] [1/1] 解析结果: share_code=JV3Y3mZreqmi
2026-01-15 18:25:49 - app - INFO - [任务2] [1/1] 开始转存...
2026-01-15 18:25:49 - app - INFO - [任务2] [1/1] 目标路径: /测试
2026-01-15 18:25:49 - app - INFO - 调用save_share: url=https://h5.cloud.189.cn/share.html#/t/JV3Y3mZreqmi, target_folder_id=-11
2026-01-15 18:25:49 - app - INFO - [save_share] 开始执行: url=https://h5.cloud.189.cn/share.html#/t/JV3Y3mZreqmi, target_folder_id=-11
2026-01-15 18:25:49 - app - INFO - 解析天翼分享链接: url=https://h5.cloud.189.cn/share.html#/t/JV3Y3mZreqmi, share_code=JV3Y3mZreqmi, access_code=
2026-01-15 18:25:49 - app - INFO - 开始转存189分享: share_code=JV3Y3mZreqmi
2026-01-15 18:26:01 - app - INFO - 列出分享目录请求: {'shareId': 12547119517682, 'isFolder': 'true', 'shareMode': 3, 'orderBy': 'lastOpTime', 'descending': 'true', 'pageNum': 1, 'pageSize': 1000, 'fileId': '323421229629570696'}
2026-01-15 18:26:01 - app - INFO - 列出分享目录响应: {'res_code': 0, 'res_message': '成功', 'expireTime': 0, 'expireType': 0, 'fileListAO': {'count': 2, 'fileList': [{'createDate': '2026-01-15 00:12:04', 'fileCata': 1, 'id': 525233229659568152, 'lastOpTime': '2026-01-15 00:12:04', 'md5': '2DB96647BD5C3C356863B1685A4734E8', 'mediaType': 4, 'name': '雷鲸小站3.txt', 'rev': '20260115001204', 'size': 204, 'starLabel': 2}], 'fileListSize': 1, 'folderList': [{'createDate': '2026-01-15 00:02:36', 'fileCata': 1, 'fileListSize': 0, 'id': 924631229621493439, 'lastOpTime': '2026-01-15 00:29:11', 'name': 'Season 1', 'parentId': 323421229629570696, 'rev': '20260115002911', 'starLabel': 2}]}, 'lastRev': 20260115182644}
2026-01-15 18:26:01 - app - INFO - 准备转存 2 个文件/文件夹
2026-01-15 18:26:01 - app - INFO - 189转存任务创建成功: task_id=202601151826447681, 完整响应: {'res_code': 0, 'res_message': '成功', 'taskId': '202601151826447681'}
2026-01-15 18:26:03 - app - INFO - 189转存任务状态查询 [1/30]: {'res_code': 0, 'res_message': '成功', 'errorCode': 'InvalidArgument', 'failedCount': 0, 'process': 0, 'skipCount': 0, 'subTaskCount': 0, 'successedCount': 0, 'taskId': '202601151826447681', 'taskStatus': -1}
2026-01-15 18:26:03 - app - INFO - 任务状态: -1
2026-01-15 18:26:05 - app - INFO - 189转存任务状态查询 [2/30]: {'res_code': 0, 'res_message': '成功', 'errorCode': 'InvalidArgument', 'failedCount': 0, 'process': 0, 'skipCount': 0, 'subTaskCount': 0, 'successedCount': 0, 'taskId': '202601151826447681', 'taskStatus': -1}
2026-01-15 18:26:05 - app - INFO - 任务状态: -1
2026-01-15 18:26:07 - app - INFO - 189转存任务状态查询 [3/30]: {'res_code': 0, 'res_message': '成功', 'errorCode': 'InvalidArgument', 'failedCount': 0, 'process': 0, 'skipCount': 0, 'subTaskCount': 0, 'successedCount': 0, 'taskId': '202601151826447681', 'taskStatus': -1}
2026-01-15 18:26:07 - app - INFO - 任务状态: -1
2026-01-15 18:26:09 - app - INFO - 189转存任务状态查询 [4/30]: {'res_code': 0, 'res_message': '成功', 'errorCode': 'InvalidArgument', 'failedCount': 0, 'process': 0, 'skipCount': 0, 'subTaskCount': 0, 'successedCount': 0, 'taskId': '202601151826447681', 'taskStatus': -1}
2026-01-15 18:26:09 - app - INFO - 任务状态: -1
2026-01-15 18:26:11 - app - INFO - 189转存任务状态查询 [5/30]: {'res_code': 0, 'res_message': '成功', 'errorCode': 'InvalidArgument', 'failedCount': 0, 'process': 0, 'skipCount': 0, 'subTaskCount': 0, 'successedCount': 0, 'taskId': '202601151826447681', 'taskStatus': -1}
2026-01-15 18:26:11 - app - INFO - 任务状态: -1
2026-01-15 18:26:13 - app - INFO - 189转存任务状态查询 [6/30]: {'res_code': 0, 'res_message': '成功', 'errorCode': 'InvalidArgument', 'failedCount': 0, 'process': 0, 'skipCount': 0, 'subTaskCount': 0, 'successedCount': 0, 'taskId': '202601151826447681', 'taskStatus': -1}
2026-01-15 18:26:13 - app - INFO - 任务状态: -1
2026-01-15 18:26:15 - app - INFO - 189转存任务状态查询 [7/30]: {'res_code': 0, 'res_message': '成功', 'errorCode': 'InvalidArgument', 'failedCount': 0, 'process': 0, 'skipCount': 0, 'subTaskCount': 0, 'successedCount': 0, 'taskId': '202601151826447681', 'taskStatus': -1}
2026-01-15 18:26:15 - app - INFO - 任务状态: -1
2026-01-15 18:26:17 - app - INFO - 189转存任务状态查询 [8/30]: {'res_code': 0, 'res_message': '成功', 'errorCode': 'InvalidArgument', 'failedCount': 0, 'process': 0, 'skipCount': 0, 'subTaskCount': 0, 'successedCount': 0, 'taskId': '202601151826447681', 'taskStatus': -1}
2026-01-15 18:26:17 - app - INFO - 任务状态: -1
2026-01-15 18:26:19 - app - INFO - 189转存任务状态查询 [9/30]: {'res_code': 0, 'res_message': '成功', 'errorCode': 'InvalidArgument', 'failedCount': 0, 'process': 0, 'skipCount': 0, 'subTaskCount': 0, 'successedCount': 0, 'taskId': '202601151826447681', 'taskStatus': -1}
2026-01-15 18:26:19 - app - INFO - 任务状态: -1
2026-01-15 18:26:22 - app - INFO - 189转存任务状态查询 [10/30]: {'res_code': 0, 'res_message': '成功', 'errorCode': 'InvalidArgument', 'failedCount': 0, 'process': 0, 'skipCount': 0, 'subTaskCount': 0, 'successedCount': 0, 'taskId': '202601151826447681', 'taskStatus': -1}
2026-01-15 18:26:22 - app - INFO - 任务状态: -1
2026-01-15 18:26:24 - app - INFO - 189转存任务状态查询 [11/30]: {'res_code': 0, 'res_message': '成功', 'errorCode': 'InvalidArgument', 'failedCount': 0, 'process': 0, 'skipCount': 0, 'subTaskCount': 0, 'successedCount': 0, 'taskId': '202601151826447681', 'taskStatus': -1}
2026-01-15 18:26:24 - app - INFO - 任务状态: -1
2026-01-15 18:26:26 - app - INFO - 189转存任务状态查询 [12/30]: {'res_code': 0, 'res_message': '成功', 'errorCode': 'InvalidArgument', 'failedCount': 0, 'process': 0, 'skipCount': 0, 'subTaskCount': 0, 'successedCount': 0, 'taskId': '202601151826447681', 'taskStatus': -1}
2026-01-15 18:26:26 - app - INFO - 任务状态: -1
2026-01-15 18:26:28 - app - INFO - 189转存任务状态查询 [13/30]: {'res_code': 0, 'res_message': '成功', 'errorCode': 'InvalidArgument', 'failedCount': 0, 'process': 0, 'skipCount': 0, 'subTaskCount': 0, 'successedCount': 0, 'taskId': '202601151826447681', 'taskStatus': -1}
2026-01-15 18:26:28 - app - INFO - 任务状态: -1
2026-01-15 18:26:30 - app - INFO - 189转存任务状态查询 [14/30]: {'res_code': 0, 'res_message': '成功', 'errorCode': 'InvalidArgument', 'failedCount': 0, 'process': 0, 'skipCount': 0, 'subTaskCount': 0, 'successedCount': 0, 'taskId': '202601151826447681', 'taskStatus': -1}
2026-01-15 18:26:30 - app - INFO - 任务状态: -1
2026-01-15 18:26:32 - app - INFO - 189转存任务状态查询 [15/30]: {'res_code': 0, 'res_message': '成功', 'errorCode': 'InvalidArgument', 'failedCount': 0, 'process': 0, 'skipCount': 0, 'subTaskCount': 0, 'successedCount': 0, 'taskId': '202601151826447681', 'taskStatus': -1}
2026-01-15 18:26:32 - app - INFO - 任务状态: -1
2026-01-15 18:26:34 - app - INFO - 189转存任务状态查询 [16/30]: {'res_code': 0, 'res_message': '成功', 'errorCode': 'InvalidArgument', 'failedCount': 0, 'process': 0, 'skipCount': 0, 'subTaskCount': 0, 'successedCount': 0, 'taskId': '202601151826447681', 'taskStatus': -1}
2026-01-15 18:26:34 - app - INFO - 任务状态: -1
2026-01-15 18:26:36 - app - INFO - 189转存任务状态查询 [17/30]: {'res_code': 0, 'res_message': '成功', 'errorCode': 'InvalidArgument', 'failedCount': 0, 'process': 0, 'skipCount': 0, 'subTaskCount': 0, 'successedCount': 0, 'taskId': '202601151826447681', 'taskStatus': -1}
2026-01-15 18:26:36 - app - INFO - 任务状态: -1
2026-01-15 18:26:38 - app - INFO - 189转存任务状态查询 [18/30]: {'res_code': 0, 'res_message': '成功', 'errorCode': 'InvalidArgument', 'failedCount': 0, 'process': 0, 'skipCount': 0, 'subTaskCount': 0, 'successedCount': 0, 'taskId': '202601151826447681', 'taskStatus': -1}
2026-01-15 18:26:38 - app - INFO - 任务状态: -1
2026-01-15 18:26:40 - app - INFO - 189转存任务状态查询 [19/30]: {'res_code': 0, 'res_message': '成功', 'errorCode': 'InvalidArgument', 'failedCount': 0, 'process': 0, 'skipCount': 0, 'subTaskCount': 0, 'successedCount': 0, 'taskId': '202601151826447681', 'taskStatus': -1}
2026-01-15 18:26:40 - app - INFO - 任务状态: -1
2026-01-15 18:26:43 - app - INFO - 189转存任务状态查询 [20/30]: {'res_code': 0, 'res_message': '成功', 'errorCode': 'InvalidArgument', 'failedCount': 0, 'process': 0, 'skipCount': 0, 'subTaskCount': 0, 'successedCount': 0, 'taskId': '202601151826447681', 'taskStatus': -1}
2026-01-15 18:26:43 - app - INFO - 任务状态: -1
2026-01-15 18:26:45 - app - INFO - 189转存任务状态查询 [21/30]: {'res_code': 0, 'res_message': '成功', 'errorCode': 'InvalidArgument', 'failedCount': 0, 'process': 0, 'skipCount': 0, 'subTaskCount': 0, 'successedCount': 0, 'taskId': '202601151826447681', 'taskStatus': -1}
2026-01-15 18:26:45 - app - INFO - 任务状态: -1
2026-01-15 18:26:47 - app - INFO - 189转存任务状态查询 [22/30]: {'res_code': 0, 'res_message': '成功', 'errorCode': 'InvalidArgument', 'failedCount': 0, 'process': 0, 'skipCount': 0, 'subTaskCount': 0, 'successedCount': 0, 'taskId': '202601151826447681', 'taskStatus': -1}
2026-01-15 18:26:47 - app - INFO - 任务状态: -1
2026-01-15 18:26:49 - app - INFO - 189转存任务状态查询 [23/30]: {'res_code': 0, 'res_message': '成功', 'errorCode': 'InvalidArgument', 'failedCount': 0, 'process': 0, 'skipCount': 0, 'subTaskCount': 0, 'successedCount': 0, 'taskId': '202601151826447681', 'taskStatus': -1}
2026-01-15 18:26:49 - app - INFO - 任务状态: -1
2026-01-15 18:26:51 - app - INFO - 189转存任务状态查询 [24/30]: {'res_code': 0, 'res_message': '成功', 'errorCode': 'InvalidArgument', 'failedCount': 0, 'process': 0, 'skipCount': 0, 'subTaskCount': 0, 'successedCount': 0, 'taskId': '202601151826447681', 'taskStatus': -1}
2026-01-15 18:26:51 - app - INFO - 任务状态: -1
2026-01-15 18:26:53 - app - INFO - 189转存任务状态查询 [25/30]: {'res_code': 0, 'res_message': '成功', 'errorCode': 'InvalidArgument', 'failedCount': 0, 'process': 0, 'skipCount': 0, 'subTaskCount': 0, 'successedCount': 0, 'taskId': '202601151826447681', 'taskStatus': -1}
2026-01-15 18:26:53 - app - INFO - 任务状态: -1
2026-01-15 18:26:55 - app - INFO - 189转存任务状态查询 [26/30]: {'res_code': 0, 'res_message': '成功', 'errorCode': 'InvalidArgument', 'failedCount': 0, 'process': 0, 'skipCount': 0, 'subTaskCount': 0, 'successedCount': 0, 'taskId': '202601151826447681', 'taskStatus': -1}
2026-01-15 18:26:55 - app - INFO - 任务状态: -1
2026-01-15 18:26:57 - app - INFO - 189转存任务状态查询 [27/30]: {'res_code': 0, 'res_message': '成功', 'errorCode': 'InvalidArgument', 'failedCount': 0, 'process': 0, 'skipCount': 0, 'subTaskCount': 0, 'successedCount': 0, 'taskId': '202601151826447681', 'taskStatus': -1}
2026-01-15 18:26:57 - app - INFO - 任务状态: -1
2026-01-15 18:26:59 - app - INFO - 189转存任务状态查询 [28/30]: {'res_code': 0, 'res_message': '成功', 'errorCode': 'InvalidArgument', 'failedCount': 0, 'process': 0, 'skipCount': 0, 'subTaskCount': 0, 'successedCount': 0, 'taskId': '202601151826447681', 'taskStatus': -1}
2026-01-15 18:26:59 - app - INFO - 任务状态: -1
2026-01-15 18:27:01 - app - INFO - 189转存任务状态查询 [29/30]: {'res_code': 0, 'res_message': '成功', 'errorCode': 'InvalidArgument', 'failedCount': 0, 'process': 0, 'skipCount': 0, 'subTaskCount': 0, 'successedCount': 0, 'taskId': '202601151826447681', 'taskStatus': -1}
2026-01-15 18:27:01 - app - INFO - 任务状态: -1
2026-01-15 18:27:04 - app - INFO - 189转存任务状态查询 [30/30]: {'res_code': 0, 'res_message': '成功', 'errorCode': 'InvalidArgument', 'failedCount': 0, 'process': 0, 'skipCount': 0, 'subTaskCount': 0, 'successedCount': 0, 'taskId': '202601151826447681', 'taskStatus': -1}
2026-01-15 18:27:04 - app - INFO - 任务状态: -1
2026-01-15 18:27:04 - app - INFO - save_share返回: {'success': False, 'message': '转存任务超时'}
2026-01-15 18:27:04 - app - INFO - [任务2] [1/1] 转存失败: 转存任务超时
2026-01-15 18:27:04 - app - INFO - [任务2] 任务执行完成！成功: 0, 失败: 1, 文件数: 0
2026-01-15 18:27:55 - app - INFO - [任务2] 开始执行任务: 测试谢谢谢谢
2026-01-15 18:27:55 - app - INFO - [任务2] 使用账号: 天意
2026-01-15 18:27:55 - app - INFO - [任务2] 目标路径: /测试
2026-01-15 18:27:55 - app - INFO - [任务2] 云盘类型: cloud189
2026-01-15 18:27:55 - app - INFO - [任务2] 共有 1 个分享链接待处理
2026-01-15 18:27:55 - app - INFO - [任务2] [1/1] 正在处理: https://h5.cloud.189.cn/share.html#/t/JV3Y3mZreqmi...
2026-01-15 18:27:55 - app - INFO - [任务2] [1/1] 解析分享链接...
2026-01-15 18:27:55 - app - INFO - 解析天翼分享链接: url=https://h5.cloud.189.cn/share.html#/t/JV3Y3mZreqmi, share_code=JV3Y3mZreqmi, access_code=
2026-01-15 18:27:55 - app - INFO - [任务2] [1/1] 解析结果: share_code=JV3Y3mZreqmi
2026-01-15 18:27:55 - app - INFO - [任务2] [1/1] 开始转存...
2026-01-15 18:27:55 - app - INFO - [任务2] [1/1] 目标路径: /测试
2026-01-15 18:27:55 - app - INFO - 调用save_share: url=https://h5.cloud.189.cn/share.html#/t/JV3Y3mZreqmi, target_folder_id=-11
2026-01-15 18:27:55 - app - INFO - [save_share] 开始执行: url=https://h5.cloud.189.cn/share.html#/t/JV3Y3mZreqmi, target_folder_id=-11
2026-01-15 18:27:55 - app - INFO - 解析天翼分享链接: url=https://h5.cloud.189.cn/share.html#/t/JV3Y3mZreqmi, share_code=JV3Y3mZreqmi, access_code=
2026-01-15 18:27:55 - app - INFO - 开始转存189分享: share_code=JV3Y3mZreqmi
2026-01-15 18:28:06 - app - INFO - 列出分享目录请求: {'shareId': 12547119517682, 'isFolder': 'true', 'shareMode': 3, 'orderBy': 'lastOpTime', 'descending': 'true', 'pageNum': 1, 'pageSize': 1000, 'fileId': '323421229629570696'}
2026-01-15 18:28:07 - app - INFO - 列出分享目录响应: {'res_code': 0, 'res_message': '成功', 'expireTime': 0, 'expireType': 0, 'fileListAO': {'count': 2, 'fileList': [{'createDate': '2026-01-15 00:12:04', 'fileCata': 1, 'id': 525233229659568152, 'lastOpTime': '2026-01-15 00:12:04', 'md5': '2DB96647BD5C3C356863B1685A4734E8', 'mediaType': 4, 'name': '雷鲸小站3.txt', 'rev': '20260115001204', 'size': 204, 'starLabel': 2}], 'fileListSize': 1, 'folderList': [{'createDate': '2026-01-15 00:02:36', 'fileCata': 1, 'fileListSize': 0, 'id': 924631229621493439, 'lastOpTime': '2026-01-15 00:29:11', 'name': 'Season 1', 'parentId': 323421229629570696, 'rev': '20260115002911', 'starLabel': 2}]}, 'lastRev': 20260115182850}
2026-01-15 18:28:07 - app - INFO - 准备转存 2 个文件/文件夹
2026-01-15 18:28:07 - app - INFO - 189转存任务创建成功: task_id=202601151828501081, 完整响应: {'res_code': 0, 'res_message': '成功', 'taskId': '202601151828501081'}
2026-01-15 18:28:09 - app - INFO - 189转存任务状态查询 [1/30]: {'res_code': 0, 'res_message': '成功', 'errorCode': 'InvalidArgument', 'failedCount': 0, 'process': 0, 'skipCount': 0, 'subTaskCount': 0, 'successedCount': 0, 'taskId': '202601151828501081', 'taskStatus': -1}
2026-01-15 18:28:09 - app - INFO - 任务状态: -1
2026-01-15 18:28:11 - app - INFO - 189转存任务状态查询 [2/30]: {'res_code': 0, 'res_message': '成功', 'errorCode': 'InvalidArgument', 'failedCount': 0, 'process': 0, 'skipCount': 0, 'subTaskCount': 0, 'successedCount': 0, 'taskId': '202601151828501081', 'taskStatus': -1}
2026-01-15 18:28:11 - app - INFO - 任务状态: -1
2026-01-15 18:28:13 - app - INFO - 189转存任务状态查询 [3/30]: {'res_code': 0, 'res_message': '成功', 'errorCode': 'InvalidArgument', 'failedCount': 0, 'process': 0, 'skipCount': 0, 'subTaskCount': 0, 'successedCount': 0, 'taskId': '202601151828501081', 'taskStatus': -1}
2026-01-15 18:28:13 - app - INFO - 任务状态: -1
2026-01-15 18:28:15 - app - INFO - 189转存任务状态查询 [4/30]: {'res_code': 0, 'res_message': '成功', 'errorCode': 'InvalidArgument', 'failedCount': 0, 'process': 0, 'skipCount': 0, 'subTaskCount': 0, 'successedCount': 0, 'taskId': '202601151828501081', 'taskStatus': -1}
2026-01-15 18:28:15 - app - INFO - 任务状态: -1
2026-01-15 18:28:17 - app - INFO - 189转存任务状态查询 [5/30]: {'res_code': 0, 'res_message': '成功', 'errorCode': 'InvalidArgument', 'failedCount': 0, 'process': 0, 'skipCount': 0, 'subTaskCount': 0, 'successedCount': 0, 'taskId': '202601151828501081', 'taskStatus': -1}
2026-01-15 18:28:17 - app - INFO - 任务状态: -1
2026-01-15 18:28:19 - app - INFO - 189转存任务状态查询 [6/30]: {'res_code': 0, 'res_message': '成功', 'errorCode': 'InvalidArgument', 'failedCount': 0, 'process': 0, 'skipCount': 0, 'subTaskCount': 0, 'successedCount': 0, 'taskId': '202601151828501081', 'taskStatus': -1}
2026-01-15 18:28:19 - app - INFO - 任务状态: -1
2026-01-15 18:28:21 - app - INFO - 189转存任务状态查询 [7/30]: {'res_code': 0, 'res_message': '成功', 'errorCode': 'InvalidArgument', 'failedCount': 0, 'process': 0, 'skipCount': 0, 'subTaskCount': 0, 'successedCount': 0, 'taskId': '202601151828501081', 'taskStatus': -1}
2026-01-15 18:28:21 - app - INFO - 任务状态: -1
2026-01-15 18:28:23 - app - INFO - 189转存任务状态查询 [8/30]: {'res_code': 0, 'res_message': '成功', 'errorCode': 'InvalidArgument', 'failedCount': 0, 'process': 0, 'skipCount': 0, 'subTaskCount': 0, 'successedCount': 0, 'taskId': '202601151828501081', 'taskStatus': -1}
2026-01-15 18:28:23 - app - INFO - 任务状态: -1
2026-01-15 18:28:25 - app - INFO - 189转存任务状态查询 [9/30]: {'res_code': 0, 'res_message': '成功', 'errorCode': 'InvalidArgument', 'failedCount': 0, 'process': 0, 'skipCount': 0, 'subTaskCount': 0, 'successedCount': 0, 'taskId': '202601151828501081', 'taskStatus': -1}
2026-01-15 18:28:25 - app - INFO - 任务状态: -1
2026-01-15 18:28:27 - app - INFO - 189转存任务状态查询 [10/30]: {'res_code': 0, 'res_message': '成功', 'errorCode': 'InvalidArgument', 'failedCount': 0, 'process': 0, 'skipCount': 0, 'subTaskCount': 0, 'successedCount': 0, 'taskId': '202601151828501081', 'taskStatus': -1}
2026-01-15 18:28:27 - app - INFO - 任务状态: -1
2026-01-15 18:28:29 - app - INFO - 189转存任务状态查询 [11/30]: {'res_code': 0, 'res_message': '成功', 'errorCode': 'InvalidArgument', 'failedCount': 0, 'process': 0, 'skipCount': 0, 'subTaskCount': 0, 'successedCount': 0, 'taskId': '202601151828501081', 'taskStatus': -1}
2026-01-15 18:28:29 - app - INFO - 任务状态: -1
2026-01-15 18:28:32 - app - INFO - 189转存任务状态查询 [12/30]: {'res_code': 0, 'res_message': '成功', 'errorCode': 'InvalidArgument', 'failedCount': 0, 'process': 0, 'skipCount': 0, 'subTaskCount': 0, 'successedCount': 0, 'taskId': '202601151828501081', 'taskStatus': -1}
2026-01-15 18:28:32 - app - INFO - 任务状态: -1
2026-01-15 18:28:34 - app - INFO - 189转存任务状态查询 [13/30]: {'res_code': 0, 'res_message': '成功', 'errorCode': 'InvalidArgument', 'failedCount': 0, 'process': 0, 'skipCount': 0, 'subTaskCount': 0, 'successedCount': 0, 'taskId': '202601151828501081', 'taskStatus': -1}
2026-01-15 18:28:34 - app - INFO - 任务状态: -1
2026-01-15 18:28:36 - app - INFO - 189转存任务状态查询 [14/30]: {'res_code': 0, 'res_message': '成功', 'errorCode': 'InvalidArgument', 'failedCount': 0, 'process': 0, 'skipCount': 0, 'subTaskCount': 0, 'successedCount': 0, 'taskId': '202601151828501081', 'taskStatus': -1}
2026-01-15 18:28:36 - app - INFO - 任务状态: -1
2026-01-15 18:28:38 - app - INFO - 189转存任务状态查询 [15/30]: {'res_code': 0, 'res_message': '成功', 'errorCode': 'InvalidArgument', 'failedCount': 0, 'process': 0, 'skipCount': 0, 'subTaskCount': 0, 'successedCount': 0, 'taskId': '202601151828501081', 'taskStatus': -1}
2026-01-15 18:28:38 - app - INFO - 任务状态: -1
2026-01-15 18:28:40 - app - INFO - 189转存任务状态查询 [16/30]: {'res_code': 0, 'res_message': '成功', 'errorCode': 'InvalidArgument', 'failedCount': 0, 'process': 0, 'skipCount': 0, 'subTaskCount': 0, 'successedCount': 0, 'taskId': '202601151828501081', 'taskStatus': -1}
2026-01-15 18:28:40 - app - INFO - 任务状态: -1
2026-01-15 18:28:42 - app - INFO - 189转存任务状态查询 [17/30]: {'res_code': 0, 'res_message': '成功', 'errorCode': 'InvalidArgument', 'failedCount': 0, 'process': 0, 'skipCount': 0, 'subTaskCount': 0, 'successedCount': 0, 'taskId': '202601151828501081', 'taskStatus': -1}
2026-01-15 18:28:42 - app - INFO - 任务状态: -1
2026-01-15 18:28:44 - app - INFO - 189转存任务状态查询 [18/30]: {'res_code': 0, 'res_message': '成功', 'errorCode': 'InvalidArgument', 'failedCount': 0, 'process': 0, 'skipCount': 0, 'subTaskCount': 0, 'successedCount': 0, 'taskId': '202601151828501081', 'taskStatus': -1}
2026-01-15 18:28:44 - app - INFO - 任务状态: -1
2026-01-15 18:28:46 - app - INFO - 189转存任务状态查询 [19/30]: {'res_code': 0, 'res_message': '成功', 'errorCode': 'InvalidArgument', 'failedCount': 0, 'process': 0, 'skipCount': 0, 'subTaskCount': 0, 'successedCount': 0, 'taskId': '202601151828501081', 'taskStatus': -1}
2026-01-15 18:28:46 - app - INFO - 任务状态: -1
2026-01-15 18:28:48 - app - INFO - 189转存任务状态查询 [20/30]: {'res_code': 0, 'res_message': '成功', 'errorCode': 'InvalidArgument', 'failedCount': 0, 'process': 0, 'skipCount': 0, 'subTaskCount': 0, 'successedCount': 0, 'taskId': '202601151828501081', 'taskStatus': -1}
2026-01-15 18:28:48 - app - INFO - 任务状态: -1
2026-01-15 18:28:50 - app - INFO - 189转存任务状态查询 [21/30]: {'res_code': 0, 'res_message': '成功', 'errorCode': 'InvalidArgument', 'failedCount': 0, 'process': 0, 'skipCount': 0, 'subTaskCount': 0, 'successedCount': 0, 'taskId': '202601151828501081', 'taskStatus': -1}
2026-01-15 18:28:50 - app - INFO - 任务状态: -1
2026-01-15 18:28:52 - app - INFO - 189转存任务状态查询 [22/30]: {'res_code': 0, 'res_message': '成功', 'errorCode': 'InvalidArgument', 'failedCount': 0, 'process': 0, 'skipCount': 0, 'subTaskCount': 0, 'successedCount': 0, 'taskId': '202601151828501081', 'taskStatus': -1}
2026-01-15 18:28:52 - app - INFO - 任务状态: -1
2026-01-15 18:28:54 - app - INFO - 189转存任务状态查询 [23/30]: {'res_code': 0, 'res_message': '成功', 'errorCode': 'InvalidArgument', 'failedCount': 0, 'process': 0, 'skipCount': 0, 'subTaskCount': 0, 'successedCount': 0, 'taskId': '202601151828501081', 'taskStatus': -1}
2026-01-15 18:28:54 - app - INFO - 任务状态: -1
2026-01-15 18:28:56 - app - INFO - 189转存任务状态查询 [24/30]: {'res_code': 0, 'res_message': '成功', 'errorCode': 'InvalidArgument', 'failedCount': 0, 'process': 0, 'skipCount': 0, 'subTaskCount': 0, 'successedCount': 0, 'taskId': '202601151828501081', 'taskStatus': -1}
2026-01-15 18:28:56 - app - INFO - 任务状态: -1
2026-01-15 18:28:59 - app - INFO - 189转存任务状态查询 [25/30]: {'res_code': 0, 'res_message': '成功', 'errorCode': 'InvalidArgument', 'failedCount': 0, 'process': 0, 'skipCount': 0, 'subTaskCount': 0, 'successedCount': 0, 'taskId': '202601151828501081', 'taskStatus': -1}
2026-01-15 18:28:59 - app - INFO - 任务状态: -1
2026-01-15 18:29:01 - app - INFO - 189转存任务状态查询 [26/30]: {'res_code': 0, 'res_message': '成功', 'errorCode': 'InvalidArgument', 'failedCount': 0, 'process': 0, 'skipCount': 0, 'subTaskCount': 0, 'successedCount': 0, 'taskId': '202601151828501081', 'taskStatus': -1}
2026-01-15 18:29:01 - app - INFO - 任务状态: -1
2026-01-15 18:29:03 - app - INFO - 189转存任务状态查询 [27/30]: {'res_code': 0, 'res_message': '成功', 'errorCode': 'InvalidArgument', 'failedCount': 0, 'process': 0, 'skipCount': 0, 'subTaskCount': 0, 'successedCount': 0, 'taskId': '202601151828501081', 'taskStatus': -1}
2026-01-15 18:29:03 - app - INFO - 任务状态: -1
2026-01-15 18:29:05 - app - INFO - 189转存任务状态查询 [28/30]: {'res_code': 0, 'res_message': '成功', 'errorCode': 'InvalidArgument', 'failedCount': 0, 'process': 0, 'skipCount': 0, 'subTaskCount': 0, 'successedCount': 0, 'taskId': '202601151828501081', 'taskStatus': -1}
2026-01-15 18:29:05 - app - INFO - 任务状态: -1
2026-01-15 18:29:07 - app - INFO - 189转存任务状态查询 [29/30]: {'res_code': 0, 'res_message': '成功', 'errorCode': 'InvalidArgument', 'failedCount': 0, 'process': 0, 'skipCount': 0, 'subTaskCount': 0, 'successedCount': 0, 'taskId': '202601151828501081', 'taskStatus': -1}
2026-01-15 18:29:07 - app - INFO - 任务状态: -1
2026-01-15 18:29:09 - app - INFO - 189转存任务状态查询 [30/30]: {'res_code': 0, 'res_message': '成功', 'errorCode': 'InvalidArgument', 'failedCount': 0, 'process': 0, 'skipCount': 0, 'subTaskCount': 0, 'successedCount': 0, 'taskId': '202601151828501081', 'taskStatus': -1}
2026-01-15 18:29:09 - app - INFO - 任务状态: -1
2026-01-15 18:29:09 - app - INFO - save_share返回: {'success': False, 'message': '转存任务超时'}
2026-01-15 18:29:09 - app - INFO - [任务2] [1/1] 转存失败: 转存任务超时
2026-01-15 18:29:09 - app - INFO - [任务2] 任务执行完成！成功: 0, 失败: 1, 文件数: 0
2026-01-15 18:30:22 - app - INFO - 许可证管理器初始化完成,服务器: http://license.22l2.com
2026-01-15 18:30:22 - app - INFO - 许可证管理器初始化完成,服务器: http://license.22l2.com
2026-01-15 18:30:22 - app - INFO - 初始化许可证管理器...
2026-01-15 18:30:22 - app - INFO - 初始化许可证管理器...
2026-01-15 18:30:23 - app - INFO - 解密密钥设置成功
2026-01-15 18:30:23 - app - INFO - 解密密钥获取成功
2026-01-15 18:30:23 - app - INFO - 解密密钥获取成功，配置已就绪
2026-01-15 18:30:23 - app - INFO - 配置解密成功
2026-01-15 18:30:23 - app - INFO - 夸克API配置加载成功
2026-01-15 18:30:23 - app - INFO - 夸克API配置加载完成
2026-01-15 18:30:23 - app - INFO - 检查数据库...
2026-01-15 18:30:23 - app - INFO - 数据库检查完成
2026-01-15 18:30:23 - app - INFO - 检查数据库迁移...
2026-01-15 18:30:23 - app - INFO - 数据库迁移检查完成
2026-01-15 18:30:23 - app - INFO - 清理异常中断的任务状态...
2026-01-15 18:30:23 - app - INFO - 升级管理器初始化完成
2026-01-15 18:30:23 - app - INFO - Flask应用创建成功
2026-01-15 18:30:23 - app - INFO - 静态文件目录: C:\Data\夸克转存\client\frontend
2026-01-15 18:30:23 - app - INFO - 启动任务调度服务...
2026-01-15 18:30:23 - app - INFO - 检查被中断的影视下载任务...
2026-01-15 18:30:23 - app - INFO - 没有需要恢复的影视下载任务
2026-01-15 18:30:23 - app - INFO - 账期生成循环已启动
2026-01-15 18:30:23 - app - INFO - 账期生成线程已启动
2026-01-15 18:30:23 - app - INFO - 开始生成 2026-01-15 的任务账期
2026-01-15 18:30:23 - app - INFO - 任务执行循环已启动
2026-01-15 18:30:23 - app - INFO - 任务执行线程已启动
2026-01-15 18:30:23 - app - INFO - 日志清理循环已启动
2026-01-15 18:30:23 - app - INFO - 日志清理线程已启动
2026-01-15 18:30:23 - app - INFO - 下次日志清理时间: 2026-01-16 02:00:00
2026-01-15 18:30:23 - app - INFO - 启动Flask服务: http://0.0.0.0:8520
2026-01-15 18:30:23 - app - INFO - 跳过一次性执行任务: 测试
2026-01-15 18:30:23 - app - INFO - 跳过一次性执行任务: 测试谢谢谢谢
2026-01-15 18:30:23 - app - INFO - 跳过一次性执行任务: 小城大事
2026-01-15 18:30:23 - app - INFO - ✅ 生成完成，共创建 0 条待执行记录
2026-01-15 18:30:23 - app - INFO - 下次生成账期时间: 2026-01-16 00:00:00, 等待 19776 秒
2026-01-15 18:30:23 - app - INFO - 解密密钥设置成功
2026-01-15 18:30:23 - app - INFO - 解密密钥获取成功
2026-01-15 18:30:23 - app - INFO - 解密密钥获取成功，配置已就绪
2026-01-15 18:30:23 - app - INFO - 配置解密成功
2026-01-15 18:30:23 - app - INFO - 夸克API配置加载成功
2026-01-15 18:30:23 - app - INFO - 夸克API配置加载完成
2026-01-15 18:30:23 - app - INFO - 检查数据库...
2026-01-15 18:30:23 - app - INFO - 数据库检查完成
2026-01-15 18:30:23 - app - INFO - 检查数据库迁移...
2026-01-15 18:30:23 - app - INFO - 数据库迁移检查完成
2026-01-15 18:30:23 - app - INFO - 清理异常中断的任务状态...
2026-01-15 18:30:23 - app - INFO - 升级管理器初始化完成
2026-01-15 18:30:23 - app - INFO - Flask应用创建成功
2026-01-15 18:30:23 - app - INFO - 静态文件目录: C:\Data\夸克转存\client\frontend
2026-01-15 18:30:23 - app - INFO - 启动任务调度服务...
2026-01-15 18:30:23 - app - INFO - 检查被中断的影视下载任务...
2026-01-15 18:30:23 - app - INFO - 没有需要恢复的影视下载任务
2026-01-15 18:30:23 - app - INFO - 账期生成循环已启动
2026-01-15 18:30:23 - app - INFO - 账期生成线程已启动
2026-01-15 18:30:23 - app - INFO - 开始生成 2026-01-15 的任务账期
2026-01-15 18:30:23 - app - INFO - 任务执行循环已启动
2026-01-15 18:30:23 - app - INFO - 任务执行线程已启动
2026-01-15 18:30:23 - app - INFO - 日志清理循环已启动
2026-01-15 18:30:23 - app - INFO - 日志清理线程已启动
2026-01-15 18:30:23 - app - INFO - 跳过一次性执行任务: 测试
2026-01-15 18:30:23 - app - INFO - 下次日志清理时间: 2026-01-16 02:00:00
2026-01-15 18:30:23 - app - INFO - 启动Flask服务: http://0.0.0.0:8520
2026-01-15 18:30:23 - app - INFO - 跳过一次性执行任务: 测试谢谢谢谢
2026-01-15 18:30:23 - app - INFO - 跳过一次性执行任务: 小城大事
2026-01-15 18:30:23 - app - INFO - ✅ 生成完成，共创建 0 条待执行记录
2026-01-15 18:30:23 - app - INFO - 下次生成账期时间: 2026-01-16 00:00:00, 等待 19776 秒
2026-01-15 18:30:38 - app - INFO - [execute_task] 开始执行任务: task_id=2
2026-01-15 18:30:38 - app - INFO - [任务2] 开始执行任务: 测试谢谢谢谢
2026-01-15 18:30:38 - app - INFO - [任务2] 使用账号: 天意
2026-01-15 18:30:38 - app - INFO - [任务2] 目标路径: /测试
2026-01-15 18:30:38 - app - INFO - [任务2] 云盘类型: cloud189
2026-01-15 18:30:38 - app - INFO - [任务2] 共有 1 个分享链接待处理
2026-01-15 18:30:38 - app - INFO - [任务2] [1/1] 正在处理: https://h5.cloud.189.cn/share.html#/t/JV3Y3mZreqmi...
2026-01-15 18:30:38 - app - INFO - [任务2] [1/1] 解析分享链接...
2026-01-15 18:30:38 - app - INFO - 解析天翼分享链接: url=https://h5.cloud.189.cn/share.html#/t/JV3Y3mZreqmi, share_code=JV3Y3mZreqmi, access_code=
2026-01-15 18:30:38 - app - INFO - [任务2] [1/1] 解析结果: share_code=JV3Y3mZreqmi
2026-01-15 18:30:38 - app - INFO - [任务2] [1/1] 开始转存...
2026-01-15 18:30:38 - app - INFO - [任务2] [1/1] 目标路径: /测试
2026-01-15 18:30:38 - app - INFO - 调用save_share: url=https://h5.cloud.189.cn/share.html#/t/JV3Y3mZreqmi, target_folder_id=-11
2026-01-15 18:30:38 - app - INFO - [save_share] 开始执行: url=https://h5.cloud.189.cn/share.html#/t/JV3Y3mZreqmi, target_folder_id=-11
2026-01-15 18:30:38 - app - INFO - 解析天翼分享链接: url=https://h5.cloud.189.cn/share.html#/t/JV3Y3mZreqmi, share_code=JV3Y3mZreqmi, access_code=
2026-01-15 18:30:38 - app - INFO - 开始转存189分享: share_code=JV3Y3mZreqmi
2026-01-15 18:30:49 - app - INFO - 列出分享目录请求: {'shareId': 12547119517682, 'isFolder': 'true', 'shareMode': 3, 'orderBy': 'lastOpTime', 'descending': 'true', 'pageNum': 1, 'pageSize': 1000, 'fileId': '323421229629570696'}
2026-01-15 18:30:49 - app - INFO - 列出分享目录响应: {'res_code': 0, 'res_message': '成功', 'expireTime': 0, 'expireType': 0, 'fileListAO': {'count': 2, 'fileList': [{'createDate': '2026-01-15 00:12:04', 'fileCata': 1, 'id': 525233229659568152, 'lastOpTime': '2026-01-15 00:12:04', 'md5': '2DB96647BD5C3C356863B1685A4734E8', 'mediaType': 4, 'name': '雷鲸小站3.txt', 'rev': '20260115001204', 'size': 204, 'starLabel': 2}], 'fileListSize': 1, 'folderList': [{'createDate': '2026-01-15 00:02:36', 'fileCata': 1, 'fileListSize': 0, 'id': 924631229621493439, 'lastOpTime': '2026-01-15 00:29:11', 'name': 'Season 1', 'parentId': 323421229629570696, 'rev': '20260115002911', 'starLabel': 2}]}, 'lastRev': 20260115183133}
2026-01-15 18:30:49 - app - INFO - 准备转存 2 个文件/文件夹
2026-01-15 18:30:49 - app - INFO - 189转存任务创建成功: task_id=202601151831335701, 完整响应: {'res_code': 0, 'res_message': '成功', 'taskId': '202601151831335701'}
2026-01-15 18:30:52 - app - INFO - 189转存任务状态查询 [1/30]: {'res_code': 0, 'res_message': '成功', 'errorCode': 'InvalidArgument', 'failedCount': 0, 'process': 0, 'skipCount': 0, 'subTaskCount': 0, 'successedCount': 0, 'taskId': '202601151831335701', 'taskStatus': -1}
2026-01-15 18:30:52 - app - INFO - 任务状态: -1
2026-01-15 18:30:54 - app - INFO - 189转存任务状态查询 [2/30]: {'res_code': 0, 'res_message': '成功', 'errorCode': 'InvalidArgument', 'failedCount': 0, 'process': 0, 'skipCount': 0, 'subTaskCount': 0, 'successedCount': 0, 'taskId': '202601151831335701', 'taskStatus': -1}
2026-01-15 18:30:54 - app - INFO - 任务状态: -1
2026-01-15 18:30:56 - app - INFO - 189转存任务状态查询 [3/30]: {'res_code': 0, 'res_message': '成功', 'errorCode': 'InvalidArgument', 'failedCount': 0, 'process': 0, 'skipCount': 0, 'subTaskCount': 0, 'successedCount': 0, 'taskId': '202601151831335701', 'taskStatus': -1}
2026-01-15 18:30:56 - app - INFO - 任务状态: -1
2026-01-15 18:30:58 - app - INFO - 189转存任务状态查询 [4/30]: {'res_code': 0, 'res_message': '成功', 'errorCode': 'InvalidArgument', 'failedCount': 0, 'process': 0, 'skipCount': 0, 'subTaskCount': 0, 'successedCount': 0, 'taskId': '202601151831335701', 'taskStatus': -1}
2026-01-15 18:30:58 - app - INFO - 任务状态: -1
2026-01-15 18:31:00 - app - INFO - 189转存任务状态查询 [5/30]: {'res_code': 0, 'res_message': '成功', 'errorCode': 'InvalidArgument', 'failedCount': 0, 'process': 0, 'skipCount': 0, 'subTaskCount': 0, 'successedCount': 0, 'taskId': '202601151831335701', 'taskStatus': -1}
2026-01-15 18:31:00 - app - INFO - 任务状态: -1
2026-01-15 18:31:02 - app - INFO - 189转存任务状态查询 [6/30]: {'res_code': 0, 'res_message': '成功', 'errorCode': 'InvalidArgument', 'failedCount': 0, 'process': 0, 'skipCount': 0, 'subTaskCount': 0, 'successedCount': 0, 'taskId': '202601151831335701', 'taskStatus': -1}
2026-01-15 18:31:02 - app - INFO - 任务状态: -1
2026-01-15 18:31:04 - app - INFO - 189转存任务状态查询 [7/30]: {'res_code': 0, 'res_message': '成功', 'errorCode': 'InvalidArgument', 'failedCount': 0, 'process': 0, 'skipCount': 0, 'subTaskCount': 0, 'successedCount': 0, 'taskId': '202601151831335701', 'taskStatus': -1}
2026-01-15 18:31:04 - app - INFO - 任务状态: -1
2026-01-15 18:31:06 - app - INFO - 189转存任务状态查询 [8/30]: {'res_code': 0, 'res_message': '成功', 'errorCode': 'InvalidArgument', 'failedCount': 0, 'process': 0, 'skipCount': 0, 'subTaskCount': 0, 'successedCount': 0, 'taskId': '202601151831335701', 'taskStatus': -1}
2026-01-15 18:31:06 - app - INFO - 任务状态: -1
2026-01-15 18:31:08 - app - INFO - 189转存任务状态查询 [9/30]: {'res_code': 0, 'res_message': '成功', 'errorCode': 'InvalidArgument', 'failedCount': 0, 'process': 0, 'skipCount': 0, 'subTaskCount': 0, 'successedCount': 0, 'taskId': '202601151831335701', 'taskStatus': -1}
2026-01-15 18:31:08 - app - INFO - 任务状态: -1
2026-01-15 18:31:10 - app - INFO - 189转存任务状态查询 [10/30]: {'res_code': 0, 'res_message': '成功', 'errorCode': 'InvalidArgument', 'failedCount': 0, 'process': 0, 'skipCount': 0, 'subTaskCount': 0, 'successedCount': 0, 'taskId': '202601151831335701', 'taskStatus': -1}
2026-01-15 18:31:10 - app - INFO - 任务状态: -1
2026-01-15 18:31:12 - app - INFO - 189转存任务状态查询 [11/30]: {'res_code': 0, 'res_message': '成功', 'errorCode': 'InvalidArgument', 'failedCount': 0, 'process': 0, 'skipCount': 0, 'subTaskCount': 0, 'successedCount': 0, 'taskId': '202601151831335701', 'taskStatus': -1}
2026-01-15 18:31:12 - app - INFO - 任务状态: -1
2026-01-15 18:31:14 - app - INFO - 189转存任务状态查询 [12/30]: {'res_code': 0, 'res_message': '成功', 'errorCode': 'InvalidArgument', 'failedCount': 0, 'process': 0, 'skipCount': 0, 'subTaskCount': 0, 'successedCount': 0, 'taskId': '202601151831335701', 'taskStatus': -1}
2026-01-15 18:31:14 - app - INFO - 任务状态: -1
2026-01-15 18:31:17 - app - INFO - 189转存任务状态查询 [13/30]: {'res_code': 0, 'res_message': '成功', 'errorCode': 'InvalidArgument', 'failedCount': 0, 'process': 0, 'skipCount': 0, 'subTaskCount': 0, 'successedCount': 0, 'taskId': '202601151831335701', 'taskStatus': -1}
2026-01-15 18:31:17 - app - INFO - 任务状态: -1
2026-01-15 18:31:19 - app - INFO - 189转存任务状态查询 [14/30]: {'res_code': 0, 'res_message': '成功', 'errorCode': 'InvalidArgument', 'failedCount': 0, 'process': 0, 'skipCount': 0, 'subTaskCount': 0, 'successedCount': 0, 'taskId': '202601151831335701', 'taskStatus': -1}
2026-01-15 18:31:19 - app - INFO - 任务状态: -1
2026-01-15 18:31:21 - app - INFO - 189转存任务状态查询 [15/30]: {'res_code': 0, 'res_message': '成功', 'errorCode': 'InvalidArgument', 'failedCount': 0, 'process': 0, 'skipCount': 0, 'subTaskCount': 0, 'successedCount': 0, 'taskId': '202601151831335701', 'taskStatus': -1}
2026-01-15 18:31:21 - app - INFO - 任务状态: -1
2026-01-15 18:31:23 - app - INFO - 189转存任务状态查询 [16/30]: {'res_code': 0, 'res_message': '成功', 'errorCode': 'InvalidArgument', 'failedCount': 0, 'process': 0, 'skipCount': 0, 'subTaskCount': 0, 'successedCount': 0, 'taskId': '202601151831335701', 'taskStatus': -1}
2026-01-15 18:31:23 - app - INFO - 任务状态: -1
2026-01-15 18:31:25 - app - INFO - 189转存任务状态查询 [17/30]: {'res_code': 0, 'res_message': '成功', 'errorCode': 'InvalidArgument', 'failedCount': 0, 'process': 0, 'skipCount': 0, 'subTaskCount': 0, 'successedCount': 0, 'taskId': '202601151831335701', 'taskStatus': -1}
2026-01-15 18:31:25 - app - INFO - 任务状态: -1
2026-01-15 18:31:27 - app - INFO - 189转存任务状态查询 [18/30]: {'res_code': 0, 'res_message': '成功', 'errorCode': 'InvalidArgument', 'failedCount': 0, 'process': 0, 'skipCount': 0, 'subTaskCount': 0, 'successedCount': 0, 'taskId': '202601151831335701', 'taskStatus': -1}
2026-01-15 18:31:27 - app - INFO - 任务状态: -1
2026-01-15 18:31:29 - app - INFO - 189转存任务状态查询 [19/30]: {'res_code': 0, 'res_message': '成功', 'errorCode': 'InvalidArgument', 'failedCount': 0, 'process': 0, 'skipCount': 0, 'subTaskCount': 0, 'successedCount': 0, 'taskId': '202601151831335701', 'taskStatus': -1}
2026-01-15 18:31:29 - app - INFO - 任务状态: -1
2026-01-15 18:31:31 - app - INFO - 189转存任务状态查询 [20/30]: {'res_code': 0, 'res_message': '成功', 'errorCode': 'InvalidArgument', 'failedCount': 0, 'process': 0, 'skipCount': 0, 'subTaskCount': 0, 'successedCount': 0, 'taskId': '202601151831335701', 'taskStatus': -1}
2026-01-15 18:31:31 - app - INFO - 任务状态: -1
2026-01-15 18:31:33 - app - INFO - 189转存任务状态查询 [21/30]: {'res_code': 0, 'res_message': '成功', 'errorCode': 'InvalidArgument', 'failedCount': 0, 'process': 0, 'skipCount': 0, 'subTaskCount': 0, 'successedCount': 0, 'taskId': '202601151831335701', 'taskStatus': -1}
2026-01-15 18:31:33 - app - INFO - 任务状态: -1
2026-01-15 18:31:35 - app - INFO - 189转存任务状态查询 [22/30]: {'res_code': 0, 'res_message': '成功', 'errorCode': 'InvalidArgument', 'failedCount': 0, 'process': 0, 'skipCount': 0, 'subTaskCount': 0, 'successedCount': 0, 'taskId': '202601151831335701', 'taskStatus': -1}
2026-01-15 18:31:35 - app - INFO - 任务状态: -1
2026-01-15 18:31:37 - app - INFO - 189转存任务状态查询 [23/30]: {'res_code': 0, 'res_message': '成功', 'errorCode': 'InvalidArgument', 'failedCount': 0, 'process': 0, 'skipCount': 0, 'subTaskCount': 0, 'successedCount': 0, 'taskId': '202601151831335701', 'taskStatus': -1}
2026-01-15 18:31:37 - app - INFO - 任务状态: -1
2026-01-15 18:31:39 - app - INFO - 189转存任务状态查询 [24/30]: {'res_code': 0, 'res_message': '成功', 'errorCode': 'InvalidArgument', 'failedCount': 0, 'process': 0, 'skipCount': 0, 'subTaskCount': 0, 'successedCount': 0, 'taskId': '202601151831335701', 'taskStatus': -1}
2026-01-15 18:31:39 - app - INFO - 任务状态: -1
2026-01-15 18:31:41 - app - INFO - 189转存任务状态查询 [25/30]: {'res_code': 0, 'res_message': '成功', 'errorCode': 'InvalidArgument', 'failedCount': 0, 'process': 0, 'skipCount': 0, 'subTaskCount': 0, 'successedCount': 0, 'taskId': '202601151831335701', 'taskStatus': -1}
2026-01-15 18:31:41 - app - INFO - 任务状态: -1
2026-01-15 18:31:44 - app - INFO - 189转存任务状态查询 [26/30]: {'res_code': 0, 'res_message': '成功', 'errorCode': 'InvalidArgument', 'failedCount': 0, 'process': 0, 'skipCount': 0, 'subTaskCount': 0, 'successedCount': 0, 'taskId': '202601151831335701', 'taskStatus': -1}
2026-01-15 18:31:44 - app - INFO - 任务状态: -1
2026-01-15 18:31:46 - app - INFO - 189转存任务状态查询 [27/30]: {'res_code': 0, 'res_message': '成功', 'errorCode': 'InvalidArgument', 'failedCount': 0, 'process': 0, 'skipCount': 0, 'subTaskCount': 0, 'successedCount': 0, 'taskId': '202601151831335701', 'taskStatus': -1}
2026-01-15 18:31:46 - app - INFO - 任务状态: -1
2026-01-15 18:31:48 - app - INFO - 189转存任务状态查询 [28/30]: {'res_code': 0, 'res_message': '成功', 'errorCode': 'InvalidArgument', 'failedCount': 0, 'process': 0, 'skipCount': 0, 'subTaskCount': 0, 'successedCount': 0, 'taskId': '202601151831335701', 'taskStatus': -1}
2026-01-15 18:31:48 - app - INFO - 任务状态: -1
2026-01-15 18:31:50 - app - INFO - 189转存任务状态查询 [29/30]: {'res_code': 0, 'res_message': '成功', 'errorCode': 'InvalidArgument', 'failedCount': 0, 'process': 0, 'skipCount': 0, 'subTaskCount': 0, 'successedCount': 0, 'taskId': '202601151831335701', 'taskStatus': -1}
2026-01-15 18:31:50 - app - INFO - 任务状态: -1
2026-01-15 18:31:52 - app - INFO - 189转存任务状态查询 [30/30]: {'res_code': 0, 'res_message': '成功', 'errorCode': 'InvalidArgument', 'failedCount': 0, 'process': 0, 'skipCount': 0, 'subTaskCount': 0, 'successedCount': 0, 'taskId': '202601151831335701', 'taskStatus': -1}
2026-01-15 18:31:52 - app - INFO - 任务状态: -1
2026-01-15 18:31:52 - app - INFO - save_share返回: {'success': False, 'message': '转存任务超时'}
2026-01-15 18:31:52 - app - INFO - [任务2] [1/1] 转存失败: 转存任务超时
2026-01-15 18:31:52 - app - INFO - [任务2] 任务执行完成！成功: 0, 失败: 1, 文件数: 0
2026-01-15 18:33:08 - app - INFO - 许可证管理器初始化完成,服务器: http://license.22l2.com
2026-01-15 18:33:08 - app - INFO - 初始化许可证管理器...
2026-01-15 18:33:08 - app - INFO - 许可证管理器初始化完成,服务器: http://license.22l2.com
2026-01-15 18:33:08 - app - INFO - 初始化许可证管理器...
2026-01-15 18:33:09 - app - INFO - 解密密钥设置成功
2026-01-15 18:33:09 - app - INFO - 解密密钥获取成功
2026-01-15 18:33:09 - app - INFO - 解密密钥获取成功，配置已就绪
2026-01-15 18:33:09 - app - INFO - 配置解密成功
2026-01-15 18:33:09 - app - INFO - 夸克API配置加载成功
2026-01-15 18:33:09 - app - INFO - 夸克API配置加载完成
2026-01-15 18:33:09 - app - INFO - 检查数据库...
2026-01-15 18:33:09 - app - INFO - 数据库检查完成
2026-01-15 18:33:09 - app - INFO - 检查数据库迁移...
2026-01-15 18:33:09 - app - INFO - 数据库迁移检查完成
2026-01-15 18:33:09 - app - INFO - 清理异常中断的任务状态...
2026-01-15 18:33:09 - app - INFO - 升级管理器初始化完成
2026-01-15 18:33:09 - app - INFO - Flask应用创建成功
2026-01-15 18:33:09 - app - INFO - 静态文件目录: C:\Data\夸克转存\client\frontend
2026-01-15 18:33:09 - app - INFO - 启动任务调度服务...
2026-01-15 18:33:09 - app - INFO - 检查被中断的影视下载任务...
2026-01-15 18:33:09 - app - INFO - 没有需要恢复的影视下载任务
2026-01-15 18:33:09 - app - INFO - 账期生成循环已启动
2026-01-15 18:33:09 - app - INFO - 账期生成线程已启动
2026-01-15 18:33:09 - app - INFO - 开始生成 2026-01-15 的任务账期
2026-01-15 18:33:09 - app - INFO - 任务执行循环已启动
2026-01-15 18:33:09 - app - INFO - 任务执行线程已启动
2026-01-15 18:33:09 - app - INFO - 日志清理循环已启动
2026-01-15 18:33:09 - app - INFO - 日志清理线程已启动
2026-01-15 18:33:09 - app - INFO - 下次日志清理时间: 2026-01-16 02:00:00
2026-01-15 18:33:09 - app - INFO - 启动Flask服务: http://0.0.0.0:8520
2026-01-15 18:33:09 - app - INFO - 跳过一次性执行任务: 测试
2026-01-15 18:33:09 - app - INFO - 跳过一次性执行任务: 测试谢谢谢谢
2026-01-15 18:33:09 - app - INFO - 跳过一次性执行任务: 小城大事
2026-01-15 18:33:09 - app - INFO - ✅ 生成完成，共创建 0 条待执行记录
2026-01-15 18:33:09 - app - INFO - 下次生成账期时间: 2026-01-16 00:00:00, 等待 19611 秒
2026-01-15 18:33:09 - app - INFO - 解密密钥设置成功
2026-01-15 18:33:09 - app - INFO - 解密密钥获取成功
2026-01-15 18:33:09 - app - INFO - 解密密钥获取成功，配置已就绪
2026-01-15 18:33:09 - app - INFO - 配置解密成功
2026-01-15 18:33:09 - app - INFO - 夸克API配置加载成功
2026-01-15 18:33:09 - app - INFO - 夸克API配置加载完成
2026-01-15 18:33:09 - app - INFO - 检查数据库...
2026-01-15 18:33:09 - app - INFO - 数据库检查完成
2026-01-15 18:33:09 - app - INFO - 检查数据库迁移...
2026-01-15 18:33:09 - app - INFO - 数据库迁移检查完成
2026-01-15 18:33:09 - app - INFO - 清理异常中断的任务状态...
2026-01-15 18:33:09 - app - INFO - 升级管理器初始化完成
2026-01-15 18:33:09 - app - INFO - Flask应用创建成功
2026-01-15 18:33:09 - app - INFO - 静态文件目录: C:\Data\夸克转存\client\frontend
2026-01-15 18:33:09 - app - INFO - 启动任务调度服务...
2026-01-15 18:33:09 - app - INFO - 检查被中断的影视下载任务...
2026-01-15 18:33:09 - app - INFO - 没有需要恢复的影视下载任务
2026-01-15 18:33:09 - app - INFO - 账期生成循环已启动
2026-01-15 18:33:09 - app - INFO - 账期生成线程已启动
2026-01-15 18:33:09 - app - INFO - 开始生成 2026-01-15 的任务账期
2026-01-15 18:33:09 - app - INFO - 任务执行循环已启动
2026-01-15 18:33:09 - app - INFO - 任务执行线程已启动
2026-01-15 18:33:09 - app - INFO - 日志清理循环已启动
2026-01-15 18:33:09 - app - INFO - 日志清理线程已启动
2026-01-15 18:33:09 - app - INFO - 跳过一次性执行任务: 测试
2026-01-15 18:33:09 - app - INFO - 下次日志清理时间: 2026-01-16 02:00:00
2026-01-15 18:33:09 - app - INFO - 启动Flask服务: http://0.0.0.0:8520
2026-01-15 18:33:09 - app - INFO - 跳过一次性执行任务: 测试谢谢谢谢
2026-01-15 18:33:09 - app - INFO - 跳过一次性执行任务: 小城大事
2026-01-15 18:33:09 - app - INFO - ✅ 生成完成，共创建 0 条待执行记录
2026-01-15 18:33:09 - app - INFO - 下次生成账期时间: 2026-01-16 00:00:00, 等待 19610 秒
2026-01-15 18:34:34 - app - INFO - 许可证管理器初始化完成,服务器: http://license.22l2.com
2026-01-15 18:34:34 - app - INFO - 许可证管理器初始化完成,服务器: http://license.22l2.com
2026-01-15 18:34:34 - app - INFO - 初始化许可证管理器...
2026-01-15 18:34:34 - app - INFO - 初始化许可证管理器...
2026-01-15 18:34:36 - app - INFO - 解密密钥设置成功
2026-01-15 18:34:36 - app - INFO - 解密密钥获取成功
2026-01-15 18:34:36 - app - INFO - 解密密钥获取成功，配置已就绪
2026-01-15 18:34:36 - app - INFO - 配置解密成功
2026-01-15 18:34:36 - app - INFO - 夸克API配置加载成功
2026-01-15 18:34:36 - app - INFO - 夸克API配置加载完成
2026-01-15 18:34:36 - app - INFO - 检查数据库...
2026-01-15 18:34:36 - app - INFO - 数据库检查完成
2026-01-15 18:34:36 - app - INFO - 检查数据库迁移...
2026-01-15 18:34:36 - app - INFO - 数据库迁移检查完成
2026-01-15 18:34:36 - app - INFO - 清理异常中断的任务状态...
2026-01-15 18:34:36 - app - INFO - 升级管理器初始化完成
2026-01-15 18:34:36 - app - INFO - Flask应用创建成功
2026-01-15 18:34:36 - app - INFO - 静态文件目录: C:\Data\夸克转存\client\frontend
2026-01-15 18:34:36 - app - INFO - 启动任务调度服务...
2026-01-15 18:34:36 - app - INFO - 检查被中断的影视下载任务...
2026-01-15 18:34:36 - app - INFO - 没有需要恢复的影视下载任务
2026-01-15 18:34:36 - app - INFO - 账期生成循环已启动
2026-01-15 18:34:36 - app - INFO - 账期生成线程已启动
2026-01-15 18:34:36 - app - INFO - 开始生成 2026-01-15 的任务账期
2026-01-15 18:34:36 - app - INFO - 任务执行循环已启动
2026-01-15 18:34:36 - app - INFO - 任务执行线程已启动
2026-01-15 18:34:36 - app - INFO - 跳过一次性执行任务: 测试
2026-01-15 18:34:36 - app - INFO - 日志清理循环已启动
2026-01-15 18:34:36 - app - INFO - 跳过一次性执行任务: 测试谢谢谢谢
2026-01-15 18:34:36 - app - INFO - 日志清理线程已启动
2026-01-15 18:34:36 - app - INFO - 下次日志清理时间: 2026-01-16 02:00:00
2026-01-15 18:34:36 - app - INFO - 跳过一次性执行任务: 小城大事
2026-01-15 18:34:36 - app - INFO - 启动Flask服务: http://0.0.0.0:8520
2026-01-15 18:34:36 - app - INFO - ✅ 生成完成，共创建 0 条待执行记录
2026-01-15 18:34:36 - app - INFO - 下次生成账期时间: 2026-01-16 00:00:00, 等待 19524 秒
2026-01-15 18:34:36 - app - INFO - 解密密钥设置成功
2026-01-15 18:34:36 - app - INFO - 解密密钥获取成功
2026-01-15 18:34:36 - app - INFO - 解密密钥获取成功，配置已就绪
2026-01-15 18:34:36 - app - INFO - 配置解密成功
2026-01-15 18:34:36 - app - INFO - 夸克API配置加载成功
2026-01-15 18:34:36 - app - INFO - 夸克API配置加载完成
2026-01-15 18:34:36 - app - INFO - 检查数据库...
2026-01-15 18:34:36 - app - INFO - 数据库检查完成
2026-01-15 18:34:36 - app - INFO - 检查数据库迁移...
2026-01-15 18:34:36 - app - INFO - 数据库迁移检查完成
2026-01-15 18:34:36 - app - INFO - 清理异常中断的任务状态...
2026-01-15 18:34:36 - app - INFO - 升级管理器初始化完成
2026-01-15 18:34:36 - app - INFO - Flask应用创建成功
2026-01-15 18:34:36 - app - INFO - 静态文件目录: C:\Data\夸克转存\client\frontend
2026-01-15 18:34:36 - app - INFO - 启动任务调度服务...
2026-01-15 18:34:36 - app - INFO - 检查被中断的影视下载任务...
2026-01-15 18:34:36 - app - INFO - 没有需要恢复的影视下载任务
2026-01-15 18:34:36 - app - INFO - 账期生成循环已启动
2026-01-15 18:34:36 - app - INFO - 账期生成线程已启动
2026-01-15 18:34:36 - app - INFO - 开始生成 2026-01-15 的任务账期
2026-01-15 18:34:36 - app - INFO - 任务执行循环已启动
2026-01-15 18:34:36 - app - INFO - 任务执行线程已启动
2026-01-15 18:34:36 - app - INFO - 日志清理循环已启动
2026-01-15 18:34:36 - app - INFO - 日志清理线程已启动
2026-01-15 18:34:36 - app - INFO - 下次日志清理时间: 2026-01-16 02:00:00
2026-01-15 18:34:36 - app - INFO - 启动Flask服务: http://0.0.0.0:8520
2026-01-15 18:34:36 - app - INFO - 跳过一次性执行任务: 测试
2026-01-15 18:34:36 - app - INFO - 跳过一次性执行任务: 测试谢谢谢谢
2026-01-15 18:34:36 - app - INFO - 跳过一次性执行任务: 小城大事
2026-01-15 18:34:36 - app - INFO - ✅ 生成完成，共创建 0 条待执行记录
2026-01-15 18:34:36 - app - INFO - 下次生成账期时间: 2026-01-16 00:00:00, 等待 19523 秒
2026-01-15 18:34:53 - app - INFO - 许可证管理器初始化完成,服务器: http://license.22l2.com
2026-01-15 18:34:53 - app - INFO - 初始化许可证管理器...
2026-01-15 18:34:53 - app - INFO - 许可证管理器初始化完成,服务器: http://license.22l2.com
2026-01-15 18:34:53 - app - INFO - 初始化许可证管理器...
2026-01-15 18:34:54 - app - INFO - 解密密钥设置成功
2026-01-15 18:34:54 - app - INFO - 解密密钥获取成功
2026-01-15 18:34:54 - app - INFO - 解密密钥获取成功，配置已就绪
2026-01-15 18:34:54 - app - INFO - 配置解密成功
2026-01-15 18:34:54 - app - INFO - 夸克API配置加载成功
2026-01-15 18:34:54 - app - INFO - 夸克API配置加载完成
2026-01-15 18:34:54 - app - INFO - 检查数据库...
2026-01-15 18:34:54 - app - INFO - 数据库检查完成
2026-01-15 18:34:54 - app - INFO - 检查数据库迁移...
2026-01-15 18:34:54 - app - INFO - 数据库迁移检查完成
2026-01-15 18:34:54 - app - INFO - 清理异常中断的任务状态...
2026-01-15 18:34:54 - app - INFO - 升级管理器初始化完成
2026-01-15 18:34:54 - app - INFO - Flask应用创建成功
2026-01-15 18:34:54 - app - INFO - 静态文件目录: C:\Data\夸克转存\client\frontend
2026-01-15 18:34:54 - app - INFO - 启动任务调度服务...
2026-01-15 18:34:54 - app - INFO - 检查被中断的影视下载任务...
2026-01-15 18:34:54 - app - INFO - 没有需要恢复的影视下载任务
2026-01-15 18:34:54 - app - INFO - 账期生成循环已启动
2026-01-15 18:34:54 - app - INFO - 账期生成线程已启动
2026-01-15 18:34:54 - app - INFO - 开始生成 2026-01-15 的任务账期
2026-01-15 18:34:54 - app - INFO - 任务执行循环已启动
2026-01-15 18:34:54 - app - INFO - 任务执行线程已启动
2026-01-15 18:34:54 - app - INFO - 日志清理循环已启动
2026-01-15 18:34:54 - app - INFO - 日志清理线程已启动
2026-01-15 18:34:54 - app - INFO - 下次日志清理时间: 2026-01-16 02:00:00
2026-01-15 18:34:54 - app - INFO - 启动Flask服务: http://0.0.0.0:8520
2026-01-15 18:34:54 - app - INFO - 跳过一次性执行任务: 测试
2026-01-15 18:34:54 - app - INFO - 跳过一次性执行任务: 测试谢谢谢谢
2026-01-15 18:34:54 - app - INFO - 跳过一次性执行任务: 小城大事
2026-01-15 18:34:54 - app - INFO - ✅ 生成完成，共创建 0 条待执行记录
2026-01-15 18:34:54 - app - INFO - 下次生成账期时间: 2026-01-16 00:00:00, 等待 19505 秒
2026-01-15 18:34:54 - app - INFO - 解密密钥设置成功
2026-01-15 18:34:54 - app - INFO - 解密密钥获取成功
2026-01-15 18:34:54 - app - INFO - 解密密钥获取成功，配置已就绪
2026-01-15 18:34:54 - app - INFO - 配置解密成功
2026-01-15 18:34:54 - app - INFO - 夸克API配置加载成功
2026-01-15 18:34:54 - app - INFO - 夸克API配置加载完成
2026-01-15 18:34:54 - app - INFO - 检查数据库...
2026-01-15 18:34:54 - app - INFO - 数据库检查完成
2026-01-15 18:34:54 - app - INFO - 检查数据库迁移...
2026-01-15 18:34:54 - app - INFO - 数据库迁移检查完成
2026-01-15 18:34:54 - app - INFO - 清理异常中断的任务状态...
2026-01-15 18:34:54 - app - INFO - 升级管理器初始化完成
2026-01-15 18:34:54 - app - INFO - Flask应用创建成功
2026-01-15 18:34:54 - app - INFO - 静态文件目录: C:\Data\夸克转存\client\frontend
2026-01-15 18:34:54 - app - INFO - 启动任务调度服务...
2026-01-15 18:34:54 - app - INFO - 检查被中断的影视下载任务...
2026-01-15 18:34:54 - app - INFO - 没有需要恢复的影视下载任务
2026-01-15 18:34:54 - app - INFO - 账期生成循环已启动
2026-01-15 18:34:54 - app - INFO - 账期生成线程已启动
2026-01-15 18:34:54 - app - INFO - 开始生成 2026-01-15 的任务账期
2026-01-15 18:34:54 - app - INFO - 任务执行循环已启动
2026-01-15 18:34:54 - app - INFO - 任务执行线程已启动
2026-01-15 18:34:54 - app - INFO - 日志清理循环已启动
2026-01-15 18:34:54 - app - INFO - 日志清理线程已启动
2026-01-15 18:34:54 - app - INFO - 下次日志清理时间: 2026-01-16 02:00:00
2026-01-15 18:34:54 - app - INFO - 启动Flask服务: http://0.0.0.0:8520
2026-01-15 18:34:54 - app - INFO - 跳过一次性执行任务: 测试
2026-01-15 18:34:54 - app - INFO - 跳过一次性执行任务: 测试谢谢谢谢
2026-01-15 18:34:54 - app - INFO - 跳过一次性执行任务: 小城大事
2026-01-15 18:34:54 - app - INFO - ✅ 生成完成，共创建 0 条待执行记录
2026-01-15 18:34:54 - app - INFO - 下次生成账期时间: 2026-01-16 00:00:00, 等待 19505 秒
2026-01-15 18:35:20 - app - INFO - 许可证管理器初始化完成,服务器: http://license.22l2.com
2026-01-15 18:35:20 - app - INFO - 初始化许可证管理器...
2026-01-15 18:35:20 - app - INFO - 许可证管理器初始化完成,服务器: http://license.22l2.com
2026-01-15 18:35:20 - app - INFO - 初始化许可证管理器...
2026-01-15 18:35:21 - app - INFO - 解密密钥设置成功
2026-01-15 18:35:21 - app - INFO - 解密密钥获取成功
2026-01-15 18:35:21 - app - INFO - 解密密钥获取成功，配置已就绪
2026-01-15 18:35:21 - app - INFO - 配置解密成功
2026-01-15 18:35:21 - app - INFO - 夸克API配置加载成功
2026-01-15 18:35:21 - app - INFO - 夸克API配置加载完成
2026-01-15 18:35:21 - app - INFO - 检查数据库...
2026-01-15 18:35:21 - app - INFO - 数据库检查完成
2026-01-15 18:35:21 - app - INFO - 检查数据库迁移...
2026-01-15 18:35:21 - app - INFO - 数据库迁移检查完成
2026-01-15 18:35:21 - app - INFO - 清理异常中断的任务状态...
2026-01-15 18:35:21 - app - INFO - 升级管理器初始化完成
2026-01-15 18:35:21 - app - INFO - Flask应用创建成功
2026-01-15 18:35:21 - app - INFO - 静态文件目录: C:\Data\夸克转存\client\frontend
2026-01-15 18:35:21 - app - INFO - 启动任务调度服务...
2026-01-15 18:35:21 - app - INFO - 检查被中断的影视下载任务...
2026-01-15 18:35:21 - app - INFO - 没有需要恢复的影视下载任务
2026-01-15 18:35:21 - app - INFO - 账期生成循环已启动
2026-01-15 18:35:21 - app - INFO - 账期生成线程已启动
2026-01-15 18:35:21 - app - INFO - 开始生成 2026-01-15 的任务账期
2026-01-15 18:35:21 - app - INFO - 任务执行循环已启动
2026-01-15 18:35:21 - app - INFO - 任务执行线程已启动
2026-01-15 18:35:21 - app - INFO - 跳过一次性执行任务: 测试
2026-01-15 18:35:21 - app - INFO - 日志清理循环已启动
2026-01-15 18:35:21 - app - INFO - 日志清理线程已启动
2026-01-15 18:35:21 - app - INFO - 跳过一次性执行任务: 测试谢谢谢谢
2026-01-15 18:35:21 - app - INFO - 下次日志清理时间: 2026-01-16 02:00:00
2026-01-15 18:35:21 - app - INFO - 启动Flask服务: http://0.0.0.0:8520
2026-01-15 18:35:21 - app - INFO - 跳过一次性执行任务: 小城大事
2026-01-15 18:35:21 - app - INFO - ✅ 生成完成，共创建 0 条待执行记录
2026-01-15 18:35:21 - app - INFO - 下次生成账期时间: 2026-01-16 00:00:00, 等待 19478 秒
2026-01-15 18:35:21 - app - INFO - 解密密钥设置成功
2026-01-15 18:35:21 - app - INFO - 解密密钥获取成功
2026-01-15 18:35:21 - app - INFO - 解密密钥获取成功，配置已就绪
2026-01-15 18:35:21 - app - INFO - 配置解密成功
2026-01-15 18:35:21 - app - INFO - 夸克API配置加载成功
2026-01-15 18:35:21 - app - INFO - 夸克API配置加载完成
2026-01-15 18:35:21 - app - INFO - 检查数据库...
2026-01-15 18:35:21 - app - INFO - 数据库检查完成
2026-01-15 18:35:21 - app - INFO - 检查数据库迁移...
2026-01-15 18:35:21 - app - INFO - 数据库迁移检查完成
2026-01-15 18:35:21 - app - INFO - 清理异常中断的任务状态...
2026-01-15 18:35:21 - app - INFO - 升级管理器初始化完成
2026-01-15 18:35:21 - app - INFO - Flask应用创建成功
2026-01-15 18:35:21 - app - INFO - 静态文件目录: C:\Data\夸克转存\client\frontend
2026-01-15 18:35:21 - app - INFO - 启动任务调度服务...
2026-01-15 18:35:21 - app - INFO - 检查被中断的影视下载任务...
2026-01-15 18:35:21 - app - INFO - 没有需要恢复的影视下载任务
2026-01-15 18:35:21 - app - INFO - 账期生成循环已启动
2026-01-15 18:35:21 - app - INFO - 账期生成线程已启动
2026-01-15 18:35:21 - app - INFO - 开始生成 2026-01-15 的任务账期
2026-01-15 18:35:21 - app - INFO - 任务执行循环已启动
2026-01-15 18:35:21 - app - INFO - 任务执行线程已启动
2026-01-15 18:35:21 - app - INFO - 日志清理循环已启动
2026-01-15 18:35:21 - app - INFO - 日志清理线程已启动
2026-01-15 18:35:21 - app - INFO - 下次日志清理时间: 2026-01-16 02:00:00
2026-01-15 18:35:21 - app - INFO - 启动Flask服务: http://0.0.0.0:8520
2026-01-15 18:35:21 - app - INFO - 跳过一次性执行任务: 测试
2026-01-15 18:35:21 - app - INFO - 跳过一次性执行任务: 测试谢谢谢谢
2026-01-15 18:35:21 - app - INFO - 跳过一次性执行任务: 小城大事
2026-01-15 18:35:21 - app - INFO - ✅ 生成完成，共创建 0 条待执行记录
2026-01-15 18:35:21 - app - INFO - 下次生成账期时间: 2026-01-16 00:00:00, 等待 19478 秒
2026-01-15 18:35:40 - app - INFO - [execute_task] 开始执行任务: task_id=2
2026-01-15 18:35:40 - app - INFO - [任务2] 开始执行任务: 测试谢谢谢谢
2026-01-15 18:35:40 - app - INFO - [任务2] 使用账号: 天意
2026-01-15 18:35:40 - app - INFO - [任务2] 目标路径: /测试
2026-01-15 18:35:40 - app - INFO - [任务2] 云盘类型: cloud189
2026-01-15 18:35:40 - app - INFO - [任务2] 共有 1 个分享链接待处理
2026-01-15 18:35:40 - app - INFO - [任务2] [1/1] 正在处理: https://h5.cloud.189.cn/share.html#/t/JV3Y3mZreqmi...
2026-01-15 18:35:40 - app - INFO - [任务2] [1/1] 解析分享链接...
2026-01-15 18:35:40 - app - INFO - 解析天翼分享链接: url=https://h5.cloud.189.cn/share.html#/t/JV3Y3mZreqmi, share_code=JV3Y3mZreqmi, access_code=
2026-01-15 18:35:40 - app - INFO - [任务2] [1/1] 解析结果: share_code=JV3Y3mZreqmi
2026-01-15 18:35:40 - app - INFO - [任务2] [1/1] 开始转存...
2026-01-15 18:35:40 - app - INFO - [任务2] [1/1] 目标路径: /测试
2026-01-15 18:35:40 - app - INFO - 189云盘路径解析: path=测试, parts=['测试']
2026-01-15 18:35:40 - app - INFO - 189获取文件列表请求: folder_id=-11, page=1, size=1000
2026-01-15 18:35:51 - app - INFO - 189文件列表响应状态码: 200
2026-01-15 18:35:51 - app - INFO - 189文件列表获取成功: 文件夹11个, 文件2个
2026-01-15 18:35:51 - app - INFO - 189云盘找到文件夹: 测试 -> 323911228907722297
2026-01-15 18:35:51 - app - INFO - 189云盘目标文件夹ID: 323911228907722297
2026-01-15 18:35:51 - app - INFO - 调用save_share: url=https://h5.cloud.189.cn/share.html#/t/JV3Y3mZreqmi, target_folder_id=323911228907722297
2026-01-15 18:35:51 - app - INFO - [save_share] 开始执行: url=https://h5.cloud.189.cn/share.html#/t/JV3Y3mZreqmi, target_folder_id=323911228907722297
2026-01-15 18:35:51 - app - INFO - 解析天翼分享链接: url=https://h5.cloud.189.cn/share.html#/t/JV3Y3mZreqmi, share_code=JV3Y3mZreqmi, access_code=
2026-01-15 18:35:51 - app - INFO - 开始转存189分享: share_code=JV3Y3mZreqmi
2026-01-15 18:35:51 - app - INFO - 列出分享目录请求: {'shareId': 12547119517682, 'isFolder': 'true', 'shareMode': 3, 'orderBy': 'lastOpTime', 'descending': 'true', 'pageNum': 1, 'pageSize': 1000, 'fileId': '323421229629570696'}
2026-01-15 18:35:51 - app - INFO - 列出分享目录响应: {'res_code': 0, 'res_message': '成功', 'expireTime': 0, 'expireType': 0, 'fileListAO': {'count': 2, 'fileList': [{'createDate': '2026-01-15 00:12:04', 'fileCata': 1, 'id': 525233229659568152, 'lastOpTime': '2026-01-15 00:12:04', 'md5': '2DB96647BD5C3C356863B1685A4734E8', 'mediaType': 4, 'name': '雷鲸小站3.txt', 'rev': '20260115001204', 'size': 204, 'starLabel': 2}], 'fileListSize': 1, 'folderList': [{'createDate': '2026-01-15 00:02:36', 'fileCata': 1, 'fileListSize': 0, 'id': 924631229621493439, 'lastOpTime': '2026-01-15 00:29:11', 'name': 'Season 1', 'parentId': 323421229629570696, 'rev': '20260115002911', 'starLabel': 2}]}, 'lastRev': 20260115183635}
2026-01-15 18:35:51 - app - INFO - 准备转存 2 个文件/文件夹
2026-01-15 18:35:52 - app - INFO - 189转存任务创建成功: task_id=202601151836354009, 完整响应: {'res_code': 0, 'res_message': '成功', 'taskId': '202601151836354009'}
2026-01-15 18:35:54 - app - INFO - 189转存任务状态查询 [1/30]: {'res_code': 0, 'res_message': '成功', 'errorCode': 'InvalidArgument', 'failedCount': 0, 'process': 0, 'skipCount': 0, 'subTaskCount': 0, 'successedCount': 0, 'taskId': '202601151836354009', 'taskStatus': -1}
2026-01-15 18:35:54 - app - INFO - 任务状态: -1, errorCode: InvalidArgument
2026-01-15 18:35:56 - app - INFO - 189转存任务状态查询 [2/30]: {'res_code': 0, 'res_message': '成功', 'errorCode': 'InvalidArgument', 'failedCount': 0, 'process': 0, 'skipCount': 0, 'subTaskCount': 0, 'successedCount': 0, 'taskId': '202601151836354009', 'taskStatus': -1}
2026-01-15 18:35:56 - app - INFO - 任务状态: -1, errorCode: InvalidArgument
2026-01-15 18:35:58 - app - INFO - 189转存任务状态查询 [3/30]: {'res_code': 0, 'res_message': '成功', 'errorCode': 'InvalidArgument', 'failedCount': 0, 'process': 0, 'skipCount': 0, 'subTaskCount': 0, 'successedCount': 0, 'taskId': '202601151836354009', 'taskStatus': -1}
2026-01-15 18:35:58 - app - INFO - 任务状态: -1, errorCode: InvalidArgument
2026-01-15 18:35:58 - app - ERROR - 189转存任务异常: 任务参数无效: InvalidArgument
2026-01-15 18:35:58 - app - INFO - save_share返回: {'success': False, 'message': '任务参数无效: InvalidArgument'}
2026-01-15 18:35:58 - app - INFO - [任务2] [1/1] 转存失败: 任务参数无效: InvalidArgument
2026-01-15 18:35:58 - app - INFO - [任务2] 任务执行完成！成功: 0, 失败: 1, 文件数: 0
2026-01-15 18:37:56 - app - INFO - 许可证管理器初始化完成,服务器: http://license.22l2.com
2026-01-15 18:37:56 - app - INFO - 初始化许可证管理器...
2026-01-15 18:37:56 - app - INFO - 许可证管理器初始化完成,服务器: http://license.22l2.com
2026-01-15 18:37:56 - app - INFO - 初始化许可证管理器...
2026-01-15 18:37:58 - app - INFO - 解密密钥设置成功
2026-01-15 18:37:58 - app - INFO - 解密密钥获取成功
2026-01-15 18:37:58 - app - INFO - 解密密钥获取成功，配置已就绪
2026-01-15 18:37:58 - app - INFO - 配置解密成功
2026-01-15 18:37:58 - app - INFO - 夸克API配置加载成功
2026-01-15 18:37:58 - app - INFO - 夸克API配置加载完成
2026-01-15 18:37:58 - app - INFO - 检查数据库...
2026-01-15 18:37:58 - app - INFO - 数据库检查完成
2026-01-15 18:37:58 - app - INFO - 检查数据库迁移...
2026-01-15 18:37:58 - app - INFO - 数据库迁移检查完成
2026-01-15 18:37:58 - app - INFO - 清理异常中断的任务状态...
2026-01-15 18:37:58 - app - INFO - 解密密钥设置成功
2026-01-15 18:37:58 - app - INFO - 解密密钥获取成功
2026-01-15 18:37:58 - app - INFO - 解密密钥获取成功，配置已就绪
2026-01-15 18:37:58 - app - INFO - 配置解密成功
2026-01-15 18:37:58 - app - INFO - 夸克API配置加载成功
2026-01-15 18:37:58 - app - INFO - 夸克API配置加载完成
2026-01-15 18:37:58 - app - INFO - 检查数据库...
2026-01-15 18:37:58 - app - INFO - 数据库检查完成
2026-01-15 18:37:58 - app - INFO - 检查数据库迁移...
2026-01-15 18:37:58 - app - INFO - 数据库迁移检查完成
2026-01-15 18:37:58 - app - INFO - 清理异常中断的任务状态...
2026-01-15 18:37:58 - app - INFO - 升级管理器初始化完成
2026-01-15 18:37:58 - app - INFO - Flask应用创建成功
2026-01-15 18:37:58 - app - INFO - 静态文件目录: C:\Data\夸克转存\client\frontend
2026-01-15 18:37:58 - app - INFO - 启动任务调度服务...
2026-01-15 18:37:58 - app - INFO - 检查被中断的影视下载任务...
2026-01-15 18:37:58 - app - INFO - 没有需要恢复的影视下载任务
2026-01-15 18:37:58 - app - INFO - 账期生成循环已启动
2026-01-15 18:37:58 - app - INFO - 账期生成线程已启动
2026-01-15 18:37:58 - app - INFO - 开始生成 2026-01-15 的任务账期
2026-01-15 18:37:58 - app - INFO - 任务执行循环已启动
2026-01-15 18:37:58 - app - INFO - 任务执行线程已启动
2026-01-15 18:37:58 - app - INFO - 日志清理循环已启动
2026-01-15 18:37:58 - app - INFO - 日志清理线程已启动
2026-01-15 18:37:58 - app - INFO - 下次日志清理时间: 2026-01-16 02:00:00
2026-01-15 18:37:58 - app - INFO - 启动Flask服务: http://0.0.0.0:8520
2026-01-15 18:37:58 - app - INFO - 跳过一次性执行任务: 测试
2026-01-15 18:37:58 - app - INFO - 跳过一次性执行任务: 测试谢谢谢谢
2026-01-15 18:37:58 - app - INFO - 跳过一次性执行任务: 小城大事
2026-01-15 18:37:58 - app - INFO - ✅ 生成完成，共创建 0 条待执行记录
2026-01-15 18:37:58 - app - INFO - 下次生成账期时间: 2026-01-16 00:00:00, 等待 19322 秒
2026-01-15 18:37:58 - app - INFO - 升级管理器初始化完成
2026-01-15 18:37:58 - app - INFO - Flask应用创建成功
2026-01-15 18:37:58 - app - INFO - 静态文件目录: C:\Data\夸克转存\client\frontend
2026-01-15 18:37:58 - app - INFO - 启动任务调度服务...
2026-01-15 18:37:58 - app - INFO - 检查被中断的影视下载任务...
2026-01-15 18:37:58 - app - INFO - 没有需要恢复的影视下载任务
2026-01-15 18:37:58 - app - INFO - 账期生成循环已启动
2026-01-15 18:37:58 - app - INFO - 账期生成线程已启动
2026-01-15 18:37:58 - app - INFO - 开始生成 2026-01-15 的任务账期
2026-01-15 18:37:58 - app - INFO - 任务执行循环已启动
2026-01-15 18:37:58 - app - INFO - 任务执行线程已启动
2026-01-15 18:37:58 - app - INFO - 跳过一次性执行任务: 测试
2026-01-15 18:37:58 - app - INFO - 日志清理循环已启动
2026-01-15 18:37:58 - app - INFO - 跳过一次性执行任务: 测试谢谢谢谢
2026-01-15 18:37:58 - app - INFO - 日志清理线程已启动
2026-01-15 18:37:58 - app - INFO - 下次日志清理时间: 2026-01-16 02:00:00
2026-01-15 18:37:58 - app - INFO - 跳过一次性执行任务: 小城大事
2026-01-15 18:37:58 - app - INFO - 启动Flask服务: http://0.0.0.0:8520
2026-01-15 18:37:58 - app - INFO - ✅ 生成完成，共创建 0 条待执行记录
2026-01-15 18:37:58 - app - INFO - 下次生成账期时间: 2026-01-16 00:00:00, 等待 19322 秒
2026-01-15 18:38:24 - app - INFO - [execute_task] 开始执行任务: task_id=2
2026-01-15 18:38:24 - app - INFO - [任务2] 开始执行任务: 测试谢谢谢谢
2026-01-15 18:38:24 - app - INFO - [任务2] 使用账号: 天意
2026-01-15 18:38:24 - app - INFO - [任务2] 目标路径: /测试
2026-01-15 18:38:24 - app - INFO - [任务2] 云盘类型: cloud189
2026-01-15 18:38:24 - app - INFO - [任务2] 共有 1 个分享链接待处理
2026-01-15 18:38:24 - app - INFO - [任务2] [1/1] 正在处理: https://h5.cloud.189.cn/share.html#/t/JV3Y3mZreqmi...
2026-01-15 18:38:24 - app - INFO - [任务2] [1/1] 解析分享链接...
2026-01-15 18:38:24 - app - INFO - 解析天翼分享链接: url=https://h5.cloud.189.cn/share.html#/t/JV3Y3mZreqmi, share_code=JV3Y3mZreqmi, access_code=
2026-01-15 18:38:24 - app - INFO - [任务2] [1/1] 解析结果: share_code=JV3Y3mZreqmi
2026-01-15 18:38:24 - app - INFO - [任务2] [1/1] 开始转存...
2026-01-15 18:38:24 - app - INFO - [任务2] [1/1] 目标路径: /测试
2026-01-15 18:38:24 - app - INFO - 189云盘路径解析: path=测试, parts=['测试']
2026-01-15 18:38:24 - app - INFO - 189获取文件列表请求: folder_id=-11, page=1, size=1000
2026-01-15 18:38:35 - app - INFO - 189文件列表响应状态码: 200
2026-01-15 18:38:35 - app - INFO - 189文件列表获取成功: 文件夹11个, 文件2个
2026-01-15 18:38:35 - app - INFO - 189云盘找到文件夹: 测试 -> 323911228907722297
2026-01-15 18:38:35 - app - INFO - 189云盘目标文件夹ID: 323911228907722297
2026-01-15 18:38:35 - app - INFO - 调用save_share: url=https://h5.cloud.189.cn/share.html#/t/JV3Y3mZreqmi, target_folder_id=323911228907722297
2026-01-15 18:38:35 - app - INFO - [save_share] 开始执行: url=https://h5.cloud.189.cn/share.html#/t/JV3Y3mZreqmi, target_folder_id=323911228907722297
2026-01-15 18:38:35 - app - INFO - 解析天翼分享链接: url=https://h5.cloud.189.cn/share.html#/t/JV3Y3mZreqmi, share_code=JV3Y3mZreqmi, access_code=
2026-01-15 18:38:35 - app - INFO - 开始转存189分享: share_code=JV3Y3mZreqmi
2026-01-15 18:38:35 - app - INFO - 列出分享目录请求: {'shareId': 12547119517682, 'isFolder': 'true', 'shareMode': 3, 'orderBy': 'lastOpTime', 'descending': 'true', 'pageNum': 1, 'pageSize': 1000, 'fileId': '323421229629570696'}
2026-01-15 18:38:36 - app - INFO - 列出分享目录响应: {'res_code': 0, 'res_message': '成功', 'expireTime': 0, 'expireType': 0, 'fileListAO': {'count': 2, 'fileList': [{'createDate': '2026-01-15 00:12:04', 'fileCata': 1, 'id': 525233229659568152, 'lastOpTime': '2026-01-15 00:12:04', 'md5': '2DB96647BD5C3C356863B1685A4734E8', 'mediaType': 4, 'name': '雷鲸小站3.txt', 'rev': '20260115001204', 'size': 204, 'starLabel': 2}], 'fileListSize': 1, 'folderList': [{'createDate': '2026-01-15 00:02:36', 'fileCata': 1, 'fileListSize': 0, 'id': 924631229621493439, 'lastOpTime': '2026-01-15 00:29:11', 'name': 'Season 1', 'parentId': 323421229629570696, 'rev': '20260115002911', 'starLabel': 2}]}, 'lastRev': 20260115183919}
2026-01-15 18:38:36 - app - INFO - 准备转存 2 个文件/文件夹
2026-01-15 18:38:36 - app - INFO - 189转存任务参数: {'type': 'SHARE_SAVE', 'shareId': '12547119517682', 'taskInfos': '[{"fileId": "924631229621493439", "fileName": "Season 1", "isFolder": 1}, {"fileId": "525233229659568152", "fileName": "\\u96f7\\u9cb8\\u5c0f\\u7ad93.txt", "isFolder": 0}]', 'targetFolderId': '323911228907722297', 'shareMode': '3'}
2026-01-15 18:38:36 - app - ERROR - 创建189批量任务失败: Expecting value: line 1 column 1 (char 0)
2026-01-15 18:38:36 - app - INFO - save_share返回: {'success': False, 'message': 'Expecting value: line 1 column 1 (char 0)'}
2026-01-15 18:38:36 - app - INFO - [任务2] [1/1] 转存失败: Expecting value: line 1 column 1 (char 0)
2026-01-15 18:38:36 - app - INFO - [任务2] 任务执行完成！成功: 0, 失败: 1, 文件数: 0
2026-01-15 18:42:55 - app - INFO - 许可证管理器初始化完成,服务器: http://license.22l2.com
2026-01-15 18:42:55 - app - INFO - 初始化许可证管理器...
2026-01-15 18:42:56 - app - INFO - 许可证管理器初始化完成,服务器: http://license.22l2.com
2026-01-15 18:42:56 - app - INFO - 初始化许可证管理器...
2026-01-15 18:42:57 - app - INFO - 解密密钥设置成功
2026-01-15 18:42:57 - app - INFO - 解密密钥获取成功
2026-01-15 18:42:57 - app - INFO - 解密密钥获取成功，配置已就绪
2026-01-15 18:42:57 - app - INFO - 配置解密成功
2026-01-15 18:42:57 - app - INFO - 夸克API配置加载成功
2026-01-15 18:42:57 - app - INFO - 夸克API配置加载完成
2026-01-15 18:42:57 - app - INFO - 检查数据库...
2026-01-15 18:42:57 - app - INFO - 数据库检查完成
2026-01-15 18:42:57 - app - INFO - 检查数据库迁移...
2026-01-15 18:42:57 - app - INFO - 数据库迁移检查完成
2026-01-15 18:42:57 - app - INFO - 清理异常中断的任务状态...
2026-01-15 18:42:57 - app - INFO - 升级管理器初始化完成
2026-01-15 18:42:57 - app - INFO - Flask应用创建成功
2026-01-15 18:42:57 - app - INFO - 静态文件目录: C:\Data\夸克转存\client\frontend
2026-01-15 18:42:57 - app - INFO - 启动任务调度服务...
2026-01-15 18:42:57 - app - INFO - 检查被中断的影视下载任务...
2026-01-15 18:42:57 - app - INFO - 没有需要恢复的影视下载任务
2026-01-15 18:42:57 - app - INFO - 账期生成循环已启动
2026-01-15 18:42:57 - app - INFO - 账期生成线程已启动
2026-01-15 18:42:57 - app - INFO - 开始生成 2026-01-15 的任务账期
2026-01-15 18:42:57 - app - INFO - 任务执行循环已启动
2026-01-15 18:42:57 - app - INFO - 任务执行线程已启动
2026-01-15 18:42:57 - app - INFO - 日志清理循环已启动
2026-01-15 18:42:57 - app - INFO - 日志清理线程已启动
2026-01-15 18:42:57 - app - INFO - 下次日志清理时间: 2026-01-16 02:00:00
2026-01-15 18:42:57 - app - INFO - 启动Flask服务: http://0.0.0.0:8520
2026-01-15 18:42:57 - app - INFO - 跳过一次性执行任务: 测试
2026-01-15 18:42:57 - app - INFO - 跳过一次性执行任务: 测试谢谢谢谢
2026-01-15 18:42:57 - app - INFO - 跳过一次性执行任务: 小城大事
2026-01-15 18:42:57 - app - INFO - ✅ 生成完成，共创建 0 条待执行记录
2026-01-15 18:42:57 - app - INFO - 下次生成账期时间: 2026-01-16 00:00:00, 等待 19023 秒
2026-01-15 18:42:57 - app - INFO - 解密密钥设置成功
2026-01-15 18:42:57 - app - INFO - 解密密钥获取成功
2026-01-15 18:42:57 - app - INFO - 解密密钥获取成功，配置已就绪
2026-01-15 18:42:57 - app - INFO - 配置解密成功
2026-01-15 18:42:57 - app - INFO - 夸克API配置加载成功
2026-01-15 18:42:57 - app - INFO - 夸克API配置加载完成
2026-01-15 18:42:57 - app - INFO - 检查数据库...
2026-01-15 18:42:57 - app - INFO - 数据库检查完成
2026-01-15 18:42:57 - app - INFO - 检查数据库迁移...
2026-01-15 18:42:57 - app - INFO - 数据库迁移检查完成
2026-01-15 18:42:57 - app - INFO - 清理异常中断的任务状态...
2026-01-15 18:42:57 - app - INFO - 升级管理器初始化完成
2026-01-15 18:42:57 - app - INFO - Flask应用创建成功
2026-01-15 18:42:57 - app - INFO - 静态文件目录: C:\Data\夸克转存\client\frontend
2026-01-15 18:42:57 - app - INFO - 启动任务调度服务...
2026-01-15 18:42:57 - app - INFO - 检查被中断的影视下载任务...
2026-01-15 18:42:57 - app - INFO - 没有需要恢复的影视下载任务
2026-01-15 18:42:57 - app - INFO - 账期生成循环已启动
2026-01-15 18:42:57 - app - INFO - 账期生成线程已启动
2026-01-15 18:42:57 - app - INFO - 开始生成 2026-01-15 的任务账期
2026-01-15 18:42:57 - app - INFO - 任务执行循环已启动
2026-01-15 18:42:57 - app - INFO - 任务执行线程已启动
2026-01-15 18:42:57 - app - INFO - 日志清理循环已启动
2026-01-15 18:42:57 - app - INFO - 日志清理线程已启动
2026-01-15 18:42:57 - app - INFO - 下次日志清理时间: 2026-01-16 02:00:00
2026-01-15 18:42:57 - app - INFO - 启动Flask服务: http://0.0.0.0:8520
2026-01-15 18:42:57 - app - INFO - 跳过一次性执行任务: 测试
2026-01-15 18:42:57 - app - INFO - 跳过一次性执行任务: 测试谢谢谢谢
2026-01-15 18:42:57 - app - INFO - 跳过一次性执行任务: 小城大事
2026-01-15 18:42:57 - app - INFO - ✅ 生成完成，共创建 0 条待执行记录
2026-01-15 18:42:57 - app - INFO - 下次生成账期时间: 2026-01-16 00:00:00, 等待 19022 秒
2026-01-15 18:43:42 - app - INFO - 许可证管理器初始化完成,服务器: http://license.22l2.com
2026-01-15 18:43:42 - app - INFO - 初始化许可证管理器...
2026-01-15 18:43:43 - app - INFO - 许可证管理器初始化完成,服务器: http://license.22l2.com
2026-01-15 18:43:43 - app - INFO - 初始化许可证管理器...
2026-01-15 18:43:43 - app - INFO - 解密密钥设置成功
2026-01-15 18:43:43 - app - INFO - 解密密钥获取成功
2026-01-15 18:43:43 - app - INFO - 解密密钥获取成功，配置已就绪
2026-01-15 18:43:43 - app - INFO - 配置解密成功
2026-01-15 18:43:43 - app - INFO - 夸克API配置加载成功
2026-01-15 18:43:43 - app - INFO - 夸克API配置加载完成
2026-01-15 18:43:43 - app - INFO - 检查数据库...
2026-01-15 18:43:43 - app - INFO - 数据库检查完成
2026-01-15 18:43:43 - app - INFO - 检查数据库迁移...
2026-01-15 18:43:43 - app - INFO - 数据库迁移检查完成
2026-01-15 18:43:43 - app - INFO - 清理异常中断的任务状态...
2026-01-15 18:43:44 - app - INFO - 升级管理器初始化完成
2026-01-15 18:43:44 - app - INFO - Flask应用创建成功
2026-01-15 18:43:44 - app - INFO - 静态文件目录: C:\Data\夸克转存\client\frontend
2026-01-15 18:43:44 - app - INFO - 启动任务调度服务...
2026-01-15 18:43:44 - app - INFO - 检查被中断的影视下载任务...
2026-01-15 18:43:44 - app - INFO - 没有需要恢复的影视下载任务
2026-01-15 18:43:44 - app - INFO - 账期生成循环已启动
2026-01-15 18:43:44 - app - INFO - 账期生成线程已启动
2026-01-15 18:43:44 - app - INFO - 开始生成 2026-01-15 的任务账期
2026-01-15 18:43:44 - app - INFO - 任务执行循环已启动
2026-01-15 18:43:44 - app - INFO - 任务执行线程已启动
2026-01-15 18:43:44 - app - INFO - 日志清理循环已启动
2026-01-15 18:43:44 - app - INFO - 日志清理线程已启动
2026-01-15 18:43:44 - app - INFO - 下次日志清理时间: 2026-01-16 02:00:00
2026-01-15 18:43:44 - app - INFO - 启动Flask服务: http://0.0.0.0:8520
2026-01-15 18:43:44 - app - INFO - 跳过一次性执行任务: 测试
2026-01-15 18:43:44 - app - INFO - 跳过一次性执行任务: 测试谢谢谢谢
2026-01-15 18:43:44 - app - INFO - 跳过一次性执行任务: 小城大事
2026-01-15 18:43:44 - app - INFO - ✅ 生成完成，共创建 0 条待执行记录
2026-01-15 18:43:44 - app - INFO - 下次生成账期时间: 2026-01-16 00:00:00, 等待 18976 秒
2026-01-15 18:43:44 - app - INFO - 解密密钥设置成功
2026-01-15 18:43:44 - app - INFO - 解密密钥获取成功
2026-01-15 18:43:44 - app - INFO - 解密密钥获取成功，配置已就绪
2026-01-15 18:43:44 - app - INFO - 配置解密成功
2026-01-15 18:43:44 - app - INFO - 夸克API配置加载成功
2026-01-15 18:43:44 - app - INFO - 夸克API配置加载完成
2026-01-15 18:43:44 - app - INFO - 检查数据库...
2026-01-15 18:43:44 - app - INFO - 数据库检查完成
2026-01-15 18:43:44 - app - INFO - 检查数据库迁移...
2026-01-15 18:43:44 - app - INFO - 数据库迁移检查完成
2026-01-15 18:43:44 - app - INFO - 清理异常中断的任务状态...
2026-01-15 18:43:44 - app - INFO - 升级管理器初始化完成
2026-01-15 18:43:44 - app - INFO - Flask应用创建成功
2026-01-15 18:43:44 - app - INFO - 静态文件目录: C:\Data\夸克转存\client\frontend
2026-01-15 18:43:44 - app - INFO - 启动任务调度服务...
2026-01-15 18:43:44 - app - INFO - 检查被中断的影视下载任务...
2026-01-15 18:43:44 - app - INFO - 没有需要恢复的影视下载任务
2026-01-15 18:43:44 - app - INFO - 账期生成循环已启动
2026-01-15 18:43:44 - app - INFO - 账期生成线程已启动
2026-01-15 18:43:44 - app - INFO - 开始生成 2026-01-15 的任务账期
2026-01-15 18:43:44 - app - INFO - 任务执行循环已启动
2026-01-15 18:43:44 - app - INFO - 任务执行线程已启动
2026-01-15 18:43:44 - app - INFO - 日志清理循环已启动
2026-01-15 18:43:44 - app - INFO - 日志清理线程已启动
2026-01-15 18:43:44 - app - INFO - 下次日志清理时间: 2026-01-16 02:00:00
2026-01-15 18:43:44 - app - INFO - 启动Flask服务: http://0.0.0.0:8520
2026-01-15 18:43:44 - app - INFO - 跳过一次性执行任务: 测试
2026-01-15 18:43:44 - app - INFO - 跳过一次性执行任务: 测试谢谢谢谢
2026-01-15 18:43:44 - app - INFO - 跳过一次性执行任务: 小城大事
2026-01-15 18:43:44 - app - INFO - ✅ 生成完成，共创建 0 条待执行记录
2026-01-15 18:43:44 - app - INFO - 下次生成账期时间: 2026-01-16 00:00:00, 等待 18975 秒
2026-01-15 18:44:04 - app - INFO - 许可证管理器初始化完成,服务器: http://license.22l2.com
2026-01-15 18:44:04 - app - INFO - 初始化许可证管理器...
2026-01-15 18:44:04 - app - INFO - 许可证管理器初始化完成,服务器: http://license.22l2.com
2026-01-15 18:44:04 - app - INFO - 初始化许可证管理器...
2026-01-15 18:44:05 - app - INFO - 解密密钥设置成功
2026-01-15 18:44:05 - app - INFO - 解密密钥获取成功
2026-01-15 18:44:05 - app - INFO - 解密密钥获取成功，配置已就绪
2026-01-15 18:44:05 - app - INFO - 配置解密成功
2026-01-15 18:44:05 - app - INFO - 夸克API配置加载成功
2026-01-15 18:44:05 - app - INFO - 夸克API配置加载完成
2026-01-15 18:44:05 - app - INFO - 检查数据库...
2026-01-15 18:44:05 - app - INFO - 数据库检查完成
2026-01-15 18:44:05 - app - INFO - 检查数据库迁移...
2026-01-15 18:44:05 - app - INFO - 数据库迁移检查完成
2026-01-15 18:44:05 - app - INFO - 清理异常中断的任务状态...
2026-01-15 18:44:05 - app - INFO - 升级管理器初始化完成
2026-01-15 18:44:05 - app - INFO - Flask应用创建成功
2026-01-15 18:44:05 - app - INFO - 静态文件目录: C:\Data\夸克转存\client\frontend
2026-01-15 18:44:05 - app - INFO - 启动任务调度服务...
2026-01-15 18:44:05 - app - INFO - 检查被中断的影视下载任务...
2026-01-15 18:44:05 - app - INFO - 没有需要恢复的影视下载任务
2026-01-15 18:44:05 - app - INFO - 账期生成循环已启动
2026-01-15 18:44:05 - app - INFO - 账期生成线程已启动
2026-01-15 18:44:05 - app - INFO - 开始生成 2026-01-15 的任务账期
2026-01-15 18:44:05 - app - INFO - 任务执行循环已启动
2026-01-15 18:44:05 - app - INFO - 任务执行线程已启动
2026-01-15 18:44:05 - app - INFO - 日志清理循环已启动
2026-01-15 18:44:05 - app - INFO - 日志清理线程已启动
2026-01-15 18:44:05 - app - INFO - 下次日志清理时间: 2026-01-16 02:00:00
2026-01-15 18:44:05 - app - INFO - 跳过一次性执行任务: 测试
2026-01-15 18:44:05 - app - INFO - 启动Flask服务: http://0.0.0.0:8520
2026-01-15 18:44:05 - app - INFO - 跳过一次性执行任务: 测试谢谢谢谢
2026-01-15 18:44:05 - app - INFO - 跳过一次性执行任务: 小城大事
2026-01-15 18:44:05 - app - INFO - ✅ 生成完成，共创建 0 条待执行记录
2026-01-15 18:44:05 - app - INFO - 下次生成账期时间: 2026-01-16 00:00:00, 等待 18954 秒
2026-01-15 18:44:05 - app - INFO - 解密密钥设置成功
2026-01-15 18:44:05 - app - INFO - 解密密钥获取成功
2026-01-15 18:44:05 - app - INFO - 解密密钥获取成功，配置已就绪
2026-01-15 18:44:05 - app - INFO - 配置解密成功
2026-01-15 18:44:05 - app - INFO - 夸克API配置加载成功
2026-01-15 18:44:05 - app - INFO - 夸克API配置加载完成
2026-01-15 18:44:05 - app - INFO - 检查数据库...
2026-01-15 18:44:05 - app - INFO - 数据库检查完成
2026-01-15 18:44:05 - app - INFO - 检查数据库迁移...
2026-01-15 18:44:05 - app - INFO - 数据库迁移检查完成
2026-01-15 18:44:05 - app - INFO - 清理异常中断的任务状态...
2026-01-15 18:44:05 - app - INFO - 升级管理器初始化完成
2026-01-15 18:44:06 - app - INFO - Flask应用创建成功
2026-01-15 18:44:06 - app - INFO - 静态文件目录: C:\Data\夸克转存\client\frontend
2026-01-15 18:44:06 - app - INFO - 启动任务调度服务...
2026-01-15 18:44:06 - app - INFO - 检查被中断的影视下载任务...
2026-01-15 18:44:06 - app - INFO - 没有需要恢复的影视下载任务
2026-01-15 18:44:06 - app - INFO - 账期生成循环已启动
2026-01-15 18:44:06 - app - INFO - 账期生成线程已启动
2026-01-15 18:44:06 - app - INFO - 开始生成 2026-01-15 的任务账期
2026-01-15 18:44:06 - app - INFO - 任务执行循环已启动
2026-01-15 18:44:06 - app - INFO - 任务执行线程已启动
2026-01-15 18:44:06 - app - INFO - 日志清理循环已启动
2026-01-15 18:44:06 - app - INFO - 日志清理线程已启动
2026-01-15 18:44:06 - app - INFO - 下次日志清理时间: 2026-01-16 02:00:00
2026-01-15 18:44:06 - app - INFO - 跳过一次性执行任务: 测试
2026-01-15 18:44:06 - app - INFO - 启动Flask服务: http://0.0.0.0:8520
2026-01-15 18:44:06 - app - INFO - 跳过一次性执行任务: 测试谢谢谢谢
2026-01-15 18:44:06 - app - INFO - 跳过一次性执行任务: 小城大事
2026-01-15 18:44:06 - app - INFO - ✅ 生成完成，共创建 0 条待执行记录
2026-01-15 18:44:06 - app - INFO - 下次生成账期时间: 2026-01-16 00:00:00, 等待 18954 秒
2026-01-15 18:44:22 - app - INFO - 许可证管理器初始化完成,服务器: http://license.22l2.com
2026-01-15 18:44:22 - app - INFO - 初始化许可证管理器...
2026-01-15 18:44:23 - app - INFO - 许可证管理器初始化完成,服务器: http://license.22l2.com
2026-01-15 18:44:23 - app - INFO - 初始化许可证管理器...
2026-01-15 18:44:23 - app - INFO - 解密密钥设置成功
2026-01-15 18:44:23 - app - INFO - 解密密钥获取成功
2026-01-15 18:44:23 - app - INFO - 解密密钥获取成功，配置已就绪
2026-01-15 18:44:23 - app - INFO - 配置解密成功
2026-01-15 18:44:23 - app - INFO - 夸克API配置加载成功
2026-01-15 18:44:23 - app - INFO - 夸克API配置加载完成
2026-01-15 18:44:23 - app - INFO - 检查数据库...
2026-01-15 18:44:23 - app - INFO - 数据库检查完成
2026-01-15 18:44:23 - app - INFO - 检查数据库迁移...
2026-01-15 18:44:23 - app - INFO - 数据库迁移检查完成
2026-01-15 18:44:23 - app - INFO - 清理异常中断的任务状态...
2026-01-15 18:44:23 - app - INFO - 升级管理器初始化完成
2026-01-15 18:44:23 - app - INFO - Flask应用创建成功
2026-01-15 18:44:23 - app - INFO - 静态文件目录: C:\Data\夸克转存\client\frontend
2026-01-15 18:44:23 - app - INFO - 启动任务调度服务...
2026-01-15 18:44:23 - app - INFO - 检查被中断的影视下载任务...
2026-01-15 18:44:23 - app - INFO - 没有需要恢复的影视下载任务
2026-01-15 18:44:23 - app - INFO - 账期生成循环已启动
2026-01-15 18:44:23 - app - INFO - 账期生成线程已启动
2026-01-15 18:44:23 - app - INFO - 开始生成 2026-01-15 的任务账期
2026-01-15 18:44:23 - app - INFO - 任务执行循环已启动
2026-01-15 18:44:23 - app - INFO - 任务执行线程已启动
2026-01-15 18:44:23 - app - INFO - 日志清理循环已启动
2026-01-15 18:44:23 - app - INFO - 日志清理线程已启动
2026-01-15 18:44:23 - app - INFO - 下次日志清理时间: 2026-01-16 02:00:00
2026-01-15 18:44:23 - app - INFO - 启动Flask服务: http://0.0.0.0:8520
2026-01-15 18:44:23 - app - INFO - 跳过一次性执行任务: 测试
2026-01-15 18:44:23 - app - INFO - 跳过一次性执行任务: 测试谢谢谢谢
2026-01-15 18:44:23 - app - INFO - 跳过一次性执行任务: 小城大事
2026-01-15 18:44:23 - app - INFO - ✅ 生成完成，共创建 0 条待执行记录
2026-01-15 18:44:23 - app - INFO - 下次生成账期时间: 2026-01-16 00:00:00, 等待 18936 秒
2026-01-15 18:44:24 - app - INFO - 解密密钥设置成功
2026-01-15 18:44:24 - app - INFO - 解密密钥获取成功
2026-01-15 18:44:24 - app - INFO - 解密密钥获取成功，配置已就绪
2026-01-15 18:44:24 - app - INFO - 配置解密成功
2026-01-15 18:44:24 - app - INFO - 夸克API配置加载成功
2026-01-15 18:44:24 - app - INFO - 夸克API配置加载完成
2026-01-15 18:44:24 - app - INFO - 检查数据库...
2026-01-15 18:44:24 - app - INFO - 数据库检查完成
2026-01-15 18:44:24 - app - INFO - 检查数据库迁移...
2026-01-15 18:44:24 - app - INFO - 数据库迁移检查完成
2026-01-15 18:44:24 - app - INFO - 清理异常中断的任务状态...
2026-01-15 18:44:24 - app - INFO - 升级管理器初始化完成
2026-01-15 18:44:24 - app - INFO - Flask应用创建成功
2026-01-15 18:44:24 - app - INFO - 静态文件目录: C:\Data\夸克转存\client\frontend
2026-01-15 18:44:24 - app - INFO - 启动任务调度服务...
2026-01-15 18:44:24 - app - INFO - 检查被中断的影视下载任务...
2026-01-15 18:44:24 - app - INFO - 没有需要恢复的影视下载任务
2026-01-15 18:44:24 - app - INFO - 账期生成循环已启动
2026-01-15 18:44:24 - app - INFO - 账期生成线程已启动
2026-01-15 18:44:24 - app - INFO - 开始生成 2026-01-15 的任务账期
2026-01-15 18:44:24 - app - INFO - 任务执行循环已启动
2026-01-15 18:44:24 - app - INFO - 任务执行线程已启动
2026-01-15 18:44:24 - app - INFO - 日志清理循环已启动
2026-01-15 18:44:24 - app - INFO - 日志清理线程已启动
2026-01-15 18:44:24 - app - INFO - 下次日志清理时间: 2026-01-16 02:00:00
2026-01-15 18:44:24 - app - INFO - 跳过一次性执行任务: 测试
2026-01-15 18:44:24 - app - INFO - 启动Flask服务: http://0.0.0.0:8520
2026-01-15 18:44:24 - app - INFO - 跳过一次性执行任务: 测试谢谢谢谢
2026-01-15 18:44:24 - app - INFO - 跳过一次性执行任务: 小城大事
2026-01-15 18:44:24 - app - INFO - ✅ 生成完成，共创建 0 条待执行记录
2026-01-15 18:44:24 - app - INFO - 下次生成账期时间: 2026-01-16 00:00:00, 等待 18936 秒
2026-01-15 18:44:31 - app - INFO - 许可证管理器初始化完成,服务器: http://license.22l2.com
2026-01-15 18:44:31 - app - INFO - 初始化许可证管理器...
2026-01-15 18:44:32 - app - INFO - 许可证管理器初始化完成,服务器: http://license.22l2.com
2026-01-15 18:44:32 - app - INFO - 初始化许可证管理器...
2026-01-15 18:44:32 - app - INFO - 解密密钥设置成功
2026-01-15 18:44:32 - app - INFO - 解密密钥获取成功
2026-01-15 18:44:32 - app - INFO - 解密密钥获取成功，配置已就绪
2026-01-15 18:44:32 - app - INFO - 配置解密成功
2026-01-15 18:44:32 - app - INFO - 夸克API配置加载成功
2026-01-15 18:44:32 - app - INFO - 夸克API配置加载完成
2026-01-15 18:44:32 - app - INFO - 检查数据库...
2026-01-15 18:44:32 - app - INFO - 数据库检查完成
2026-01-15 18:44:32 - app - INFO - 检查数据库迁移...
2026-01-15 18:44:32 - app - INFO - 数据库迁移检查完成
2026-01-15 18:44:32 - app - INFO - 清理异常中断的任务状态...
2026-01-15 18:44:32 - app - INFO - 升级管理器初始化完成
2026-01-15 18:44:32 - app - INFO - Flask应用创建成功
2026-01-15 18:44:32 - app - INFO - 静态文件目录: C:\Data\夸克转存\client\frontend
2026-01-15 18:44:32 - app - INFO - 启动任务调度服务...
2026-01-15 18:44:32 - app - INFO - 检查被中断的影视下载任务...
2026-01-15 18:44:32 - app - INFO - 没有需要恢复的影视下载任务
2026-01-15 18:44:32 - app - INFO - 账期生成循环已启动
2026-01-15 18:44:32 - app - INFO - 账期生成线程已启动
2026-01-15 18:44:32 - app - INFO - 开始生成 2026-01-15 的任务账期
2026-01-15 18:44:32 - app - INFO - 任务执行循环已启动
2026-01-15 18:44:32 - app - INFO - 任务执行线程已启动
2026-01-15 18:44:32 - app - INFO - 日志清理循环已启动
2026-01-15 18:44:32 - app - INFO - 日志清理线程已启动
2026-01-15 18:44:32 - app - INFO - 下次日志清理时间: 2026-01-16 02:00:00
2026-01-15 18:44:32 - app - INFO - 启动Flask服务: http://0.0.0.0:8520
2026-01-15 18:44:32 - app - INFO - 跳过一次性执行任务: 测试
2026-01-15 18:44:32 - app - INFO - 跳过一次性执行任务: 测试谢谢谢谢
2026-01-15 18:44:32 - app - INFO - 跳过一次性执行任务: 小城大事
2026-01-15 18:44:32 - app - INFO - ✅ 生成完成，共创建 0 条待执行记录
2026-01-15 18:44:32 - app - INFO - 下次生成账期时间: 2026-01-16 00:00:00, 等待 18927 秒
2026-01-15 18:44:33 - app - INFO - 解密密钥设置成功
2026-01-15 18:44:33 - app - INFO - 解密密钥获取成功
2026-01-15 18:44:33 - app - INFO - 解密密钥获取成功，配置已就绪
2026-01-15 18:44:33 - app - INFO - 配置解密成功
2026-01-15 18:44:33 - app - INFO - 夸克API配置加载成功
2026-01-15 18:44:33 - app - INFO - 夸克API配置加载完成
2026-01-15 18:44:33 - app - INFO - 检查数据库...
2026-01-15 18:44:33 - app - INFO - 数据库检查完成
2026-01-15 18:44:33 - app - INFO - 检查数据库迁移...
2026-01-15 18:44:33 - app - INFO - 数据库迁移检查完成
2026-01-15 18:44:33 - app - INFO - 清理异常中断的任务状态...
2026-01-15 18:44:33 - app - INFO - 升级管理器初始化完成
2026-01-15 18:44:33 - app - INFO - Flask应用创建成功
2026-01-15 18:44:33 - app - INFO - 静态文件目录: C:\Data\夸克转存\client\frontend
2026-01-15 18:44:33 - app - INFO - 启动任务调度服务...
2026-01-15 18:44:33 - app - INFO - 检查被中断的影视下载任务...
2026-01-15 18:44:33 - app - INFO - 没有需要恢复的影视下载任务
2026-01-15 18:44:33 - app - INFO - 账期生成循环已启动
2026-01-15 18:44:33 - app - INFO - 账期生成线程已启动
2026-01-15 18:44:33 - app - INFO - 开始生成 2026-01-15 的任务账期
2026-01-15 18:44:33 - app - INFO - 任务执行循环已启动
2026-01-15 18:44:33 - app - INFO - 任务执行线程已启动
2026-01-15 18:44:33 - app - INFO - 日志清理循环已启动
2026-01-15 18:44:33 - app - INFO - 日志清理线程已启动
2026-01-15 18:44:33 - app - INFO - 跳过一次性执行任务: 测试
2026-01-15 18:44:33 - app - INFO - 下次日志清理时间: 2026-01-16 02:00:00
2026-01-15 18:44:33 - app - INFO - 启动Flask服务: http://0.0.0.0:8520
2026-01-15 18:44:33 - app - INFO - 跳过一次性执行任务: 测试谢谢谢谢
2026-01-15 18:44:33 - app - INFO - 跳过一次性执行任务: 小城大事
2026-01-15 18:44:33 - app - INFO - ✅ 生成完成，共创建 0 条待执行记录
2026-01-15 18:44:33 - app - INFO - 下次生成账期时间: 2026-01-16 00:00:00, 等待 18926 秒
2026-01-15 18:44:36 - app - INFO - 许可证管理器初始化完成,服务器: http://license.22l2.com
2026-01-15 18:44:36 - app - INFO - 初始化许可证管理器...
2026-01-15 18:44:36 - app - INFO - 许可证管理器初始化完成,服务器: http://license.22l2.com
2026-01-15 18:44:36 - app - INFO - 初始化许可证管理器...
2026-01-15 18:44:37 - app - INFO - 解密密钥设置成功
2026-01-15 18:44:37 - app - INFO - 解密密钥设置成功
2026-01-15 18:44:37 - app - INFO - 解密密钥获取成功
2026-01-15 18:44:37 - app - INFO - 解密密钥获取成功，配置已就绪
2026-01-15 18:44:37 - app - INFO - 解密密钥获取成功，配置已就绪
2026-01-15 18:44:37 - app - INFO - 配置解密成功
2026-01-15 18:44:37 - app - INFO - 配置解密成功
2026-01-15 18:44:37 - app - INFO - 夸克API配置加载成功
2026-01-15 18:44:37 - app - INFO - 夸克API配置加载成功
2026-01-15 18:44:37 - app - INFO - 夸克API配置加载完成
2026-01-15 18:44:37 - app - INFO - 夸克API配置加载完成
2026-01-15 18:44:37 - app - INFO - 检查数据库...
2026-01-15 18:44:37 - app - INFO - 检查数据库...
2026-01-15 18:44:37 - app - INFO - 数据库检查完成
2026-01-15 18:44:37 - app - INFO - 数据库检查完成
2026-01-15 18:44:37 - app - INFO - 检查数据库迁移...
2026-01-15 18:44:37 - app - INFO - 检查数据库迁移...
2026-01-15 18:44:37 - app - INFO - 数据库迁移检查完成
2026-01-15 18:44:37 - app - INFO - 清理异常中断的任务状态...
2026-01-15 18:44:37 - app - INFO - 数据库迁移检查完成
2026-01-15 18:44:37 - app - INFO - 清理异常中断的任务状态...
2026-01-15 18:44:37 - app - INFO - 升级管理器初始化完成
2026-01-15 18:44:37 - app - INFO - Flask应用创建成功
2026-01-15 18:44:37 - app - INFO - 静态文件目录: C:\Data\夸克转存\client\frontend
2026-01-15 18:44:37 - app - INFO - 升级管理器初始化完成
2026-01-15 18:44:37 - app - INFO - 启动任务调度服务...
2026-01-15 18:44:37 - app - INFO - Flask应用创建成功
2026-01-15 18:44:37 - app - INFO - 静态文件目录: C:\Data\夸克转存\client\frontend
2026-01-15 18:44:37 - app - INFO - 启动任务调度服务...
2026-01-15 18:44:37 - app - INFO - 检查被中断的影视下载任务...
2026-01-15 18:44:37 - app - INFO - 没有需要恢复的影视下载任务
2026-01-15 18:44:37 - app - INFO - 账期生成循环已启动
2026-01-15 18:44:37 - app - INFO - 账期生成线程已启动
2026-01-15 18:44:37 - app - INFO - 开始生成 2026-01-15 的任务账期
2026-01-15 18:44:37 - app - INFO - 任务执行循环已启动
2026-01-15 18:44:37 - app - INFO - 任务执行线程已启动
2026-01-15 18:44:37 - app - INFO - 日志清理循环已启动
2026-01-15 18:44:37 - app - INFO - 日志清理线程已启动
2026-01-15 18:44:37 - app - INFO - 跳过一次性执行任务: 测试
2026-01-15 18:44:37 - app - INFO - 下次日志清理时间: 2026-01-16 02:00:00
2026-01-15 18:44:37 - app - INFO - 启动Flask服务: http://0.0.0.0:8520
2026-01-15 18:44:37 - app - INFO - 跳过一次性执行任务: 测试谢谢谢谢
2026-01-15 18:44:37 - app - INFO - 跳过一次性执行任务: 小城大事
2026-01-15 18:44:37 - app - INFO - ✅ 生成完成，共创建 0 条待执行记录
2026-01-15 18:44:37 - app - INFO - 检查被中断的影视下载任务...
2026-01-15 18:44:37 - app - INFO - 下次生成账期时间: 2026-01-16 00:00:00, 等待 18923 秒
2026-01-15 18:44:37 - app - INFO - 没有需要恢复的影视下载任务
2026-01-15 18:44:37 - app - INFO - 账期生成循环已启动
2026-01-15 18:44:37 - app - INFO - 账期生成线程已启动
2026-01-15 18:44:37 - app - INFO - 开始生成 2026-01-15 的任务账期
2026-01-15 18:44:37 - app - INFO - 任务执行循环已启动
2026-01-15 18:44:37 - app - INFO - 任务执行线程已启动
2026-01-15 18:44:37 - app - INFO - 跳过一次性执行任务: 测试
2026-01-15 18:44:37 - app - INFO - 日志清理循环已启动
2026-01-15 18:44:37 - app - INFO - 日志清理线程已启动
2026-01-15 18:44:37 - app - INFO - 跳过一次性执行任务: 测试谢谢谢谢
2026-01-15 18:44:37 - app - INFO - 下次日志清理时间: 2026-01-16 02:00:00
2026-01-15 18:44:37 - app - INFO - 启动Flask服务: http://0.0.0.0:8520
2026-01-15 18:44:37 - app - INFO - 跳过一次性执行任务: 小城大事
2026-01-15 18:44:37 - app - INFO - ✅ 生成完成，共创建 0 条待执行记录
2026-01-15 18:44:37 - app - INFO - 下次生成账期时间: 2026-01-16 00:00:00, 等待 18923 秒
2026-01-15 18:47:38 - app - INFO - 解析天翼分享链接: url=https://cloud.189.cn/web/share?code=abc123, share_code=abc123, access_code=
2026-01-15 18:47:38 - app - INFO - 解析天翼分享链接: url=https://cloud.189.cn/t/xyz789, share_code=xyz789, access_code=
2026-01-15 18:47:38 - app - INFO - 解析天翼分享链接: url=https://h5.cloud.189.cn/share.html#/t/def456, share_code=def456, access_code=
2026-01-15 18:47:50 - app - INFO - 189账号容量响应: status=200
2026-01-15 18:47:50 - app - INFO - 189账号信息结果: {'res_code': 0, 'res_message': '成功', 'account': '151****9783@189.cn', 'cloudCapacityInfo': {'freeSize': 10989295987800, 'mail189UsedSize': 0, 'totalSize': 11011341942784, 'usedSize': 22045954984}, 'familyCapacityInfo': {'freeSize': 32198198215, 'totalSize': 32212254720, 'usedSize': 14056505}, 'totalSize': 11043554197504}
2026-01-15 18:47:50 - app - INFO - 189获取文件列表请求: folder_id=-11, page=1, size=10
2026-01-15 18:47:50 - app - INFO - 189文件列表响应状态码: 200
2026-01-15 18:47:50 - app - INFO - 189文件列表获取成功: 文件夹10个, 文件0个
2026-01-15 18:47:50 - app - INFO - 189云盘路径解析: path=测试, parts=['测试']
2026-01-15 18:47:50 - app - INFO - 189获取文件列表请求: folder_id=-11, page=1, size=1000
2026-01-15 18:47:50 - app - INFO - 189文件列表响应状态码: 200
2026-01-15 18:47:50 - app - INFO - 189文件列表获取成功: 文件夹11个, 文件2个
2026-01-15 18:47:50 - app - INFO - 189云盘找到文件夹: 测试 -> 323911228907722297
2026-01-15 18:47:50 - app - INFO - [save_share] 开始执行: url=https://h5.cloud.189.cn/share.html#/t/JV3Y3mZreqmi, target_folder_id=323911228907722297
2026-01-15 18:47:50 - app - INFO - 解析天翼分享链接: url=https://h5.cloud.189.cn/share.html#/t/JV3Y3mZreqmi, share_code=JV3Y3mZreqmi, access_code=
2026-01-15 18:47:50 - app - INFO - 开始转存189分享: share_code=JV3Y3mZreqmi
2026-01-15 18:47:50 - app - INFO - 分享信息: shareId=12547119517682, shareMode=3, rootFileId=323421229629570696
2026-01-15 18:47:50 - app - INFO - 列出分享目录请求: {'shareId': 12547119517682, 'isFolder': 'true', 'shareMode': 3, 'orderBy': 'lastOpTime', 'descending': 'true', 'pageNum': 1, 'pageSize': 1000, 'fileId': '323421229629570696'}
2026-01-15 18:47:50 - app - INFO - 列出分享目录响应: {'res_code': 0, 'res_message': '成功', 'expireTime': 0, 'expireType': 0, 'fileListAO': {'count': 2, 'fileList': [{'createDate': '2026-01-15 00:12:04', 'fileCata': 1, 'id': 525233229659568152, 'lastOpTime': '2026-01-15 00:12:04', 'md5': '2DB96647BD5C3C356863B1685A4734E8', 'mediaType': 4, 'name': '雷鲸小站3.txt', 'rev': '20260115001204', 'size': 204, 'starLabel': 2}], 'fileListSize': 1, 'folderList': [{'createDate': '2026-01-15 00:02:36', 'fileCata': 1, 'fileListSize': 0, 'id': 924631229621493439, 'lastOpTime': '2026-01-15 00:29:11', 'name': 'Season 1', 'parentId': 323421229629570696, 'rev': '20260115002911', 'starLabel': 2}]}, 'lastRev': 20260115184834}
2026-01-15 18:47:50 - app - INFO - 准备转存 2 个文件/文件夹
2026-01-15 18:47:50 - app - INFO - 189转存任务参数: type=SHARE_SAVE, shareId=12547119517682, targetFolderId=323911228907722297, shareMode=3
2026-01-15 18:47:50 - app - INFO - 189转存文件列表: [{"fileId": "924631229621493439", "fileName": "Season 1", "isFolder": 1}, {"fileId": "525233229659568152", "fileName": "\u96f7\u9cb8\u5c0f\u7ad93.txt", "isFolder": 0}]
2026-01-15 18:47:50 - app - ERROR - 创建189批量任务失败: Expecting value: line 1 column 1 (char 0)
2026-01-15 18:48:08 - app - INFO - 许可证管理器初始化完成,服务器: http://license.22l2.com
2026-01-15 18:48:08 - app - INFO - 初始化许可证管理器...
2026-01-15 18:48:08 - app - INFO - 许可证管理器初始化完成,服务器: http://license.22l2.com
2026-01-15 18:48:08 - app - INFO - 初始化许可证管理器...
2026-01-15 18:48:09 - app - INFO - 解密密钥设置成功
2026-01-15 18:48:09 - app - INFO - 解密密钥获取成功
2026-01-15 18:48:09 - app - INFO - 解密密钥获取成功，配置已就绪
2026-01-15 18:48:09 - app - INFO - 配置解密成功
2026-01-15 18:48:09 - app - INFO - 夸克API配置加载成功
2026-01-15 18:48:09 - app - INFO - 夸克API配置加载完成
2026-01-15 18:48:09 - app - INFO - 检查数据库...
2026-01-15 18:48:09 - app - INFO - 数据库检查完成
2026-01-15 18:48:09 - app - INFO - 检查数据库迁移...
2026-01-15 18:48:09 - app - INFO - 数据库迁移检查完成
2026-01-15 18:48:09 - app - INFO - 清理异常中断的任务状态...
2026-01-15 18:48:09 - app - INFO - 升级管理器初始化完成
2026-01-15 18:48:09 - app - INFO - Flask应用创建成功
2026-01-15 18:48:09 - app - INFO - 静态文件目录: C:\Data\夸克转存\client\frontend
2026-01-15 18:48:09 - app - INFO - 启动任务调度服务...
2026-01-15 18:48:09 - app - INFO - 检查被中断的影视下载任务...
2026-01-15 18:48:09 - app - INFO - 没有需要恢复的影视下载任务
2026-01-15 18:48:09 - app - INFO - 账期生成循环已启动
2026-01-15 18:48:09 - app - INFO - 账期生成线程已启动
2026-01-15 18:48:09 - app - INFO - 开始生成 2026-01-15 的任务账期
2026-01-15 18:48:09 - app - INFO - 任务执行循环已启动
2026-01-15 18:48:09 - app - INFO - 任务执行线程已启动
2026-01-15 18:48:09 - app - INFO - 日志清理循环已启动
2026-01-15 18:48:09 - app - INFO - 日志清理线程已启动
2026-01-15 18:48:09 - app - INFO - 下次日志清理时间: 2026-01-16 02:00:00
2026-01-15 18:48:09 - app - INFO - 启动Flask服务: http://0.0.0.0:8520
2026-01-15 18:48:09 - app - INFO - 跳过一次性执行任务: 测试
2026-01-15 18:48:09 - app - INFO - 跳过一次性执行任务: 测试谢谢谢谢
2026-01-15 18:48:09 - app - INFO - 跳过一次性执行任务: 小城大事
2026-01-15 18:48:09 - app - INFO - ✅ 生成完成，共创建 0 条待执行记录
2026-01-15 18:48:09 - app - INFO - 下次生成账期时间: 2026-01-16 00:00:00, 等待 18710 秒
2026-01-15 18:48:09 - app - INFO - 解密密钥设置成功
2026-01-15 18:48:09 - app - INFO - 解密密钥获取成功
2026-01-15 18:48:09 - app - INFO - 解密密钥获取成功，配置已就绪
2026-01-15 18:48:09 - app - INFO - 配置解密成功
2026-01-15 18:48:09 - app - INFO - 夸克API配置加载成功
2026-01-15 18:48:09 - app - INFO - 夸克API配置加载完成
2026-01-15 18:48:09 - app - INFO - 检查数据库...
2026-01-15 18:48:09 - app - INFO - 数据库检查完成
2026-01-15 18:48:09 - app - INFO - 检查数据库迁移...
2026-01-15 18:48:09 - app - INFO - 数据库迁移检查完成
2026-01-15 18:48:09 - app - INFO - 清理异常中断的任务状态...
2026-01-15 18:48:09 - app - INFO - 升级管理器初始化完成
2026-01-15 18:48:10 - app - INFO - Flask应用创建成功
2026-01-15 18:48:10 - app - INFO - 静态文件目录: C:\Data\夸克转存\client\frontend
2026-01-15 18:48:10 - app - INFO - 启动任务调度服务...
2026-01-15 18:48:10 - app - INFO - 检查被中断的影视下载任务...
2026-01-15 18:48:10 - app - INFO - 没有需要恢复的影视下载任务
2026-01-15 18:48:10 - app - INFO - 账期生成循环已启动
2026-01-15 18:48:10 - app - INFO - 账期生成线程已启动
2026-01-15 18:48:10 - app - INFO - 开始生成 2026-01-15 的任务账期
2026-01-15 18:48:10 - app - INFO - 任务执行循环已启动
2026-01-15 18:48:10 - app - INFO - 任务执行线程已启动
2026-01-15 18:48:10 - app - INFO - 日志清理循环已启动
2026-01-15 18:48:10 - app - INFO - 日志清理线程已启动
2026-01-15 18:48:10 - app - INFO - 下次日志清理时间: 2026-01-16 02:00:00
2026-01-15 18:48:10 - app - INFO - 启动Flask服务: http://0.0.0.0:8520
2026-01-15 18:48:10 - app - INFO - 跳过一次性执行任务: 测试
2026-01-15 18:48:10 - app - INFO - 跳过一次性执行任务: 测试谢谢谢谢
2026-01-15 18:48:10 - app - INFO - 跳过一次性执行任务: 小城大事
2026-01-15 18:48:10 - app - INFO - ✅ 生成完成，共创建 0 条待执行记录
2026-01-15 18:48:10 - app - INFO - 下次生成账期时间: 2026-01-16 00:00:00, 等待 18710 秒
2026-01-15 18:48:15 - app - INFO - 解析天翼分享链接: url=https://cloud.189.cn/web/share?code=abc123, share_code=abc123, access_code=
2026-01-15 18:48:15 - app - INFO - 解析天翼分享链接: url=https://cloud.189.cn/t/xyz789, share_code=xyz789, access_code=
2026-01-15 18:48:15 - app - INFO - 解析天翼分享链接: url=https://h5.cloud.189.cn/share.html#/t/def456, share_code=def456, access_code=
2026-01-15 18:48:15 - app - INFO - 189账号容量响应: status=200
2026-01-15 18:48:15 - app - INFO - 189账号信息结果: {'res_code': 0, 'res_message': '成功', 'account': '151****9783@189.cn', 'cloudCapacityInfo': {'freeSize': 10989295987800, 'mail189UsedSize': 0, 'totalSize': 11011341942784, 'usedSize': 22045954984}, 'familyCapacityInfo': {'freeSize': 32198198215, 'totalSize': 32212254720, 'usedSize': 14056505}, 'totalSize': 11043554197504}
2026-01-15 18:48:15 - app - INFO - 189获取文件列表请求: folder_id=-11, page=1, size=10
2026-01-15 18:48:15 - app - INFO - 189文件列表响应状态码: 200
2026-01-15 18:48:15 - app - INFO - 189文件列表获取成功: 文件夹10个, 文件0个
2026-01-15 18:48:15 - app - INFO - 189云盘路径解析: path=测试, parts=['测试']
2026-01-15 18:48:15 - app - INFO - 189获取文件列表请求: folder_id=-11, page=1, size=1000
2026-01-15 18:48:15 - app - INFO - 189文件列表响应状态码: 200
2026-01-15 18:48:15 - app - INFO - 189文件列表获取成功: 文件夹11个, 文件2个
2026-01-15 18:48:15 - app - INFO - 189云盘找到文件夹: 测试 -> 323911228907722297
2026-01-15 18:48:15 - app - INFO - [save_share] 开始执行: url=https://h5.cloud.189.cn/share.html#/t/JV3Y3mZreqmi, target_folder_id=323911228907722297
2026-01-15 18:48:15 - app - INFO - 解析天翼分享链接: url=https://h5.cloud.189.cn/share.html#/t/JV3Y3mZreqmi, share_code=JV3Y3mZreqmi, access_code=
2026-01-15 18:48:15 - app - INFO - 开始转存189分享: share_code=JV3Y3mZreqmi
2026-01-15 18:48:16 - app - INFO - 分享信息: shareId=12547119517682, shareMode=3, rootFileId=323421229629570696
2026-01-15 18:48:16 - app - INFO - 列出分享目录请求: {'shareId': 12547119517682, 'isFolder': 'true', 'shareMode': 3, 'orderBy': 'lastOpTime', 'descending': 'true', 'pageNum': 1, 'pageSize': 1000, 'fileId': '323421229629570696'}
2026-01-15 18:48:16 - app - INFO - 列出分享目录响应: {'res_code': 0, 'res_message': '成功', 'expireTime': 0, 'expireType': 0, 'fileListAO': {'count': 2, 'fileList': [{'createDate': '2026-01-15 00:12:04', 'fileCata': 1, 'id': 525233229659568152, 'lastOpTime': '2026-01-15 00:12:04', 'md5': '2DB96647BD5C3C356863B1685A4734E8', 'mediaType': 4, 'name': '雷鲸小站3.txt', 'rev': '20260115001204', 'size': 204, 'starLabel': 2}], 'fileListSize': 1, 'folderList': [{'createDate': '2026-01-15 00:02:36', 'fileCata': 1, 'fileListSize': 0, 'id': 924631229621493439, 'lastOpTime': '2026-01-15 00:29:11', 'name': 'Season 1', 'parentId': 323421229629570696, 'rev': '20260115002911', 'starLabel': 2}]}, 'lastRev': 20260115184859}
2026-01-15 18:48:16 - app - INFO - 准备转存 2 个文件/文件夹
2026-01-15 18:48:16 - app - INFO - 189转存任务参数: type=SHARE_SAVE, shareId=12547119517682, targetFolderId=323911228907722297, shareMode=3
2026-01-15 18:48:16 - app - INFO - 189转存文件列表: [{"fileId": "924631229621493439", "fileName": "Season 1", "isFolder": 1}, {"fileId": "525233229659568152", "fileName": "\u96f7\u9cb8\u5c0f\u7ad93.txt", "isFolder": 0}]
2026-01-15 18:48:16 - app - INFO - 创建批量任务请求: {'type': 'SHARE_SAVE', 'shareId': '12547119517682', 'taskInfos': '[{"fileId": "924631229621493439", "fileName": "Season 1", "isFolder": 1}, {"fileId": "525233229659568152", "fileName": "\\u96f7\\u9cb8\\u5c0f\\u7ad93.txt", "isFolder": 0}]', 'targetFolderId': '323911228907722297', 'shareMode': '3'}
2026-01-15 18:48:16 - app - INFO - 创建批量任务响应状态码: 403
2026-01-15 18:48:16 - app - INFO - 创建批量任务响应内容: <!DOCTYPE html>
<html lang="en">
<head>
    <meta charset="UTF-8">
    <meta name="viewport" content="width=device-width, initial-scale=1.0, initial-scale=1, minimum-scale=1, maximum-scale=1, user-scalable=no">
    <title>Access Denied</title>
    <style>
        * {
            margin: 0;
            padding: 0;
            box-sizing: border-box;
        }

        body {
            font-family: "Microsoft Yahei", Arial, Helvetica, sans-serif, sans-serif;
            font-size: 12px;
        
2026-01-15 18:48:30 - app - INFO - 许可证管理器初始化完成,服务器: http://license.22l2.com
2026-01-15 18:48:30 - app - INFO - 初始化许可证管理器...
2026-01-15 18:48:30 - app - INFO - 许可证管理器初始化完成,服务器: http://license.22l2.com
2026-01-15 18:48:30 - app - INFO - 初始化许可证管理器...
2026-01-15 18:48:31 - app - INFO - 解密密钥设置成功
2026-01-15 18:48:31 - app - INFO - 解密密钥获取成功
2026-01-15 18:48:31 - app - INFO - 解密密钥获取成功，配置已就绪
2026-01-15 18:48:31 - app - INFO - 配置解密成功
2026-01-15 18:48:31 - app - INFO - 夸克API配置加载成功
2026-01-15 18:48:31 - app - INFO - 夸克API配置加载完成
2026-01-15 18:48:31 - app - INFO - 检查数据库...
2026-01-15 18:48:31 - app - INFO - 数据库检查完成
2026-01-15 18:48:31 - app - INFO - 检查数据库迁移...
2026-01-15 18:48:31 - app - INFO - 数据库迁移检查完成
2026-01-15 18:48:31 - app - INFO - 清理异常中断的任务状态...
2026-01-15 18:48:31 - app - INFO - 升级管理器初始化完成
2026-01-15 18:48:31 - app - INFO - Flask应用创建成功
2026-01-15 18:48:31 - app - INFO - 静态文件目录: C:\Data\夸克转存\client\frontend
2026-01-15 18:48:31 - app - INFO - 启动任务调度服务...
2026-01-15 18:48:31 - app - INFO - 检查被中断的影视下载任务...
2026-01-15 18:48:31 - app - INFO - 没有需要恢复的影视下载任务
2026-01-15 18:48:31 - app - INFO - 账期生成循环已启动
2026-01-15 18:48:31 - app - INFO - 账期生成线程已启动
2026-01-15 18:48:31 - app - INFO - 开始生成 2026-01-15 的任务账期
2026-01-15 18:48:31 - app - INFO - 任务执行循环已启动
2026-01-15 18:48:31 - app - INFO - 任务执行线程已启动
2026-01-15 18:48:31 - app - INFO - 日志清理循环已启动
2026-01-15 18:48:31 - app - INFO - 日志清理线程已启动
2026-01-15 18:48:31 - app - INFO - 下次日志清理时间: 2026-01-16 02:00:00
2026-01-15 18:48:31 - app - INFO - 启动Flask服务: http://0.0.0.0:8520
2026-01-15 18:48:31 - app - INFO - 跳过一次性执行任务: 测试
2026-01-15 18:48:31 - app - INFO - 跳过一次性执行任务: 测试谢谢谢谢
2026-01-15 18:48:31 - app - INFO - 跳过一次性执行任务: 小城大事
2026-01-15 18:48:31 - app - INFO - ✅ 生成完成，共创建 0 条待执行记录
2026-01-15 18:48:31 - app - INFO - 下次生成账期时间: 2026-01-16 00:00:00, 等待 18689 秒
2026-01-15 18:48:31 - app - INFO - 解密密钥设置成功
2026-01-15 18:48:31 - app - INFO - 解密密钥获取成功
2026-01-15 18:48:31 - app - INFO - 解密密钥获取成功，配置已就绪
2026-01-15 18:48:31 - app - INFO - 配置解密成功
2026-01-15 18:48:31 - app - INFO - 夸克API配置加载成功
2026-01-15 18:48:31 - app - INFO - 夸克API配置加载完成
2026-01-15 18:48:31 - app - INFO - 检查数据库...
2026-01-15 18:48:31 - app - INFO - 数据库检查完成
2026-01-15 18:48:31 - app - INFO - 检查数据库迁移...
2026-01-15 18:48:31 - app - INFO - 数据库迁移检查完成
2026-01-15 18:48:31 - app - INFO - 清理异常中断的任务状态...
2026-01-15 18:48:31 - app - INFO - 升级管理器初始化完成
2026-01-15 18:48:31 - app - INFO - Flask应用创建成功
2026-01-15 18:48:31 - app - INFO - 静态文件目录: C:\Data\夸克转存\client\frontend
2026-01-15 18:48:31 - app - INFO - 启动任务调度服务...
2026-01-15 18:48:31 - app - INFO - 检查被中断的影视下载任务...
2026-01-15 18:48:31 - app - INFO - 没有需要恢复的影视下载任务
2026-01-15 18:48:31 - app - INFO - 账期生成循环已启动
2026-01-15 18:48:31 - app - INFO - 账期生成线程已启动
2026-01-15 18:48:31 - app - INFO - 开始生成 2026-01-15 的任务账期
2026-01-15 18:48:31 - app - INFO - 任务执行循环已启动
2026-01-15 18:48:31 - app - INFO - 任务执行线程已启动
2026-01-15 18:48:31 - app - INFO - 日志清理循环已启动
2026-01-15 18:48:31 - app - INFO - 日志清理线程已启动
2026-01-15 18:48:31 - app - INFO - 下次日志清理时间: 2026-01-16 02:00:00
2026-01-15 18:48:31 - app - INFO - 跳过一次性执行任务: 测试
2026-01-15 18:48:31 - app - INFO - 启动Flask服务: http://0.0.0.0:8520
2026-01-15 18:48:31 - app - INFO - 跳过一次性执行任务: 测试谢谢谢谢
2026-01-15 18:48:31 - app - INFO - 跳过一次性执行任务: 小城大事
2026-01-15 18:48:31 - app - INFO - ✅ 生成完成，共创建 0 条待执行记录
2026-01-15 18:48:31 - app - INFO - 下次生成账期时间: 2026-01-16 00:00:00, 等待 18688 秒
2026-01-15 18:48:37 - app - INFO - 解析天翼分享链接: url=https://cloud.189.cn/web/share?code=abc123, share_code=abc123, access_code=
2026-01-15 18:48:37 - app - INFO - 解析天翼分享链接: url=https://cloud.189.cn/t/xyz789, share_code=xyz789, access_code=
2026-01-15 18:48:37 - app - INFO - 解析天翼分享链接: url=https://h5.cloud.189.cn/share.html#/t/def456, share_code=def456, access_code=
2026-01-15 18:48:48 - app - INFO - 189账号容量响应: status=200
2026-01-15 18:48:48 - app - ERROR - 获取189账号信息失败: Expecting value: line 1 column 1 (char 0)
2026-01-15 18:48:48 - app - INFO - 189云盘路径解析: path=测试, parts=['测试']
2026-01-15 18:48:48 - app - INFO - 189获取文件列表请求: folder_id=-11, page=1, size=1000
2026-01-15 18:48:48 - app - INFO - 189文件列表响应状态码: 200
2026-01-15 18:48:48 - app - ERROR - 189文件列表解析JSON失败: Expecting value: line 1 column 1 (char 0), 响应内容: g �������������ETTM��P � Uy+H(�
�H��ww��
�KBUDTU@U8ddAB$TVeedFU%T@�CF�����q�8"1Ip�Mh�ܸ�|�5���2�3�Aڭ'��A�,s������.w���z�?iV�:�s[���3�ʤ���=�5���^��ڙcb)��!��7X�㝪��!w��3a_
R�,�1�n��4wG���X����3�ƆpT��N��S\����������ֽ~u�Q���nP7),~���~~uݝ�������g�����Qo��n\?4�n �ȼ����e��)h��4�x����q���(�Ђ�`� �Ѽ��#$�,)�`�5���Y����:��+�J]g�\�(I �S�����b>��<���w�d��^��xt>�z|��x>�vo��߷W�o6z�r7��AS5���9��@IY -N�I��z���o��7���#-��n{�ӫ�P�����$ �����A9aS�35���:�
מ/�xٝ=u�
2026-01-15 18:48:48 - app - INFO - 189创建文件夹: name=测试, parent_id=-11
2026-01-15 18:48:48 - app - ERROR - 创建189文件夹失败: Expecting value: line 1 column 1 (char 0)
Traceback (most recent call last):
  File "C:\Users\Administrator\AppData\Local\Programs\Python\Python38\lib\site-packages\requests\models.py", line 971, in json
    return complexjson.loads(self.text, **kwargs)
  File "C:\Users\Administrator\AppData\Local\Programs\Python\Python38\lib\json\__init__.py", line 357, in loads
    return _default_decoder.decode(s)
  File "C:\Users\Administrator\AppData\Local\Programs\Python\Python38\lib\json\decoder.py", line 337, in decode
    obj, end = self.raw_decode(s, idx=_w(s, 0).end())
  File "C:\Users\Administrator\AppData\Local\Programs\Python\Python38\lib\json\decoder.py", line 355, in raw_decode
    raise JSONDecodeError("Expecting value", s, err.value) from None
json.decoder.JSONDecodeError: Expecting value: line 1 column 1 (char 0)

During handling of the above exception, another exception occurred:

Traceback (most recent call last):
  File "C:\Data\夸克转存\test\..\client\backend\services\cloud189_service.py", line 352, in mkdir
    result = response.json()
  File "C:\Users\Administrator\AppData\Local\Programs\Python\Python38\lib\site-packages\requests\models.py", line 975, in json
    raise RequestsJSONDecodeError(e.msg, e.doc, e.pos)
requests.exceptions.JSONDecodeError: Expecting value: line 1 column 1 (char 0)
2026-01-15 18:48:48 - app - ERROR - 189云盘创建文件夹失败: 测试, error=创建文件夹失败: Expecting value: line 1 column 1 (char 0)
2026-01-15 18:48:48 - app - INFO - [save_share] 开始执行: url=https://h5.cloud.189.cn/share.html#/t/JV3Y3mZreqmi, target_folder_id=-11
2026-01-15 18:48:48 - app - INFO - 解析天翼分享链接: url=https://h5.cloud.189.cn/share.html#/t/JV3Y3mZreqmi, share_code=JV3Y3mZreqmi, access_code=
2026-01-15 18:48:48 - app - INFO - 开始转存189分享: share_code=JV3Y3mZreqmi
2026-01-15 18:48:48 - app - ERROR - 获取189分享信息失败: Expecting value: line 1 column 1 (char 0)
2026-01-15 18:48:49 - app - INFO - 许可证管理器初始化完成,服务器: http://license.22l2.com
2026-01-15 18:48:49 - app - INFO - 初始化许可证管理器...
2026-01-15 18:48:50 - app - INFO - 许可证管理器初始化完成,服务器: http://license.22l2.com
2026-01-15 18:48:50 - app - INFO - 初始化许可证管理器...
2026-01-15 18:48:50 - app - INFO - 解密密钥设置成功
2026-01-15 18:48:50 - app - INFO - 解密密钥获取成功
2026-01-15 18:48:50 - app - INFO - 解密密钥获取成功，配置已就绪
2026-01-15 18:48:50 - app - INFO - 配置解密成功
2026-01-15 18:48:50 - app - INFO - 夸克API配置加载成功
2026-01-15 18:48:50 - app - INFO - 夸克API配置加载完成
2026-01-15 18:48:50 - app - INFO - 检查数据库...
2026-01-15 18:48:50 - app - INFO - 数据库检查完成
2026-01-15 18:48:50 - app - INFO - 检查数据库迁移...
2026-01-15 18:48:50 - app - INFO - 数据库迁移检查完成
2026-01-15 18:48:50 - app - INFO - 清理异常中断的任务状态...
2026-01-15 18:48:50 - app - INFO - 升级管理器初始化完成
2026-01-15 18:48:50 - app - INFO - Flask应用创建成功
2026-01-15 18:48:50 - app - INFO - 静态文件目录: C:\Data\夸克转存\client\frontend
2026-01-15 18:48:50 - app - INFO - 启动任务调度服务...
2026-01-15 18:48:50 - app - INFO - 检查被中断的影视下载任务...
2026-01-15 18:48:50 - app - INFO - 没有需要恢复的影视下载任务
2026-01-15 18:48:50 - app - INFO - 账期生成循环已启动
2026-01-15 18:48:50 - app - INFO - 账期生成线程已启动
2026-01-15 18:48:50 - app - INFO - 开始生成 2026-01-15 的任务账期
2026-01-15 18:48:50 - app - INFO - 任务执行循环已启动
2026-01-15 18:48:50 - app - INFO - 任务执行线程已启动
2026-01-15 18:48:50 - app - INFO - 日志清理循环已启动
2026-01-15 18:48:50 - app - INFO - 日志清理线程已启动
2026-01-15 18:48:50 - app - INFO - 下次日志清理时间: 2026-01-16 02:00:00
2026-01-15 18:48:50 - app - INFO - 跳过一次性执行任务: 测试
2026-01-15 18:48:50 - app - INFO - 启动Flask服务: http://0.0.0.0:8520
2026-01-15 18:48:50 - app - INFO - 跳过一次性执行任务: 测试谢谢谢谢
2026-01-15 18:48:50 - app - INFO - 跳过一次性执行任务: 小城大事
2026-01-15 18:48:50 - app - INFO - ✅ 生成完成，共创建 0 条待执行记录
2026-01-15 18:48:50 - app - INFO - 下次生成账期时间: 2026-01-16 00:00:00, 等待 18669 秒
2026-01-15 18:48:51 - app - INFO - 解密密钥设置成功
2026-01-15 18:48:51 - app - INFO - 解密密钥获取成功
2026-01-15 18:48:51 - app - INFO - 解密密钥获取成功，配置已就绪
2026-01-15 18:48:51 - app - INFO - 配置解密成功
2026-01-15 18:48:51 - app - INFO - 夸克API配置加载成功
2026-01-15 18:48:51 - app - INFO - 夸克API配置加载完成
2026-01-15 18:48:51 - app - INFO - 检查数据库...
2026-01-15 18:48:51 - app - INFO - 数据库检查完成
2026-01-15 18:48:51 - app - INFO - 检查数据库迁移...
2026-01-15 18:48:51 - app - INFO - 数据库迁移检查完成
2026-01-15 18:48:51 - app - INFO - 清理异常中断的任务状态...
2026-01-15 18:48:51 - app - INFO - 升级管理器初始化完成
2026-01-15 18:48:51 - app - INFO - Flask应用创建成功
2026-01-15 18:48:51 - app - INFO - 静态文件目录: C:\Data\夸克转存\client\frontend
2026-01-15 18:48:51 - app - INFO - 启动任务调度服务...
2026-01-15 18:48:51 - app - INFO - 检查被中断的影视下载任务...
2026-01-15 18:48:51 - app - INFO - 没有需要恢复的影视下载任务
2026-01-15 18:48:51 - app - INFO - 账期生成循环已启动
2026-01-15 18:48:51 - app - INFO - 账期生成线程已启动
2026-01-15 18:48:51 - app - INFO - 开始生成 2026-01-15 的任务账期
2026-01-15 18:48:51 - app - INFO - 任务执行循环已启动
2026-01-15 18:48:51 - app - INFO - 任务执行线程已启动
2026-01-15 18:48:51 - app - INFO - 日志清理循环已启动
2026-01-15 18:48:51 - app - INFO - 日志清理线程已启动
2026-01-15 18:48:51 - app - INFO - 下次日志清理时间: 2026-01-16 02:00:00
2026-01-15 18:48:51 - app - INFO - 启动Flask服务: http://0.0.0.0:8520
2026-01-15 18:48:51 - app - INFO - 跳过一次性执行任务: 测试
2026-01-15 18:48:51 - app - INFO - 跳过一次性执行任务: 测试谢谢谢谢
2026-01-15 18:48:51 - app - INFO - 跳过一次性执行任务: 小城大事
2026-01-15 18:48:51 - app - INFO - ✅ 生成完成，共创建 0 条待执行记录
2026-01-15 18:48:51 - app - INFO - 下次生成账期时间: 2026-01-16 00:00:00, 等待 18668 秒
2026-01-15 18:49:02 - app - INFO - 许可证管理器初始化完成,服务器: http://license.22l2.com
2026-01-15 18:49:02 - app - INFO - 初始化许可证管理器...
2026-01-15 18:49:02 - app - INFO - 许可证管理器初始化完成,服务器: http://license.22l2.com
2026-01-15 18:49:02 - app - INFO - 初始化许可证管理器...
2026-01-15 18:49:03 - app - INFO - 解密密钥设置成功
2026-01-15 18:49:03 - app - INFO - 解密密钥获取成功
2026-01-15 18:49:03 - app - INFO - 解密密钥获取成功，配置已就绪
2026-01-15 18:49:03 - app - INFO - 配置解密成功
2026-01-15 18:49:03 - app - INFO - 夸克API配置加载成功
2026-01-15 18:49:03 - app - INFO - 夸克API配置加载完成
2026-01-15 18:49:03 - app - INFO - 检查数据库...
2026-01-15 18:49:03 - app - INFO - 数据库检查完成
2026-01-15 18:49:03 - app - INFO - 检查数据库迁移...
2026-01-15 18:49:03 - app - INFO - 数据库迁移检查完成
2026-01-15 18:49:03 - app - INFO - 清理异常中断的任务状态...
2026-01-15 18:49:03 - app - INFO - 升级管理器初始化完成
2026-01-15 18:49:03 - app - INFO - Flask应用创建成功
2026-01-15 18:49:03 - app - INFO - 静态文件目录: C:\Data\夸克转存\client\frontend
2026-01-15 18:49:03 - app - INFO - 启动任务调度服务...
2026-01-15 18:49:03 - app - INFO - 检查被中断的影视下载任务...
2026-01-15 18:49:03 - app - INFO - 没有需要恢复的影视下载任务
2026-01-15 18:49:03 - app - INFO - 账期生成循环已启动
2026-01-15 18:49:03 - app - INFO - 账期生成线程已启动
2026-01-15 18:49:03 - app - INFO - 开始生成 2026-01-15 的任务账期
2026-01-15 18:49:03 - app - INFO - 任务执行循环已启动
2026-01-15 18:49:03 - app - INFO - 任务执行线程已启动
2026-01-15 18:49:03 - app - INFO - 日志清理循环已启动
2026-01-15 18:49:03 - app - INFO - 日志清理线程已启动
2026-01-15 18:49:03 - app - INFO - 下次日志清理时间: 2026-01-16 02:00:00
2026-01-15 18:49:03 - app - INFO - 启动Flask服务: http://0.0.0.0:8520
2026-01-15 18:49:03 - app - INFO - 跳过一次性执行任务: 测试
2026-01-15 18:49:03 - app - INFO - 跳过一次性执行任务: 测试谢谢谢谢
2026-01-15 18:49:03 - app - INFO - 跳过一次性执行任务: 小城大事
2026-01-15 18:49:03 - app - INFO - ✅ 生成完成，共创建 0 条待执行记录
2026-01-15 18:49:03 - app - INFO - 下次生成账期时间: 2026-01-16 00:00:00, 等待 18656 秒
2026-01-15 18:49:04 - app - INFO - 解密密钥设置成功
2026-01-15 18:49:04 - app - INFO - 解密密钥获取成功
2026-01-15 18:49:04 - app - INFO - 解密密钥获取成功，配置已就绪
2026-01-15 18:49:04 - app - INFO - 配置解密成功
2026-01-15 18:49:04 - app - INFO - 夸克API配置加载成功
2026-01-15 18:49:04 - app - INFO - 夸克API配置加载完成
2026-01-15 18:49:04 - app - INFO - 检查数据库...
2026-01-15 18:49:04 - app - INFO - 数据库检查完成
2026-01-15 18:49:04 - app - INFO - 检查数据库迁移...
2026-01-15 18:49:04 - app - INFO - 数据库迁移检查完成
2026-01-15 18:49:04 - app - INFO - 清理异常中断的任务状态...
2026-01-15 18:49:04 - app - INFO - 升级管理器初始化完成
2026-01-15 18:49:04 - app - INFO - Flask应用创建成功
2026-01-15 18:49:04 - app - INFO - 静态文件目录: C:\Data\夸克转存\client\frontend
2026-01-15 18:49:04 - app - INFO - 启动任务调度服务...
2026-01-15 18:49:04 - app - INFO - 检查被中断的影视下载任务...
2026-01-15 18:49:04 - app - INFO - 没有需要恢复的影视下载任务
2026-01-15 18:49:04 - app - INFO - 账期生成循环已启动
2026-01-15 18:49:04 - app - INFO - 账期生成线程已启动
2026-01-15 18:49:04 - app - INFO - 开始生成 2026-01-15 的任务账期
2026-01-15 18:49:04 - app - INFO - 任务执行循环已启动
2026-01-15 18:49:04 - app - INFO - 任务执行线程已启动
2026-01-15 18:49:04 - app - INFO - 日志清理循环已启动
2026-01-15 18:49:04 - app - INFO - 日志清理线程已启动
2026-01-15 18:49:04 - app - INFO - 下次日志清理时间: 2026-01-16 02:00:00
2026-01-15 18:49:04 - app - INFO - 启动Flask服务: http://0.0.0.0:8520
2026-01-15 18:49:04 - app - INFO - 跳过一次性执行任务: 测试
2026-01-15 18:49:04 - app - INFO - 跳过一次性执行任务: 测试谢谢谢谢
2026-01-15 18:49:04 - app - INFO - 跳过一次性执行任务: 小城大事
2026-01-15 18:49:04 - app - INFO - ✅ 生成完成，共创建 0 条待执行记录
2026-01-15 18:49:04 - app - INFO - 下次生成账期时间: 2026-01-16 00:00:00, 等待 18655 秒
2026-01-15 18:49:08 - app - INFO - 解析天翼分享链接: url=https://cloud.189.cn/web/share?code=abc123, share_code=abc123, access_code=
2026-01-15 18:49:08 - app - INFO - 解析天翼分享链接: url=https://cloud.189.cn/t/xyz789, share_code=xyz789, access_code=
2026-01-15 18:49:08 - app - INFO - 解析天翼分享链接: url=https://h5.cloud.189.cn/share.html#/t/def456, share_code=def456, access_code=
2026-01-15 18:49:19 - app - INFO - 189账号容量响应: status=200
2026-01-15 18:49:19 - app - INFO - 189账号信息结果: {'res_code': 0, 'res_message': '成功', 'account': '151****9783@189.cn', 'cloudCapacityInfo': {'freeSize': 10989295987800, 'mail189UsedSize': 0, 'totalSize': 11011341942784, 'usedSize': 22045954984}, 'familyCapacityInfo': {'freeSize': 32198198215, 'totalSize': 32212254720, 'usedSize': 14056505}, 'totalSize': 11043554197504}
2026-01-15 18:49:19 - app - INFO - 189获取文件列表请求: folder_id=-11, page=1, size=10
2026-01-15 18:49:19 - app - INFO - 189文件列表响应状态码: 200
2026-01-15 18:49:19 - app - INFO - 189文件列表获取成功: 文件夹10个, 文件0个
2026-01-15 18:49:19 - app - INFO - 189云盘路径解析: path=测试, parts=['测试']
2026-01-15 18:49:19 - app - INFO - 189获取文件列表请求: folder_id=-11, page=1, size=1000
2026-01-15 18:49:19 - app - INFO - 189文件列表响应状态码: 200
2026-01-15 18:49:19 - app - INFO - 189文件列表获取成功: 文件夹11个, 文件2个
2026-01-15 18:49:19 - app - INFO - 189云盘找到文件夹: 测试 -> 323911228907722297
2026-01-15 18:49:19 - app - INFO - [save_share] 开始执行: url=https://h5.cloud.189.cn/share.html#/t/JV3Y3mZreqmi, target_folder_id=323911228907722297
2026-01-15 18:49:19 - app - INFO - 解析天翼分享链接: url=https://h5.cloud.189.cn/share.html#/t/JV3Y3mZreqmi, share_code=JV3Y3mZreqmi, access_code=
2026-01-15 18:49:19 - app - INFO - 开始转存189分享: share_code=JV3Y3mZreqmi
2026-01-15 18:49:20 - app - INFO - 分享信息: shareId=12547119517682, shareMode=3, rootFileId=323421229629570696
2026-01-15 18:49:20 - app - INFO - 列出分享目录请求: {'shareId': 12547119517682, 'isFolder': 'true', 'shareMode': 3, 'orderBy': 'lastOpTime', 'descending': 'true', 'pageNum': 1, 'pageSize': 1000, 'fileId': '323421229629570696'}
2026-01-15 18:49:20 - app - INFO - 列出分享目录响应: {'res_code': 0, 'res_message': '成功', 'expireTime': 0, 'expireType': 0, 'fileListAO': {'count': 2, 'fileList': [{'createDate': '2026-01-15 00:12:04', 'fileCata': 1, 'id': 525233229659568152, 'lastOpTime': '2026-01-15 00:12:04', 'md5': '2DB96647BD5C3C356863B1685A4734E8', 'mediaType': 4, 'name': '雷鲸小站3.txt', 'rev': '20260115001204', 'size': 204, 'starLabel': 2}], 'fileListSize': 1, 'folderList': [{'createDate': '2026-01-15 00:02:36', 'fileCata': 1, 'fileListSize': 0, 'id': 924631229621493439, 'lastOpTime': '2026-01-15 00:29:11', 'name': 'Season 1', 'parentId': 323421229629570696, 'rev': '20260115002911', 'starLabel': 2}]}, 'lastRev': 20260115185003}
2026-01-15 18:49:20 - app - INFO - 准备转存 2 个文件/文件夹
2026-01-15 18:49:20 - app - INFO - 189转存任务参数: type=SHARE_SAVE, shareId=12547119517682, targetFolderId=323911228907722297, shareMode=3
2026-01-15 18:49:20 - app - INFO - 189转存文件列表: [{"fileId": "924631229621493439", "fileName": "Season 1", "isFolder": 1}, {"fileId": "525233229659568152", "fileName": "\u96f7\u9cb8\u5c0f\u7ad93.txt", "isFolder": 0}]
2026-01-15 18:49:20 - app - INFO - 创建批量任务请求: {'type': 'SHARE_SAVE', 'shareId': '12547119517682', 'taskInfos': '[{"fileId": "924631229621493439", "fileName": "Season 1", "isFolder": 1}, {"fileId": "525233229659568152", "fileName": "\\u96f7\\u9cb8\\u5c0f\\u7ad93.txt", "isFolder": 0}]', 'targetFolderId': '323911228907722297', 'shareMode': '3'}
2026-01-15 18:49:20 - app - INFO - 创建批量任务响应状态码: 403
2026-01-15 18:49:20 - app - INFO - 创建批量任务响应内容: <!DOCTYPE html>
<html lang="en">
<head>
    <meta charset="UTF-8">
    <meta name="viewport" content="width=device-width, initial-scale=1.0, initial-scale=1, minimum-scale=1, maximum-scale=1, user-scalable=no">
    <title>Access Denied</title>
    <style>
        * {
            margin: 0;
            padding: 0;
            box-sizing: border-box;
        }

        body {
            font-family: "Microsoft Yahei", Arial, Helvetica, sans-serif, sans-serif;
            font-size: 12px;
        
2026-01-15 18:49:54 - app - INFO - 许可证管理器初始化完成,服务器: http://license.22l2.com
2026-01-15 18:49:54 - app - INFO - 许可证管理器初始化完成,服务器: http://license.22l2.com
2026-01-15 18:49:54 - app - INFO - 初始化许可证管理器...
2026-01-15 18:49:54 - app - INFO - 初始化许可证管理器...
2026-01-15 18:49:55 - app - INFO - 解密密钥设置成功
2026-01-15 18:49:55 - app - INFO - 解密密钥获取成功
2026-01-15 18:49:55 - app - INFO - 解密密钥获取成功，配置已就绪
2026-01-15 18:49:55 - app - INFO - 配置解密成功
2026-01-15 18:49:55 - app - INFO - 夸克API配置加载成功
2026-01-15 18:49:55 - app - INFO - 夸克API配置加载完成
2026-01-15 18:49:55 - app - INFO - 检查数据库...
2026-01-15 18:49:55 - app - INFO - 数据库检查完成
2026-01-15 18:49:55 - app - INFO - 检查数据库迁移...
2026-01-15 18:49:55 - app - INFO - 数据库迁移检查完成
2026-01-15 18:49:55 - app - INFO - 清理异常中断的任务状态...
2026-01-15 18:49:55 - app - INFO - 升级管理器初始化完成
2026-01-15 18:49:55 - app - INFO - Flask应用创建成功
2026-01-15 18:49:55 - app - INFO - 静态文件目录: C:\Data\夸克转存\client\frontend
2026-01-15 18:49:55 - app - INFO - 启动任务调度服务...
2026-01-15 18:49:55 - app - INFO - 检查被中断的影视下载任务...
2026-01-15 18:49:55 - app - INFO - 没有需要恢复的影视下载任务
2026-01-15 18:49:55 - app - INFO - 账期生成循环已启动
2026-01-15 18:49:55 - app - INFO - 账期生成线程已启动
2026-01-15 18:49:55 - app - INFO - 开始生成 2026-01-15 的任务账期
2026-01-15 18:49:55 - app - INFO - 任务执行循环已启动
2026-01-15 18:49:55 - app - INFO - 任务执行线程已启动
2026-01-15 18:49:55 - app - INFO - 日志清理循环已启动
2026-01-15 18:49:55 - app - INFO - 日志清理线程已启动
2026-01-15 18:49:55 - app - INFO - 下次日志清理时间: 2026-01-16 02:00:00
2026-01-15 18:49:55 - app - INFO - 跳过一次性执行任务: 测试
2026-01-15 18:49:55 - app - INFO - 启动Flask服务: http://0.0.0.0:8520
2026-01-15 18:49:55 - app - INFO - 跳过一次性执行任务: 测试谢谢谢谢
2026-01-15 18:49:55 - app - INFO - 跳过一次性执行任务: 小城大事
2026-01-15 18:49:55 - app - INFO - ✅ 生成完成，共创建 0 条待执行记录
2026-01-15 18:49:55 - app - INFO - 下次生成账期时间: 2026-01-16 00:00:00, 等待 18605 秒
2026-01-15 18:49:55 - app - INFO - 解密密钥设置成功
2026-01-15 18:49:55 - app - INFO - 解密密钥获取成功
2026-01-15 18:49:55 - app - INFO - 解密密钥获取成功，配置已就绪
2026-01-15 18:49:55 - app - INFO - 配置解密成功
2026-01-15 18:49:55 - app - INFO - 夸克API配置加载成功
2026-01-15 18:49:55 - app - INFO - 夸克API配置加载完成
2026-01-15 18:49:55 - app - INFO - 检查数据库...
2026-01-15 18:49:55 - app - INFO - 数据库检查完成
2026-01-15 18:49:55 - app - INFO - 检查数据库迁移...
2026-01-15 18:49:55 - app - INFO - 数据库迁移检查完成
2026-01-15 18:49:55 - app - INFO - 清理异常中断的任务状态...
2026-01-15 18:49:55 - app - INFO - 升级管理器初始化完成
2026-01-15 18:49:55 - app - INFO - Flask应用创建成功
2026-01-15 18:49:55 - app - INFO - 静态文件目录: C:\Data\夸克转存\client\frontend
2026-01-15 18:49:55 - app - INFO - 启动任务调度服务...
2026-01-15 18:49:55 - app - INFO - 检查被中断的影视下载任务...
2026-01-15 18:49:55 - app - INFO - 没有需要恢复的影视下载任务
2026-01-15 18:49:55 - app - INFO - 账期生成循环已启动
2026-01-15 18:49:55 - app - INFO - 账期生成线程已启动
2026-01-15 18:49:55 - app - INFO - 开始生成 2026-01-15 的任务账期
2026-01-15 18:49:55 - app - INFO - 任务执行循环已启动
2026-01-15 18:49:55 - app - INFO - 任务执行线程已启动
2026-01-15 18:49:55 - app - INFO - 跳过一次性执行任务: 测试
2026-01-15 18:49:55 - app - INFO - 跳过一次性执行任务: 测试谢谢谢谢
2026-01-15 18:49:55 - app - INFO - 日志清理循环已启动
2026-01-15 18:49:55 - app - INFO - 跳过一次性执行任务: 小城大事
2026-01-15 18:49:55 - app - INFO - 日志清理线程已启动
2026-01-15 18:49:55 - app - INFO - 下次日志清理时间: 2026-01-16 02:00:00
2026-01-15 18:49:55 - app - INFO - ✅ 生成完成，共创建 0 条待执行记录
2026-01-15 18:49:55 - app - INFO - 启动Flask服务: http://0.0.0.0:8520
2026-01-15 18:49:55 - app - INFO - 下次生成账期时间: 2026-01-16 00:00:00, 等待 18604 秒
2026-01-15 18:50:05 - app - INFO - 许可证管理器初始化完成,服务器: http://license.22l2.com
2026-01-15 18:50:05 - app - INFO - 初始化许可证管理器...
2026-01-15 18:50:05 - app - INFO - 许可证管理器初始化完成,服务器: http://license.22l2.com
2026-01-15 18:50:05 - app - INFO - 初始化许可证管理器...
2026-01-15 18:50:07 - app - INFO - 解密密钥设置成功
2026-01-15 18:50:07 - app - INFO - 解密密钥获取成功
2026-01-15 18:50:07 - app - INFO - 解密密钥获取成功，配置已就绪
2026-01-15 18:50:07 - app - INFO - 配置解密成功
2026-01-15 18:50:07 - app - INFO - 夸克API配置加载成功
2026-01-15 18:50:07 - app - INFO - 夸克API配置加载完成
2026-01-15 18:50:07 - app - INFO - 检查数据库...
2026-01-15 18:50:07 - app - INFO - 数据库检查完成
2026-01-15 18:50:07 - app - INFO - 检查数据库迁移...
2026-01-15 18:50:07 - app - INFO - 数据库迁移检查完成
2026-01-15 18:50:07 - app - INFO - 清理异常中断的任务状态...
2026-01-15 18:50:07 - app - INFO - 升级管理器初始化完成
2026-01-15 18:50:07 - app - INFO - Flask应用创建成功
2026-01-15 18:50:07 - app - INFO - 静态文件目录: C:\Data\夸克转存\client\frontend
2026-01-15 18:50:07 - app - INFO - 启动任务调度服务...
2026-01-15 18:50:07 - app - INFO - 检查被中断的影视下载任务...
2026-01-15 18:50:07 - app - INFO - 没有需要恢复的影视下载任务
2026-01-15 18:50:07 - app - INFO - 账期生成循环已启动
2026-01-15 18:50:07 - app - INFO - 账期生成线程已启动
2026-01-15 18:50:07 - app - INFO - 开始生成 2026-01-15 的任务账期
2026-01-15 18:50:07 - app - INFO - 任务执行循环已启动
2026-01-15 18:50:07 - app - INFO - 任务执行线程已启动
2026-01-15 18:50:07 - app - INFO - 日志清理循环已启动
2026-01-15 18:50:07 - app - INFO - 日志清理线程已启动
2026-01-15 18:50:07 - app - INFO - 下次日志清理时间: 2026-01-16 02:00:00
2026-01-15 18:50:07 - app - INFO - 启动Flask服务: http://0.0.0.0:8520
2026-01-15 18:50:07 - app - INFO - 跳过一次性执行任务: 测试
2026-01-15 18:50:07 - app - INFO - 跳过一次性执行任务: 测试谢谢谢谢
2026-01-15 18:50:07 - app - INFO - 跳过一次性执行任务: 小城大事
2026-01-15 18:50:07 - app - INFO - ✅ 生成完成，共创建 0 条待执行记录
2026-01-15 18:50:07 - app - INFO - 下次生成账期时间: 2026-01-16 00:00:00, 等待 18593 秒
2026-01-15 18:50:07 - app - INFO - 解密密钥设置成功
2026-01-15 18:50:07 - app - INFO - 解密密钥获取成功
2026-01-15 18:50:07 - app - INFO - 解密密钥获取成功，配置已就绪
2026-01-15 18:50:07 - app - INFO - 配置解密成功
2026-01-15 18:50:07 - app - INFO - 夸克API配置加载成功
2026-01-15 18:50:07 - app - INFO - 夸克API配置加载完成
2026-01-15 18:50:07 - app - INFO - 检查数据库...
2026-01-15 18:50:07 - app - INFO - 数据库检查完成
2026-01-15 18:50:07 - app - INFO - 检查数据库迁移...
2026-01-15 18:50:07 - app - INFO - 数据库迁移检查完成
2026-01-15 18:50:07 - app - INFO - 清理异常中断的任务状态...
2026-01-15 18:50:07 - app - INFO - 升级管理器初始化完成
2026-01-15 18:50:07 - app - INFO - Flask应用创建成功
2026-01-15 18:50:07 - app - INFO - 静态文件目录: C:\Data\夸克转存\client\frontend
2026-01-15 18:50:07 - app - INFO - 启动任务调度服务...
2026-01-15 18:50:07 - app - INFO - 检查被中断的影视下载任务...
2026-01-15 18:50:07 - app - INFO - 没有需要恢复的影视下载任务
2026-01-15 18:50:07 - app - INFO - 账期生成循环已启动
2026-01-15 18:50:07 - app - INFO - 账期生成线程已启动
2026-01-15 18:50:07 - app - INFO - 开始生成 2026-01-15 的任务账期
2026-01-15 18:50:07 - app - INFO - 任务执行循环已启动
2026-01-15 18:50:07 - app - INFO - 任务执行线程已启动
2026-01-15 18:50:07 - app - INFO - 日志清理循环已启动
2026-01-15 18:50:07 - app - INFO - 日志清理线程已启动
2026-01-15 18:50:07 - app - INFO - 下次日志清理时间: 2026-01-16 02:00:00
2026-01-15 18:50:07 - app - INFO - 跳过一次性执行任务: 测试
2026-01-15 18:50:07 - app - INFO - 启动Flask服务: http://0.0.0.0:8520
2026-01-15 18:50:07 - app - INFO - 跳过一次性执行任务: 测试谢谢谢谢
2026-01-15 18:50:07 - app - INFO - 跳过一次性执行任务: 小城大事
2026-01-15 18:50:07 - app - INFO - ✅ 生成完成，共创建 0 条待执行记录
2026-01-15 18:50:07 - app - INFO - 下次生成账期时间: 2026-01-16 00:00:00, 等待 18592 秒
2026-01-15 18:50:12 - app - INFO - 解析天翼分享链接: url=https://cloud.189.cn/web/share?code=abc123, share_code=abc123, access_code=
2026-01-15 18:50:12 - app - INFO - 解析天翼分享链接: url=https://cloud.189.cn/t/xyz789, share_code=xyz789, access_code=
2026-01-15 18:50:12 - app - INFO - 解析天翼分享链接: url=https://h5.cloud.189.cn/share.html#/t/def456, share_code=def456, access_code=
2026-01-15 18:50:24 - app - INFO - 189账号容量响应: status=200
2026-01-15 18:50:24 - app - INFO - 189账号信息结果: {'res_code': 0, 'res_message': '成功', 'account': '151****9783@189.cn', 'cloudCapacityInfo': {'freeSize': 10989295987800, 'mail189UsedSize': 0, 'totalSize': 11011341942784, 'usedSize': 22045954984}, 'familyCapacityInfo': {'freeSize': 32198198215, 'totalSize': 32212254720, 'usedSize': 14056505}, 'totalSize': 11043554197504}
2026-01-15 18:50:24 - app - INFO - 189获取文件列表请求: folder_id=-11, page=1, size=10
2026-01-15 18:50:24 - app - INFO - 189文件列表响应状态码: 200
2026-01-15 18:50:24 - app - INFO - 189文件列表获取成功: 文件夹10个, 文件0个
2026-01-15 18:50:24 - app - INFO - 189云盘路径解析: path=测试, parts=['测试']
2026-01-15 18:50:24 - app - INFO - 189获取文件列表请求: folder_id=-11, page=1, size=1000
2026-01-15 18:50:24 - app - INFO - 189文件列表响应状态码: 200
2026-01-15 18:50:24 - app - INFO - 189文件列表获取成功: 文件夹11个, 文件2个
2026-01-15 18:50:24 - app - INFO - 189云盘找到文件夹: 测试 -> 323911228907722297
2026-01-15 18:50:24 - app - INFO - [save_share] 开始执行: url=https://h5.cloud.189.cn/share.html#/t/JV3Y3mZreqmi, target_folder_id=323911228907722297
2026-01-15 18:50:24 - app - INFO - 解析天翼分享链接: url=https://h5.cloud.189.cn/share.html#/t/JV3Y3mZreqmi, share_code=JV3Y3mZreqmi, access_code=
2026-01-15 18:50:24 - app - INFO - 开始转存189分享: share_code=JV3Y3mZreqmi
2026-01-15 18:50:24 - app - INFO - 分享信息: shareId=12547119517682, shareMode=3, rootFileId=323421229629570696
2026-01-15 18:50:24 - app - INFO - 列出分享目录请求: {'shareId': 12547119517682, 'isFolder': 'true', 'shareMode': 3, 'orderBy': 'lastOpTime', 'descending': 'true', 'pageNum': 1, 'pageSize': 1000, 'fileId': '323421229629570696'}
2026-01-15 18:50:24 - app - INFO - 列出分享目录响应: {'res_code': 0, 'res_message': '成功', 'expireTime': 0, 'expireType': 0, 'fileListAO': {'count': 2, 'fileList': [{'createDate': '2026-01-15 00:12:04', 'fileCata': 1, 'id': 525233229659568152, 'lastOpTime': '2026-01-15 00:12:04', 'md5': '2DB96647BD5C3C356863B1685A4734E8', 'mediaType': 4, 'name': '雷鲸小站3.txt', 'rev': '20260115001204', 'size': 204, 'starLabel': 2}], 'fileListSize': 1, 'folderList': [{'createDate': '2026-01-15 00:02:36', 'fileCata': 1, 'fileListSize': 0, 'id': 924631229621493439, 'lastOpTime': '2026-01-15 00:29:11', 'name': 'Season 1', 'parentId': 323421229629570696, 'rev': '20260115002911', 'starLabel': 2}]}, 'lastRev': 20260115185108}
2026-01-15 18:50:24 - app - INFO - 准备转存 2 个文件/文件夹
2026-01-15 18:50:24 - app - INFO - 189转存任务参数: type=SHARE_SAVE, shareId=12547119517682, targetFolderId=323911228907722297, shareMode=3
2026-01-15 18:50:24 - app - INFO - 189转存文件列表: [{"fileId": "924631229621493439", "fileName": "Season 1", "isFolder": 1}, {"fileId": "525233229659568152", "fileName": "\u96f7\u9cb8\u5c0f\u7ad93.txt", "isFolder": 0}]
2026-01-15 18:50:24 - app - INFO - 创建批量任务请求: {'type': 'SHARE_SAVE', 'shareId': '12547119517682', 'taskInfos': '[{"fileId": "924631229621493439", "fileName": "Season 1", "isFolder": 1}, {"fileId": "525233229659568152", "fileName": "\\u96f7\\u9cb8\\u5c0f\\u7ad93.txt", "isFolder": 0}]', 'targetFolderId': '323911228907722297', 'shareMode': '3'}
2026-01-15 18:50:24 - app - INFO - 创建批量任务响应状态码: 403
2026-01-15 18:50:24 - app - INFO - 创建批量任务响应内容: <!DOCTYPE html>
<html lang="en">
<head>
    <meta charset="UTF-8">
    <meta name="viewport" content="width=device-width, initial-scale=1.0, initial-scale=1, minimum-scale=1, maximum-scale=1, user-scalable=no">
    <title>Access Denied</title>
    <style>
        * {
            margin: 0;
            padding: 0;
            box-sizing: border-box;
        }

        body {
            font-family: "Microsoft Yahei", Arial, Helvetica, sans-serif, sans-serif;
            font-size: 12px;
        
2026-01-15 18:51:00 - app - INFO - 许可证管理器初始化完成,服务器: http://license.22l2.com
2026-01-15 18:51:00 - app - INFO - 初始化许可证管理器...
2026-01-15 18:51:00 - app - INFO - 许可证管理器初始化完成,服务器: http://license.22l2.com
2026-01-15 18:51:00 - app - INFO - 初始化许可证管理器...
2026-01-15 18:51:01 - app - INFO - 解密密钥设置成功
2026-01-15 18:51:01 - app - INFO - 解密密钥获取成功
2026-01-15 18:51:01 - app - INFO - 解密密钥获取成功，配置已就绪
2026-01-15 18:51:01 - app - INFO - 配置解密成功
2026-01-15 18:51:01 - app - INFO - 夸克API配置加载成功
2026-01-15 18:51:01 - app - INFO - 夸克API配置加载完成
2026-01-15 18:51:01 - app - INFO - 检查数据库...
2026-01-15 18:51:01 - app - INFO - 数据库检查完成
2026-01-15 18:51:01 - app - INFO - 检查数据库迁移...
2026-01-15 18:51:01 - app - INFO - 数据库迁移检查完成
2026-01-15 18:51:01 - app - INFO - 清理异常中断的任务状态...
2026-01-15 18:51:01 - app - INFO - 升级管理器初始化完成
2026-01-15 18:51:01 - app - INFO - Flask应用创建成功
2026-01-15 18:51:01 - app - INFO - 静态文件目录: C:\Data\夸克转存\client\frontend
2026-01-15 18:51:01 - app - INFO - 启动任务调度服务...
2026-01-15 18:51:01 - app - INFO - 检查被中断的影视下载任务...
2026-01-15 18:51:01 - app - INFO - 没有需要恢复的影视下载任务
2026-01-15 18:51:01 - app - INFO - 账期生成循环已启动
2026-01-15 18:51:01 - app - INFO - 账期生成线程已启动
2026-01-15 18:51:01 - app - INFO - 开始生成 2026-01-15 的任务账期
2026-01-15 18:51:01 - app - INFO - 任务执行循环已启动
2026-01-15 18:51:01 - app - INFO - 任务执行线程已启动
2026-01-15 18:51:01 - app - INFO - 日志清理循环已启动
2026-01-15 18:51:01 - app - INFO - 日志清理线程已启动
2026-01-15 18:51:01 - app - INFO - 下次日志清理时间: 2026-01-16 02:00:00
2026-01-15 18:51:01 - app - INFO - 跳过一次性执行任务: 测试
2026-01-15 18:51:01 - app - INFO - 启动Flask服务: http://0.0.0.0:8520
2026-01-15 18:51:01 - app - INFO - 跳过一次性执行任务: 测试谢谢谢谢
2026-01-15 18:51:01 - app - INFO - 跳过一次性执行任务: 小城大事
2026-01-15 18:51:01 - app - INFO - ✅ 生成完成，共创建 0 条待执行记录
2026-01-15 18:51:01 - app - INFO - 下次生成账期时间: 2026-01-16 00:00:00, 等待 18539 秒
2026-01-15 18:51:01 - app - INFO - 解密密钥设置成功
2026-01-15 18:51:01 - app - INFO - 解密密钥获取成功
2026-01-15 18:51:01 - app - INFO - 解密密钥获取成功，配置已就绪
2026-01-15 18:51:01 - app - INFO - 配置解密成功
2026-01-15 18:51:01 - app - INFO - 夸克API配置加载成功
2026-01-15 18:51:01 - app - INFO - 夸克API配置加载完成
2026-01-15 18:51:01 - app - INFO - 检查数据库...
2026-01-15 18:51:01 - app - INFO - 数据库检查完成
2026-01-15 18:51:01 - app - INFO - 检查数据库迁移...
2026-01-15 18:51:01 - app - INFO - 数据库迁移检查完成
2026-01-15 18:51:01 - app - INFO - 清理异常中断的任务状态...
2026-01-15 18:51:01 - app - INFO - 升级管理器初始化完成
2026-01-15 18:51:01 - app - INFO - Flask应用创建成功
2026-01-15 18:51:01 - app - INFO - 静态文件目录: C:\Data\夸克转存\client\frontend
2026-01-15 18:51:01 - app - INFO - 启动任务调度服务...
2026-01-15 18:51:02 - app - INFO - 检查被中断的影视下载任务...
2026-01-15 18:51:02 - app - INFO - 没有需要恢复的影视下载任务
2026-01-15 18:51:02 - app - INFO - 账期生成循环已启动
2026-01-15 18:51:02 - app - INFO - 账期生成线程已启动
2026-01-15 18:51:02 - app - INFO - 开始生成 2026-01-15 的任务账期
2026-01-15 18:51:02 - app - INFO - 任务执行循环已启动
2026-01-15 18:51:02 - app - INFO - 任务执行线程已启动
2026-01-15 18:51:02 - app - INFO - 日志清理循环已启动
2026-01-15 18:51:02 - app - INFO - 日志清理线程已启动
2026-01-15 18:51:02 - app - INFO - 跳过一次性执行任务: 测试
2026-01-15 18:51:02 - app - INFO - 下次日志清理时间: 2026-01-16 02:00:00
2026-01-15 18:51:02 - app - INFO - 启动Flask服务: http://0.0.0.0:8520
2026-01-15 18:51:02 - app - INFO - 跳过一次性执行任务: 测试谢谢谢谢
2026-01-15 18:51:02 - app - INFO - 跳过一次性执行任务: 小城大事
2026-01-15 18:51:02 - app - INFO - ✅ 生成完成，共创建 0 条待执行记录
2026-01-15 18:51:02 - app - INFO - 下次生成账期时间: 2026-01-16 00:00:00, 等待 18538 秒
2026-01-15 18:51:06 - app - INFO - 解析天翼分享链接: url=https://cloud.189.cn/web/share?code=abc123, share_code=abc123, access_code=
2026-01-15 18:51:06 - app - INFO - 解析天翼分享链接: url=https://cloud.189.cn/t/xyz789, share_code=xyz789, access_code=
2026-01-15 18:51:06 - app - INFO - 解析天翼分享链接: url=https://h5.cloud.189.cn/share.html#/t/def456, share_code=def456, access_code=
2026-01-15 18:51:06 - app - INFO - 已设置 6 个Cookie字段
2026-01-15 18:51:18 - app - INFO - 189账号容量响应: status=200
2026-01-15 18:51:18 - app - INFO - 189账号信息结果: {'res_code': 0, 'res_message': '成功', 'account': '151****9783@189.cn', 'cloudCapacityInfo': {'freeSize': 10989295987800, 'mail189UsedSize': 0, 'totalSize': 11011341942784, 'usedSize': 22045954984}, 'familyCapacityInfo': {'freeSize': 32198198215, 'totalSize': 32212254720, 'usedSize': 14056505}, 'totalSize': 11043554197504}
2026-01-15 18:51:18 - app - INFO - 189获取文件列表请求: folder_id=-11, page=1, size=10
2026-01-15 18:51:18 - app - INFO - 189文件列表响应状态码: 200
2026-01-15 18:51:18 - app - INFO - 189文件列表获取成功: 文件夹10个, 文件0个
2026-01-15 18:51:18 - app - INFO - 已设置 6 个Cookie字段
2026-01-15 18:51:18 - app - INFO - 189云盘路径解析: path=测试, parts=['测试']
2026-01-15 18:51:18 - app - INFO - 189获取文件列表请求: folder_id=-11, page=1, size=1000
2026-01-15 18:51:18 - app - INFO - 189文件列表响应状态码: 200
2026-01-15 18:51:18 - app - INFO - 189文件列表获取成功: 文件夹11个, 文件2个
2026-01-15 18:51:18 - app - INFO - 189云盘找到文件夹: 测试 -> 323911228907722297
2026-01-15 18:51:18 - app - INFO - [save_share] 开始执行: url=https://h5.cloud.189.cn/share.html#/t/JV3Y3mZreqmi, target_folder_id=323911228907722297
2026-01-15 18:51:18 - app - INFO - 解析天翼分享链接: url=https://h5.cloud.189.cn/share.html#/t/JV3Y3mZreqmi, share_code=JV3Y3mZreqmi, access_code=
2026-01-15 18:51:18 - app - INFO - 开始转存189分享: share_code=JV3Y3mZreqmi
2026-01-15 18:51:18 - app - INFO - 分享信息: shareId=12547119517682, shareMode=3, rootFileId=323421229629570696
2026-01-15 18:51:18 - app - INFO - 列出分享目录请求: {'shareId': 12547119517682, 'isFolder': 'true', 'shareMode': 3, 'orderBy': 'lastOpTime', 'descending': 'true', 'pageNum': 1, 'pageSize': 1000, 'fileId': '323421229629570696'}
2026-01-15 18:51:18 - app - INFO - 列出分享目录响应: {'res_code': 0, 'res_message': '成功', 'expireTime': 0, 'expireType': 0, 'fileListAO': {'count': 2, 'fileList': [{'createDate': '2026-01-15 00:12:04', 'fileCata': 1, 'id': 525233229659568152, 'lastOpTime': '2026-01-15 00:12:04', 'md5': '2DB96647BD5C3C356863B1685A4734E8', 'mediaType': 4, 'name': '雷鲸小站3.txt', 'rev': '20260115001204', 'size': 204, 'starLabel': 2}], 'fileListSize': 1, 'folderList': [{'createDate': '2026-01-15 00:02:36', 'fileCata': 1, 'fileListSize': 0, 'id': 924631229621493439, 'lastOpTime': '2026-01-15 00:29:11', 'name': 'Season 1', 'parentId': 323421229629570696, 'rev': '20260115002911', 'starLabel': 2}]}, 'lastRev': 20260115185202}
2026-01-15 18:51:18 - app - INFO - 准备转存 2 个文件/文件夹
2026-01-15 18:51:18 - app - INFO - 189转存任务参数: type=SHARE_SAVE, shareId=12547119517682, targetFolderId=323911228907722297, shareMode=3
2026-01-15 18:51:18 - app - INFO - 189转存文件列表: [{"fileId": "924631229621493439", "fileName": "Season 1", "isFolder": 1}, {"fileId": "525233229659568152", "fileName": "\u96f7\u9cb8\u5c0f\u7ad93.txt", "isFolder": 0}]
2026-01-15 18:51:18 - app - INFO - 创建批量任务请求: {'type': 'SHARE_SAVE', 'shareId': '12547119517682', 'taskInfos': '[{"fileId": "924631229621493439", "fileName": "Season 1", "isFolder": 1}, {"fileId": "525233229659568152", "fileName": "\\u96f7\\u9cb8\\u5c0f\\u7ad93.txt", "isFolder": 0}]', 'targetFolderId': '323911228907722297', 'shareMode': '3'}
2026-01-15 18:51:18 - app - INFO - 创建批量任务响应状态码: 403
2026-01-15 18:51:18 - app - INFO - 创建批量任务响应内容: <!DOCTYPE html>
<html lang="en">
<head>
    <meta charset="UTF-8">
    <meta name="viewport" content="width=device-width, initial-scale=1.0, initial-scale=1, minimum-scale=1, maximum-scale=1, user-scalable=no">
    <title>Access Denied</title>
    <style>
        * {
            margin: 0;
            padding: 0;
            box-sizing: border-box;
        }

        body {
            font-family: "Microsoft Yahei", Arial, Helvetica, sans-serif, sans-serif;
            font-size: 12px;
        
2026-01-15 18:51:41 - app - INFO - 许可证管理器初始化完成,服务器: http://license.22l2.com
2026-01-15 18:51:41 - app - INFO - 初始化许可证管理器...
2026-01-15 18:51:41 - app - INFO - 许可证管理器初始化完成,服务器: http://license.22l2.com
2026-01-15 18:51:41 - app - INFO - 初始化许可证管理器...
2026-01-15 18:51:42 - app - INFO - 解密密钥设置成功
2026-01-15 18:51:42 - app - INFO - 解密密钥获取成功
2026-01-15 18:51:42 - app - INFO - 解密密钥获取成功，配置已就绪
2026-01-15 18:51:42 - app - INFO - 配置解密成功
2026-01-15 18:51:42 - app - INFO - 夸克API配置加载成功
2026-01-15 18:51:42 - app - INFO - 夸克API配置加载完成
2026-01-15 18:51:42 - app - INFO - 检查数据库...
2026-01-15 18:51:42 - app - INFO - 数据库检查完成
2026-01-15 18:51:42 - app - INFO - 检查数据库迁移...
2026-01-15 18:51:42 - app - INFO - 数据库迁移检查完成
2026-01-15 18:51:42 - app - INFO - 清理异常中断的任务状态...
2026-01-15 18:51:42 - app - INFO - 升级管理器初始化完成
2026-01-15 18:51:42 - app - INFO - Flask应用创建成功
2026-01-15 18:51:42 - app - INFO - 静态文件目录: C:\Data\夸克转存\client\frontend
2026-01-15 18:51:42 - app - INFO - 启动任务调度服务...
2026-01-15 18:51:42 - app - INFO - 检查被中断的影视下载任务...
2026-01-15 18:51:42 - app - INFO - 没有需要恢复的影视下载任务
2026-01-15 18:51:42 - app - INFO - 账期生成循环已启动
2026-01-15 18:51:42 - app - INFO - 账期生成线程已启动
2026-01-15 18:51:42 - app - INFO - 开始生成 2026-01-15 的任务账期
2026-01-15 18:51:42 - app - INFO - 任务执行循环已启动
2026-01-15 18:51:42 - app - INFO - 任务执行线程已启动
2026-01-15 18:51:42 - app - INFO - 日志清理循环已启动
2026-01-15 18:51:42 - app - INFO - 日志清理线程已启动
2026-01-15 18:51:42 - app - INFO - 下次日志清理时间: 2026-01-16 02:00:00
2026-01-15 18:51:42 - app - INFO - 启动Flask服务: http://0.0.0.0:8520
2026-01-15 18:51:42 - app - INFO - 跳过一次性执行任务: 测试
2026-01-15 18:51:42 - app - INFO - 跳过一次性执行任务: 测试谢谢谢谢
2026-01-15 18:51:42 - app - INFO - 跳过一次性执行任务: 小城大事
2026-01-15 18:51:42 - app - INFO - ✅ 生成完成，共创建 0 条待执行记录
2026-01-15 18:51:42 - app - INFO - 下次生成账期时间: 2026-01-16 00:00:00, 等待 18497 秒
2026-01-15 18:51:43 - app - INFO - 解密密钥设置成功
2026-01-15 18:51:43 - app - INFO - 解密密钥获取成功
2026-01-15 18:51:43 - app - INFO - 解密密钥获取成功，配置已就绪
2026-01-15 18:51:43 - app - INFO - 配置解密成功
2026-01-15 18:51:43 - app - INFO - 夸克API配置加载成功
2026-01-15 18:51:43 - app - INFO - 夸克API配置加载完成
2026-01-15 18:51:43 - app - INFO - 检查数据库...
2026-01-15 18:51:43 - app - INFO - 数据库检查完成
2026-01-15 18:51:43 - app - INFO - 检查数据库迁移...
2026-01-15 18:51:43 - app - INFO - 数据库迁移检查完成
2026-01-15 18:51:43 - app - INFO - 清理异常中断的任务状态...
2026-01-15 18:51:44 - app - INFO - 升级管理器初始化完成
2026-01-15 18:51:44 - app - INFO - Flask应用创建成功
2026-01-15 18:51:44 - app - INFO - 静态文件目录: C:\Data\夸克转存\client\frontend
2026-01-15 18:51:44 - app - INFO - 启动任务调度服务...
2026-01-15 18:51:44 - app - INFO - 检查被中断的影视下载任务...
2026-01-15 18:51:44 - app - INFO - 没有需要恢复的影视下载任务
2026-01-15 18:51:44 - app - INFO - 账期生成循环已启动
2026-01-15 18:51:44 - app - INFO - 账期生成线程已启动
2026-01-15 18:51:44 - app - INFO - 开始生成 2026-01-15 的任务账期
2026-01-15 18:51:44 - app - INFO - 任务执行循环已启动
2026-01-15 18:51:44 - app - INFO - 任务执行线程已启动
2026-01-15 18:51:44 - app - INFO - 日志清理循环已启动
2026-01-15 18:51:44 - app - INFO - 日志清理线程已启动
2026-01-15 18:51:44 - app - INFO - 下次日志清理时间: 2026-01-16 02:00:00
2026-01-15 18:51:44 - app - INFO - 启动Flask服务: http://0.0.0.0:8520
2026-01-15 18:51:44 - app - INFO - 跳过一次性执行任务: 测试
2026-01-15 18:51:44 - app - INFO - 跳过一次性执行任务: 测试谢谢谢谢
2026-01-15 18:51:44 - app - INFO - 跳过一次性执行任务: 小城大事
2026-01-15 18:51:44 - app - INFO - ✅ 生成完成，共创建 0 条待执行记录
2026-01-15 18:51:44 - app - INFO - 下次生成账期时间: 2026-01-16 00:00:00, 等待 18496 秒
2026-01-15 18:52:49 - app - INFO - 解析天翼分享链接: url=https://cloud.189.cn/web/share?code=abc123, share_code=abc123, access_code=
2026-01-15 18:52:49 - app - INFO - 解析天翼分享链接: url=https://cloud.189.cn/t/xyz789, share_code=xyz789, access_code=
2026-01-15 18:52:49 - app - INFO - 解析天翼分享链接: url=https://h5.cloud.189.cn/share.html#/t/def456, share_code=def456, access_code=
2026-01-15 18:52:49 - app - INFO - 已设置 6 个Cookie字段
2026-01-15 18:53:00 - app - INFO - 189账号容量响应: status=200
2026-01-15 18:53:00 - app - INFO - 189账号信息结果: {'res_code': 0, 'res_message': '成功', 'account': '151****9783@189.cn', 'cloudCapacityInfo': {'freeSize': 10989295987800, 'mail189UsedSize': 0, 'totalSize': 11011341942784, 'usedSize': 22045954984}, 'familyCapacityInfo': {'freeSize': 32198198215, 'totalSize': 32212254720, 'usedSize': 14056505}, 'totalSize': 11043554197504}
2026-01-15 18:53:00 - app - INFO - 189获取文件列表请求: folder_id=-11, page=1, size=10
2026-01-15 18:53:00 - app - INFO - 189文件列表响应状态码: 200
2026-01-15 18:53:00 - app - INFO - 189文件列表获取成功: 文件夹10个, 文件0个
2026-01-15 18:54:05 - app - INFO - 解析天翼分享链接: url=https://cloud.189.cn/web/share?code=abc123, share_code=abc123, access_code=
2026-01-15 18:54:05 - app - INFO - 解析天翼分享链接: url=https://cloud.189.cn/t/xyz789, share_code=xyz789, access_code=
2026-01-15 18:54:05 - app - INFO - 解析天翼分享链接: url=https://h5.cloud.189.cn/share.html#/t/def456, share_code=def456, access_code=
2026-01-15 18:54:05 - app - INFO - 已设置 6 个Cookie字段
2026-01-15 18:54:16 - app - INFO - 189账号容量响应: status=200
2026-01-15 18:54:16 - app - INFO - 189账号信息结果: {'res_code': 0, 'res_message': '成功', 'account': '151****9783@189.cn', 'cloudCapacityInfo': {'freeSize': 10989295987800, 'mail189UsedSize': 0, 'totalSize': 11011341942784, 'usedSize': 22045954984}, 'familyCapacityInfo': {'freeSize': 32198198215, 'totalSize': 32212254720, 'usedSize': 14056505}, 'totalSize': 11043554197504}
2026-01-15 18:54:16 - app - INFO - 189获取文件列表请求: folder_id=-11, page=1, size=10
2026-01-15 18:54:16 - app - INFO - 189文件列表响应状态码: 200
2026-01-15 18:54:16 - app - INFO - 189文件列表获取成功: 文件夹10个, 文件0个
2026-01-15 18:54:16 - app - INFO - 已设置 6 个Cookie字段
2026-01-15 18:54:16 - app - INFO - 189云盘路径解析: path=测试, parts=['测试']
2026-01-15 18:54:16 - app - INFO - 189获取文件列表请求: folder_id=-11, page=1, size=1000
2026-01-15 18:54:16 - app - INFO - 189文件列表响应状态码: 200
2026-01-15 18:54:16 - app - INFO - 189文件列表获取成功: 文件夹11个, 文件2个
2026-01-15 18:54:16 - app - INFO - 189云盘找到文件夹: 测试 -> 323911228907722297
2026-01-15 18:54:16 - app - INFO - [save_share] 开始执行: url=https://h5.cloud.189.cn/share.html#/t/JV3Y3mZreqmi, target_folder_id=323911228907722297
2026-01-15 18:54:16 - app - INFO - 解析天翼分享链接: url=https://h5.cloud.189.cn/share.html#/t/JV3Y3mZreqmi, share_code=JV3Y3mZreqmi, access_code=
2026-01-15 18:54:16 - app - INFO - 开始转存189分享: share_code=JV3Y3mZreqmi
2026-01-15 18:54:16 - app - INFO - 分享信息: shareId=12547119517682, shareMode=3, rootFileId=323421229629570696
2026-01-15 18:54:16 - app - INFO - 列出分享目录请求: {'shareId': 12547119517682, 'isFolder': 'true', 'shareMode': 3, 'orderBy': 'lastOpTime', 'descending': 'true', 'pageNum': 1, 'pageSize': 1000, 'fileId': '323421229629570696'}
2026-01-15 18:54:16 - app - INFO - 列出分享目录响应: {'res_code': 0, 'res_message': '成功', 'expireTime': 0, 'expireType': 0, 'fileListAO': {'count': 2, 'fileList': [{'createDate': '2026-01-15 00:12:04', 'fileCata': 1, 'id': 525233229659568152, 'lastOpTime': '2026-01-15 00:12:04', 'md5': '2DB96647BD5C3C356863B1685A4734E8', 'mediaType': 4, 'name': '雷鲸小站3.txt', 'rev': '20260115001204', 'size': 204, 'starLabel': 2}], 'fileListSize': 1, 'folderList': [{'createDate': '2026-01-15 00:02:36', 'fileCata': 1, 'fileListSize': 0, 'id': 924631229621493439, 'lastOpTime': '2026-01-15 00:29:11', 'name': 'Season 1', 'parentId': 323421229629570696, 'rev': '20260115002911', 'starLabel': 2}]}, 'lastRev': 20260115185500}
2026-01-15 18:54:16 - app - INFO - 准备转存 2 个文件/文件夹
2026-01-15 18:54:16 - app - INFO - 189转存任务参数: type=SHARE_SAVE, shareId=12547119517682, targetFolderId=323911228907722297, shareMode=3
2026-01-15 18:54:16 - app - INFO - 189转存文件列表: [{"fileId": "924631229621493439", "fileName": "Season 1", "isFolder": 1}, {"fileId": "525233229659568152", "fileName": "\u96f7\u9cb8\u5c0f\u7ad93.txt", "isFolder": 0}]
2026-01-15 18:54:16 - app - INFO - 创建批量任务请求: {'type': 'SHARE_SAVE', 'shareId': '12547119517682', 'taskInfos': '[{"fileId": "924631229621493439", "fileName": "Season 1", "isFolder": 1}, {"fileId": "525233229659568152", "fileName": "\\u96f7\\u9cb8\\u5c0f\\u7ad93.txt", "isFolder": 0}]', 'targetFolderId': '323911228907722297', 'shareMode': '3'}
2026-01-15 18:54:17 - app - INFO - 创建批量任务响应状态码: 403
2026-01-15 18:54:17 - app - INFO - 创建批量任务响应头: {'Server': 'openresty', 'Date': 'Thu, 15 Jan 2026 10:55:00 GMT', 'Content-Type': 'text/html; charset=utf-8', 'Transfer-Encoding': 'chunked', 'Connection': 'keep-alive', 'Vary': 'Accept-Encoding', 'Content-Encoding': 'gzip'}
2026-01-15 18:54:17 - app - INFO - 创建批量任务响应内容: <!DOCTYPE html>
<html lang="en">
<head>
    <meta charset="UTF-8">
    <meta name="viewport" content="width=device-width, initial-scale=1.0, initial-scale=1, minimum-scale=1, maximum-scale=1, user-scalable=no">
    <title>Access Denied</title>
    <style>
        * {
            margin: 0;
            padding: 0;
            box-sizing: border-box;
        }

        body {
            font-family: "Microsoft Yahei", Arial, Helvetica, sans-serif, sans-serif;
            font-size: 12px;
        
2026-01-15 18:58:41 - app - INFO - 许可证管理器初始化完成,服务器: http://license.22l2.com
2026-01-15 18:58:41 - app - INFO - 初始化许可证管理器...
2026-01-15 18:58:42 - app - INFO - 许可证管理器初始化完成,服务器: http://license.22l2.com
2026-01-15 18:58:42 - app - INFO - 初始化许可证管理器...
2026-01-15 18:58:42 - app - INFO - 解密密钥设置成功
2026-01-15 18:58:42 - app - INFO - 解密密钥获取成功
2026-01-15 18:58:42 - app - INFO - 解密密钥获取成功，配置已就绪
2026-01-15 18:58:42 - app - INFO - 配置解密成功
2026-01-15 18:58:42 - app - INFO - 夸克API配置加载成功
2026-01-15 18:58:42 - app - INFO - 夸克API配置加载完成
2026-01-15 18:58:42 - app - INFO - 检查数据库...
2026-01-15 18:58:42 - app - INFO - 数据库检查完成
2026-01-15 18:58:42 - app - INFO - 检查数据库迁移...
2026-01-15 18:58:42 - app - INFO - 数据库迁移检查完成
2026-01-15 18:58:42 - app - INFO - 清理异常中断的任务状态...
2026-01-15 18:58:42 - app - INFO - 升级管理器初始化完成
2026-01-15 18:58:42 - app - INFO - Flask应用创建成功
2026-01-15 18:58:42 - app - INFO - 静态文件目录: C:\Data\夸克转存\client\frontend
2026-01-15 18:58:42 - app - INFO - 启动任务调度服务...
2026-01-15 18:58:42 - app - INFO - 检查被中断的影视下载任务...
2026-01-15 18:58:42 - app - INFO - 没有需要恢复的影视下载任务
2026-01-15 18:58:42 - app - INFO - 账期生成循环已启动
2026-01-15 18:58:42 - app - INFO - 账期生成线程已启动
2026-01-15 18:58:42 - app - INFO - 开始生成 2026-01-15 的任务账期
2026-01-15 18:58:42 - app - INFO - 任务执行循环已启动
2026-01-15 18:58:42 - app - INFO - 任务执行线程已启动
2026-01-15 18:58:42 - app - INFO - 日志清理循环已启动
2026-01-15 18:58:42 - app - INFO - 日志清理线程已启动
2026-01-15 18:58:42 - app - INFO - 下次日志清理时间: 2026-01-16 02:00:00
2026-01-15 18:58:42 - app - INFO - 跳过一次性执行任务: 测试
2026-01-15 18:58:42 - app - INFO - 启动Flask服务: http://0.0.0.0:8520
2026-01-15 18:58:42 - app - INFO - 跳过一次性执行任务: 测试谢谢谢谢
2026-01-15 18:58:42 - app - INFO - 跳过一次性执行任务: 小城大事
2026-01-15 18:58:42 - app - INFO - ✅ 生成完成，共创建 0 条待执行记录
2026-01-15 18:58:42 - app - INFO - 下次生成账期时间: 2026-01-16 00:00:00, 等待 18077 秒
2026-01-15 18:58:43 - app - INFO - 解密密钥设置成功
2026-01-15 18:58:43 - app - INFO - 解密密钥获取成功
2026-01-15 18:58:43 - app - INFO - 解密密钥获取成功，配置已就绪
2026-01-15 18:58:43 - app - INFO - 配置解密成功
2026-01-15 18:58:43 - app - INFO - 夸克API配置加载成功
2026-01-15 18:58:43 - app - INFO - 夸克API配置加载完成
2026-01-15 18:58:43 - app - INFO - 检查数据库...
2026-01-15 18:58:43 - app - INFO - 数据库检查完成
2026-01-15 18:58:43 - app - INFO - 检查数据库迁移...
2026-01-15 18:58:43 - app - INFO - 数据库迁移检查完成
2026-01-15 18:58:43 - app - INFO - 清理异常中断的任务状态...
2026-01-15 18:58:43 - app - INFO - 升级管理器初始化完成
2026-01-15 18:58:43 - app - INFO - Flask应用创建成功
2026-01-15 18:58:43 - app - INFO - 静态文件目录: C:\Data\夸克转存\client\frontend
2026-01-15 18:58:43 - app - INFO - 启动任务调度服务...
2026-01-15 18:58:43 - app - INFO - 检查被中断的影视下载任务...
2026-01-15 18:58:43 - app - INFO - 没有需要恢复的影视下载任务
2026-01-15 18:58:43 - app - INFO - 账期生成循环已启动
2026-01-15 18:58:43 - app - INFO - 账期生成线程已启动
2026-01-15 18:58:43 - app - INFO - 开始生成 2026-01-15 的任务账期
2026-01-15 18:58:43 - app - INFO - 任务执行循环已启动
2026-01-15 18:58:43 - app - INFO - 任务执行线程已启动
2026-01-15 18:58:43 - app - INFO - 日志清理线程已启动
2026-01-15 18:58:43 - app - INFO - 日志清理循环已启动
2026-01-15 18:58:43 - app - INFO - 启动Flask服务: http://0.0.0.0:8520
2026-01-15 18:58:43 - app - INFO - 下次日志清理时间: 2026-01-16 02:00:00
2026-01-15 18:58:43 - app - INFO - 跳过一次性执行任务: 测试
2026-01-15 18:58:43 - app - INFO - 跳过一次性执行任务: 测试谢谢谢谢
2026-01-15 18:58:43 - app - INFO - 跳过一次性执行任务: 小城大事
2026-01-15 18:58:43 - app - INFO - ✅ 生成完成，共创建 0 条待执行记录
2026-01-15 18:58:43 - app - INFO - 下次生成账期时间: 2026-01-16 00:00:00, 等待 18076 秒
2026-01-15 18:59:13 - app - INFO - 许可证管理器初始化完成,服务器: http://license.22l2.com
2026-01-15 18:59:13 - app - INFO - 初始化许可证管理器...
2026-01-15 18:59:13 - app - INFO - 许可证管理器初始化完成,服务器: http://license.22l2.com
2026-01-15 18:59:13 - app - INFO - 初始化许可证管理器...
2026-01-15 18:59:14 - app - INFO - 解密密钥设置成功
2026-01-15 18:59:14 - app - INFO - 解密密钥获取成功
2026-01-15 18:59:14 - app - INFO - 解密密钥获取成功，配置已就绪
2026-01-15 18:59:14 - app - INFO - 配置解密成功
2026-01-15 18:59:14 - app - INFO - 夸克API配置加载成功
2026-01-15 18:59:14 - app - INFO - 夸克API配置加载完成
2026-01-15 18:59:14 - app - INFO - 检查数据库...
2026-01-15 18:59:14 - app - INFO - 数据库检查完成
2026-01-15 18:59:14 - app - INFO - 检查数据库迁移...
2026-01-15 18:59:14 - app - INFO - 数据库迁移检查完成
2026-01-15 18:59:14 - app - INFO - 清理异常中断的任务状态...
2026-01-15 18:59:14 - app - INFO - 升级管理器初始化完成
2026-01-15 18:59:14 - app - INFO - Flask应用创建成功
2026-01-15 18:59:14 - app - INFO - 静态文件目录: C:\Data\夸克转存\client\frontend
2026-01-15 18:59:14 - app - INFO - 启动任务调度服务...
2026-01-15 18:59:14 - app - INFO - 检查被中断的影视下载任务...
2026-01-15 18:59:14 - app - INFO - 没有需要恢复的影视下载任务
2026-01-15 18:59:14 - app - INFO - 账期生成循环已启动
2026-01-15 18:59:14 - app - INFO - 账期生成线程已启动
2026-01-15 18:59:14 - app - INFO - 开始生成 2026-01-15 的任务账期
2026-01-15 18:59:14 - app - INFO - 任务执行循环已启动
2026-01-15 18:59:14 - app - INFO - 任务执行线程已启动
2026-01-15 18:59:14 - app - INFO - 日志清理循环已启动
2026-01-15 18:59:14 - app - INFO - 日志清理线程已启动
2026-01-15 18:59:14 - app - INFO - 下次日志清理时间: 2026-01-16 02:00:00
2026-01-15 18:59:14 - app - INFO - 跳过一次性执行任务: 测试
2026-01-15 18:59:14 - app - INFO - 启动Flask服务: http://0.0.0.0:8520
2026-01-15 18:59:14 - app - INFO - 跳过一次性执行任务: 测试谢谢谢谢
2026-01-15 18:59:14 - app - INFO - 跳过一次性执行任务: 小城大事
2026-01-15 18:59:14 - app - INFO - ✅ 生成完成，共创建 0 条待执行记录
2026-01-15 18:59:14 - app - INFO - 下次生成账期时间: 2026-01-16 00:00:00, 等待 18046 秒
2026-01-15 18:59:14 - app - INFO - 解密密钥设置成功
2026-01-15 18:59:14 - app - INFO - 解密密钥获取成功
2026-01-15 18:59:14 - app - INFO - 解密密钥获取成功，配置已就绪
2026-01-15 18:59:14 - app - INFO - 配置解密成功
2026-01-15 18:59:14 - app - INFO - 夸克API配置加载成功
2026-01-15 18:59:14 - app - INFO - 夸克API配置加载完成
2026-01-15 18:59:14 - app - INFO - 检查数据库...
2026-01-15 18:59:14 - app - INFO - 数据库检查完成
2026-01-15 18:59:14 - app - INFO - 检查数据库迁移...
2026-01-15 18:59:14 - app - INFO - 数据库迁移检查完成
2026-01-15 18:59:14 - app - INFO - 清理异常中断的任务状态...
2026-01-15 18:59:14 - app - INFO - 升级管理器初始化完成
2026-01-15 18:59:14 - app - INFO - Flask应用创建成功
2026-01-15 18:59:14 - app - INFO - 静态文件目录: C:\Data\夸克转存\client\frontend
2026-01-15 18:59:14 - app - INFO - 启动任务调度服务...
2026-01-15 18:59:14 - app - INFO - 检查被中断的影视下载任务...
2026-01-15 18:59:14 - app - INFO - 没有需要恢复的影视下载任务
2026-01-15 18:59:14 - app - INFO - 账期生成循环已启动
2026-01-15 18:59:14 - app - INFO - 账期生成线程已启动
2026-01-15 18:59:14 - app - INFO - 开始生成 2026-01-15 的任务账期
2026-01-15 18:59:14 - app - INFO - 任务执行循环已启动
2026-01-15 18:59:14 - app - INFO - 任务执行线程已启动
2026-01-15 18:59:14 - app - INFO - 日志清理循环已启动
2026-01-15 18:59:14 - app - INFO - 日志清理线程已启动
2026-01-15 18:59:14 - app - INFO - 下次日志清理时间: 2026-01-16 02:00:00
2026-01-15 18:59:14 - app - INFO - 启动Flask服务: http://0.0.0.0:8520
2026-01-15 18:59:14 - app - INFO - 跳过一次性执行任务: 测试
2026-01-15 18:59:14 - app - INFO - 跳过一次性执行任务: 测试谢谢谢谢
2026-01-15 18:59:14 - app - INFO - 跳过一次性执行任务: 小城大事
2026-01-15 18:59:14 - app - INFO - ✅ 生成完成，共创建 0 条待执行记录
2026-01-15 18:59:14 - app - INFO - 下次生成账期时间: 2026-01-16 00:00:00, 等待 18045 秒
2026-01-15 19:00:17 - app - INFO - 许可证管理器初始化完成,服务器: http://license.22l2.com
2026-01-15 19:00:17 - app - INFO - 初始化许可证管理器...
2026-01-15 19:00:17 - app - INFO - 许可证管理器初始化完成,服务器: http://license.22l2.com
2026-01-15 19:00:18 - app - INFO - 初始化许可证管理器...
2026-01-15 19:00:18 - app - INFO - 解密密钥设置成功
2026-01-15 19:00:18 - app - INFO - 解密密钥获取成功
2026-01-15 19:00:18 - app - INFO - 解密密钥获取成功，配置已就绪
2026-01-15 19:00:18 - app - INFO - 配置解密成功
2026-01-15 19:00:18 - app - INFO - 夸克API配置加载成功
2026-01-15 19:00:18 - app - INFO - 夸克API配置加载完成
2026-01-15 19:00:18 - app - INFO - 检查数据库...
2026-01-15 19:00:18 - app - INFO - 数据库检查完成
2026-01-15 19:00:18 - app - INFO - 检查数据库迁移...
2026-01-15 19:00:18 - app - INFO - 数据库迁移检查完成
2026-01-15 19:00:18 - app - INFO - 清理异常中断的任务状态...
2026-01-15 19:00:19 - app - INFO - 升级管理器初始化完成
2026-01-15 19:00:19 - app - INFO - Flask应用创建成功
2026-01-15 19:00:19 - app - INFO - 静态文件目录: C:\Data\夸克转存\client\frontend
2026-01-15 19:00:19 - app - INFO - 启动任务调度服务...
2026-01-15 19:00:19 - app - INFO - 检查被中断的影视下载任务...
2026-01-15 19:00:19 - app - INFO - 没有需要恢复的影视下载任务
2026-01-15 19:00:19 - app - INFO - 账期生成循环已启动
2026-01-15 19:00:19 - app - INFO - 账期生成线程已启动
2026-01-15 19:00:19 - app - INFO - 开始生成 2026-01-15 的任务账期
2026-01-15 19:00:19 - app - INFO - 任务执行循环已启动
2026-01-15 19:00:19 - app - INFO - 任务执行线程已启动
2026-01-15 19:00:19 - app - INFO - 日志清理循环已启动
2026-01-15 19:00:19 - app - INFO - 日志清理线程已启动
2026-01-15 19:00:19 - app - INFO - 下次日志清理时间: 2026-01-16 02:00:00
2026-01-15 19:00:19 - app - INFO - 启动Flask服务: http://0.0.0.0:8520
2026-01-15 19:00:19 - app - INFO - 跳过一次性执行任务: 测试
2026-01-15 19:00:19 - app - INFO - 跳过一次性执行任务: 测试谢谢谢谢
2026-01-15 19:00:19 - app - INFO - 跳过一次性执行任务: 小城大事
2026-01-15 19:00:19 - app - INFO - ✅ 生成完成，共创建 0 条待执行记录
2026-01-15 19:00:19 - app - INFO - 下次生成账期时间: 2026-01-16 00:00:00, 等待 17981 秒
2026-01-15 19:00:19 - app - INFO - 解密密钥设置成功
2026-01-15 19:00:19 - app - INFO - 解密密钥获取成功
2026-01-15 19:00:19 - app - INFO - 解密密钥获取成功，配置已就绪
2026-01-15 19:00:19 - app - INFO - 配置解密成功
2026-01-15 19:00:19 - app - INFO - 夸克API配置加载成功
2026-01-15 19:00:19 - app - INFO - 夸克API配置加载完成
2026-01-15 19:00:19 - app - INFO - 检查数据库...
2026-01-15 19:00:19 - app - INFO - 数据库检查完成
2026-01-15 19:00:19 - app - INFO - 检查数据库迁移...
2026-01-15 19:00:19 - app - INFO - 数据库迁移检查完成
2026-01-15 19:00:19 - app - INFO - 清理异常中断的任务状态...
2026-01-15 19:00:19 - app - INFO - 升级管理器初始化完成
2026-01-15 19:00:19 - app - INFO - Flask应用创建成功
2026-01-15 19:00:19 - app - INFO - 静态文件目录: C:\Data\夸克转存\client\frontend
2026-01-15 19:00:19 - app - INFO - 启动任务调度服务...
2026-01-15 19:00:19 - app - INFO - 检查被中断的影视下载任务...
2026-01-15 19:00:19 - app - INFO - 没有需要恢复的影视下载任务
2026-01-15 19:00:19 - app - INFO - 账期生成循环已启动
2026-01-15 19:00:19 - app - INFO - 账期生成线程已启动
2026-01-15 19:00:19 - app - INFO - 开始生成 2026-01-15 的任务账期
2026-01-15 19:00:19 - app - INFO - 任务执行循环已启动
2026-01-15 19:00:19 - app - INFO - 任务执行线程已启动
2026-01-15 19:00:19 - app - INFO - 日志清理循环已启动
2026-01-15 19:00:19 - app - INFO - 日志清理线程已启动
2026-01-15 19:00:19 - app - INFO - 下次日志清理时间: 2026-01-16 02:00:00
2026-01-15 19:00:19 - app - INFO - 跳过一次性执行任务: 测试
2026-01-15 19:00:19 - app - INFO - 启动Flask服务: http://0.0.0.0:8520
2026-01-15 19:00:19 - app - INFO - 跳过一次性执行任务: 测试谢谢谢谢
2026-01-15 19:00:19 - app - INFO - 跳过一次性执行任务: 小城大事
2026-01-15 19:00:19 - app - INFO - ✅ 生成完成，共创建 0 条待执行记录
2026-01-15 19:00:19 - app - INFO - 下次生成账期时间: 2026-01-16 00:00:00, 等待 17981 秒
2026-01-15 19:00:26 - app - INFO - 许可证管理器初始化完成,服务器: http://license.22l2.com
2026-01-15 19:00:26 - app - INFO - 初始化许可证管理器...
2026-01-15 19:00:26 - app - INFO - 许可证管理器初始化完成,服务器: http://license.22l2.com
2026-01-15 19:00:26 - app - INFO - 初始化许可证管理器...
2026-01-15 19:00:27 - app - INFO - 解密密钥设置成功
2026-01-15 19:00:27 - app - INFO - 解密密钥获取成功
2026-01-15 19:00:27 - app - INFO - 解密密钥获取成功，配置已就绪
2026-01-15 19:00:27 - app - INFO - 配置解密成功
2026-01-15 19:00:27 - app - INFO - 夸克API配置加载成功
2026-01-15 19:00:27 - app - INFO - 夸克API配置加载完成
2026-01-15 19:00:27 - app - INFO - 检查数据库...
2026-01-15 19:00:27 - app - INFO - 数据库检查完成
2026-01-15 19:00:27 - app - INFO - 检查数据库迁移...
2026-01-15 19:00:27 - app - INFO - 数据库迁移检查完成
2026-01-15 19:00:27 - app - INFO - 清理异常中断的任务状态...
2026-01-15 19:00:27 - app - INFO - 升级管理器初始化完成
2026-01-15 19:00:27 - app - INFO - Flask应用创建成功
2026-01-15 19:00:27 - app - INFO - 静态文件目录: C:\Data\夸克转存\client\frontend
2026-01-15 19:00:27 - app - INFO - 启动任务调度服务...
2026-01-15 19:00:27 - app - INFO - 检查被中断的影视下载任务...
2026-01-15 19:00:27 - app - INFO - 没有需要恢复的影视下载任务
2026-01-15 19:00:27 - app - INFO - 账期生成循环已启动
2026-01-15 19:00:27 - app - INFO - 账期生成线程已启动
2026-01-15 19:00:27 - app - INFO - 开始生成 2026-01-15 的任务账期
2026-01-15 19:00:27 - app - INFO - 任务执行循环已启动
2026-01-15 19:00:27 - app - INFO - 任务执行线程已启动
2026-01-15 19:00:27 - app - INFO - 日志清理循环已启动
2026-01-15 19:00:27 - app - INFO - 日志清理线程已启动
2026-01-15 19:00:27 - app - INFO - 跳过一次性执行任务: 测试
2026-01-15 19:00:27 - app - INFO - 下次日志清理时间: 2026-01-16 02:00:00
2026-01-15 19:00:27 - app - INFO - 启动Flask服务: http://0.0.0.0:8520
2026-01-15 19:00:27 - app - INFO - 跳过一次性执行任务: 测试谢谢谢谢
2026-01-15 19:00:27 - app - INFO - 跳过一次性执行任务: 小城大事
2026-01-15 19:00:27 - app - INFO - ✅ 生成完成，共创建 0 条待执行记录
2026-01-15 19:00:27 - app - INFO - 下次生成账期时间: 2026-01-16 00:00:00, 等待 17972 秒
2026-01-15 19:00:28 - app - INFO - 解密密钥设置成功
2026-01-15 19:00:28 - app - INFO - 解密密钥获取成功
2026-01-15 19:00:28 - app - INFO - 解密密钥获取成功，配置已就绪
2026-01-15 19:00:28 - app - INFO - 配置解密成功
2026-01-15 19:00:28 - app - INFO - 夸克API配置加载成功
2026-01-15 19:00:28 - app - INFO - 夸克API配置加载完成
2026-01-15 19:00:28 - app - INFO - 检查数据库...
2026-01-15 19:00:28 - app - INFO - 数据库检查完成
2026-01-15 19:00:28 - app - INFO - 检查数据库迁移...
2026-01-15 19:00:28 - app - INFO - 数据库迁移检查完成
2026-01-15 19:00:28 - app - INFO - 清理异常中断的任务状态...
2026-01-15 19:00:28 - app - INFO - 升级管理器初始化完成
2026-01-15 19:00:28 - app - INFO - Flask应用创建成功
2026-01-15 19:00:28 - app - INFO - 静态文件目录: C:\Data\夸克转存\client\frontend
2026-01-15 19:00:28 - app - INFO - 启动任务调度服务...
2026-01-15 19:00:28 - app - INFO - 检查被中断的影视下载任务...
2026-01-15 19:00:28 - app - INFO - 没有需要恢复的影视下载任务
2026-01-15 19:00:28 - app - INFO - 账期生成循环已启动
2026-01-15 19:00:28 - app - INFO - 账期生成线程已启动
2026-01-15 19:00:28 - app - INFO - 开始生成 2026-01-15 的任务账期
2026-01-15 19:00:28 - app - INFO - 任务执行循环已启动
2026-01-15 19:00:28 - app - INFO - 任务执行线程已启动
2026-01-15 19:00:28 - app - INFO - 日志清理循环已启动
2026-01-15 19:00:28 - app - INFO - 日志清理线程已启动
2026-01-15 19:00:28 - app - INFO - 下次日志清理时间: 2026-01-16 02:00:00
2026-01-15 19:00:28 - app - INFO - 启动Flask服务: http://0.0.0.0:8520
2026-01-15 19:00:28 - app - INFO - 跳过一次性执行任务: 测试
2026-01-15 19:00:28 - app - INFO - 跳过一次性执行任务: 测试谢谢谢谢
2026-01-15 19:00:28 - app - INFO - 跳过一次性执行任务: 小城大事
2026-01-15 19:00:28 - app - INFO - ✅ 生成完成，共创建 0 条待执行记录
2026-01-15 19:00:28 - app - INFO - 下次生成账期时间: 2026-01-16 00:00:00, 等待 17971 秒
2026-01-15 19:03:16 - app - INFO - 检查登录状态, session内容: {'_permanent': True, 'user_id': 1, 'username': 'admin'}, cookies: ImmutableMultiDict([('session', 'eyJfcGVybWFuZW50Ijp0cnVlLCJ1c2VyX2lkIjoxLCJ1c2VybmFtZSI6ImFkbWluIn0.aWjJdA.OiRcgXMHjbJbyuueGvnxA2u6dJ4')])
2026-01-15 19:03:16 - app - INFO - 检查登录状态, session内容: {'_permanent': True, 'user_id': 1, 'username': 'admin'}, cookies: ImmutableMultiDict([('session', 'eyJfcGVybWFuZW50Ijp0cnVlLCJ1c2VyX2lkIjoxLCJ1c2VybmFtZSI6ImFkbWluIn0.aWjJdA.OiRcgXMHjbJbyuueGvnxA2u6dJ4')])
2026-01-15 19:03:19 - app - INFO - 检查更新: 当前版本 2.1.4
2026-01-15 19:03:28 - app - INFO - 检查更新成功: {'has_update': False, 'message': '当前已是最新版本'}
2026-01-15 19:07:28 - app - INFO - 检查登录状态, session内容: {'_permanent': True, 'user_id': 1, 'username': 'admin'}, cookies: ImmutableMultiDict([('session', 'eyJfcGVybWFuZW50Ijp0cnVlLCJ1c2VyX2lkIjoxLCJ1c2VybmFtZSI6ImFkbWluIn0.aWjKcA.BCjB5sRYuupIq0Q9QlrfhnCcrmg')])
2026-01-15 19:07:28 - app - INFO - 检查登录状态, session内容: {'_permanent': True, 'user_id': 1, 'username': 'admin'}, cookies: ImmutableMultiDict([('session', 'eyJfcGVybWFuZW50Ijp0cnVlLCJ1c2VyX2lkIjoxLCJ1c2VybmFtZSI6ImFkbWluIn0.aWjKcA.BCjB5sRYuupIq0Q9QlrfhnCcrmg')])
2026-01-15 19:07:31 - app - INFO - 检查更新: 当前版本 2.1.4
2026-01-15 19:07:35 - app - INFO - 检查登录状态, session内容: {'_permanent': True, 'user_id': 1, 'username': 'admin'}, cookies: ImmutableMultiDict([('session', 'eyJfcGVybWFuZW50Ijp0cnVlLCJ1c2VyX2lkIjoxLCJ1c2VybmFtZSI6ImFkbWluIn0.aWjKdw.-XKFEVVPXRVelzKHAwg10kbzGxk')])
2026-01-15 19:07:35 - app - INFO - 检查登录状态, session内容: {'_permanent': True, 'user_id': 1, 'username': 'admin'}, cookies: ImmutableMultiDict([('session', 'eyJfcGVybWFuZW50Ijp0cnVlLCJ1c2VyX2lkIjoxLCJ1c2VybmFtZSI6ImFkbWluIn0.aWjKdw.-XKFEVVPXRVelzKHAwg10kbzGxk')])
2026-01-15 19:07:37 - app - INFO - 检查更新: 当前版本 2.1.4
2026-01-15 19:07:40 - app - INFO - 检查更新成功: {'has_update': False, 'message': '当前已是最新版本'}
2026-01-15 19:07:40 - app - INFO - 检查更新成功: {'has_update': False, 'message': '当前已是最新版本'}
2026-01-15 19:07:42 - app - INFO - 许可证管理器初始化完成,服务器: http://license.22l2.com
2026-01-15 19:07:42 - app - INFO - 许可证管理器初始化完成,服务器: http://license.22l2.com
2026-01-15 19:07:42 - app - INFO - 初始化许可证管理器...
2026-01-15 19:07:42 - app - INFO - 初始化许可证管理器...
2026-01-15 19:07:43 - app - INFO - 解密密钥设置成功
2026-01-15 19:07:43 - app - INFO - 解密密钥获取成功
2026-01-15 19:07:43 - app - INFO - 解密密钥获取成功，配置已就绪
2026-01-15 19:07:43 - app - INFO - 解密密钥设置成功
2026-01-15 19:07:43 - app - INFO - 解密密钥获取成功
2026-01-15 19:07:43 - app - INFO - 配置解密成功
2026-01-15 19:07:43 - app - INFO - 解密密钥获取成功，配置已就绪
2026-01-15 19:07:43 - app - INFO - 夸克API配置加载成功
2026-01-15 19:07:43 - app - INFO - 夸克API配置加载完成
2026-01-15 19:07:43 - app - INFO - 检查数据库...
2026-01-15 19:07:43 - app - INFO - 数据库检查完成
2026-01-15 19:07:43 - app - INFO - 检查数据库迁移...
2026-01-15 19:07:43 - app - INFO - 配置解密成功
2026-01-15 19:07:43 - app - INFO - 夸克API配置加载成功
2026-01-15 19:07:43 - app - INFO - 夸克API配置加载完成
2026-01-15 19:07:43 - app - INFO - 检查数据库...
2026-01-15 19:07:43 - app - INFO - 数据库检查完成
2026-01-15 19:07:43 - app - INFO - 检查数据库迁移...
2026-01-15 19:07:43 - app - INFO - 数据库迁移检查完成
2026-01-15 19:07:43 - app - INFO - 清理异常中断的任务状态...
2026-01-15 19:07:43 - app - INFO - 数据库迁移检查完成
2026-01-15 19:07:43 - app - INFO - 清理异常中断的任务状态...
2026-01-15 19:07:44 - app - INFO - 升级管理器初始化完成
2026-01-15 19:07:44 - app - INFO - 升级管理器初始化完成
2026-01-15 19:07:44 - app - INFO - Flask应用创建成功
2026-01-15 19:07:44 - app - INFO - 静态文件目录: C:\Data\夸克转存\client\frontend
2026-01-15 19:07:44 - app - INFO - 启动任务调度服务...
2026-01-15 19:07:44 - app - INFO - Flask应用创建成功
2026-01-15 19:07:44 - app - INFO - 静态文件目录: C:\Data\夸克转存\client\frontend
2026-01-15 19:07:44 - app - INFO - 启动任务调度服务...
2026-01-15 19:07:44 - app - INFO - 检查被中断的影视下载任务...
2026-01-15 19:07:44 - app - INFO - 没有需要恢复的影视下载任务
2026-01-15 19:07:44 - app - INFO - 账期生成循环已启动
2026-01-15 19:07:44 - app - INFO - 账期生成线程已启动
2026-01-15 19:07:44 - app - INFO - 开始生成 2026-01-15 的任务账期
2026-01-15 19:07:44 - app - INFO - 任务执行循环已启动
2026-01-15 19:07:44 - app - INFO - 任务执行线程已启动
2026-01-15 19:07:44 - app - INFO - 检查被中断的影视下载任务...
2026-01-15 19:07:44 - app - INFO - 日志清理循环已启动
2026-01-15 19:07:44 - app - INFO - 日志清理线程已启动
2026-01-15 19:07:44 - app - INFO - 下次日志清理时间: 2026-01-16 02:00:00
2026-01-15 19:07:44 - app - INFO - 没有需要恢复的影视下载任务
2026-01-15 19:07:44 - app - INFO - 启动Flask服务: http://0.0.0.0:8520
2026-01-15 19:07:44 - app - INFO - 跳过一次性执行任务: 测试
2026-01-15 19:07:44 - app - INFO - 跳过一次性执行任务: 测试谢谢谢谢
2026-01-15 19:07:44 - app - INFO - 账期生成循环已启动
2026-01-15 19:07:44 - app - INFO - 账期生成线程已启动
2026-01-15 19:07:44 - app - INFO - 开始生成 2026-01-15 的任务账期
2026-01-15 19:07:44 - app - INFO - 任务执行循环已启动
2026-01-15 19:07:44 - app - INFO - 跳过一次性执行任务: 小城大事
2026-01-15 19:07:44 - app - INFO - 任务执行线程已启动
2026-01-15 19:07:44 - app - INFO - ✅ 生成完成，共创建 0 条待执行记录
2026-01-15 19:07:44 - app - INFO - 日志清理循环已启动
2026-01-15 19:07:44 - app - INFO - 下次生成账期时间: 2026-01-16 00:00:00, 等待 17536 秒
2026-01-15 19:07:44 - app - INFO - 日志清理线程已启动
2026-01-15 19:07:44 - app - INFO - 下次日志清理时间: 2026-01-16 02:00:00
2026-01-15 19:07:44 - app - INFO - 启动Flask服务: http://0.0.0.0:8520
2026-01-15 19:07:44 - app - INFO - 跳过一次性执行任务: 测试
2026-01-15 19:07:44 - app - INFO - 跳过一次性执行任务: 测试谢谢谢谢
2026-01-15 19:07:44 - app - INFO - 跳过一次性执行任务: 小城大事
2026-01-15 19:07:44 - app - INFO - ✅ 生成完成，共创建 0 条待执行记录
2026-01-15 19:07:44 - app - INFO - 下次生成账期时间: 2026-01-16 00:00:00, 等待 17536 秒
2026-01-16 00:00:13 - app - INFO - 开始生成 2026-01-16 的任务账期
2026-01-16 00:00:13 - app - INFO - 跳过一次性执行任务: 测试
2026-01-16 00:00:13 - app - INFO - 跳过一次性执行任务: 测试谢谢谢谢
2026-01-16 00:00:13 - app - INFO - 跳过一次性执行任务: 小城大事
2026-01-16 00:00:13 - app - INFO - ✅ 生成完成，共创建 0 条待执行记录
2026-01-16 00:00:13 - app - INFO - 下次生成账期时间: 2026-01-17 00:00:00, 等待 86387 秒
2026-01-16 00:00:46 - app - INFO - 开始生成 2026-01-16 的任务账期
2026-01-16 00:00:46 - app - INFO - 开始生成 2026-01-16 的任务账期
2026-01-16 00:00:46 - app - INFO - 跳过一次性执行任务: 测试
2026-01-16 00:00:46 - app - INFO - 跳过一次性执行任务: 测试谢谢谢谢
2026-01-16 00:00:46 - app - INFO - 跳过一次性执行任务: 测试谢谢谢谢
2026-01-16 00:00:46 - app - INFO - 跳过一次性执行任务: 小城大事
2026-01-16 00:00:46 - app - INFO - 跳过一次性执行任务: 小城大事
2026-01-16 00:00:46 - app - INFO - ✅ 生成完成，共创建 0 条待执行记录
2026-01-16 00:00:46 - app - INFO - ✅ 生成完成，共创建 0 条待执行记录
2026-01-16 00:00:46 - app - INFO - 下次生成账期时间: 2026-01-17 00:00:00, 等待 86353 秒
2026-01-16 00:00:46 - app - INFO - 下次生成账期时间: 2026-01-17 00:00:00, 等待 86353 秒
2026-01-16 00:00:47 - app - INFO - 开始生成 2026-01-16 的任务账期
2026-01-16 00:00:47 - app - INFO - 跳过一次性执行任务: 测试
2026-01-16 00:00:47 - app - INFO - 跳过一次性执行任务: 测试谢谢谢谢
2026-01-16 00:00:47 - app - INFO - 跳过一次性执行任务: 小城大事
2026-01-16 00:00:47 - app - INFO - ✅ 生成完成，共创建 0 条待执行记录
2026-01-16 00:00:47 - app - INFO - 下次生成账期时间: 2026-01-17 00:00:00, 等待 86353 秒
2026-01-16 01:59:59 - app - INFO - 开始清理超过 30 天的调度日志
2026-01-16 01:59:59 - app - INFO - 没有需要清理的调度日志
2026-01-16 01:59:59 - app - INFO - 下次日志清理时间: 2026-01-16 02:00:00
2026-01-16 01:59:59 - app - INFO - 开始清理超过 30 天的调度日志
2026-01-16 01:59:59 - app - INFO - 没有需要清理的调度日志
2026-01-16 01:59:59 - app - INFO - 下次日志清理时间: 2026-01-16 02:00:00
2026-01-16 01:59:59 - app - INFO - 开始清理超过 30 天的调度日志
2026-01-16 01:59:59 - app - INFO - 开始清理超过 30 天的调度日志
2026-01-16 01:59:59 - app - INFO - 没有需要清理的调度日志
2026-01-16 01:59:59 - app - INFO - 没有需要清理的调度日志
2026-01-16 01:59:59 - app - INFO - 下次日志清理时间: 2026-01-16 02:00:00
2026-01-16 01:59:59 - app - INFO - 下次日志清理时间: 2026-01-16 02:00:00
2026-01-16 02:00:00 - app - INFO - 开始清理超过 30 天的调度日志
2026-01-16 02:00:00 - app - INFO - 开始清理超过 30 天的调度日志
2026-01-16 02:00:00 - app - INFO - 开始清理超过 30 天的调度日志
2026-01-16 02:00:00 - app - INFO - 开始清理超过 30 天的调度日志
2026-01-16 02:00:00 - app - INFO - 没有需要清理的调度日志
2026-01-16 02:00:00 - app - INFO - 没有需要清理的调度日志
2026-01-16 02:00:00 - app - INFO - 没有需要清理的调度日志
2026-01-16 02:00:00 - app - INFO - 首次启动，立即执行一次日志清理
2026-01-16 02:00:00 - app - INFO - 首次启动，立即执行一次日志清理
2026-01-16 02:00:00 - app - INFO - 首次启动，立即执行一次日志清理
2026-01-16 02:00:00 - app - INFO - 没有需要清理的调度日志
2026-01-16 02:00:00 - app - INFO - 开始清理超过 30 天的调度日志
2026-01-16 02:00:00 - app - INFO - 开始清理超过 30 天的调度日志
2026-01-16 02:00:00 - app - INFO - 开始清理超过 30 天的调度日志
2026-01-16 02:00:00 - app - INFO - 首次启动，立即执行一次日志清理
2026-01-16 02:00:00 - app - INFO - 没有需要清理的调度日志
2026-01-16 02:00:00 - app - INFO - 下次日志清理时间: 2026-01-17 02:00:00
2026-01-16 02:00:00 - app - INFO - 没有需要清理的调度日志
2026-01-16 02:00:00 - app - INFO - 开始清理超过 30 天的调度日志
2026-01-16 02:00:00 - app - INFO - 没有需要清理的调度日志
2026-01-16 02:00:00 - app - INFO - 下次日志清理时间: 2026-01-17 02:00:00
2026-01-16 02:00:00 - app - INFO - 下次日志清理时间: 2026-01-17 02:00:00
2026-01-16 02:00:00 - app - INFO - 没有需要清理的调度日志
2026-01-16 02:00:00 - app - INFO - 下次日志清理时间: 2026-01-17 02:00:00
2026-01-16 09:09:28 - app - INFO - 检查登录状态, session内容: {'_permanent': True, 'user_id': 1, 'username': 'admin'}, cookies: ImmutableMultiDict([('session', 'eyJfcGVybWFuZW50Ijp0cnVlLCJ1c2VyX2lkIjoxLCJ1c2VybmFtZSI6ImFkbWluIn0.aWmPyA.QwGJhQ4aLbmT2JPdVAvSqtxoqqU')])
2026-01-16 09:09:28 - app - INFO - 检查登录状态, session内容: {'_permanent': True, 'user_id': 1, 'username': 'admin'}, cookies: ImmutableMultiDict([('session', 'eyJfcGVybWFuZW50Ijp0cnVlLCJ1c2VyX2lkIjoxLCJ1c2VybmFtZSI6ImFkbWluIn0.aWmPyA.QwGJhQ4aLbmT2JPdVAvSqtxoqqU')])
2026-01-16 09:09:31 - app - INFO - 检查更新: 当前版本 2.1.4
2026-01-16 09:09:32 - app - WARNING - 未安装pycryptodome库，无法使用账号密码登录功能。请运行: pip install pycryptodome
2026-01-16 09:09:32 - app - INFO - 已设置 6 个Cookie字段
2026-01-16 09:09:40 - app - ERROR - 获取今日统计失败: no such table: daily_usage_stats
2026-01-16 09:09:40 - app - INFO - 检查更新成功: {'has_update': False, 'message': '当前已是最新版本'}
2026-01-16 09:09:46 - app - INFO - 检查登录状态, session内容: {'_permanent': True, 'user_id': 1, 'username': 'admin'}, cookies: ImmutableMultiDict([('session', 'eyJfcGVybWFuZW50Ijp0cnVlLCJ1c2VyX2lkIjoxLCJ1c2VybmFtZSI6ImFkbWluIn0.aWmP2g.HpTBwRGdbM5twSlYVxM1AO40HyY')])
2026-01-16 09:09:47 - app - INFO - 检查登录状态, session内容: {'_permanent': True, 'user_id': 1, 'username': 'admin'}, cookies: ImmutableMultiDict([('session', 'eyJfcGVybWFuZW50Ijp0cnVlLCJ1c2VyX2lkIjoxLCJ1c2VybmFtZSI6ImFkbWluIn0.aWmP2w.a-WducecYKVM_j7VrualD7HfF_w')])
2026-01-16 09:09:48 - app - ERROR - 获取今日统计失败: no such table: daily_usage_stats
2026-01-16 09:09:49 - app - INFO - 检查更新: 当前版本 2.1.4
2026-01-16 09:09:51 - app - INFO - 189账号容量响应: status=200
2026-01-16 09:09:51 - app - INFO - 189账号信息结果: {'res_code': 0, 'res_message': '成功', 'account': '151****9783@189.cn', 'cloudCapacityInfo': {'freeSize': 10989295869202, 'mail189UsedSize': 0, 'totalSize': 11011341942784, 'usedSize': 22046073582}, 'familyCapacityInfo': {'freeSize': 32198198215, 'totalSize': 32212254720, 'usedSize': 14056505}, 'totalSize': 11043554197504}
2026-01-16 09:09:51 - app - INFO - 检查更新成功: {'has_update': False, 'message': '当前已是最新版本'}
